:020000041000EA
:1000000000B5324B212058609868022188439860DF
:10001000D860186158612E4B002199600221596106
:100020000121F02299502B49196001219960352056
:1000300000F044F80222904214D00621196600F024
:1000400034F8196E01211966002018661A6600F04E
:100050002CF8196E196E196E052000F02FF8012189
:100060000842F9D1002199601B49196000215960AB
:100070001A491B48016001219960EB211966A021F2
:10008000196600F012F800219960164914480160C1
:100090000121996001BC002800D000471248134993
:1000A000086003C880F30888084703B5996A0420EC
:1000B0000142FBD001200142F8D103BD02B5186610
:1000C0001866FFF7F2FF186E186E02BD00000240BE
:1000D000000000180000070000035F00212200005C
:1000E000F4000018222000A00001001008ED00E03C
:1000F00000000000000000000000000074B24E7A12
:1001000000200420F7010010C3010010C5010010F9
:10011000C1010010C1010010C1010010C101001097
:10012000C1010010C1010010C1010010C701001081
:10013000C1010010C1010010C9010010CB01001065
:10014000CD010010CD010010CD010010CD01001037
:10015000CD010010CD010010CD010010CD01001027
:10016000CD010010CD010010CD010010CD01001017
:10017000CD010010CD010010CD010010CD01001007
:10018000CD010010CD010010CD010010CD010010F7
:10019000CD010010CD010010CD010010CD010010E7
:1001A000CD010010CD010010CD010010CD010010D7
:1001B000CD010010CD010010CD010010CD010010C7
:1001C00000BE00BE00BE00BE00BE00BEEFF3058054
:1001D000103800BEF2EB88711C8600104C860010AF
:1001E0003802001090A31AE71E481F49086006C88D
:1001F00081F3088810471D480068002801D019487D
:10020000F3E70DA40ECC002902D000F012F8F9E7B4
:100210001749184A002000E001C19142FCD116495B
:100220008847164988471649884700BEFDE701C937
:1002300001C29A42FBD370474C860010C0000020D8
:1002400044190020D09E001000000420000004206B
:10025000D09E0010001004200010042000000000B8
:10026000704700000000000008ED00E0000000D032
:10027000441900202C2C00201D4A0010D10700102A
:10028000154A0010F8B5C0460448054B10B5834226
:1002900003D0044B002B00D0984710BD4419002018
:1002A000441900200000000006480749091A8B1075
:1002B000C90FC91810B5491003D0044B002B00D04A
:1002C000984710BD44190020441900200000000088
:1002D00010B5074C2378002B09D1FFF7D5FF054B4C
:1002E000002B02D0044800E000BF0123237010BDA2
:1002F000181E002000000000D87B0010054B10B530
:10030000002B03D00449054800E000BFFFF7CCFFF5
:1003100010BDC046000000001C1E0020D87B00104D
:100320000022034B1A60034B01321A607047C0462B
:10033000002B0020042B0020F0B5DE4645464E463B
:1003400057460120E0B5002185B0404200F072FC24
:10035000364BD0229846364B80219C46354B364C46
:100360000193364B364D994657239B463548120626
:10037000490503940295566833000B400E42FAD1AA
:10038000039C7603760DA75D029DFFB25761FF4384
:10039000FFB297612F68002F13D0454607687F0092
:1003A000EE530568A75D2C0065462F555D4607682E
:1003B0007C1C0460019CE5550768802F01D1029CDC
:1003C00023604B464F461B6801333B6053680B422A
:1003D000D1D1029D039CAA465B0337005E0DA35D4D
:1003E000DBB25361DB43DBB2936153461B68002BE6
:1003F00015D0BE4213D04746654603685B00FE52E7
:100400000768A35DEB550368019D5F1C07605F46AD
:10041000EF540368802B02D1002355462B605368AC
:100420000B42D9D0534603940293A4E7002A00203C
:10043000882B0020082B0020541000209C2900202D
:10044000042B0020002B002010B5024804F044FDCE
:1004500010BDC046D87B001010B5034B0348196887
:1004600004F03AFD10BDC0468C290020E87B001046
:10047000F0B5CE46474680B5184883B004F0AAFCD4
:10048000174B18481968184B80251A6804F024FD8A
:10049000164B174F9946174B174E98460A202C00BB
:1004A00004F04EFC803C4A466300D25A43461B5D32
:1004B000395D3000009192B22100DBB2203404F0AB
:1004C0000BFDAC42EFD1651C9F2CE7D10A2004F054
:1004D00037FC03B0C0BCB946B046F0BDEC7B0010A1
:1004E000002B0020F87B0010042B0020002A0020A5
:1004F000882B0020082B00201C7C001010B50A203F
:1005000004F01EFC504C626813782A2B03D021782B
:100510004E4804F0E1FC226913782A2B03D0217B9A
:100520004A4804F0D9FCE26913782A2B03D0217ED3
:10053000464804F0D1FCA26A13782A2B04D0242365
:100540004248E15C04F0C8FC626B13782A2B04D0AB
:1005500030233E48E15C04F0BFFC226C13782A2B68
:1005600004D03C233948E15C04F0B6FCE26C13781B
:100570002A2B04D048233548E15C04F0ADFCA26D81
:1005800013782A2B04D054233048E15C04F0A4FCF7
:10059000626E13782A2B04D060232C48E15C04F0AF
:1005A0009BFC226F13782A2B04D06C232748E15C34
:1005B00004F092FCE26F13782A2B04D078232348AE
:1005C000E15C04F089FC8823E25813782A2B04D0DC
:1005D00084231E48E15C04F07FFC9423E2581378E6
:1005E0002A2B04D090231948E15C04F075FCA02369
:1005F000E25813782A2B04D09C231448E15C04F0C1
:100600006BFCAC23E25813782A2B04D0A8230F48A4
:10061000E15C04F061FCB823E25813782A2B04D083
:10062000B4230A48E15C04F057FCC423E258137871
:100630002A2B04D0C0230548E15C04F04DFC04489B
:1006400004F04AFC10BDC046880F0020347C001026
:10065000407C00100021002010B501F015FEC046BE
:10066000F0B5DE4657464E464546E0B5304F93B0AE
:100670003B680A20DA17120C9B181B041B0C9B1AF0
:100680003B6004F05DFB002304AE337080233C68C4
:100690009B00E3189C423CD2264B9A46264B994637
:1006A000264B9846264B0093264B0193264B9B46A0
:1006B0000FE059462A0002A804F06EF902A93000A2
:1006C00007F038F980223B68920001349B18A3425E
:1006D0001FD90F231D002540234210D053461D5D16
:1006E0004846EDB2290004F0F7FB434668225B5D03
:1006F0009343DED12E2302AA11001380DFE73100DD
:10070000009804F0E9FB21000198357004F0E4FB47
:10071000E4E70A2004F014FB80223B6892009B1857
:100720003B6013B0F0BCBB46B246A946A046F0BD44
:10073000A8290020541000206C7C0010198500109E
:100740005C7C0010647C0010747C001070B51A484A
:1007500004F0C2FB0023194C2360FA20800004F04F
:10076000A3FA831C21D0392808DC2F2820DC1B2881
:10077000F3D8134B0341DB07EFD470BD0300613B9B
:10078000052BEAD8236857381B011B180D490E4862
:10079000236004F0A1FB21680C4804F09DFBFA20C3
:1007A000800004F081FA831CDDD104F061FAD4E703
:1007B000236830381B01E8E7787C0010A829002066
:1007C000FFDBFFF7D4290020A47C0010BC7C0010C4
:1007D000F0B5CE46474680B585B06F4803AB02AA58
:1007E00001A901F02DFB002803D16C486A4900F0F3
:1007F00031F9039A0299019801F048FA04F04CFA91
:10080000674804F0E7FA674804F066FB664BD026B9
:1008100098460127654C360620CC280000F0F6F8F3
:100820003B00AB40B3624445F6D1614BD0269846BD
:100830000127604C360620CC280000F0E7F83B008A
:10084000AB4073624445F6D11B2000F0DFF88023F3
:100850001B05B3621C2000F0D9F880235B05B3624E
:100860001A2000F0D3F88023DB047362524807F0AB
:100870002BF80A2004F064FA504804F02DFB50488D
:1008800004F02AFB4D4804F027FB0A2004F058FA34
:100890000A2004F055FA4B4B4B4C99464B4B4C4FAE
:1008A00098464C4E4C4DFA20800004F0FDF9831C14
:1008B000F9D0237883424FD0237B98424ED0237EB9
:1008C00098424DD02423E35C98424BD03023E35C24
:1008D000984249D03C23E35C984247D04823E35CEC
:1008E000984245D05423E35C984243D06023E35CB4
:1008F000984241D06C23E35C98423FD07823E35C7C
:1009000098423DD08423E35C98423BD09023E35C43
:10091000984239D09C23E35C984237D0A823E35C0B
:10092000984235D0B423E35C984233D0C023E35CD3
:1009300010229842B7D14B46186053009B189B0079
:10094000E3189B6898474146380004F0C5FA280030
:10095000316804F0C1FAA6E70022ECE70122EAE7D9
:100960000222E8E70322E6E70422E4E70522E2E7C1
:100970000622E0E70722DEE70822DCE70922DAE7C1
:100980000A22D8E70B22D6E70C22D4E70D22D2E7C1
:100990000E22D0E70F22CEE7B01E0400FC7C001030
:1009A000D47C0010E87C00104C8000100C800010FB
:1009B0000C800010EC7F001039030010307D001017
:1009C000807D00108C290020880F0020D429002071
:1009D000A47C0010A8290020BC7C001010B5402485
:1009E000074A83009A181268C0005440C02222406F
:1009F000044C1B191A60044BC018416010BDC0465E
:100A000004C0014004D00140004001400123D02235
:100A10008340120693629361084A83009A18116812
:100A20004022514080320A400549C0005B181A60DC
:100A3000044BC018052343607047C04604C0014002
:100A400004D00140004001408023DB051868000FFE
:100A50007047C0460FB400B5084883B004F0BAF937
:100A6000049B002B07D005A91800019103F0B8FFE3
:100A7000034804F0AFF9012003F0CAFF4C7E0010D8
:100A80005C7E001070B58C461600EFF3108472B6D1
:100A90000F490B68002BFCD0BFF35F8F6346DB0868
:100AA000C5180722C05C63461A40012393401A0010
:100AB0000240034207D118432870BFF35F8F0A60DA
:100AC00084F3108870BD61463000FFF7C3FFC04655
:100AD0002C0100D0F8B5CE4647468C4680B51C00A8
:100AE000EFF3108872B61C490B68002BFCD0BFF3E3
:100AF0005F8FA24221D80723994602E00132944237
:100B000018D34946012611408E40D308C718C35C4C
:100B10001E42F3D1100033433B70BFF35F8F0022BE
:100B20000D4B1A6088F3108800280EDBC0BCB94654
:100B3000B046F8BD01204042EFE7BFF35F8F0023CE
:100B40000B6088F31088012040426346002BEDD0F3
:100B50000898FFF77FFFC0462C0100D0044A1078A8
:100B6000431CDBB2172B00D9102313707047C0460B
:100B70005418002000B5054B83B0010000931822E3
:100B80001F230348FFF7A6FF03B000BD607E0010DF
:100B9000282500200021044B044ABFF35F8F02C3C5
:100BA0009342FAD17047C046000100D0800100D0C6
:100BB000084B094A1360094A1360094A1360094A3D
:100BC0001360094A1360094A1360094A1360094A0D
:100BD000136070478080808000E400E004E400E05F
:100BE00008E400E00CE400E010E400E014E400E0BD
:100BF00018E400E01CE400E01F2318401E3B834083
:100C0000002905D0C021044A4900535013607047A1
:100C1000802201498B50FAE700E100E00122824086
:100C2000034B1B6813405A1E9341D8B27047C0460D
:100C300000E100E0002905D0C022044B520098508A
:100C4000186070478023014AD050FAE700E100E0C5
:100C500001238340014A13607047C04600E200E070
:100C6000054B10309B688000C358044A00209B1A33
:100C70002F229A424041704700ED00E058180020B2
:100C800070B50D00EFF3108672B60F4A1368002B93
:100C9000FCD0BFF35F8F0D4B10309B6884001B5955
:100CA0000B4A934203D09D4201D001F023FB074B36
:100CB0009B681D51BFF35F8FBFF35F8F0022024B14
:100CC0001A6086F3108870BD240100D000ED00E0AA
:100CD000CD010010F0B5DE4657464E464546E0B51C
:100CE000824683B08B461700EFF3108872B6604AD5
:100CF0001368002BFCD0BFF35F8F00255D4B5D5761
:100D00009946002D00DA9AE04A466B005A4C5E196B
:100D1000B6000193A31900939B791370574B9A68FF
:100D2000534610339B00D15899460B1B2F2B32D9B9
:100D3000534B994200D098E0019B0236ED18514B7D
:100D4000AD006353504BA619043B9B1B4F4A1B0538
:100D50005B0D651913436B804D4B0121AB80FF2365
:100D6000AB715B46AB60009BEF710B4319004A46C9
:100D7000424B9B689950BFF35F8FBFF35F8F002298
:100D80003B4B1A6088F3108803B0F0BCBB46B246F8
:100D9000A946A046F0BD01200A008243D379B4469B
:100DA000BB422DD83B4BB51C190013001B1B5B41EC
:100DB0005943090D8C46334B6519A353324B0099A7
:100DC000043B5B1B1B05314D5B0D2B4304364B80F5
:100DD000A619131F9B1B1B055B0D1D4363468B71DF
:100DE0005B468B602C4B8D80CF7113600143BEE757
:100DF0005800C01880002018C679BE4225D90200CC
:100E00000623D356002BF3DA9A46131D9C4623483B
:100E10006346009E9571043EF61A36051B4B760D0F
:100E20001E43019B96805A1953469200A418A37141
:100E30005B46194AA0802260E771A36097E701F042
:100E400059FA00254B465D575EE766469A46131DE4
:100E50009C469088043640050015A6196044801B06
:100E600000050A4E400D3043D2E701F043FA63E734
:100E7000240100D0252C00205818002000ED00E0AF
:100E8000CD01001000A1FFFF8818002000E0FFFF47
:100E900001BDFFFFAAAA00000148804701BD000074
:100EA000F0B54546DE4657464E46E0B50D0083B0E8
:100EB000EFF3108872B6604A1368002BFCD0BFF3C2
:100EC0005F8F5E4B5E499A68030010339F00D459D0
:100ED00099468C423ED0AC424FD05A4EA21B2F2A8C
:100EE00038D8594B1A689C4613000122824013409F
:100EF0001F22024001209A4690406346802283468A
:100F00009850BFF35F8FEFF305830193002B36D02A
:100F1000994501D001F0EEF9012322009A4390682F
:100F2000854208D176E04B005B189B00F318986867
:100F3000854236D01A00062151560029F3DA85423F
:100F400054D05346002B27D0C02259463E4B520066
:100F500099501960394B9B68DC51BFF35F8FBFF329
:100F60005F8F0022344B1A6088F3108803B0F0BC06
:100F7000BB46B246A946A046F0BD0C00EAE72200F7
:100F800001339A4390688542D5D10620105613004C
:100F900000280ADA0C0031E0802359462A4AD15051
:100FA000D8E706201856002821DB420011188900D6
:100FB00075188946A9689960E979D9710621695639
:100FC0009971002924DBAD88F11A6D052D154D446A
:100FD000491909051D4D490D2943998013181C4ACB
:100FE0009B001178F31899711070AAE7130001990A
:100FF000002914D1FF3191711649918014490A7862
:101000009A71154A9B1B5B415A43120D0A7098E76F
:101010001049E2E70620105613000028C5DA0F4AEF
:101020000F49D21A083A5002400D014399800D49E8
:1010300052080A43DA8084E7240100D000ED00E082
:10104000CD0100105818002000E100E000E0FFFF93
:10105000252C002001BDFFFFAAAA00009218002045
:1010600000F0FFFF00F8FFFF0123034370B59C462B
:10107000EFF30581EFF3108572B6214A1368002B58
:10108000FCD0BFF35F8F1F4B04001F4AE41A64417A
:101090006243120D1D4C8900A66852B2765866450F
:1010A0001CD00621595691421CD01221595691420A
:1010B00022D01E215956914220D02A21595603246C
:1010C000914210D0124B19781A708171BFF35F8F63
:1010D00000220B4B1A6085F3108870BDA3680D4C7D
:1010E0005C50EFE700246100091989005B18FF21BB
:1010F000997109499980E5E70124F4E70224F2E7B0
:10110000240100D058180020AAAA000000ED00E039
:10111000252C0020CD01001001BDFFFF00B5074BBD
:1011200083B001000093002205230548FFF7D2FC9D
:10113000002801DB1F23181A03B000BD7C7E0010BD
:10114000292C0020024BC918890001607047C04655
:101150004000003470B5114C114DAC420FD2FF2647
:101160002368002B0CD0FFF7F9FC01002000FFF7EB
:10117000E9FFA680BFF35F8F0834AC42F0D370BDA7
:10118000FFF7ECFC01002000FFF7DCFF2671BFF346
:101190005F8F0834AC42E3D3F1E7C0463419002036
:1011A0004419002010B50400FFF7D8FC010020000E
:1011B000FFF7C8FFFF232371BFF35F8F10BDC04649
:1011C00010B504000120FFF7D5FC034BC0188000C8
:1011D0002060BFF35F8F10BD40000034034BC9187F
:1011E00089000160BFF35F8F7047C0464000003444
:1011F0000A4B1968EFF3108072B60A68002AFCD017
:10120000BFF35F8F1B68BFF35F8F00221A6080F30C
:10121000108840BF002000217047C046C829002028
:10122000F0B5DE4657464E464546E0B585B0EFF38D
:10123000058303221A40B34B91005F58012393406A
:101240009B4602925A468846AF4B1A60AF4B0393B7
:101250005B46AF4843630823FE5E002E37DABB8847
:101260001BB2002B00DBA4E0BB79002B00D0E5E033
:101270000823F95E002920DB4B007A695B18DB004C
:10128000D3189D68DC686B1C00D104E1A048010004
:101290004144826A0B69AE1A9B1A9E4215D3012300
:1012A000026A029883401A420FD0994800F02CFB42
:1012B0008C4202DCCCD18542CAD940BF05B0F0BC1B
:1012C000BB46B246A946A046F0BD0D61EDE77A697E
:1012D000730091469B19DB0099444B469C68DD687E
:1012E00000F012FB8D42BADC00D1F6E0002D00DAEE
:1012F000DBE04A464B4652691B699246039A934289
:1013000000D1CCE04A460821785E5288000451465C
:1013100010439847009001910099019A0B001343E4
:1013200000D1C2E013000A00002B00DBD9E020004E
:101330002900801A99414B469860D96000229B5E33
:10134000002B00DA8BE75D007C69EA18D200A21856
:1013500000949468D268A2468A4200DD7FE702D1F9
:10136000844200D97BE70824A4463B81BC44009C0E
:1013700000972F006546B4463E0006E05E00F21876
:10138000D200A2189768D268BA468A4207DC00D118
:10139000B4E0F318DB00E518E35E002BEEDA6646F6
:1013A0004A46009F13802E80BB881BB2002B00DAB8
:1013B0005AE73A69EFF3108172B61368002BFCD03C
:1013C000BFF35F8F0123BE885B42BB8036B23B69AF
:1013D000BFF35F8F00221A6081F31088002E00DABD
:1013E00042E73B0008333A0099467D6973009B1938
:1013F0000824115FDB004846EB18002913DB9C68CA
:101400000093A446DC6806E0A34240D00023F95EC6
:101410003800002906DB4F007F18FF00EF19FB683A
:10142000A342F1DD009B068000201E5E1980002E85
:10143000DCDA1700BB79002B00D119E70023BB7160
:101440000823F95E4B1C00D137E73D000835AC4658
:101450007C6903E084464B1C00D109E74B005B1814
:10146000DB00E0180A00E15E43881BB2002BF1DAD2
:1014700001256D42EE178560C66008257B5F9342AB
:10148000E9D0634619803B8903803A81E3E7BB6872
:101490006345BBD9C6E7631C00D0F7E605E75346B2
:1014A00050461B699847002823D14B461B883A6950
:1014B0003B81EFF3108372B611680029FCD0BFF3B3
:1014C0005F8F49467A880A803A697E80BFF35F8FD2
:1014D0000021116083F31088C1E6844200D805E73B
:1014E000BDE60B4800F010FA009B019CC01861415A
:1014F00021E753460CCB009201930DE7824500D8BB
:1015000047E74CE7AC2900203C7005402112001051
:101510000040054070B52D4C2569002D04D00A21EE
:101520002B48FFF70FFE70BD2A4E0321294800F01B
:10153000E1F9E660FFF712FB274B0322C018D02326
:1015400022701B061B6801216370244B8000A3607E
:101550000F2320610220638063694942A1801980C2
:101560000231198647311D83585218315A5275324B
:101570005C3999521832013199521832013199521D
:10158000183201319952083518329D520231183201
:101590009952183201319952183201319952183248
:1015A0000131995218320131995218320131995250
:1015B0000B4B0C49DC6001303562FFF761FB012108
:1015C0000320FFF719FB084B1D60A8E7A0180020B7
:1015D000C82900200040054040000034FFFF1000F3
:1015E000AC290020211200103860054000487047E7
:1015F000A0180020F8B51F0008AB1B7804001600E7
:10160000002B07D100F088F932003B00121A8B4101
:10161000002B51DB2269EFF3108C72B61368002B9C
:10162000FCD0BFF35F8F0223E15E256900293ADB1E
:101630004B0060695B18DB00C218C35A6380BFF3BC
:101640005F8F00232B608CF31088069B9660D76019
:101650001361079B5361538801335B045B0C181CB7
:10166000002B1ED083B25080080418432569EFF385
:10167000108672B62B68002BFCD0BFF35F8FA38857
:101680001380A1802369BFF35F8F00221A6086F365
:101690001088237801329A400849E3685B181A6081
:1016A000F8BD0120DEE7BFF35F8F00232B608CF3D2
:1016B000108801204042F3E70020F1E73C200000C1
:1016C00070B582B00092019301000269EFF31084BB
:1016D00072B61368002BFCD0BFF35F8F0223C85E85
:1016E0000D6900283FDB4A69430016001B18DB0028
:1016F000D218F35A4B80BFF35F8F00232B6084F323
:101700001088069B1361079B5361009B019C9360AB
:10171000D460538801335B045B0C1D1C002B20D06C
:10172000ACB20304558023430D69EFF3108C72B6FD
:101730002C68002CFCD0BFF35F8F8C8814808880CD
:101740000A69BFF35F8F002010608CF310880A785D
:1017500001309040CA68084952181060180002B061
:1017600070BD0125DCE7BFF35F8F00232B6084F39E
:101770001088013BF2E7C0463C20000010B54389C9
:101780000A1493421ADD53009B184269DB00D318F8
:101790000469EFF3108C72B62268002AFCD0BFF304
:1017A0005F8F5A88090494B2090C8A4208D00369F1
:1017B000BFF35F8F00221A608CF31088002010BDE9
:1017C000094A22435A80012302698371BFF35F8F64
:1017D000002111608CF31088027804499340C2689C
:1017E000012052181360EAE70080FFFF3C20000050
:1017F00040787047F0B5CE46474680B504000D00EE
:1018000085B0EFF305868946002E10D036490020BA
:101810004B6AAB4206D38A6A5B1B591E8B41A242BC
:101820004041184305B0C0BCB946B046F0BD2F4F8B
:10183000FB683A7898461800039200F065F8039A1E
:10184000131D42469B009B5822001B1A9C462B00EE
:10185000121A8B419E4210DC0DD020BF224A00207C
:10186000536A4B45DED3926A5B1B591E8B41A242E1
:1018700040411843D6E79445EFD900F04DF82200D7
:101880002B00121A8B41002B1BDB00230193184BFA
:101890002200009338002B00FFF712FF002810DD14
:1018A000114B5A6A4A451CD39B6AA34217D30100C5
:1018B0003800FFF763FF0C4A0020536A4B45B1D351
:1018C000D1E7094A0020536A4B45ABD30020926A06
:1018D0005B1BA24240415A1E93411843A2E74A456E
:1018E000E5D120BFE3E7C04600400540A018002036
:1018F000F111001010B5024A0248FFF7C3F810BDFD
:10190000987E00102C2500200300416A0A00986A86
:10191000596A8A42FAD17047034B596A0A00986A99
:10192000596A9142FAD170470040054070B50500F0
:101930000E00184A536A1900946A536A8B42FAD10E
:10194000200019002C00350024184D41AB4216D858
:1019500013D0104B2A005B6A9D4203D90D494B6A94
:101960009342FCD3934207D10A4A02E0516A99425A
:1019700002D1916AA142F9D370BDA042E9D9054BC9
:101980005B6A1C005A1CEFD0012201246442E51757
:101990005242E3E700400540F8B5040006200D0080
:1019A00000F06EF9002843D0364B3749E3185A1E31
:1019B000934180225B429B0D12049B059B18334A86
:1019C0001360334A136018000A689043FBD12D4B13
:1019D000304AE31859424B4180215B004900062000
:1019E000995200F04DF92900C00000F09DFD013032
:1019F000C3091ED1402701226262A362266BF3074E
:101A000022D4E36A244B0620E51800232B602663CA
:101A100000F036F93900800000F086FD7023E26A9C
:101A20005A400E3313402B601C4B23630323A364E3
:101A3000F8BD1B4A93421DD900231A4A1A4F62620D
:101A4000A362266BF307DCD5184B144AE3181A601F
:101A5000656AA36A0620AD01ED1800F011F914497A
:101A600000F062FD0100A80200F05EFD0021FFF71A
:101A70005DFFC6E740069A01800E17181A000300A2
:101A8000BAE7C0460080FCBF08C0004000E000404C
:101A900000F00040082C00202C1000000103000082
:101AA000FEFF0000FFFF0000C0FF3F0030300000DD
:101AB0004E0E0000F8B5DE464E4645465746E0B5A8
:101AC00005008B4618000A99914600F02DFD0A9BEF
:101AD0006C001E026419304BA400E4186368804651
:101AE0009E4200D966602F1FFBB29A46012B2FD968
:101AF000C0238022294FAD009B0179591201E318C0
:101B00001A6000291BD14B4622685B015340E0223A
:101B1000134080225201A21813605346012B2FD983
:101B2000802380229B01E31812011A6043466660FD
:101B30007B51F0BCBB46B246A946A046F8BD7869C9
:101B400000F0F2FC013043001B18033BFDD2DAE742
:101B50005B46012BCCD1C02303229B01E3181A6002
:101B6000023AA3681A42FCD04A46236852015A40FE
:101B7000E023134080225201A218084F1360AD00E9
:101B800058460323216841400B40136001228240E4
:101B9000A3681A42FCD0C3E7008000403025002033
:101BA000F0B5D6464F464646440098462418324B78
:101BB000A400E41863688A469146C0B5FF2B02D89A
:101BC00080235B006360061FF6B2012E2FD9C0236D
:101BD00080222A4F85009B0179591201E3181A606F
:101BE00000291BD14B4622685B015340E022134081
:101BF00080225201A2181360012E30D98023802246
:101C00009B01E31812011A6080235B006360434666
:101C10007B51E0BCBA46B146A846F0BD786900F0F9
:101C200083FC013043001B18033BFDD2DAE7534627
:101C3000012BCCD1C02303229B01E3181A60023A86
:101C4000A3681A42FCD04A46236852015A40E02356
:101C5000134080225201A218084F1360850050469D
:101C60000323216841400B40136001228240A36896
:101C70001A42FCD0C2E7C046008000403025002058
:101C8000014B8000C058704730250020F0B5C64693
:101C900000B55B4B15005A6884460F0082B0FF2ADE
:101CA00002D8802252005A600322564B54481A60D0
:101CB000012382681342FCD0202201685140C032C7
:101CC0000A4051490A6002684D485A4003231340B4
:101CD0000B60022382681342FCD0802280264B4B8B
:101CE00012011A604A4C4B4B7600466062466361B3
:101CF00001213B0048480095E04600F0E5F9290045
:101D00004046794300F010FC444B05005A68FF2A16
:101D100000D85E608022424B12011A6021690029BE
:101D200007D0606900F000FC013043001B18033B42
:101D3000FDD2E023394A3B4811680B40036002237F
:101D40001168594001330B40042103609368194224
:101D5000FCD08021344B090119608021334B4900AC
:101D600051602361264B5A68FF2A00D8596003222C
:101D70000121244B1A60224A93681942FCD0E023C7
:101D80001068034020480360126803234A40022180
:101D900013401B4A036093681942FCD080211B4BFF
:101DA000090119608021224B4900516065615A6820
:101DB000FF2A00D8596080221E4B12011A60A169C7
:101DC000002907D0606900F0AFFB013043001B1809
:101DD000033BFDD2402316490A685A40A033134002
:101DE000154A13608022154B12011A6080235B0094
:101DF0004B60084BA36102B080BCB846F0BDC04642
:101E00003C8000403CB000403C9000403CA0004082
:101E100030250020006CDC02008002403080004051
:101E200030B000403090004030A00040001BB700B0
:101E30004880004048B000404890004048A0004022
:101E4000F0B545468046A02057464E46DE461C006B
:101E5000984B400081469A46E0B585B001910292C8
:101E60000394954B9A4509D901235B429944934BBE
:101E70009A444B460F2BF4D100208EE00725904C5E
:101E800054442F006F432000390000F04DFBAB4657
:101E90006E1E404553D07543200029002F0000F0EE
:101EA00043FB80455CD04346751EA8461D005B463B
:101EB000FF1A3900200000F037FB85425DD0B31EC9
:101EC0009846022E00D1BAE05B46FF1A3900200086
:101ED00000F02AFB854267D0F31E9846032E69D096
:101EE0005B46FF1A3900200000F01EFB854200D13E
:101EF00076E0331F9846042E00D178E05B46FF1A47
:101F00003900200000F010FB854200D17EE0052E54
:101F100000D180E05B462000F91AA84600F004FBDF
:101F200006258045ADD10029ABD1CA460199D946D5
:101F3000029A039C053D28E02B004546984639004F
:101F4000200000F0F1FA002900D1A4E06E1EAB469B
:101F50007543200029002F0000F0E6FA8045A2D149
:101F60003900200000F0E0FA00299CD1CA46350073
:101F7000D9460199029A039C07E000299FD1CA46DD
:101F80004546D9460199029A039C50464D4B43431E
:101F90000B604B4601201360256005B0F0BCBB46CA
:101FA000B246A946A046F0BD0029E8D0F31E9846E7
:101FB000032E95D10323092120000927984600F01C
:101FC000B3FAA842B8D00323062120009B4602267C
:101FD000033F00F0A9FA854248D00123984666E7FE
:101FE0000029CCD0331F9846042E00D086E7230961
:101FF0009D4256D00C2720003900B346013E00F028
:1020000093FA854232D00223984650E70029B6D091
:10201000052E00D07EE719212000192700F084FA50
:1020200085422DD014212000053F00F07DFA854225
:1020300017D005239B46023B0426984637E7A8465F
:10204000A1088D4214D061088D421CD0444500D0B7
:102050000AE70123CA46012599460199029A039C81
:1020600093E70523A8469B46042679E7A84677E729
:102070000223CA46022599460199029A039C84E7E5
:10208000A84605255BE70223CA4601259946019922
:10209000029A039C79E7CA460199A946029A039CD1
:1020A00073E70423CA461D0099460199029A039CCE
:1020B0006BE7C04650262F0050F80C0020D1FFFFE0
:1020C000B0710B00001BB700F0B5C646040000B5A8
:1020D0002348160098460D0000F026FA0100300053
:1020E00000F022FA4346069A1B04120313439C464F
:1020F00023680600002B22DB1A4B1B48E218531EF4
:102100009A4180235242120B9B011203D218174BA3
:102110001A60174B1A60130001688B43FBD1212210
:10212000144B2560E318A6601A602268002AFCDAC6
:102130006246E26008221A6080BCB846F0BD3F23C8
:1021400022681340AB42D7D1A3681B051B0D834205
:10215000D2D1EE22E368D20213406345CCD1EBE743
:10216000001BB7000040FDBF08C0004000E0004079
:1021700000F000400430000010B580241C4BE40542
:102180001C6000281AD001231A4C18431A4BDC613A
:102190001A4C44401C62596298628021144BC90554
:1021A0001960174817490860E021C9041960002A1E
:1021B00007D18022144B12061A6010BD0E4BD86155
:1021C000EBE753019B1A9B009A18802312015B04D2
:1021D0009A4209D213000D490B60074B5A608022C6
:1021E000094BD2051A60E8E7094B1A00F3E7C0462D
:1021F00000B00540D3C007B0008005402D3FF84F28
:10220000FCFF01000820014000A0054094290020A7
:10221000FFFFFF008023024A9B000B43D3627047FD
:1022200000800540002310B50100988A1B8B984759
:1022300010BDC046162310B5010018885B8898476A
:1022400010BDC046F8B54746CE4680B50F1E18D023
:1022500014239946043304000025012698464B4672
:102260001888434621681B88984701C4431E98413B
:1022700001350640AF42F2D13000C0BCB946B0468D
:10228000F8BD0126F8E7C046002370B504000D0034
:10229000988A03491B8B9847290003002000984720
:1022A00055420000002370B504000D00988A0549CE
:1022B0001B8B984703000020002C01DB0130A0405D
:1022C0002900984755420000AA23064A1B011360C3
:1022D0008D235B00D3600449044B19605368002BC5
:1022E000FCDA70470040024000B0FA000060024093
:1022F0007047C04610B50148FEF7ACFBBC7E00102D
:1023000070B5074D074EB54209D20024013E761B39
:10231000B608013608CD01349847B442FAD170BDF1
:10232000907B0010CC7B001070B5074D074EB54276
:1023300009D20024013E761BB608013608CD0134CF
:102340009847B442FAD170BDC47B0010CC7B00101A
:10235000054B064A06491A60064A074B1A601000E8
:102360000B689843FBD1704700E00040BFCDFBFEF7
:1023700008C00040FE7F3C0000F00040044BDB6CD6
:10238000002B03D18022034BD2021A607047C04653
:10239000000011504C201150044A054B1A60054AA8
:1023A0001368DB018033FBD17047C046FFFFFF019C
:1023B00000F0004008C000404022034B9A675A6773
:1023C0001A67DA667047C04600F0014010B5FEF7A4
:1023D000E1FB10BD70B5044D044CA968C02220007B
:1023E00000F038FFAC6070BD00ED00E000000020A0
:1023F000002310B5294C82B0A367FFF765FF0122C7
:10240000274B1A60636C012BFCD10322254B1A6009
:10241000224A936B012BFCD1013300930121224A04
:1024200022480433FFF750FE052301210093204A80
:102430002048FFF749FE0022022104201E4BFFF72F
:10244000AFFB0022012105201C4BFFF7A9FB002256
:10245000002107201A4BFFF7A3FB002200210820D0
:10246000174BFFF79DFB8023DB0000930022002128
:102470000920134BFFF71EFB0022104B0021062002
:10248000FFF78EFB0420FFF7FBFB0E4900F04CF832
:1024900001000020FFF7BEFE02B010BD008000402A
:1024A0003CB0004030B00040002F6859008002402E
:1024B000008C864700C00240001BB70040597307DC
:1024C000006CDC0240420F0001480421014B184718
:1024D000C018002045220010124A936F9B0815D2A5
:1024E0009066D166002905D0FFE7FFE7FFE7516F4F
:1024F000106F704704B580210906C21751400028AB
:1025000000D0C84305F00CFB002104BDF0B5146EEB
:10251000556E576F166FFFF7E3FF146655665767E2
:102520001667F0BD000000D0114A936F9B0813D2CC
:1025300010665166002905D0FFE7FFE7FFE7516FFE
:10254000106F704704B5002801D00020C04305F08B
:10255000E7FA002104BDC046F0B5146E556E576F02
:10256000166FFFF7E5FF1466556657671667F0BDEF
:10257000000000D094464A4A926F9208624601D207
:1025800028E0C046F0B5464E346E756E776F366FF4
:1025900000F020F89446424A14665566576716675D
:1025A0006246F0BD94463E4A926F9208624601D25E
:1025B00054E0C046F0B53A4E346E756E776F366FA4
:1025C00000F04CF89446364A14665566576716670D
:1025D0006246F0BD002B24DB11D000293EDA00B5A5
:1025E000C943404200D1013100F038F8C9434042AC
:1025F00000D10131DB43524200D1013300BD002A3A
:10260000EBD1002801D1002905D00020C90FC9074E
:1026100001D1C043410800B505F06AFA0022002349
:1026200000BD00B500290ADBDB43524200D1013373
:1026300000F014F8C943404200D1013100BDC94344
:10264000404200D10131DB43524200D1013300F05E
:1026500005F8DB43524200D1013300BD002923D1EC
:10266000002B18D1002A0CD0BC460D4F38667A6674
:1026700000210023FFE7FFE7FFE77A6F386F674627
:102680007047002801D00748010000B505F030FA76
:102690000022002300BD02000B0000200021704733
:1026A000000000D0FFFFFFFF002B00D0BFE0130CA5
:1026B00028D1002AE7D080B4114F39667A66FFE747
:1026C000FFE730B4040C7B6F396F1B0423433B6678
:1026D0007A66FFE7FFE7FFE7C04684B27B6F3D6F96
:1026E0001B0423433B667A66FFE7FFE7C0460023EF
:1026F0002C042D0C7A6F386F00196941B0BC7047FB
:10270000000000D0F0B594460025140E01D112024D
:102710000835140F01D112010435940F01D1920034
:102720000235D40F01D152000135D40B0134254FAD
:102730007C66254C3C660E0C93B2FFE7FFE7FFE793
:102740003C6F6643360C7703BE467343DF0B5B0476
:10275000C01AB941130C7343DB18C91ACE0866437B
:10276000360CB64493B273431F0F1B01C01AB94114
:10277000130C73431F0B1B05C01AB941860D8F0242
:102780003E436643360C092D24DB520A7243801AFD
:102790007703460A6643360C16235B1BDE40DF4098
:1027A000BF1964466643821B704604350633010038
:1027B000D940A840C01900D30131A24206D200235B
:1027C000F0BD0000000000D0FFFFFFFF121B013032
:1027D000F3D3F1E709277F1BFE406446A2B27243A0
:1027E000801A00D20139220C7243130C1204821A8F
:1027F00099410B007046043513370100F940A84099
:10280000801900D30131002B02D1A2420AD2F0BDBF
:10281000013000D30131121BFAD2013BF8D1A242A0
:1028200000D2F0BD013000D30131121BF7E7F0B543
:102830001C0C00D080E00CB400251C0A04D11B0243
:10284000160E3343120208351C0B04D11B01160F60
:102850003343120104359C0B04D19B00960F334384
:1028600092000235DC0B02D192185B4101351C004D
:10287000971864410134464F7C66464C3C660E0C0A
:10288000FFE7FFE7FFE7C0463C6F6643360C770380
:10289000BE4697B27743C01B00D20139C01B00D29D
:1028A00001399FB27743C91BC91B170C77437E04BC
:1028B000FF0B801BB941CE086643360C0C2D33DB71
:1028C000B644120B1F053A431B0B97B27743C01B4C
:1028D00000D201399FB27743C91B170C77433E04DE
:1028E0003F0C801BB941860D8F023E43664329276A
:1028F0007F1BFE400C3D7746AF40BF1930BCA2B2F3
:10290000ABB272437343801A9941220C7243130C89
:102910001204801A994102000B000137001BA941E3
:10292000F9D2781E0021F0BD0C277F1BFE407746B0
:102930007F0BAF40FF19E0E700245D1C07D0144F68
:102940007D663966FFE7FFE7FFE7FFE73C6F95B27B
:102950009EB265436643401BB141150C1E0C654396
:10296000664336042F0C3E432D04401BB14199426F
:1029700004D202000B0020000021F0BD01D19042E2
:10298000F7D3801A994101349942F2D3F6E7000057
:10299000000000D0FFFFFFFF48404140484018B40E
:1029A0001B4B5B68FC46019308BD04DF432C001001
:1029B00018B4174B1B68FC46019308BD00DF4D2C73
:1029C00000109446134A926F920809D2624618B4D6
:1029D0000F4BDB68FC46019308BD0CDF052F001090
:1029E0000C4AF0B5146E556E576F166F6246FFF7BE
:1029F000EEFF084A1466556657671667F0BD18B4AF
:102A0000034B9B68FC46019308BD08DFA92D00100D
:102A1000181C0020000000D0FFB55040424050403C
:102A200059404B40594000E0FFB5154F4C00640D34
:102A300003D0BC4204D10C0314D80020090D0905B1
:102A40005C00640D03D0BC4204D11C030AD80022F0
:102A50001B0D1B0501264B4009D44B4003D58B426F
:102A600000D18242FFBD9942FCD19042FFBD0B4391
:102A7000DB1803431343F5D0C9434918FFBD0000D9
:102A8000FF07000000B5FFF7CFFF804100BDC04643
:102A900000B5FFF7C9FF01D9002000BD012000BD2E
:102AA00000B5FFF7B9FF01D9002000BD012000BD2E
:102AB00000B5FFF7B1FF804100BD012040054A008D
:102AC000121804D85A00121801D8002070470120AB
:102AD000704700000021002805D17047C117484009
:102AE000401AFAD0C90713B5064B1B6898470CBCAF
:102AF000441CA2401005120B0349091B0905194388
:102B0000114310BDC42900201F04000010B54C0063
:102B1000620D8023D218DB00D21A5B057E2A10DDFD
:102B20009E3A13DACC170903490819435242D1409F
:102B3000640001341532202A05DAD040084360438E
:102B400010BD002010BD0846604310BDC80FC0185E
:102B5000013810BD18B4044B5B6AFC46019308BDF4
:102B600024DFB53000100000181C0020132370B5BE
:102B70001D78012D19D014DD1F48FFF75BFB0600FF
:102B80001E48FFF757FB1E4C80223100200000F04A
:102B900061FB022D2DD01B48FFF744FB1A4B186038
:102BA00070BD1A4B164CA364F5E7184B144C236008
:102BB0006360A360E36023616361A361E3612362F7
:102BC0006362A362E36223636363A363E3632364D7
:102BD0006364A364E36423656365A365E3652366B7
:102BE0006366A366E36623676367A367E367A3641B
:102BF000D1E7064BA364CEE75344000053460000E0
:102C0000181C00204C330000C4290020112C001097
:102C100007B5604601880A0A0230DF2AFAD1C9B234
:102C2000820804D3028840880004104300E0006852
:102C3000014A5050039007BD181C00200FB403BC7C
:102C40000CBCF0B50124E407634000E0F0B50C0DC6
:102C5000CF0F661E3605891B640503D3C943404266
:102C600000D30131640D03D0661CF60A07D0E41BC3
:102C700000207F00791C89078912803C24031D0DE8
:102C8000DF0F6E1E36059B1B6D0503D3DB435242DF
:102C900000D301336D0D03D06E1CF60A07D0ED1B77
:102CA00000227F007B1C9B079B12803D2D032F1B66
:102CB000661B58D4A446202E46DA20371400BC40A8
:102CC0001D00BD40F24033412A4380185941CB0FCB
:102CD00005D0C943C043002264425041514162467D
:102CE0004D0D28D10D0D07D100281FD024194041CA
:102CF0004941013A0D0DF9D0640006D3013000D3EB
:102D00000131002C01D140084000013A0BD4941C41
:102D1000E40A04D112051144DB071944F0BDD907B8
:102D2000204B194300E0D9070020F0BD0029DDD178
:102D3000002CDBD1F0BD0132C6074008CD07284387
:102D40004908002EE1D0D9E73C2E29DA203E403751
:102D50001400BC4000D00124F24014431A00BB40D0
:102D60001C43D317ACE7AC46202F08DA203604000A
:102D7000B4400D00B540F84039412843A5E73C2F49
:102D80000CDA203F40360400B44000D00124F84063
:102D900004430800B1400C43C117EAE710001900D2
:102DA000002494E70000F07FF0B50C0D661E360598
:102DB000891BE60A6405640D02D0651CED0A04D087
:102DC000002001210905803C2403A4461C0D671E38
:102DD0003F05DB1BE70A6405640D02D0651CED0AA4
:102DE00004D0002201231B05803C24037740644467
:102DF00097B484B296B27443070C7E43150C6F43AC
:102E000080B26843361802D3012000043F18300412
:102E1000350C00197D41844688B29AB250430C0C9F
:102E200062431F0C7C438EB27E43921902D301266B
:102E30003604A4191604170C3618674101BC81B278
:102E40009AB25143040C62431B0C5C4380B258435A
:102E5000121802D30120000424181004130C401887
:102E600063412D185E410020474106BC88B293B2F1
:102E700058430C0C6343120C544389B251435B1802
:102E800002D301210904641819041A0C09186241BB
:102E90006D1856410020474118BCF902720D1143CC
:102EA000F0026A0D1043ED020A0D03D16D19404185
:102EB0004941013B124E9B1B7600B3420ED26D007E
:102EC00007D30130002671416646354301D14008E1
:102ED00040001B05C918E4072144F0BD0BDA01339B
:102EE00006D1013004D101314F0D01D04908F2E77C
:102EF000E1070020F0BD013631050020EBE70000BE
:102F0000FF030000F0B51C0D671E3F05DB1BE70A41
:102F10006405640D02D0661CF60A04D00022012369
:102F20001B05803C2403D0252D060026F6432E6683
:102F30001E096E66CE0FF619B44649004F0D02D039
:102F40007E1CF60A03D000200021403F3F033E1BB9
:102F5000B600B444013F7F05C91B49082E6F0136F6
:102F600076089C02950D25437543ED137543AD130B
:102F700001356D10F603761B0CB4CC02450D2C43C5
:102F8000A2B2B3B25A43270C7B43350C6F43A4B2B1
:102F90006C431B1902D3012424043F191C041D0C8B
:102FA000A4187D4124196D41009A91B2ACB26143DD
:102FB000170C7C432B0C5F4392B25A43A41802D3E4
:102FC00001221204BF182204230C52187B41019CD9
:102FD0006C431B19520ED9010A434401A01A81B255
:102FE000B2B2514303145A43360C734387B277434A
:102FF000D617D21900277E4136049B191704160CE8
:103000007F185E417316ED18F30100268033754179
:10301000A90F06D16400690AE8055B0A184309D2C2
:103020002FE00422944480337541A90AA8059B0A25
:10303000184326D3404149412404009A019B0D00C6
:103040005543641B4343E41A95B286B27543170C8B
:103050007E43030C5F4392B25A43B61802D3012257
:103060001204BF183204330C52197B4152429C4166
:10307000002C02D40022013051414008CA071043FD
:10308000490802B06246D7079210084BD218084B85
:103090009A4203D212058918C919F0BD0020002AEE
:1030A00001DC3900F0BD01331905F5E7FD0300002F
:1030B000FE070000002200B5203200F004F80800EE
:1030C00000BD000000220B150AD410B5944600F094
:1030D00031F81414013400DA0021CB17144C2047C6
:1030E0000020002170476244343A0CD40C2A07DADD
:1030F00004009140904052422032D440214310BD00
:10310000D843D94310BD203207D40C4694405242D4
:1031100020321141D040204310BD0800C917203291
:1031200003D452422032104110BD1800190010BDC6
:10313000E73000100A0DCC0F531E1B05C91A5205AB
:1031400003D3C943404200D30131520D03D0531C75
:10315000DB0A07D0121B00206400611C890789125A
:10316000803A1203014BD21A70470000FF0300009F
:1031700051434343C9188C46110C83B24B4310B4DE
:10318000040C614392B280B2504362431C041B0C96
:10319000001910BC59411304120CC018514161446C
:1031A00070470000132310B51C781348FFF742F84E
:1031B000012C0BD004DD01008022104800F04AF8F9
:1031C0000F48FFF72FF80F4B186010BD0B4C010094
:1031D0005422200000F03EF80B4B6365A365E365C5
:1031E00023666366A366E36623676367A367E36793
:1031F0002362E361E4E7C04653460000181D002047
:103200004C330000C42900200D32001007B5604681
:1032100001880A0A0230DF2AFAD1C9B2820804D32F
:10322000028840880004104300E00068014A5050C2
:10323000039007BD181D002001480421014B1847C9
:10324000D018002045220010014B1B6818470000D1
:10325000D0180020014B5B6818470000D0180020F0
:103260009A4200D2885470477047C046F8B5DE468F
:1032700057464E464546E0B599460D9B07008846A1
:1032800093469B0728D00B9B002B3CD016000B9C31
:103290000A9D3619321B013C4B464146285DB84712
:1032A000002CF7D135000D9B9B070ED55B46EC1A21
:1032B0000C9BA34209D91E002A004B464146202000
:1032C0000134B8470135B442F6D32800F0BCBB4600
:1032D000B246A946A046F8BD0B9B0C9A934214D265
:1032E00013005D460C000B9A9E1A76192A004B4675
:1032F000013521002020B847B542F7D10B9BA046ED
:10330000002BC4D1E1E71500CDE75E46002BBED10E
:103310005D46DAE7F0B54F46D6464646C0B584B0BE
:103320009C460EAB1F78129B9146BA460D9C109E90
:10333000119D9B074CD4002D41D1B44248D20123AA
:10334000129F1F40B8460C9B5F1E302303E00134E0
:103350003B55A64201D9202CF9D14346002B00D180
:1033600087E00C9B5F1E3023A54204D830E0013477
:103370003B55AC422CD0202CF9D1129BDB060DD54D
:10338000129B5B0557D4A64267D0A54265D00F9B20
:10339000102B53D0022B5BD0202C36D12023129C33
:1033A00001930C9B4A460093039463460295FFF7F2
:1033B0005DFF04B0E0BCBA46B146A846F0BD0123AB
:1033C000129A13409846012313422DD1B442BAD326
:1033D000129BDB061ED5129B5B05D8D4002CD2D1E4
:1033E0000F9B102B60D00F9B022B71D03023012438
:1033F0000C9A13705346002B11D1129B5B0740D5DA
:103400002B260C9A631C1655C9E72300013430267D
:103410000C9AD654202CC1D05346002BEDD02D262B
:103420000C9A631C1655BAE7002F34D0013DB44204
:1034300000D288E795E70F9B102BAFD1129B9B061C
:103440003CD5202CAAD058230C9A13550134A3E75D
:10345000202CA3D02300013407E0631E012CBFD031
:103460000F9A102A36D0022AD1D162260C9AD6544D
:1034700092E7129BDB06CDD5129B5B0500D482E759
:1034800085E7129A2300160700D488E720260C9AB5
:103490000133165583E70C2313405F1EBB41ED1A21
:1034A000B44200D24FE75CE7129B9B060ED4782310
:1034B0000C9A02241370302353709BE7202C00D108
:1034C0006CE778230C9A1355013465E75823EFE72E
:1034D0006033EDE70C9AA61EB618129A920602D532
:1034E0005822327093E77822327090E710B50028A6
:1034F00000D110BD01F024FCFBE7C04610B5002848
:1035000003D04A680B681100984710BDF0B54E46CD
:10351000DE4657464546E0B595B083468946924615
:1035200098461E9A1F9B10001900209EFFF7C5FAAF
:10353000002800D0D2E11E981F990122C44B5242AC
:10354000FFF7A0FA002800D001E11E981F99012280
:10355000C04B5242FFF7ACFA002800D0D6E01E98CC
:103560001F990022BC4BFFF7A3FA002800D0B5E05A
:103570001E981F990022B94BFFF784FA002800D04B
:10358000ACE01E981F9900220023FFF77BFA002869
:1035900000D0D1E000230B93229B5B0500D40626CC
:1035A0000024302306E006AA013417321355013EE9
:1035B000202C01D0092EF6D81E981F99FFF7A6FAE5
:1035C000A74BF2009B180CCB050008920993FFF75C
:1035D00085FA02000B001E981F99FFF7E0F9089A80
:1035E000099BFFF70CFA06900791FFF7B3FA070063
:1035F000FFF770FA02000B0006980799FFF7CFF962
:103600000022984B06900791FFF752FA002800D14C
:10361000E9E001373800FFF75DFA02000B00089877
:103620000999FFF735FA002801D000270135002E4F
:1036300000D1B7E0069513E0172306AA9B180A21CC
:10364000380001341D19FEF76FFF30312970380042
:103650000A21013EFEF768FF092F00D8E1E00700CC
:10366000202CE9D1069D20240CAB0693172706AB2E
:10367000FF180DE028000A21FEF72EFF013430313B
:10368000280039550A21FEF727FF051E00D1B7E0B3
:10369000202CEFD10323229A1340012B17D1219B19
:1036A000002B14D00B9B002B00D1E3E0219B013BAE
:1036B0002193202B0BD93023219A06E006A901344F
:1036C00017310B55944200D3A0E0202CF6D1229B59
:1036D00001940393219B0293069B21E0229B524677
:1036E0000493219B4946039358461E9B1F9C0296B8
:1036F00000930194434600F043F90400200015B004
:10370000F0BCBB46B246A946A046F0BD229B5B0773
:103710000FD40322544B22990192039121990291D3
:1037200000935246434649465846FFF79FFD040022
:10373000E4E704224D4BEEE71E9A1F9B0020002178
:10374000FFF72DF901231E901F910B9324E702230D
:10375000229A54461A40229B06929B0700D1ACE065
:103760002600434D08942F1F3200E878434649460F
:10377000013DD8470136BD42F6D1089C069B043472
:10378000002BBBD05746219AE31B9A42B6D91500AD
:1037900022004346494620200134D847E31BAB4270
:1037A000F6D3ABE72800FFF799F902000B001E984B
:1037B0001F99FFF7F4F82B4B002206000F00FFF7CC
:1037C00061F90CAB0693002800D04FE700223000CF
:1037D0003900244BFFF76CF9002800D046E701239D
:1037E00001359D4342E70022069807991D4BFFF7DC
:1037F00049F9002800D01AE7002F59D1013716E700
:103800000323229A1340012B00D1A6E0202C00D1E3
:103810005DE70B9B002B3AD02D23069A13550134FC
:1038200055E7069D202C00D11DE73023361906E010
:1038300006AA013417321355202C00D113E7A642F3
:10384000F6D12E230CAA0134069293550EE7C046FA
:10385000FFFFEFFFFFFFEF7F65CDCD4165CDCDC110
:10386000488200100000E03F147F00100C7F001021
:103870001C7F00100C23229A134257D0219B013B3E
:103880002193A34200D916E7202C00D11FE7229BE9
:103890005B0704D52B23069A1355013417E7229BA7
:1038A0001B0700D413E72023069A135501340EE7B3
:1038B000FB0700D4BBE60137B9E6219B042B00D8F7
:1038C0004EE755464F46043CE4182A00434601356E
:1038D00039002020D847AC42F7D141E70227229B8C
:1038E00055461F409B0726D006975F46234EEC1C8B
:1038F0002A00B078434649460135B847013EAC42FC
:10390000F6D1069F002F00D1F8E65746219AE31B17
:103910009A4200D8F2E6150022004346494620208C
:103920000134D847E31BAB42F6D3E7E6219BA34221
:1039300000D9C0E6CBE6219B032BD5D90697544688
:103940004F46033DED182200434601343900202044
:10395000D847A542F7D1069FC6E7219B002B00D18F
:1039600054E70B9B002B85D0219B013B21939C426C
:1039700000D2A0E6202C00D04EE7A8E6187F001069
:10398000F0B54546DE4657464E46E0B59BB0249C12
:10399000259D824688469346994622002B002000AA
:1039A0002900FFF78AF8002800D0C1E0012220009A
:1039B00029007C4B5242FFF77BF8002800D0B7E08B
:1039C000012220002900784B5242FFF75BF80028C3
:1039D00000D0ADE00022002320002900FFF752F8BC
:1039E000002800D0BBE10894099508980999802324
:1039F000289ADB001A400F928022289E120116405E
:103A000032000E96289E0F000A901E4200D0A4E0BD
:103A10000B00034300D0CBE0002A00D012E23200BA
:103A200006332693022313400C930223134200D043
:103A30000AE2279B042B00D215E200270426043B50
:103A40000E930022002320002900FFF71BF8002816
:103A500000D0C8E1554B289A134004930E9B039362
:103A6000269B0293089B099C0093019441464B4678
:103A70005A465046FFF74AFD02002020289B0025A9
:103A8000034059424B415B421840531C0893414646
:103A90004B464530D047FB17FC185C40FB0F1F27F7
:103AA0000A93731E0E930AABFF1806E020000A214A
:103AB000FEF73AFD0400202D08D00A212000FEF771
:103AC00033FD013530317955092CEFD805230693A4
:103AD0000E9B56460593002304930A3303930A9BD7
:103AE0004146029312AB009330004B46089A019571
:103AF000FFF710FC0C9B002B28D05F46279BC41BB4
:103B0000A34223D982461D003A194B464146202044
:103B10000134B047A542F7D850465946279C421A6F
:103B200001320023944200D395E1013018180DE0D2
:103B3000289B009401950493279B0393269B029353
:103B40004B465A4641465046FFF7E0FC1BB0F0BCDE
:103B5000BB46B246A946A046F0BD01432AD10E9B02
:103B60003200002B00D15DE70027269B0026BB42D8
:103B700000DD82E10022002320002900FEF782FF01
:103B8000002800D04BE1289B084A02961A40802367
:103B9000DB0013430493279B0393089B099C00932A
:103BA0000194CDE7FFFFEF7FFFFFEFFFFFF7FFFF80
:103BB00006232693B24B7800400DC018FEF78EFF07
:103BC000B04AB14BFEF71BFFB04AB14BFEF7F0FE17
:103BD0003F03B04B3F0B3B430C900D9100220A98E2
:103BE0001900AD4BFEF7DBFEAC4AAD4BFEF707FF0D
:103BF00002000B000C980D99FEF7DAFEFEF786FF27
:103C00000700FEF76BFFA74AA74B0A900B91FEF740
:103C1000F6FE0022A54BFEF7CBFEFEF777FFA44A87
:103C200006000A980B99A34BFEF7E9FE0A900B9148
:103C30003000FEF753FFA04AA04BFEF7E0FE020063
:103C40000B000A980B99FEF7AAFE02000B000A90DF
:103C50000B91FEF7D4FE0C900D910A980B9902007F
:103C60000B00FEF7A5FE0022109011910C980D9903
:103C7000934BFEF7A6FE0022924BFEF799FE020040
:103C80000B000C980D99FEF79CFE00228E4BFEF760
:103C90008FFE02000B000C980D99FEF792FE0A9A17
:103CA0000B9B0C900D9180210020C905FEF777FE3B
:103CB00002000B000C980D99FEF77AFE02000B0033
:103CC00010981199FEF77DFE0022724BFEF770FEF0
:103CD0007E4B0022F6183305FEF791FE02000B0022
:103CE0000A900B9108980999FEF7CCFE002808D09D
:103CF0000A980B990022734BFEF763FE0A900B9112
:103D0000013F0A990B9A0B0011003A006332C62A50
:103D100012D802222898042610400E9A0C90002AED
:103D200026D1279B042B05D9002800D0A1E0279B92
:103D3000043B0E93042642E00222289810400E9A7B
:103D40000C90002A13D1279B052B00D889E000286E
:103D500000D084E0279B0526053B0E9332E08023AC
:103D60001B069C46AC446346089409933DE6052631
:103D70000B4300D1F9E608980999554A554BFEF7CF
:103D80008FFE002808D0089809990022524BFEF7B0
:103D900079FE002800D0E8E6269B002B34D00F9B4C
:103DA000002B31D0269B013B2693279BB34204D99D
:103DB0000C9B002B59D002230C9300230E93002F51
:103DC00000D13EE60A9A0B9B08980999FEF7F9FD87
:103DD000002208900991002320002900FEF752FEDE
:103DE000002800D136E6089C099D289A80203B4B8C
:103DF00000061340220004930E9B0393269B02931C
:103E00002B180092019331E6279BB342D5D90C9B26
:103E1000002B2AD000230E9302330C93CFE7289B6C
:103E20002E4A8020089C099D1A408023DB00134302
:103E300022000493279B000603932B180092019302
:103E400002967DE6052695E600230E9302330027B1
:103E500004260C93F5E54B1E1B191B1A65E602237D
:103E60000C930526AEE70423E7E5279B9B1B0E93E7
:103E7000A5E7022304260C93A1E7DB1B5E1E79E66F
:103E800001FCFFFFFB799F501344D33FB3C8608B05
:103E9000288AC63F0000F03F0000F83F61436F638F
:103EA000A787D23F71A379094F930A400000E03FF2
:103EB0001655B5BBB16B0240EF39FAFE422EE63F14
:103EC00000002C400000244000001840FF030000C8
:103ED0002D431CEBE2361A3F80842E41FFF7FFFF93
:103EE000F0B55746DE464E464546E0B5A3B01F0046
:103EF0002C9B92460C93C94AC94B8B460B901A6077
:103F0000002900D1BFE1002338789946002800D16C
:103F1000C1E1C44B4C460993C34B0E935B460A93D5
:103F200008E0220053460A990B9DA84701343878CF
:103F3000002876D001372528F3D110239B46083B73
:103F40009946043B9846033B002602259C46387858
:103F5000791C0300203BDBB2102B03D8099A9B008D
:103F6000D3589F460300303B092B36D900252A2819
:103F700000D1A7E000230D932E283FD00300683B1B
:103F8000DBB2122B1BD80E9A9B00D3589F46634678
:103F90000F001E43DBE70F002E43D8E743460F0018
:103FA0001E43D4E75B460F001E43D0E74B460F008D
:103FB0001E43CCE7802378785B001E4301310F005D
:103FC000672845D82428ACD90300253BDBB2422B17
:103FD000A7D896499B00CB589F460025AB005D199A
:103FE0006D002D1808780F000300303B303D013183
:103FF000092BF3D900230D932E28BFD13022802026
:1040000052429046C000064378780B0080444246F6
:10401000092A00D851E12A2800D15EE10F000131C0
:10402000ACE70A9BA1469B46CA4503D801235B42E5
:104030005344994653464A46594600200B9DA8478B
:10404000200023B0F0BCBB46B246A946A046F0BD56
:104050000300693BDBB20F2B00D962E701219940D5
:104060008846734A11408B46110042460A4200D0EE
:1040700013E10A2B2FD0072B00D052E70C9D01CD66
:10408000002800D134E121231E43B0461F260D9A9B
:1040900012ABF618A14694465946340002E00009D6
:1040A00020290AD00F26064032003732092E00D8C8
:1040B000073A013162540F28F1D863464C468B46CB
:1040C0000D9322E10C9B20CB002D52DB78780C93D2
:1040D0000F0001314EE70C9B0D9904CB90469B4697
:1040E000002900D128E1434618784144002801D135
:1040F00000F029FC0D9A94460A0004E05978013337
:10410000002900D195E19A42F8D163460D934346C8
:10411000D31A0F93730500D46CE10F9B0D9A934251
:1041200000D90F9202231A0032400C92334200D180
:1041300091E20C930D9BB9461E1943461B1BA846E2
:1041400022001F000B9D08E0541C53460A99A84703
:10415000385D002800D163E122009642F4D1454643
:104160004F4634000C9B002B00D097E15B460C932C
:10417000DDE60222787816430F006D420C93013180
:10418000F8E678786C2800D159E180235B001E4363
:10419000013114E780239B0078781E4301310EE73C
:1041A0007878682800D150E1802301311E4306E76A
:1041B000672800D1C2E0472800D134E1452800D16A
:1041C00034E107210C9B0D9A07338B4319000496A9
:1041D000039502920CC90B98009201930C91220056
:1041E00053460A99FFF7CCFB0400A0E6462800D10D
:1041F000A8E007210C9B0D9A07338B431900049606
:10420000039502920CC90B98009201930C91220025
:1042100053460A99FFF77AF9040088E6E13E001058
:1042200090290020AC800010F08000103C8100102C
:10423000419000002200534625200A990B9DA84773
:10424000013474E60C9B04339B46631C9846B60706
:1042500000D4FFE00C9B220018780A9953460B9E6D
:10426000B0476419012D00D849E245460B9EB84677
:104270000A9F2A005346013539002020B047A54245
:10428000F7D1474672E7DB4B38780B93002399460A
:10429000002800D03DE60024C6E66F2855D000D89F
:1042A000BCE21023782800D19EE09E430A239C465E
:1042B00000230F930A339B464DE000218A005218D9
:1042C000520001331118187830390200303A092AA7
:1042D000F4D90D911F00591C50E60C9BB87804CB03
:1042E0000237D143C9170A400D920C93791C45E659
:1042F0001023300098431133184380238046300048
:10430000DB0018401E4200D1C0E643460693082356
:1043100005930D9B22000493102303930023029323
:104320005B4601931AAB00930A9953460B98FEF72C
:10433000F1FF0C950400FAE50139D4E680231B0156
:104340001E433EE720231E4353E708239C460023D9
:104350000F9308339B4680233000DB0018401E4239
:1043600000D11AE10D233100994380230A009B00FC
:104370001A409146194200D0C3E180230A005B0035
:104380001A4090460C9A04320F92194200D08FE2E4
:104390004B0600D597E10B0600D4E5E20C9B1B8889
:1043A00099464B46002B00D005E210339943002874
:1043B00000D100E2002398460D9B069104935B46D2
:1043C00003930023059502934346D9E0582808D06B
:1043D000622878D102239C4600230F9302339B4628
:1043E000B9E720231E43103B9C4600230F93103354
:1043F0009B46B0E702231A0032400C92334200D1B0
:1044000005E20C934346B9460B9E0A9FA8461D1B26
:104410002200534639000134B047285D0028F7D107
:1044200045464F469EE680231B011E4320231E4324
:10443000C7E662460D9242469B1A0F936AE6C02376
:104440009B00B8781E43F91CB9E5C023B8781E4319
:10445000F91CB4E5012D00D84AE1631E9946A94430
:104460004B4652462600A146BA461C001700A846F5
:104470000B9D32003B00013620200A99A847A64236
:10448000F7D13B0057469A464C460C9B32001878B1
:104490000A9953460B9D4444A84767E6A0460F9BE4
:1044A0009D4200D862E62C190B9E4546B8460A9FED
:1044B000E41A2A005346013539002020B047A542AE
:1044C000F7D1474652E680233200DB001A4090467F
:1044D0001E4200D1F3E011218E43B446984680235A
:1044E00062469B001A40934662461A4259D1802385
:1044F0005B001A4091460C9A04320F9262461A42AF
:1045000000D0A0E163465B0600D5D4E063461B06FD
:1045100000D412E20C9B00229B5ED8171918414070
:1045200089B2DA0F0C92002B00D187E188461F2652
:1045300012ABBB461495F71845464E46E046A146D9
:1045400006E028000A21FDF7EFFF0500202E08D025
:104550000A212800FDF7E8FF01363031B955092D51
:10456000EFD84C46C446B1465F46149D6346069359
:104570000D9B059504930A2303930C9B02934B46D2
:1045800001931AAB220000930A9953460B98FEF749
:10459000C1FE0F9B04000C93C9E40C233100994326
:1045A000E3E60822072191460C9B07338B4399448D
:1045B0004A460ACB08000C92DA0F9346184300D003
:1045C00085E0002399464346002B2FD1002200238B
:1045D0001092119300231F26994612ABF6185B46E2
:1045E0001495BB46E04637000F934E46A146109CFB
:1045F000119D05E06932001004000D00202E0CD042
:104600000A22002320002900FDF7CCFF01363032BA
:10461000BA55002DF0D1092CEED80F9B10941195AE
:104620005F464C46C446B1469B46149D634606937E
:104630000D9B059504930A2303935B4602934B4617
:1046400001931AAB220000930A9953460B98FEF788
:1046500061FE04006BE40F9B9D4200D896E180232D
:10466000DB000C930F9B2E19F61A43460F930D9BFC
:10467000A84699465346BA461F000B9D22003B00B0
:10468000013420200A99A847B442F7D10F9B454630
:1046900098464B460D933B0057469A46434618783A
:1046A000002800D162E56B1C0F930C9B002B00D1FE
:1046B000A8E600233DE50C9B1B78190031E7102389
:1046C0009E43B4460BE70C9B1B78994669E6DA17C4
:1046D000129213924A401092129813990A005A406B
:1046E0001192109A119B121A8B411092119371E73B
:1046F0000C9B220018780A9953460B9CA04744460D
:1047000034E50822072690460C9B0733B3439844B0
:1047100042460C921A685B68149208931300089A38
:10472000134305D11033994300239846002838D10C
:1047300061208B0600D5412000231F2698465A464B
:1047400012ABF618030018920F9A0A3BB146169561
:10475000179419974446664690469B46149F089DB9
:10476000159103E007000D00202C13D03200002328
:1047700038002900FDF716FF5B46D2B2D318092A8C
:1047800001D8130030334A4601341355A845E9D106
:10479000BE42E7D9189BA0469B461599169D179CCB
:1047A000199F0D9B069104935B4603930023059587
:1047B0000293434644E761208B0600D541201F2623
:1047C00012ABF21803000A3B0C934B464646A14637
:1047D000A8461C005D461491BB46170002E0040089
:1047E000202E0DD029002000FDF79EFE0C9BCB183B
:1047F000092901D80B0030330136BB55AC42EED24B
:104800005F464C46AB4614994546B046D4E50F9BEF
:104810009D4200D926E701330F93F3E510233200C0
:104820009A439446692800D0A2E080233200DB003E
:104830001A4090461E4200D151E64CE64346002BFA
:1048400000D093E673E60C9B1B68DA0F002B70D048
:10485000D9175B184B4098461F2612ABF618A14695
:1048600014955C464546BB46E04637000C9206E090
:1048700028000A21FDF758FE0500202C08D00A2147
:104880002800FDF751FE013430313955092DEFD89C
:104890005F46C446A3464C46149D0C9A6346069355
:1048A0000D9B059504930A23029203935B4667E6EA
:1048B0000C9B1B689846002B03D1103399430028AA
:1048C0002DD161208B0600D541201F2612ABF61892
:1048D00003000A3B4A460C93149143463100A84614
:1048E000A1465E461400BB461D000F0002E0050015
:1048F000202C0DD031002800FDF716FE0C9BCB18A4
:10490000092901D80B00303301343B55B542EED2B2
:1049100023005F464C464546B346994614990D9B85
:10492000069104935B4603930023059502934B463F
:1049300026E64346002BB1D18EE70C9B1B68D817A7
:1049400019184140EDE580233200DB001A400F9238
:104950001E420FD00230020032400F92304219D076
:104960000023A0460F939AE50C9B1B68994618E517
:1049700016009BE402231A0032400C92334200D00E
:104980008CE5002D00D06DE6FFF7F0FB01330F93AF
:10499000FFF7D0FB0C93F4E70EB410B5012485B0FB
:1049A00007AA08CA01000392009204486242FFF776
:1049B00097FA05B010BC08BC03B01847613200106C
:1049C00000B585B0039101210290009303481300C4
:1049D0004A4202A9FFF784FA05B000BDFD34001079
:1049E00010B5094A0300146884B0002C08D00122D5
:1049F00000910648524203A9A047012004B010BD0F
:104A000000F0E8F90020F9E790290020ED340010CB
:104A100000BEFDE710B5FFF7FBFFC04670B5FDF720
:104A20006FFC074D074EB54209D20024013E761BAC
:104A3000B608013608CD01349847B442FAD170BDAA
:104A4000CC7B0010D87B0010030010B508001100CB
:104A50001B68984710BDC046F8B5437D07000D00A0
:104A60001600002B38D0002A1ADD0B780A2B18D03C
:104A70000020012E09D0012421006B5C01340A2B97
:104A80001AD0B442F8D1864203DD311A3B682818A7
:104A90009847AD19013D2B780D3B5A4253413B7568
:104AA000F8BD037D002BE3D102210E483B689847F7
:104AB000012EEED00120DEE76B1E5B5C0D2BE0D0FB
:104AC000884203DA091A3B682818984705480221EA
:104AD0003B6898472000D4E70368110028009847F6
:104AE000DEE7C04698820010F0B5C6460B680700A6
:104AF0000D0000B5802B06D05A1C2A60ED182F71CE
:104B000080BCB846F0BD0F4B1C68002C16D00B1DA6
:104B100098460D4E02E02469002C0FD02368002B2C
:104B2000F9D03368002B01D0A342F4D120004146D4
:104B30002A68FFF791FF2469002CEFD1012200239E
:104B4000DBE7C0468025002088250020F0B54646DA
:104B5000D6464F46C0B582B090461C0006000D00F8
:104B6000FCF7DAFE00232F4A12184B41002B02DA21
:104B700001222D4B52422D4908008A4602F0E8FFDF
:104B800081466B1C03D1300002F01AFF0500002C97
:104B900027D0274F274B1C68002C18D04346002BEA
:104BA00021D1254B984602E02469002C0FD02368C0
:104BB000002BF9D043461B68002B01D09C42F3D157
:104BC00020002A003100B8472469002CEFD14B4661
:104BD000002B23D1280002B0E0BCBA46B146A8465B
:104BE000F0BD164FD6E7144B984602E02469002C1E
:104BF000EDD02368002BF9D043461B68002B01D071
:104C0000A342F3D12A0031002000B8476B460A22A4
:104C10002000DA71D91D093AB847E7E7504602F09B
:104C20005FFFD7E740420F00FFFFFF7F3C190020E6
:104C3000594A00108025002088250020494A00108C
:104C40000A4A1368002B05D10CE01A001B691032C8
:104C5000002B07D08342F8D1002902D118691060D7
:104C6000196170470029FCD01060FAE78025002008
:104C7000084B10B51C68002C06D06368002B04D0CC
:104C800098472469002CF8D110BD2469002CF4D178
:104C9000FAE7C0468025002010B500F0F5F900F0D5
:104CA0002DFC012010BDC046F0B5CE46474604009D
:104CB00080B583B0FCF730FE2600002736184F4140
:104CC000002F02DA01261A4F76421A4B1A4D9946E6
:104CD00001AB98464B461C68002C03D116E02469B2
:104CE000002C13D02B68002B01D09C42F7D1A36875
:104CF000002BF4D00121404698470028EFDD4346C1
:104D0000187803B0C0BCB946B046F0BD0B4B5A6A28
:104D1000974207D89B6AB34202D302204042F0E791
:104D20009742FAD101200021FCF700FED2E7C046ED
:104D3000FFFFFF7F802500208825002000400540E0
:104D4000F0B5CE46474680B583B06B460600DD1D04
:104D50002870FCF7E1FD0023194A12184B41002B83
:104D600002DA0122174B524217490800894602F025
:104D7000EFFE164B80461C68002C14D0144F02E046
:104D80002469002C0FD02368002BF9D03B68002B3E
:104D900001D09C42F4D1200001222900FFF75CFEE3
:104DA0002469002CEFD14346002B05D1300003B01D
:104DB000C0BCB946B046F0BD484602F091FEF5E7EA
:104DC00040420F00FFFFFF7F3C190020802500209C
:104DD0008825002070B5040002F0F2FD01230100D7
:104DE000050001222000FFF7B1FE084B1C68002CD3
:104DF00006D06368002B05D098472469002CF8D1B1
:104E0000280070BD2469002CF3D1F9E7802500202B
:104E1000F0B5CE46474680B5A3B004000E00FCF7BF
:104E20007BFD0023264A12184B41002B02DA012297
:104E3000244B5242244802F08BFE002322000193AF
:104E400080463300214801A9FFF7BAFD204F019B9E
:104E500081463C68002B19D0002C2FD01D4E02E05B
:104E60002469002C0FD02368002BF9D03368002B65
:104E700001D0A342F4D12000019A02A9FFF7ECFD72
:104E80002469002CEFD100233C680193002C06D04C
:104E90006368002B0CD098472469002CF8D1434656
:104EA000002B07D1484623B0C0BCB946B046F0BD80
:104EB0002469EBE7044802F013FEF3E70194EEE700
:104EC00040420F00FFFFFF7F3C190020E94A00101D
:104ED00080250020882500200FB400B583B004A9E8
:104EE00001C90191FFF794FF03B008BC04B0184753
:104EF000F0B5002915DD0E4B0D271A680D4B0E4C31
:104F0000D3185D426B41451820215B001E5F047879
:104F1000A64207D093691942FCD101301460A8421F
:104F2000F5D1F0BD93691942FCD11760F2E7C04694
:104F30000C2C00200080FCBF082C00201F4B30B53B
:104F40001B680D1E9C462ADD441E102100201C4BB0
:104F50001A689369194214D1013093691942FCD13E
:104F6000136823548542F4D16346002B07D05023A5
:104F70009363516B183B0B40124952181360280081
:104F800030BD6346002B07D050239363516B183B11
:104F90000B400C49521813600028F1D10BE0002B94
:104FA00009D05022064B1B689A63596B183A0A4085
:104FB00004495B181A6003204042E1E718250020ED
:104FC0000C2C002034100000064B10B51B68002B81
:104FD00006D00021044A12689163044A1068984779
:104FE00010BDC046182500200C2C002020250020D4
:104FF0000822034B19688B691A42FCD17047C046DE
:105000000C2C002070B51A4E1A4B32680400D318CD
:1050100058424341184D143318002B68002C02D01D
:10502000002B0FD070BD002BFCD006000021946334
:10503000FBF7E2FD30001149FBF732FF104B2C600B
:105040001C60EFE72C6004000D4B19600B49FBF767
:1050500017FE01212000FBF7CFFD502233689A6331
:10506000596B183A0A4007495B181A60DAE7C046DC
:105070000C2C00200080FCBF18250020C94F001018
:1050800020250020341000000D4B10B51B780D4B6F
:105090000D4C1B780D4B02211B780D4B002023601B
:1050A000FBF79CFC02210120FBF798FCE121206822
:1050B0004902FCF771FC01210648FFF7C1FD10BD54
:1050C00044860010408600100C2C00203C86001006
:1050D00000400340E01800207047C0460022014B0A
:1050E0001A707047262C00204B790020FF2B0BD123
:1050F0008B79002B08D1CB79012B05D1082A03D954
:10510000024B8A7809301A707047C046262C00205E
:105110000120704710B5012913D112495379107934
:1051200009781B0203430020994200D010BD537838
:10513000012B08D0022BF9D1642200210020FDF7B9
:105140001BF80120F2E7D37891781B021943480A33
:10515000DB0501D4012040427F238A05D20F19408C
:10516000FDF7A0F8262C002000487047808300102F
:105170009446012310B501290AD152780023012A4F
:1051800006D162461179527912020A43072A01D0E8
:10519000180010BDA6336146024A01F051FA03001F
:1051A000F6E7C046D882001001230370004870471C
:1051B000B88200104B780A781B0213438A7810B526
:1051C00012041A43CB781B0613439622D200934253
:1051D00000D010BD0022012011004042FDF762F80E
:1051E000024B1860024B19607047C0461C25002016
:1051F0002425002010B5024B1878FBF729FD10BDBF
:10520000272C0020154B70B51A68002A22D0EFF326
:10521000108172B610680028FCD0BFF35F8F0020A9
:105220000F4A596010701B68BFF35F8F186081F3DD
:105230001088002400250B4E3078FBF7EFFC002887
:1052400004D1002400252900200070BD3078FBF730
:10525000FFFCF8E7FA240025A400ECE7A0290020D1
:10526000282C0020272C002070B5050000200E00FF
:1052700001F0F6FA002834D0002001F00BFB0028E2
:105280002FD0FCF749FB0023174A12184B41002B83
:1052900016DB164C200002F05BFC002821D0002019
:1052A00001F0DEFA00280FD101200021404200F079
:1052B000FDFC03256D42200002F012FC280070BDA9
:1052C00001220B4B5242E4E7002001F0E3FA0028F0
:1052D000EAD029003200002001F0EAFA051EEAD1E6
:1052E000E7E703256D42E9E740420F00CC290020A3
:1052F000FFFFFF7F10B5FCF70FFB00230D4A1218CC
:105300004B41002B02DA01220B4B52420B4802F0B8
:105310001FFC00280CD001200021404200F0C6FCF8
:10532000002001F013FB0028F5D1044802F0D8FB5F
:1053300010BDC04640420F00FFFFFF7FCC29002078
:10534000F8B5CE46474680B505000C00FCF7E4FAF8
:105350000023344A12184B41002B02DA0122324B4F
:10536000524232490800884602F0F2FB002803D17D
:10537000C0BCB946B046F8BD002001F071FA002863
:1053800048D00026002C41DD294B994613E0A9198D
:10539000002001F019FB070001200021404200F02D
:1053A00085FC002001F0D2FAFCF7B6FA204BF61982
:1053B00003C3B4422ADD002001F028FBA71B020032
:1053C000B84200DD3A00002AE1D10120002140422C
:1053D00000F06CFC002001F0B9FA002001F040FA66
:1053E000002813D0002001F011FB0028E1D1FCF7C8
:1053F00093FA4B460F000CCB002184460D4812183F
:105400004B419F4202D8D4D19445D2D9404602F0B4
:1054100067FBADE700200021054B03C3404602F0C7
:105420005FFBA5E740420F00FFFFFF7FCC29002074
:10543000101C002020A1070030B5002185B02848AD
:1054400002F076FB00281CD1264B1A68002A16D0E1
:10545000EFF3108172B610680028FCD0BFF35F8FA5
:1054600001242148596002781B68D2B20470BFF34E
:105470005F8F0020186081F31088002A17D005B0D4
:1054800030BD01200021404200F010FC002001F05E
:1054900001FA0500124802F023FB002DEFD0134B58
:1054A0001B68002BEBD0124A10689847E7E7FCF71F
:1054B0009DF80400FCF730FAFA220023920012183B
:1054C0004B41002B02DA01220A4B52420121029188
:1054D00000210191084920000091FCF78BF8CEE7EC
:1054E000CC290020A0290020282C00201C250020E9
:1054F00024250020FFFFFF7F05520010D02310B5A8
:105500001B0684B01C68FCF771F8FCF771F9A04227
:1055100002D0002004B010BD274B1B7801F068FDBD
:1055200026480368002B44D00120FBF7F7FDFF233A
:10553000234C244920701840FBF7A2FB207801215E
:10554000FBF75AFB0520FBF78BFB002824D1082230
:1055500000211D48FDF778FEFCF748F80400FCF731
:10556000DBF9FA220023920012184B41002B02DAD9
:105570000122164B5242012102910021019114494E
:1055800020000091FCF736F80028C2DB1148012109
:10559000FFF756FB0120BDE70120FBF7EBFA010006
:1055A0000948FBF71BFE002205200B49FBF792FB85
:1055B000ECE7FBF7F7FDB7E748860010CC290020A1
:1055C000272C002039540010A0290020FFFFFF7F66
:1055D00005520010F8180020F551001000487047DF
:1055E0001C84001000487047C883001010B50400E8
:1055F00016480378002B20D0002C06D1144B1548F8
:105600004380063BFF3B038010BD052C1CD8124B8A
:10561000A400E4580F480123811C013C04E001333D
:105620000A800231142B0CD0E25C002AF7D1C02290
:10563000DBB25B0092001343E5E7112100F016F89E
:10564000DAE7CA239B00DEE70020DDE7102C00200C
:105650000904000058250020B083001010B502484E
:1056600000F0F4F810BDC046BC29002030B5012977
:1056700000D1BBE0744B01391A7812111400303498
:10568000092A00DDB5E00470012900D1DAE00F221B
:105690001C78224014003034092A00D9ACE0447050
:1056A000022900D1CEE05A78944612111400303409
:1056B000092A00DDA3E08470032900D1C2E064461A
:1056C0000F22224014003034092A00D99AE0C47015
:1056D000042900D1B6E09A789446121114003034AF
:1056E000092A00DD91E00471052900D1AAE0644691
:1056F0000F22224014003034092A00D988E0447176
:10570000062900D19EE03025AC46DC782211944475
:10571000092A00DD7FE062468271072900D191E00D
:105720000F22224014003034092A00D977E0C471D6
:10573000082900D186E03025AC461C79221194441A
:10574000092A00DD6EE062460272092900D179E083
:105750000F22224014003034092A67D844720A29E3
:1057600000D16FE03025AC465C7922119444092ABF
:105770005FDC624682720B2964D00F222240140043
:105780003034092A59D8C4720C295BD03025AC4674
:105790009C7922119444092A02DD0735AC469444D1
:1057A000624602730D294DD00F222240140030347E
:1057B000092A01D93732140044730E2942D0DA790C
:1057C00013111C003034092B01DD37331C008473A6
:1057D0000F2937D00F2313401A003732092B01D875
:1057E00030331A00C27310292CD0103000230370FC
:1057F00030BD3732140046E7373214004FE73732F6
:10580000140058E73732140061E7373214006AE7B2
:105810003732140073E70735AC4694447BE73732E0
:10582000140084E70735AC4694448CE73732140003
:1058300094E70735AC4694449BE737321400C472B2
:105840000C29A3D14018D1E7BC29002010B588B09D
:1058500004000D2200216846FDF7F6FC0D22002110
:1058600004A8FDF7F1FC4B236A466846137004A9AF
:105870000D2202F02DF91521082220006944FDF7C0
:10588000E9FC08B010BDC046F8B500F03FF90C23A4
:10589000184DFF22AB6705201749FBF71BFA174C81
:1058A000402200212000FDF7CFFC402700230126E5
:1058B0002121134A66702783A260136063545F310D
:1058C0006184453963540F4A0F496360E26027875A
:1058D000A1620B606362E26202F052F980239B05D1
:1058E0002E64EB649023094AEA508022084B52024E
:1058F000DA64F8BD00001150DD0400208C25002082
:1059000084001050000110508000105010D0010091
:105910000020115010B501210520FBF76DF910BDD5
:1059200010B500220021024800F010F910BDC04659
:10593000AC250020044B1970002904D0802190234D
:10594000024A8902D1507047222C002000201150B9
:105950000B785B0600D070474B78052BFBD18A781B
:10596000014B1A60F7E7C04600001150F0B5C6467B
:1059700000B5CC7888780A794B797F21A40701405B
:105980001B02C50913434F00A20F1400324E7A19AF
:105990005201B218907001206840507000205B05E1
:1059A0005B0DD0701383D4768046CA00012D30D0B1
:1059B0002A48121888018446B444604682604046F2
:1059C0001060002930D0264AC900891862463F334A
:1059D00051609B09022C3AD09B0122487A19016838
:1059E0005201B218D160204ACB18036051405A408E
:1059F000802388465B019A422BD84346A4061C4369
:105A000080237F197F01F61972681B0623431360F8
:105A100010E01648121888018446B4446046826239
:105A200040461060002909D100236D0175196B6093
:105A30000F4BEB60012080BCB846F0BD0A4AC9009C
:105A4000891862463F3351629B09022CC4D1DB01A5
:105A5000C3E7FCF74FFCD0E78C25002084001050F2
:105A600004001050982900200000105080001050B1
:105A70000001105010B502F083F810BD7F2010B562
:105A800008404000C90940181100044A400180182C
:105A90001A0000F05BF8012010BDC0468C250020E4
:105AA0007F23180000B5084083B00B4204D14B425D
:105AB0004B41084A013393668022C9094000064BD6
:105AC000401840010021C018120102F051F803B043
:105AD00000BDC046002011508C2500207F221300FD
:105AE00010B50B400A4200D110BDC9095B005B181C
:105AF00004485B01C018002300220349C37002F070
:105B000037F8F1E78C250020FFF7FFFF80220A4BD2
:105B1000520410B51A60094B09491A6010000B684D
:105B20009843FBD18022002152010648FDF78CFBEF
:105B30000922054B5A6710BD00E0004000F000400C
:105B400008C000400000105000001150002310B5A4
:105B5000C3820133828283760161040001F0D8FFA1
:105B6000002804D080219023074A8902D1502000C8
:105B700001F0C6FF002802D00123237710BD2000CA
:105B800001F0EEFFFAE7C046002011507047C04612
:105B90007047C04600207047002070477047C046DD
:105BA0007047C0467047C0467047C046024B5878A1
:105BB000431E9841C0B2704730200020024B187835
:105BC0004007C00F7047C04630200020F8B5CE46D1
:105BD000474680B52A4E81463378FF2B04D00120FA
:105BE000C0BCB946B046F8BD002154222548FDF797
:105BF0002BFB0022244C254B20001A70FBF7D2FA15
:105C0000234B1C60234C2000143CFBF7D9FA2000E6
:105C100001F0CAFD204B214D1C60214B002B04D00C
:105C20002800FFF7C1FA1F4B18601F49002400230A
:105C300088462A781B4F0FE03B6862019B18002BB7
:105C400012D05B68002B0FD098472A780134E4B259
:105C5000511C2300A14209DBA242EDD89B1A5B0133
:105C600043445B68002BEFD10020B9E74B46484620
:105C70003370FFF709FE4846FFF74CFEAFE7C0461A
:105C80002C19002030200020E81F0020232C0020A9
:105C9000842000202419002088200020212C0020AE
:105CA000A9510010CC1F0020D8840010F0B5DE46AA
:105CB00057464E464546E0B5C64B91B002931B7819
:105CC000FF2B00D13BE1C44BC44E1F00C44B0DACB5
:105CD0000193C44B009335686A69EFF3108172B683
:105CE0001368002BFCD0BFF35F8FA961280021004F
:105CF00001F090FB6A69AB69BFF35F8F002111600F
:105D000083F31088002800D119E16378082BE2D8CA
:105D10009B00FB589F466368002BDCD0A068984727
:105D2000D9E77F222179AE4D0A405300EB189846FF
:105D3000C809804440460123303005799D430571F0
:105D4000057903339D430571002A00D1FEE04346E7
:105D5000A54A1B7D1278934200D3EDE0A34A5B0174
:105D60001568ED18002D00D1E9E0A368627920786C
:105D7000AD69A847AFE79E4B1A78002A00D1DEE054
:105D80001A78013A1A701B78002BA4D10122944D85
:105D900001212B78042013432B703423EA5C8A43BF
:105DA000EA54EA5C8243EA540133EA5C8A43EA54E7
:105DB000EA5C8243EA54237800209B4600F09AFC78
:105DC000602223791A40602A00D1EEE0402A00D1F7
:105DD000F4E0DB06DB0E012B00D111E1022B00D138
:105DE000C6E0002B00D0E0E0202A00D11CE2002A0F
:105DF00000D0DAE06379092B00D9D6E07D4A9B0018
:105E0000D3589F46764D2B78DB0700D463E7FFF726
:105E1000CBFE60E7019BDB78DB0700D45BE76068C3
:105E2000FFF7B6FE57E76E4D2B78DB0700D452E73D
:105E300028780007C00FFFF7B5FE4CE723786949C3
:105E400099468B46684B694998468A4639001A78C4
:105E500047460023B04600254E46894610E053468B
:105E60001B686A019B18002B00D175E0DB683000CD
:105E700098473A780135EDB2511C2B008D4243DC36
:105E80009542ECD39B1A5B015B44EFE723785749BB
:105E90009946554B8A4698463100BB464E461A787D
:105EA00000250023474689460FE053461B686A01D8
:105EB0009B18002B54D0DB68300098473A780135A6
:105EC000EDB2511C2B008D4206DC9542EDD39B1A9E
:105ED000009A5B01D318EEE7019D542200212800AF
:105EE000FDF7B2F91022FF214348FDF7ADF9280074
:105EF0002022FF2114304E465F46FDF7A5F900F041
:105F0000EFFBFFF74DFEE6E6354D54220021280059
:105F1000FDF79AF91022FF21281DFDF795F92800B9
:105F20002022FF21143046464F46FDF78DF900F040
:105F3000D7FB2379AB70CEE6501C984213DA11B030
:105F4000F0BCBB46B246A946A046F0BDA368627944
:105F5000207800F0E3FBBEE646464F46204DE6E7DC
:105F60004E465F46CBE71F4D9B1A5B015D19FCE671
:105F70007023217A0B4218D1C80982460F330B4097
:105F80005B0098461848EB1853441B7D00789946EF
:105F9000834268D215485B01006881469944002A13
:105FA00000D163E14B46002B6AD120780021FFF736
:105FB00077FD80212078FFF773FD8CE60F4800F015
:105FC00099FB012158460EAAFFF7D2F8002800D00D
:105FD00081E6EAE72C190020308400108820002098
:105FE00030200020D8840010212C0020CC1F00205D
:105FF000232C002054840010342000207151001004
:10600000237A22890F2BD0D8FF231340CF4AEB18D5
:106010001B791578AB423ED3691C9942C5DB5D1BE9
:10602000CB4B6D01ED18686900F064FB0121584607
:106030006B690EAA9847002800D04CE66022150034
:1060400023791D401A42B0D163790A3B012BACD8A9
:1060500000F050FB63790A2B00D199E158460EA954
:1060600000F0D8FA37E6431C4B4500DAF9E04B461E
:106070001B1A5B019946B6488144002A00D1F5E01D
:106080004B46586900F036FB4B46012158465B6988
:106090000EAA98479AE7AF4A5B011568ED18002DE4
:1060A000C1D182E7A37999466B789945D6D06B78B0
:1060B000002B00D035E14B466B70002B00D12DE159
:1060C00048460138C0B2FFF78DFA002800D17EE1C2
:1060D00043780793022B00D079E10122C179B146C0
:1060E0008B11491113400A40302112015B01134307
:1060F0002A78A8468A4313432B7009239A46824480
:106100005646BA46C37882781B021343C3180593D8
:106110008E4B04938E4B08938E4B09938E4B0A93B0
:10612000059BB34200D855E1737801220B2B03D1B4
:106130003378F278F6187378042B00D044E1059B8D
:1061400000279B1B9BB20693049B0B921D78002398
:1061500003931BE0099A7B011568ED18002D00D10F
:1061600032E1310058462B69069A98478446082840
:1061700003D9069A824200D313E1049B01371D78AC
:10618000FFB26B1C03979F4200DD1DE1BD42E1D8C9
:10619000039B5D1B089B6D015D19E2E76B780CAA00
:1061A00002321370584601230EA900F049FA92E515
:1061B000E088030AC0B20F2B00D9F6E667499A00BF
:1061C0008A5897460EA800F09BFA5846A179FFF727
:1061D000A7FB02222B7813432B707CE5E388012B6D
:1061E00000D0E2E608222B78584693430EA92B7084
:1061F00000F010FA6FE5022029780CAB9A1C8B0690
:106200008908DB0F01400B431380584602230EA977
:1062100000F016FA5FE5E388012B00D0C5E60822FE
:106220002B7813432B7019E7237A22890F2B00D97F
:10623000BBE6FF231340EB181D79444B1B789D42AE
:1062400028D2444B6D011B685D19002D00D1ACE6CE
:10625000686900F04FFA012158466B690EAA984709
:10626000B4E6002A00D0A0E6002399466279022015
:10627000130003928343012B15D0002A00D094E62B
:106280002B004344534430331B790CAA9B07DB0F8C
:106290000232B9E75A1CAA4200DA86E6ED1A2C4B04
:1062A0006D01ED18D4E7E388002B12D1029B18781A
:1062B000039B012B23D0FFF7F3FB43460221EB188E
:1062C000534430331A790A4301211A711A790A4367
:1062D0001A714B46002B00D1FDE4586900F00AFA10
:1062E0004B4601215B690EAA58469847002000F0F2
:1062F00001FA3523EB5CDB0700D5ECE4AEE6FFF7F3
:10630000EDFB43460221EB18534430331A798A439C
:106310001A711A7903998A431A71DAE7FFF740FC78
:106320009CE600215846FFF705FB5846FFF7A2FB05
:10633000AB7807490393054B049198461A780023DC
:106340000449AA4605911D001BE0C046212C0020EF
:10635000D8840010CC1F0020442000207C84001032
:10636000059B6A011B689B18002B4CD0DB685846C4
:10637000984743461A780135EDB2511C2B008D42E7
:106380002DDC9542ECD39B1A049A5B01D318EDE700
:106390000CAB9A1C584601230EA9157000F050F959
:1063A00099E40B9A012A4ED0002A3CD00023B07801
:1063B00004E00133DBB20F71934234D2C118C9B289
:1063C00041440D79FF2DF4D04E46454657460023F3
:1063D0006B70EAE54E465746FFF7E0FB3EE6554652
:1063E000542200212800FCF72FFF1022FF21281D36
:1063F000FCF72AFF28002022FF211430FCF724FF9D
:10640000039BAB7057E65546FAE7FEF7ADFE021E5A
:1064100000D1CAE5D37891781B020B4358460EA9E8
:1064200000F00EF9D2E565463B002A0031000A98DB
:1064300000F062FE049B039A1B78761901339342A5
:1064400000DB6DE6C0E7174B29699942AED1079A88
:10645000ACE7FFF79FFB021E00D1A6E55846137874
:106460000EA900F0EDF8B1E52189FFF7BFF8021E93
:10647000F4D19AE5022B0FD0FFF78EFB021EC9D193
:1064800093E5FFF7ABF8021E00D18EE512235846C4
:106490000EA900F0D5F899E5FFF7A4F8021EB9D1CE
:1064A00083E5C046156B0010F0B54F464646D6460C
:1064B000C0B50C0016001F0082B0002A3AD070232D
:1064C00098461D4B002599461C4B9A461AE04B46B0
:1064D0001B78200001935346997800F0D3FD0028E3
:1064E0001CD021000198FFF741FA002816D0A378AC
:1064F000DA09012A19D00A9A01351370B54219DA5E
:106500002378E4186378052B08D1E3789B079B0F69
:10651000BB4203D14246A3781A42D8D0002002B031
:10652000E0BCBA46B146A846F0BD0B9A01351370DF
:10653000B542E5DB0120F2E72C19002030200020D5
:10654000702270B58B780C001A4201D0002070BD0B
:10655000064B20001D78064B997800F093FD00282B
:10656000F4D021002800FFF701FAF0E72C190020F1
:10657000302000207F20074B10B51A680840CB0957
:1065800034334000C018044B1100C01800F036FD31
:1065900010BDC04684200020302000207F20074B03
:1065A00010B51A680840CB0934334000C018044BBA
:1065B0001100C01800F04AFD10BDC0468420002024
:1065C0003020002070B57F24C80984460C400F4855
:1065D00064000419644430342079C00701D50020D8
:1065E00070BD0B480125007884462079284320712E
:1065F0006046FFF743FA0028F2D101222379934342
:1066000023712379033293432371E8E7302000207C
:106610002C19002070B5094C0600082220000D003E
:10662000FCF718FE00238021E360A3602B78300084
:10663000994300220023FFF7C5FF70BDD41F00203F
:10664000F0B5C646244C170080460822200000B54D
:106650000D001E00FCF7FEFD0023A760E381EB792F
:10666000AA791B0213431A1CB34200D9321C96B2FA
:10667000A281002B0CD0002E15D0002F2AD0402E46
:106680001AD8237896B27F2B1BD80021134A0EE02C
:1066900080212B780022994340460023FFF792FF88
:1066A00080BCB846F0BD7F23002221789943330097
:1066B0004046FFF787FFF3E74022237896B27F2B0F
:1066C000E3D9064C320039002000FCF7C3FD8021DD
:1066D0002200ECE70020E3E7D41F0020F01F002099
:1066E00010B5142200210248FCF7AEFD10BDC046D3
:1066F000D41F0020014B18617047C046D41F0020F2
:1067000010B5054C010008222000FCF7A3FD002372
:10671000A360E36010BDC046D41F002070B5374CA5
:106720001D0023780600DA09C9098A4210D000202A
:10673000002D00D070BD21003000FFF709F923695A
:10674000002B03D022000321300098470120F1E7FD
:106750007F2B06D8A0680028ECD02A002849FCF737
:1067600079FDE289A1685219E38892B24919E28160
:10677000A160934214D03F2D12D9A389981A051C09
:1067800080B2402828D82078ADB27F2826D80021B2
:106790009A4230D01A4A2B003000FFF713FFC9E7A6
:1067A0002369002B05D022000221300098470028E1
:1067B00008D0802123780022994330000023FFF77E
:1067C00001FFB7E700213000FFF76AF930008021B0
:1067D000FFF766F90120ADE74025D4E79A4207D0DC
:1067E000074C2A002000FCF735FD80212200D2E76B
:1067F00080210022CFE70022CDE7C046D41F002031
:10680000F01F002070B50400FFF7D0F9002800D178
:1068100070BDFFF7D3F90028FAD1E378002BF7D049
:106820002300103318001D0000F0DEFD3F28EFD9D3
:106830000020E178FFF79EFE0028E9D0280000F054
:10684000D3FDE1783F2806D9C83422004023002038
:10685000FFF7B8FEDCE70020FFF7A0FED8E7C04650
:1068600010B50400FFF7A2F9002801D1002010BDE7
:10687000FFF7A4F90028F9D1A0000019C000044BCB
:106880000019C0001B1801201B791840EFE7C04613
:1068900048190020830010B51B18DB001818034BA3
:1068A000C000C01800F082FD10BDC046581900207D
:1068B000F8B586003418E40024184746CE46E400B4
:1068C000230080B51F4F1033FB1898468023050026
:1068D0005B029A4200D31C4A404692B200F0E8FDA7
:1068E0008146FFF763F9002804D14846C0BCB94689
:1068F000B046F8BDFFF762F90028F6D17619F60028
:106900007519ED007D19EB78002BEED0404600F0B4
:106910006BFD3F28E9D90020E978FFF72BFE00281E
:10692000E3D0404600F060FDE9783F2806D9C8343E
:1069300040233A190020FFF745FED6E70020FFF775
:106940002DFED2E748190020FFFF0000F8B5040033
:10695000FFF72CF9002801D10020F8BDFFF72EF930
:106960000028F9D1A0000019C0000019C4002300BC
:10697000144E2433F718380000F018FD0028EBD02F
:1069800035190020A978FFF7F5FD0028E4D0B446BA
:106990000934FF34A444644640222100380000F04A
:1069A00087FDA9780300051E07D022000020FFF70D
:1069B00009FE0028D0D02800CFE70020FFF7EEFD29
:1069C000CAE7C0464819002070B584002418E400C6
:1069D0000C4B2418E400E418802305005B029A4263
:1069E00000D3094A200092B200F02AFE06002000DF
:1069F00000F0DCFC3F2801D8300070BD2800FFF714
:106A0000A5FFF9E76C190020FFFF0000830010B517
:106A10001B18DB001818034BC000C01800F0E4FC82
:106A200010BDC0466C190020A422F0B50025194CF9
:106A300083B0002120005200FCF706FC164B210019
:106A40001D70FF236371E1235B02A3602000082314
:106A50004022A37338310095073B103000F070FCE2
:106A600027000123210020002600402278310093D6
:106A7000B837243000F064FCC0363800FAF792FBD7
:106A80003000FAF78FFBE56127622663656303B088
:106A9000F0BDC04648190020D01F00200A4B196BDA
:106AA0001A6A00290CD0002A07D00022DA615A6342
:106AB0001A6300221A62012070475A631A63FAE7C8
:106AC000002AF8D0D961F4E74819002070B50522F2
:106AD00000210D48FCF7B8FB0C4D2B78DA0707D5E1
:106AE0000B4C9B070CD50121200000F07DFE70BDF2
:106AF0000548103000F058FE2B78054C9B07F2D467
:106B0000200000F051FEEEE748190020D01F0020C1
:106B10006C190020F0B5C64600B54B79070082B06D
:106B2000022B02D18B79022B05D00025280002B060
:106B300080BCB846F0BD224B98469B78002BF4D120
:106B400040468B78092503700C780C196378242B48
:106B500007D00CE02378E4185D196378ADB2242BDC
:106B600005D19542F6D94046FFF74CFEDEE71A0004
:106B7000052B15D0042AF6D163790A2BF3D1114BDA
:106B8000267801930133009338000223A119023AB9
:106B9000FFF78AFC0028C8D00E35AD19ADB2E2E788
:106BA00021003800FFF7CCFC0028BED04246A37875
:106BB000537023785D19E4186278ADB2DAE7C04605
:106BC000481900204A19002060238C4611001278D1
:106BD00070B513400022202B14D1314C4B79260084
:106BE0000D7924781B022B439C420BD14B78222B2E
:106BF0001DD009D8202B40D0212B03D16346012B77
:106C000035D00122100070BD232BFBD16346012B30
:106C100042D0032BF5D1234B002BF2D08B78C978CF
:106C200000200902194300E000BF0122EAE76346A1
:106C3000012B31D0032BE4D10125CB788A781B02BC
:106C400013431C001D403300012124331800694008
:106C5000347100F0C9FD144B002BD2D0012362081F
:106C60001A402900002000E000BF0122CAE70F4AB5
:106C70000723FFF7E5FC0122C4E76346012BF6D0AA
:106C8000032BBED10A4B002BBBD0310000200831B2
:106C9000FEF790FA0122B5E7FFF7BCFC0122B1E74D
:106CA00048190020000000000000000050190020DA
:106CB000B5510010F8B54746CE4680B5354C1F009B
:106CC000E37880460D008B423BD0A37800208B42B6
:106CD00011D0C0BCB946B046F8BD2F4B002B04D034
:106CE0002E4800F079FB002850D02000FFF78AFDE5
:106CF000A378AB420AD12A4B002B02D0002000E03F
:106D000000BF0020FFF722FE002801D00120E0E7AD
:106D1000244C200000F04AFB0028F7D1002FF5D0CA
:106D2000BB06F3D1243C4046A178FFF723FC0028A2
:106D3000ECD0002300224046A178FFF743FC01205D
:106D4000C7E72600C83631001448BAB200F078FC14
:106D5000154B002BC1D06379FF2BBED0002FBCD0C8
:106D6000BC46B444E14603E001364E45B5D06379F4
:106D700032789A42F8D1094800F02EFB0028F3D16E
:106D8000064B103B597900E000BFEDE700E000BF83
:106D9000ABE7C04648190020000000005819002049
:106DA000000000006C19002000000000B32270B544
:106DB000144C84B0002120009200FCF745FA231DFA
:106DC00002932300200080254026CD336D00FF3341
:106DD000A930009300220023002103960195FF3083
:106DE00000F0A4F9230020004433A83402930122C8
:106DF00000230021039601950094843000F096F959
:106E000004B070BD4C21002010B5054C200000F0EE
:106E1000C1F920002538FF3800F0BCF9012010BD71
:106E2000F422002010B5064C00232000B130FF30C2
:106E3000237000F0B9FC20008C3000F0B5FC10BDD0
:106E40004C210020F8B5CE46474680B54B798046A8
:106E50008946FF2B07D18523394FFE5CAA23FF33D8
:106E6000FB5C1E4304D00020C0BCB946B046F8BD50
:106E70008B780C783B700B790C19002B3CD0A51843
:106E800003E0AC4238D22378E4186378052BF8D1BC
:106E9000AC4231D221004046FFF752FB0028E2D03D
:106EA000A378DB09012B2BD0264800F07DFCAA2318
:106EB000A278FF33FA54637922791B021343D42159
:106EC000214A5B055B0D9B185A4253410220490041
:106ED0007A5C5B00824313437B541A49404608396D
:106EE00000F0C2F90028BED023780136E4184B46E2
:106EF0001B79F6B2B342C8D84B46E01A80B2B3E76A
:106F0000124800F051FC8523A2780D490220CA5492
:106F1000637922791B0213435B050B4A84215B0DC5
:106F20009B185A425341064A5B00525C824313430A
:106F3000034A002053540549083900F05FF9D3E7AC
:106F40004C210020FC22002000FEFFFFD821002061
:106F500070B51D00AA2304001F48FF33C35C8B4299
:106F600017D08523C05C884211D11C4B002B04D064
:106F700029040020090C00E000BF194B2000190073
:106F80001E0000F03BF9002816D0012000E0002090
:106F900070BDDA235B00C35A002B14D1114B002BB8
:106FA00004D000201049AAB200E000BF20000F4921
:106FB00000F05AF90120EBE72A003100200000F030
:106FC000EBF80120E4E7D6235B00C158B130AAB248
:106FD000FF3000F035FBE1E74C210020000000000D
:106FE000D02100200000000050210020F4220020C9
:106FF00010B50020FEF7EAFD10BDC04670B50400D4
:1070000023780800DB070E00DD0F002B16D1237854
:107010005B0701D5280070BD0121494200F090FDB9
:107020002378DB07DD0F002B0AD123785B0708D418
:107030000422237801251343237002E00025E9E7A9
:107040000025300000F04CFDE4E7C04670B50D00AF
:10705000012104004942280000F072FD23785B07FB
:10706000DE0F002B04DB280000F03AFD300070BD7D
:107070002378DB0704D40422237893432370F2E7B8
:107080000026F0E7437902791B021343C2785B05BF
:1070900092075B0D920F022A1AD0032A0BD0002010
:1070A000012A07D102394A425141104A89189942AE
:1070B0004041C0B2704702394A1E91410C4A4942D0
:1070C000114080220020D200891899424041F1E706
:1070D000022904D0002040229A424041EAE7054AB2
:1070E000981843425841C0B2E4E7C046FF0300008D
:1070F00040FCFFFF00FEFFFF8446881830B51C00EF
:10710000814206D24A78052A04D00A788918884232
:10711000F8D830BD7F228B781A4052006244DB09D8
:10712000D4540A7889188842ECD8F2E7F0B5C646FC
:1071300000B582B0904608AA20CA040016886A46A4
:107140000120978D0A0021780240814320001143DD
:1071500021703200009329000123083000F0F0F87C
:10716000002D01D0002E07D101200A9B67806360AB
:1071700002B080BCB846F0BD25001C352800FAF7E7
:1071800011F842460023002A01D02B00002563613C
:10719000A561E9E701207047F8B502240B780700E4
:1071A0001C4063425C410800124B64421C40124B7D
:1071B00008300D001600E41800F0F8F8002807D198
:1071C000002E05D0344203D101242B781C4201D07B
:1071D0000020F8BD38006978FFF7CCF90028F7D017
:1071E0002B781C42F4D10023002238006978FFF785
:1071F000E9F9EEE740FEFFFFFF01000008239C468F
:107200008C4470B5050060460C00664600F0CEF870
:10721000002803D0012223781A4201D0002070BD3B
:1072200028006178FFF7A6F90028F7D062883000BF
:10723000616800F03DF901222378134000280CD04A
:10724000002BEBD103006268617804002800FFF78F
:10725000B9F90028E2D02000E1E7002BDED12800B8
:107260006178FFF79BF9D9E7F0B5C64600B58A8982
:1072700006000C000B78002A06D101321A4240D0D9
:10728000002080BCB846F0BD9B0734D42B4B402572
:10729000984608239C46A4446046674600F0A4F83C
:1072A0008542EDD8012223781A42E9D13000617875
:1072B000FFF760F90028E3D0380000F095F80122CC
:1072C00023781340854232D8002BD9D141466288B9
:1072D0000140131C8A4200D90B1C9BB2002261782A
:1072E000002B00D0626830001C00FFF76BF900280B
:1072F000C6D02000C5E7FE2380251B029846AD00BE
:10730000C7E74978FFF736F90028B9D0012223787A
:107310001A42B5D1638800226178002B00D06268E0
:107320003000FFF74FF90028AAD06088A9E7002BAA
:10733000A6D130006178FFF731F9A1E7C0FF000066
:10734000F0B5C64600B598466B461E7E8023040005
:107350000F0015001B029A4226D8C068002803D0EF
:107360000121494200F0ECFB2069002803D00121F3
:10737000494200F0E5FB42465204F303520C13432A
:10738000E3800023E06863812760A58023810028D3
:1073900001D000F0A5FB2069002801D000F0A0FB7F
:1073A000012080BCB846F0BD0020FAE7038941897E
:1073B0009C4682889BB288B28C4507D31B1A9BB22D
:1073C000101C9A4200D9181C80B270475100091A4B
:1073D0005B189BB2F4E7C04603894089181A434200
:1073E0005841C0B27047C046038941899C46828893
:1073F0009BB288B28C4507D31B1A9BB200209A42DD
:1074000001D9D21A90B270475100091A5B189BB289
:10741000F4E7C04670B5040000690D00002803D0F1
:107420000121494200F08CFB238962899C4698B275
:1074300091B2A388944532D3421A92B2002A27D03F
:10744000934208D298422FD3C01A81B261818B42F5
:1074500003D8C91A89B28B42FBD9E2882368520447
:10746000520C514328005918FBF7F4FE618901259D
:107470004A1C92B2A38891420DD900225B00D21A15
:1074800020696281002801D000F02AFB280070BD2D
:107490000025628992B25B009A42F1DBEFE75A0065
:1074A000521A821892B2C9E7C01881B26181CEE740
:1074B000F0B54646D6464F46C0B5060000698A4636
:1074C000904682B0002803D00121494200F038FBE9
:1074D00031897289B5888BB294B2914255D31F1B02
:1074E000BFB2002F4BD0BD4205D2AB4252D25B1986
:1074F0009CB22F0074814346B8453ED89FB2A54246
:1075000003D8641BA4B2A542FBD9F28831685204A7
:10751000500C020062432B1B9BB2891801900200A1
:107520009F4225D943439BB21A0050469946FBF728
:1075300091FE5046019A7D1B6419544331684844BA
:10754000A2B2FBF787FE7189B588CB199BB26A009E
:10755000994216D99B1A30697381002801D000F036
:10756000BFFA380002B0E0BCBA46B146A846F0BD4A
:1075700050467A43FBF76EFEE5E73B1CBEE7738996
:107580009BB26A009342E6DBE4E76F003F1BDF1922
:10759000BFB2A6E75B1B9CB2ABE7C046F8B50400E0
:1075A000C0680F00002803D00121494200F0C8FA4A
:1075B000258920896189A288ADB283B28EB28842C2
:1075C00028D39B1B9BB29A4209D8E679F60906D1CB
:1075D000E068002801D000F083FA3000F8BD2B00ED
:1075E00095421CD39B1A9BB29342FBD2E28820683F
:1075F0005204520C53433900C018FBF72BFE6B1C8E
:107600009BB2A2889D4216D9002352009B1A0126E4
:107610002381DDE75100891B5B189BB2D3E7E28829
:1076200020685204520C53433900C018FBF712FE75
:107630000135A288ABB252009342E8DBE6E7C046D0
:10764000F0B54E464546DE465746E0B5894605004C
:10765000160083B0002A6BD0C068002803D0012137
:10766000494200F06DFA2F89EA79BBB298466B89DE
:10767000AF889BB2D2093DD1984562D27A00D31A25
:1076800043449BB2BB4261D2FB1A1A1C9BB2B34269
:1076900000D9321C96B2F31B01934346F3189BB2F8
:1076A0009B46EA884446B84503D3E41BA4B2BC42D7
:1076B000FBD252043B1B570C3A00624328689BB232
:1076C0008018B34256D33A0049467243FBF7C2FDD5
:1076D000AB885B00D84501D89B4502DB5A46D31ADC
:1076E0009B465B4637002B81E868002821D000F0DC
:1076F000F7F91EE0BE422BD298454CD34246D21A2F
:1077000092B27900F01B921901908A42C5DBDA1916
:1077100092B29346921B92B29046934240D943460E
:10772000591A8BB29846F3189BB29B46EA88B9E780
:107730000027380003B0F0BCBB46B246A946A046BD
:10774000F0BD4246D31A9BB2BB429DD30027CBE784
:10775000002FC9D0CC46EA88F61B5104490C71436E
:1077600098468C44D919002389B2E1468B463E00E5
:10777000019397E77B439BB21A0049469A46FBF771
:1077800069FD4946019B2868E2187A43514492B248
:10779000FBF760FD9CE77900CA1A424492B2B1E758
:1077A0009142BCDDC2E7C04610B50400C0680028A5
:1077B00003D00121494200F0C3F92069002803D019
:1077C0000121494200F0BCF90023E0686381238174
:1077D000002801D000F084F92069002801D000F0D1
:1077E0007FF9012010BDC04670B50400C0680D00CF
:1077F000002803D00121494200F0A2F920690028A5
:1078000003D00121494200F09BF97F21E279EB018D
:107810001140E0681943E171002801D000F060F9DF
:107820002069002801D000F05BF9012070BDC0463E
:1078300003BDC04610B50400FAF776FDA04710BDA1
:10784000F0B5C64600B5040086B00F200D00170045
:10785000F9F7E4F9002180460F20F9F7CDF900236C
:107860000093019301330293D023049505946E464F
:10787000002400250121022003971B06002C13D0B1
:107880001A6D1042FCD05C6540BF1A6D114203D1E5
:1078900020BF1A6D1142FBD09A6DA24209D000257B
:1078A000AA00B458EAE79A6D1A6D1142FBD140BFA5
:1078B000E6E70135062DF3D141460F20F9F79CF993
:1078C00006B080BCB846F0BD0E4B0F4A10B50400A0
:1078D000934211D30D4A99181A000D4880688446C6
:1078E0000A481450043013500A4B0B481350624698
:1078F0000A48FFF7A5FF10BD01235B421A000849A3
:10790000EBE7C0460008042000000420F407000054
:1079100000ED00E035780010FC0700003178001021
:10792000F307000010B5010000230022002000F042
:1079300077F810BD70B50500830716D102680E4BAD
:107940000E4CD318934323420FD142680A4B0430A4
:10795000D3189343234208D14268074B0430D3180D
:1079600093432342F1D000E001300378002BFBD198
:1079700000F01EF8280070BDFFFEFEFE80808080B3
:1079800070B5074C074D641BA41005D0013CA30043
:10799000EB589847002CF9D100F098F870BDC0461C
:1079A000D87B0010D87B00107047C0467047C04697
:1079B00003000A7801311A700133002AF9D17047A7
:1079C000030084469B070BD00300032102E0013330
:1079D0000B4206D01A78002AF9D16246981A7047ED
:1079E000030019680C4A0D488A188A4302420FD1D5
:1079F0005968094A04338A188A43024208D15968EF
:107A0000054A04338A188A430242F1D000E0013368
:107A10001A78002AFBD1E0E7FFFEFEFE808080801E
:107A2000F8B5CE464746204C050080B520681600C4
:107A300099468846FFF7B8FF1C4B1A68002A2BD0DE
:107A4000536820681F2B2ADC002D0CD1591C516073
:107A5000414602339B009950FFF7A8FF0020C0BCAD
:107A6000B946B046F8BD8824990051180E51160049
:107A7000873C9C408936FF36376827433760842629
:107A80004F4676008F51022DE0D115008D35FF3520
:107A9000296821432960D9E7054A1A60D0E7FFF732
:107AA00085FF01204042DAE730190020341E002013
:107AB000381E0020034B10B5002B02D00248FFF700
:107AC00031FF10BD0000000081790010F8B5C046FC
:107AD00001B40248844601BC604700BFC1020020D7
:107AE00001B40248844601BC604700BF2502002063
:107AF00001B40248844601BC604700BF050F002066
:107B000001B40248844601BC604700BFF90B002065
:107B100001B40248844601BC604700BFD10B00207D
:107B200001B40248844601BC604700BF050F002035
:107B300001B40248844601BC604700BFC100002078
:107B400001B40248844601BC604700BF990100208F
:107B500001B40248844601BC604700BF0101002017
:107B600001B40248844601BC604700BF850C002078
:107B700001B40248844601BC604700BF350C0020B8
:107B800001B40248844601BC604700BFD503002011
:107B9000512300107D230010C92400103932001039
:107BA0006D2B0010A5310010F12300109923001057
:107BB000B9230010CD23001055110010D52300105B
:107BC00015150010F1220010B10B0010B57A00104D
:087BD000FD0200105D560010DB
:107BD8000A496E666F726D6174696F6E000000000D
:107BE8000A2564000A547261636500000000000001
:107BF8000A547261636520696E6465783B25642068
:107C080054726163652072756E6E696E673A256499
:107C18000A000000253032583A20253034582025F3
:107C28006320253032582020200000000A25633ABE
:107C380020202025730000000A302D393A20456E97
:107C480074657220706172616D6574657220646913
:107C58006769740020202573000000000A25303869
:107C6800583A2000202530325800000025630000D3
:107C78000A456E74657220706172616D6574657213
:107C88003A2028455343206F72203C5245545552A0
:107C98004E3E20746F206578697429000A0A2854BA
:107CA80065787420506172616D657465723A272534
:107CB800732700000A28506172616D65746572202F
:107CC800307825303458203E000000000A5069639F
:107CD8006F20524F4D20456D756C61746F720000B6
:107CE8000A53657474696E67204750494F732E2E86
:107CF8002E00000053797374656D20636C6F636B9D
:107D0800206F66202575206B487A2063616E6E6F40
:107D1800742062652065786163746C79206163689A
:107D280069657665640000000A2020202020202054
:107D3800202020202020202020202020202020203B
:107D480020202020202020202020202A2A2A2A2AF9
:107D58002A2A2A2A2A2A2A2A2A2A2A2A2A2A2A2A7B
:107D68002A2A2A2A2A2A2A2A2A2A2A2A2A2A2A2A6B
:107D78002A2A2A2A2A2A2A000A20202020202020EB
:107D880020202020202020202020202020202020EB
:107D980020202020202020202020202A20202020D1
:107DA8002020202020202020205069636F2052505E
:107DB8004D20456D756C61746F7220202020202045
:107DC800202020202020202A00000000536572690E
:107DD800616C20636F6D6D616E642068656C700006
:107DE800426F6F7420746F206D6173732073746FAA
:107DF8007261676500000000496E666F726D61749C
:107E0800696F6E00547261636500000044756D709F
:107E1800207472616365000044756D702052414D95
:107E280000000000456E74657220706172616D65B6
:107E38007465722076616C75650000002A44696774
:107E4800697400000A2A2A2A2050414E4943202AF0
:107E58002A2A0A000A0000004E6F207370696E6CAF
:107E68006F636B732061726520617661696C616212
:107E78006C6500004E6F207573657220495251730E
:107E88002061726520617661696C61626C650000D1
:107E9800486172647761726520616C61726D20253A
:107EA8006420616C726561647920636C61696D65D9
:107EB8006400000048617264206173736572740025
:107EC80052656C6561736500626F6F74325F7732FB
:107ED8003571303830000000302E3100322E312E0E
:107EE800310000007069636F000000007069636F03
:107EF8002D726F6D2D656D0041756720313320320D
:107F080030323600666E692B00000000666E69002C
:107F18006E616E00666E692D000000005541525476
:107F280020737464696E0000554152542073746460
:107F38006F7574005541525420737464696E202F14
:107F4800207374646F7574005553422073746469A8
:107F58006E202F207374646F757400005261737003
:107F68006265727279205069000000005069636F81
:107F780000000000426F6172642043444300000027
:107F88005265736574000000556E68616E646C65B7
:107F9800642049525120307825780A0065702025E0
:107FA8003032582077617320616C72656164792082
:107FB800617661696C61626C6500000043616E27DF
:107FC8007420636F6E74696E7565207866657220BB
:107FD8006F6E20696E61637469766520657020250F
:107FE80030325800000000000100000002000000CC
:107FF8000300000004000000050000000600000067
:108008000700000008000000090000000A00000046
:108018000B0000000C0000000D0000000E00000026
:108028000F00000010000000110000001200000006
:1080380013000000140000001500000016000000E6
:108048001A00000006005250D3F07542C87E001096
:1080580006005250E182887FD07E00100600525000
:108068003ABCA911E07E001006005250ABB3605331
:10807800E47E001006005250BBFF3CB6EC7E0010B8
:1080880006005250861C0302F47E0010060052506F
:108098005422A29D007F001005005250DE65F4684E
:1080A800D09E0010AC3F0010643F0010643F0010E9
:1080B800A43F0010643F0010643F0010643F0010AC
:1080C800643F0010643F0010643F0010643F0010DC
:1080D8009C3F0010643F0010963F0010643F001062
:1080E800643F00108E3F0010A0410010BE3F0010FA
:1080F80094410010BE3F001082410010BE3F0010A6
:10810800BE3F0010BE3F0010BE3F0010BE3F001033
:10811800BE3F0010BE3F0010B43F0010BE3F00102D
:10812800BE3F0010BE3F0010BE3F0010BE3F001013
:10813800B43F001034420010223F0010223F0010CC
:10814800223F0010223F0010223F0010223F001063
:10815800223F0010223F0010223F0010223F001053
:10816800223F0010223F0010223F0010223F001043
:10817800223F0010223F0010223F0010223F001033
:10818800223F0010223F0010223F0010223F001023
:10819800223F0010223F0010223F0010223F001013
:1081A800223F0010223F0010223F0010223F001003
:1081B800223F0010B0410010EC410010B041001007
:1081C800223F0010223F0010223F0010223F0010E3
:1081D800223F0010223F0010223F0010223F0010D3
:1081E800223F0010223F0010223F0010223F0010C3
:1081F800223F0010223F0010223F0010223F0010B3
:10820800CC430010223F0010223F0010223F0010F4
:10821800223F0010223F0010223F0010223F001092
:10822800223F0010223F0010CC43001044420010AF
:10823800CC430010B0410010EC410010B0410010D8
:10824800000000000000F03F000000000000244093
:1082580000000000000059400000000000408F406E
:10826800000000000088C34000000000006AF840D9
:108278000000000080842E4100000000D0126341FD
:108288000000000084D797410000000065CDCD4173
:108298000D0A00000600525053B4F4A13C7F0010B0
:1082A80008005250120000000800525092100000BE
:1082B80000000000D950001000000000DD50001040
:1082C800E950001015510010115100100000000075
:1082D8000A00000000000306A600080002000200D1
:1082E8009C001400030057494E55534200000000FB
:1082F8000000000000008000040001002800440085
:108308006500760069006300650049006E0074002E
:108318006500720066006100630065004700550053
:108328004900440000004E007B00620063003700F3
:10833800330039003800630031002D003700330066
:10834800630064002D0034006300620037002D00D4
:1083580039003800620038002D0039003100330040
:108368006100380066006300610037006200660043
:1083780036007D0000000000050F2100011C1005DB
:1083880000DF60DDD88945C74C9CD2659D9E648A14
:108398009F00000306A600010000000006005250DE
:1083A80053B4F4A1507F001000000000647F001057
:1083B800747F0010102C00207C7F0010887F001034
:1083C80009025400030100807D080B00020202002C
:1083D8000009040000010202000405240020010530
:1083E8002401000104240206052406000107058172
:1083F8000308001009040100020A00000007050232
:108408000240000007058202400000090402000043
:10841800FF00010512011002EF0201408A2E0A0036
:108428000001010203010000D65C00103C5E001050
:108438008C5E0010145E0010265E0010045E0010B2
:10844800765D0010225D0010165D0010F6610010C8
:10845800DC610010AA5F001016620010AA5F00100D
:10846800C4610010B0610010AA5F00109C61001088
:10847800A4600010AA5F00108264001074640010E9
:1084880068640010AA5F0010AA5F00105264001010
:1084980074640010AA5F0010AA5F0010AA5F0010A1
:1084A800AA5F0010AA5F0010AA5F0010AA5F001060
:1084B8000A640010500D0020500D00209A0D002075
:1084C800BA0D0020000E0020120E0020480D0020DA
:1084D80000000000296A00109D6A0010CD6A001093
:1084E800156B0010C96B0010B56C0010000000007F
:1084F80000000000AD6D0010096E0010256E001020
:10850800456E001071510010516F001000000000FE
:10851800002020202020202020202828282828204B
:108528002020202020202020202020202020202043
:1085380020881010101010101010101010101010AB
:10854800100404040404040404040410101010109B
:108558001010414141414141010101010101010165
:1085680001010101010101010101010110101010B7
:108578001010424242424242020202020202020237
:10858800020202020202020202020202101010108B
:1085980020000000000000000000000000000000B3
:1085A80000000000000000000000000000000000C3
:1085B80000000000000000000000000000000000B3
:1085C80000000000000000000000000000000000A3
:1085D8000000000000000000000000000000000093
:1085E8000000000000000000000000000000000083
:1085F8000000000000000000000000000000000073
:108608000000000000000000000000000000000062
:04861800000000005E
:10861C004C80001058800010648000107080001096
:10862C007C8000108880001094800010A0800010C6
:10863C00B0820010A88200109C820010A48300104D
:10864C0003000068EFF3108C72B60268002AFCD0AD
:10865C00BFF35F8F04229A56002A0BDB002900D04F
:10866C000A6000201B68BFF35F8F00221A608CF336
:10867C0010887047D0221206126801201A71F1E797
:10868C00F0B5C646160000B504001F000268EFF3F3
:10869C00108172B61368002BFCD0BFF35F8F0423DC
:1086AC00E3562268002B2BDBBFF35F8F002010609A
:1086BC0081F31088D02212061278002552B290460F
:1086CC009A420ED1002080BCB846F0BDBFF35F8F3C
:1086DC00156081F310883000390000F0E5FE0028A9
:1086EC00F0D12268EFF3108172B61368002BFCD026
:1086FC00BFF35F8F237922687F2BE7D9434602E0D3
:10870C00D0231B061B682371BFF35F8F00231360FC
:10871C0081F310880120D6E7F0B5C64600B50F00EE
:10872C00040000F0C9FEFA220E00050000233800F8
:10873C000021920000F0A8FE4019714106000F1EA6
:10874C0002DA0126164F7642D0231B061B68002541
:10875C0098460AE0BFF35F8F156081F310883000F4
:10876C00390000F0A1FE002818D12268EFF3108127
:10877C0072B61368002BFCD0BFF35F8F237922688D
:10878C007F2BE7D943462371BFF35F8F0023136020
:10879C0081F31088012080BCB846F0BD0020FAE7B8
:1087AC00FFFFFF7F0268EFF3108172B61368002B96
:1087BC00FCD0BFF35F8FFF2303710368BFF35F8FA0
:1087CC0000221A6081F3108840BF7047084B9C460A
:1087DC001B78002B0BD18023064807495B051A68D0
:1087EC00C25004338B42FAD1012362461370704796
:1087FC00242C0020182400100001001010B5014B8F
:10880C00984710BD19240020034B1A68C0239B0005
:10881C009343024A136070470C8001400C90014056
:10882C00054B1A6880239B005340C02292001340D2
:10883C00024A13607047C0460C8001400C90014006
:10884C00F0B5D6464F4646460023C0B518271E0045
:10885C0081460D00988A3C493B88140098473B8818
:10886C0080463A49B08A9847002339490600988ACD
:10887C003B8898478246FFF7A9FFC047B047FFF7F0
:10888C00CFFF211E1CD00823C0209C464005163F5C
:10889C006246836A1A401F4230D0631A002922D1E3
:1088AC00002A0BD1002C0BD0C023082202265B051A
:1088BC009B6A1A401E4239D0002AF5D0002C27D1D1
:1088CC00FFF7A2FFD047FFF799FFE0BCBA46B146CD
:1088DC00A846F0BD002C2BD1C0225205966A082266
:1088EC003240B6072BD50D2B19D9002AF2D1C02254
:1088FC005205966A08223240B607F4D4002A04D1F5
:10890C000B002343002BC3D1DAE70B00002CF9D06A
:10891C00036E013C2B70230001350B43F2E74B46F1
:10892C001B780139036601239944E7E70021E5E749
:10893C00C0235B051B6E013C2B700135A8E70B00B7
:10894C00A242DFD1DCE7C046494600004558000092
:10895C00464300000022154B10B59A60DA601A618C
:10896C005A619A61DA611A625A629A62DA621A631D
:10897C005A639A63DA631A645A649A64DA641A65FD
:10898C005A659A65DA651A665A669A66DA661A67DD
:10899C005A679A67DA67F03292000021044800F0B7
:1089AC0093FD044B044A1A6010BDC04600001050E1
:1089BC00CC2500209829002080011050F0B54F469E
:1089CC004646D646C0B5224B00249F6D012686B084
:1089DC00002F1BD01F4B99461F4B9A4604E00134C5
:1089EC00E4B27600202C11D03E42F8D04B469E6566
:1089FC00012365086D00A343ED186D015544280053
:108A0C0000F034FC002807D1B743E8D106B0E0BC35
:108A1C00BA46B146A846F0BD03A98846EA8AAB78A7
:108A2C0002A80192002106220630009300F04CFDB2
:108A3C00E0234146DB00019A0B80009B40460B7102
:108A4C008A60012100F032FC280000F0ADFBDBE76E
:108A5C0000001150003011508C2500209823CB4A77
:108A6C00F0B5D55880232E009B02102485B01E40F3
:108A7C001D427AD0C64BC74C9A6AC74B00261A6067
:108A8C003B23E35C022B00D161E17B23E35C022BF3
:108A9C0000D105E1BB23E35C022B00D10CE1FB23ED
:108AAC00E35C022B00D113E13C23FF33E35C022B8C
:108ABC0000D13FE17C23FF33E35C022B00D120E1AA
:108ACC00BC23FF33E35C022B00D151E1FC23FF33C9
:108ADC00E35C022B00D107E1B04BE35C022B00D12D
:108AEC0084E1AF4BE35C022B00D117E1AD4BE35CAF
:108AFC00022B00D185E1AC4BE35C022B00D169E188
:108B0C00AA4BE35C022B00D1B0E1A94BE35C022B36
:108B1C0000D181E1A74BE35C022B00D1B1E1A64B64
:108B2C00E35C022B00D18FE1002E08D1A34B1B7804
:108B3C00002B04D18021A24A90338902D150934B4F
:108B4C000A229C6C6B460021981D00F0BDFCC023D2
:108B5C006A469B0064059380640D0121802601A860
:108B6C00029400F0A3FB974CB602EB0600D58BE009
:108B7C0080235B021D422ED00224864F1E43BB7EF7
:108B8C00002B14D000F0B0FC012800D980E0C022EA
:108B9C0000213800920100F00DFB380000F004FBBE
:108BAC0000F0A2FC012802D9854B5C661C660123EF
:108BBC00FB702037012C1FD1C023834ADB000193AB
:108BCC0002AB03CA03C3012101A800F06FFB802292
:108BDC007B4B92021A6580235B011D420ED18023D0
:108BEC00DB011D4226D180231B021D4238D1AE422F
:108BFC0000D0CDE105B0F0BD0124C0E700221E433A
:108C0C00624B1A60FFF7A6FE6B460A220021981DE4
:108C1C0000F05AFC80236A465B009380012101A876
:108C2C0000F044FB8022664B12031A658023DB01A3
:108C3C001D42D8D01E436B460A220021981D00F01D
:108C4C0043FC80236A46DB009380012101A800F0DD
:108C5C002DFB10225A4B1A6580231B021D42C6D0D5
:108C6C001E436B460A220021981D00F02DFCA02308
:108C7C006A46DB009380012101A800F017FB8022DB
:108C8C004F4B12011A65B2E7FFF798FE26006FE70B
:108C9C004E4B3E4A1C66536E2340A342FBD176E7F3
:108CAC007833E75C002F00D1F4E60233E25C002A53
:108CBC0000D00BE13E00EDE6B833E75C002F00D1AD
:108CCC00EDE60233E25C002A00D0F7E03E00E6E677
:108CDC00F833E75C002F00D1E6E60233E25C002AB1
:108CEC0000D03FE13E00DFE6F933FF33E75C002FB5
:108CFC0000D1F1E60233E25C002A00D029E13E000B
:108D0C00EAE67933FF33E75C002F00D1D8E6023373
:108D1C00E25C002A00D013E13E00D1E62C4BE75C6C
:108D2C00002F00D1E2E60233E25C002A00D0FFE023
:108D3C003E00DBE63933FF33E75C002F00D1B9E6A8
:108D4C000233E25C002A00D0E9E03E00B2E63833A0
:108D5C00E65C002E00D198E60233E25C002A00D1DA
:108D6C0093E6200000222030E25400F04BFA8CE60F
:108D7C00B933FF33E75C002F00D1A7E60233E25C86
:108D8C00002A00D0C2E03E00A0E6C0460000115010
:108D9C00004005408C250020842500203B0200006B
:108DAC007B020000BB020000FB0200003B03000042
:108DBC007B030000BB030000FB030000222C0020FF
:108DCC000030115010000200000010500020115013
:108DDC007A020000714BE75C002F00D190E6023361
:108DEC00E25C002A00D089E03E0089E66C4BE75C2F
:108DFC00002F00D175E60233E25C002A76D13E00EA
:108E0C006FE6684BE75C002F00D174E60233E25C3E
:108E1C00002A63D13E006EE6634BE75C002F00D165
:108E2C0078E60233E25C002A00D0A3E05F4BE35CFF
:108E3C00022B30D15E4BE35C002B27D15D4BE35C06
:108E4C00022B00D07BE63E005B4BE35C002B00D199
:108E5C006AE6FF239B00E25C002A00D16FE6002249
:108E6C00E2541C3BE01800F0CDF968E6534BE75C8C
:108E7C00002F00D149E60233E25C002A16D13E00F5
:108E8C0043E64B4BE35C002B00D148E6EF239B0001
:108E9C00E25C002A75D1474BE35C022B00D04EE616
:108EAC00454BE35C002B00D149E6D2E70022E254AB
:108EBC001C3BE01800F0A6F93E0026E6200000223C
:108ECC00A030E2543E0000F09DF9E8E520000022BD
:108EDC006030E2543E0000F095F9DBE50022E254EC
:108EEC001C3BE01800F08EF93E0004E60022E25430
:108EFC001C3BE01800F086F93E00F2E50022E2543B
:108F0C001C3BE01800F07EF93E00F9E52000002241
:108F1C00A130FF30E2543E0000F074F9D6E5200099
:108F2C0000222130FF30E2543E0000F06BF9C1E525
:108F3C000022E2541C3BE01800F064F93E00D5E539
:108F4C00200000226130FF30E2543E0000F05AF95C
:108F5C00B6E520000022E130FF30E2543E0000F084
:108F6C0051F9B9E520000022E030E2543E0000F057
:108F7C0049F999E50022E2541C3BE01800F042F953
:108F8C0054E70022E2541C3BE01800F03BF982E766
:108F9C0031000B48694000F07FFAC046FA0200002D
:108FAC003A020000BA0200007A030000BB03000082
:108FBC00BA030000FB030000FA0300003A030000B0
:108FCC00907F0010F0B58C46838A018B020083B031
:108FDC000E1C994200D91E1CB6B29B1B9CB2D378B6
:108FEC0080211800451EA841C900314340030843A5
:108FFC0001214B40D37053789482002B32D11169EC
:10900C00002E2AD06346D4689B01E418731E01938A
:10901C00062B32D923000B439B072ED1631A013B3D
:10902C00022B2AD90023B708BF00CD58E5500433D2
:10903C00BB42FAD19E420ED0019DE418EF1ACD1816
:10904C00C95C21700199994205D06B786370012F2E
:10905C0001D0AB78A3701169948A802389191B0203
:10906C0011611843002C02D18023DB0118436346A5
:10907C00002B00D0000403B0F0BD0023CD5CE55400
:10908C0001339E42FAD1E6E78368F0B51A680029ED
:10909C0000D0120C43789205950D002B09D1C38A90
:1090AC00EB18C382038BAB4201D9002383822800C7
:1090BC00F0BD0469002D28D0C36889016F1EBC4621
:1090CC005E18062F27D901315B18E31A022B22D91F
:1090DC00230033439B071ED10023120E9200F1583C
:1090EC00E15004339A42FAD195420DD063469F1A4F
:1090FC00A318B45CB1181C70944505D04A785A700A
:10910C00012F01D08A789A700469C38A6419EB180C
:10911C00C3820461C6E70022B35CA35401329542BA
:10912C00FAD10469F1E7C04610B504008368002148
:10913C001B68FFF7A9FF63681B685B0002D5238BD4
:10914C00834200D010BD01212000FFF79DFFF9E7FD
:10915C00084B1A6C0023920703D48278D209012A97
:10916C0001D018007047C37E023B5A425341DBB218
:10917C00F7E7C0460000115010B5FFF7E9FF0028D3
:10918C000AD0064B064A9B6A064912685B189B1A62
:10919C000020C6229A42404110BDC0460040054006
:1091AC0084250020E0FCFFFF0023837643610361EC
:1091BC007047C04610B58368002901D01C68214057
:1091CC00002A12D08024E400114322420DD01A68E8
:1091DC0022420CD1084A0A401A60084A126C9207C3
:1091EC0003D40C23033BFDD28368196010BD817836
:1091FC00034800F051F9C046FFFBFFFF000011507F
:10920C00A47F0010436870B50021802504001E68FF
:10921C00FFF7D8FE124B6D011A6C0543A378920729
:10922C000ED55B060ED00F4B1E4080239B0533439F
:10923C0062680021136020002A00FFF7BBFF70BD9D
:10924C00DB09F0D0A38A002BEDD001212000FFF721
:10925C00B9FEA023044ADB05324005431343E7E77C
:10926C0000001150FFFFFFAFFFFFFFDF70B5857EE1
:10927C000400002D14D0FFF757FFA38A002B01D157
:10928C00280070BD2000FFF777FF002803D00123D2
:10929C0000252377F4E72000FFF7B4FF0025EFE764
:1092AC008178014800F0F8F8C47F0010F0B547460B
:1092BC00CE4680B5437805000F0085B0062B07D845
:1092CC00694A9B00D3589F46684A13780133137040
:1092DC00674B1C686269EFF3108172B61368002B40
:1092EC00FCD0BFF35F8FA1612000290000F0F4F8DF
:1092FC006269A369BFF35F8F0021116083F310884B
:10930C00002804D105B0C0BCB946B046F0BD3A0047
:10931C006978287800F0F0F8F4E70121554B1A78B9
:10932C008A431A701A7801318A431A7000225A70D3
:10933C001A7802318A431A70CAE74F494F4B884654
:10934C004F491E001A7800240023894612E04B4630
:10935C001B6861015B18002B06D0DB69002B03D066
:10936C0069682878984732780134E4B2511C23009C
:10937C00A14217DBA242EAD89B1A5B014344ECE7FB
:10938C003C4B1A78D207BDD504211A780A431A70BF
:10939C009EE7384B1A78D207B4D504211A788A4341
:1093AC001A7095E7334A1378904611005B0728D55D
:1093BC001378042201AC93430B7020000021083277
:1093CC0000F082F82B78237005236370284B1B6800
:1093DC0018005A69EFF3108172B61368002BFCD099
:1093EC00BFF35F8F06008161210000F075F8726990
:1093FC00B369BFF35F8F0021116083F310880028DD
:10940C002CD14346DB78DB0700D47BE72B7801AC0F
:10941C002370032363706B686360154B1D686A6966
:10942C00EFF3108172B61368002BFCD0BFF35F8F83
:10943C00A9612800210000F04FF86A69AB69BFF3FD
:10944C005F8F0021116083F31088002800D159E749
:10945C003A006178207800F04FF853E73A006178D1
:10946C00207800F049F8CCE7BC840010232C0020B5
:10947C008820002030200020D8840010212C0020CF
:10948C00CC1F00207047C04601B40248844601BC82
:10949C00604700BF7131001001B40248844601BC22
:1094AC00604700BF550A001001B40248844601BC55
:1094BC00604700BFF517001001B40248844601BC98
:1094CC00604700BF1919001001B40248844601BC62
:1094DC00604700BF4932001001B40248844601BC09
:1094EC00604700BF9D75001001B40248844601BC62
:1094FC00604700BF490A001001B40248844601BC11
:10950C00604700BF8D5B00103F000000D47D001051
:10951C00FD04001021000000E87D0010550600102D
:10952C0069000000007E0010490400107400000067
:10953C000C7E00102103001075000000147E00103A
:10954C007104001061000000207E00106106001004
:10955C007A0000002C7E00104D0700103000000037
:10956C00447E00105904001031000000447E0010AD
:10957C005904001032000000447E00105904001001
:10958C0033000000447E0010590400103400000029
:10959C00447E00105904001035000000447E001079
:1095AC005904001036000000447E001059040010CD
:1095BC0037000000447E00105904001038000000F1
:1095CC00447E00105904001039000000447E001045
:1095DC0059040010A94DA2009D0002E8A9499D0064
:1095EC0002E8A9439D0002E8A9529D0002E8A94F98
:1095FC009D0002E8A9549D0002E8A9559D0002E8CF
:10960C00A9549D0002E8A94F9D0002E8A9529D00B3
:10961C0002E84C3EF84C41F84C44F8FFFFFFFFFFCA
:10962C00FFFFFFFFFFFFFFFFFFFFFFFFFFFFFFFF3E
:10963C00FFFFFFFFFFFFFFFFFFFFFFFFFFFFFFFF2E
:10964C00FFFFFFFFFFFFFFFFFFFFFFFFFFFFFFFF1E
:10965C00FFFFFFFFFFFFFFFFFFFFFFFFFFFFFFFF0E
:10966C00FFFFFFFFFFFFFFFFFFFFFFFFFFFFFFFFFE
:10967C00FFFFFFFFFFFFFFFFFFFFFFFFFFFFFFFFEE
:10968C00FFFFFFFFFFFFFFFFFFFFFFFFFFFFFFFFDE
:10969C00FFFFFFFFFFFFFFFFFFFFFFFFFFFFFFFFCE
:1096AC00FFFFFFFFFFFFFFFFFFFFFFFFFFFFFFFFBE
:1096BC00FFFFFFFFFFFFFFFFFFFFFFFFFFFFFFFFAE
:1096CC00FFFFFFFFFFFFFFFFFFFFFFFFFFFFFFFF9E
:1096DC00FFFFFFFFFFFFFFFFFFFFFFFFFFFFFFFF8E
:1096EC00FFFFFFFFFFFFFFFFFFFFFFFFFFFFFFFF7E
:1096FC00FFFFFFFFFFFFFFFFFFFFFFFFFFFFFFFF6E
:10970C00FFFFFFFFFFFFFFFFFFFFFFFFFFFFFFFF5D
:10971C00FFFFFFFFFFFFFFFFFFFFFFFFFFFFFFFF4D
:10972C00FFFFFFFFFFFFFFFFFFFFFFFFFFFFFFFF3D
:10973C00FFFFFFFFFFFFFFFFFFFFFFFFFFFFFFFF2D
:10974C00FFFFFFFFFFFFFFFFFFFFFFFFFFFFFFFF1D
:10975C00FFFFFFFFFFFFFFFFFFFFFFFFFFFFFFFF0D
:10976C00FFFFFFFFFFFFFFFFFFFFFFFFFFFFFFFFFD
:10977C00FFFFFFFFFFFFFFFFFFFFFFFFFFFFFFFFED
:10978C00FFFFFFFFFFFFFFFFFFFFFFFFFFFFFFFFDD
:10979C00FFFFFFFFFFFFFFFFFFFFFFFFFFFFFFFFCD
:1097AC00FFFFFFFFFFFFFFFFFFFFFFFFFFFFFFFFBD
:1097BC00FFFFFFFFFFFFFFFFFFFFFFFFFFFFFFFFAD
:1097CC00FFFFFFFFFFFFFFFFFFFFFFFFFFFFFFFF9D
:1097DC00FFFFFFFFFFFFFFFFFFFFFFFFFFFFFFFF8D
:1097EC00FFFFFFFFFFFFFFFFFFFFFFFFFFFFFFFF7D
:1097FC00FFFFFFFFFFFFFFFFFFFFFFFFFFFFFFFF6D
:10980C00FFFFFFFFFFFFFFFFFFFFFFFFFFFFFFFF5C
:10981C00FFFFFFFFFFFFFFFFFFFFFFFFFFFFFFFF4C
:10982C00FFFFFFFFFFFFFFFFFFFFFFFFFFFFFFFF3C
:10983C00FFFFFFFFFFFFFFFFFFFFFFFFFFFFFFFF2C
:10984C00FFFFFFFFFFFFFFFFFFFFFFFFFFFFFFFF1C
:10985C00FFFFFFFFFFFFFFFFFFFFFFFFFFFFFFFF0C
:10986C00FFFFFFFFFFFFFFFFFFFFFFFFFFFFFFFFFC
:10987C00FFFFFFFFFFFFFFFFFFFFFFFFFFFFFFFFEC
:10988C00FFFFFFFFFFFFFFFFFFFFFFFFFFFFFFFFDC
:10989C00FFFFFFFFFFFFFFFFFFFFFFFFFFFFFFFFCC
:1098AC00FFFFFFFFFFFFFFFFFFFFFFFFFFFFFFFFBC
:1098BC00FFFFFFFFFFFFFFFFFFFFFFFFFFFFFFFFAC
:1098CC00FFFFFFFFFFFFFFFFFFFFFFFFFFFFFFFF9C
:1098DC00FFFFFFFFFFFFFFFFFFFFFFFFFFFFFFFF8C
:1098EC00FFFFFFFFFFFFFFFFFFFFFFFFFFFFFFFF7C
:1098FC00FFFFFFFFFFFFFFFFFFFFFFFFFFFFFFFF6C
:10990C00FFFFFFFFFFFFFFFFFFFFFFFFFFFFFFFF5B
:10991C00FFFFFFFFFFFFFFFFFFFFFFFFFFFFFFFF4B
:10992C00FFFFFFFFFFFFFFFFFFFFFFFFFFFFFFFF3B
:10993C00FFFFFFFFFFFFFFFFFFFFFFFFFFFFFFFF2B
:10994C00FFFFFFFFFFFFFFFFFFFFFFFFFFFFFFFF1B
:10995C00FFFFFFFFFFFFFFFFFFFFFFFFFFFFFFFF0B
:10996C00FFFFFFFFFFFFFFFFFFFFFFFFFFFFFFFFFB
:10997C00FFFFFFFFFFFFFFFFFFFFFFFFFFFFFFFFEB
:10998C00FFFFFFFFFFFFFFFFFFFFFFFFFFFFFFFFDB
:10999C00FFFFFFFFFFFFFFFFFFFFFFFFFFFFFFFFCB
:1099AC00FFFFFFFFFFFFFFFFFFFFFFFFFFFFFFFFBB
:1099BC00FFFFFFFFFFFFFFFFFFFFFFFFFFFFFFFFAB
:1099CC00FFFFFFFFFFFFFFFFFFFFFFFFFFFFFFFF9B
:1099DC00FFFFFFFFFFFFFFFFFFFFFFFFFFFFFFFF8B
:1099EC00FFFFFFFFFFFFFFFFFFFFFFFFFFFFFFFF7B
:1099FC00FFFFFFFFFFFFFFFFFFFFFFFFFFFFFFFF6B
:109A0C00FFFFFFFFFFFFFFFFFFFFFFFFFFFFFFFF5A
:109A1C00FFFFFFFFFFFFFFFFFFFFFFFFFFFFFFFF4A
:109A2C00FFFFFFFFFFFFFFFFFFFFFFFFFFFFFFFF3A
:109A3C00FFFFFFFFFFFFFFFFFFFFFFFFFFFFFFFF2A
:109A4C00FFFFFFFFFFFFFFFFFFFFFFFFFFFFFFFF1A
:109A5C00FFFFFFFFFFFFFFFFFFFFFFFFFFFFFFFF0A
:109A6C00FFFFFFFFFFFFFFFFFFFFFFFFFFFFFFFFFA
:109A7C00FFFFFFFFFFFFFFFFFFFFFFFFFFFFFFFFEA
:109A8C00FFFFFFFFFFFFFFFFFFFFFFFFFFFFFFFFDA
:109A9C00FFFFFFFFFFFFFFFFFFFFFFFFFFFFFFFFCA
:109AAC00FFFFFFFFFFFFFFFFFFFFFFFFFFFFFFFFBA
:109ABC00FFFFFFFFFFFFFFFFFFFFFFFFFFFFFFFFAA
:109ACC00FFFFFFFFFFFFFFFFFFFFFFFFFFFFFFFF9A
:109ADC00FFFFFFFFFFFFFFFFFFFFFFFFFFFFFFFF8A
:109AEC00FFFFFFFFFFFFFFFFFFFFFFFFFFFFFFFF7A
:109AFC00FFFFFFFFFFFFFFFFFFFFFFFFFFFFFFFF6A
:109B0C00FFFFFFFFFFFFFFFFFFFFFFFFFFFFFFFF59
:109B1C00FFFFFFFFFFFFFFFFFFFFFFFFFFFFFFFF49
:109B2C00FFFFFFFFFFFFFFFFFFFFFFFFFFFFFFFF39
:109B3C00FFFFFFFFFFFFFFFFFFFFFFFFFFFFFFFF29
:109B4C00FFFFFFFFFFFFFFFFFFFFFFFFFFFFFFFF19
:109B5C00FFFFFFFFFFFFFFFFFFFFFFFFFFFFFFFF09
:109B6C00FFFFFFFFFFFFFFFFFFFFFFFFFFFFFFFFF9
:109B7C00FFFFFFFFFFFFFFFFFFFFFFFFFFFFFFFFE9
:109B8C00FFFFFFFFFFFFFFFFFFFFFFFFFFFFFFFFD9
:109B9C00FFFFFFFFFFFFFFFFFFFFFFFFFFFFFFFFC9
:109BAC00FFFFFFFFFFFFFFFFFFFFFFFFFFFFFFFFB9
:109BBC00FFFFFFFFFFFFFFFFFFFFFFFFFFFFFFFFA9
:109BCC00FFFFFFFFFFFFFFFFFFFFFFFFFFFFFFFF99
:109BDC00FFFFFFFFFFFFFFFFFFFFFFFFFFFFFFFF89
:109BEC00FFFFFFFFFFFFFFFFFFFFFFFFFFFFFFFF79
:109BFC00FFFFFFFFFFFFFFFFFFFFFFFFFFFFFFFF69
:109C0C00FFFFFFFFFFFFFFFFFFFFFFFFFFFFFFFF58
:109C1C00FFFFFFFFFFFFFFFFFFFFFFFFFFFFFFFF48
:109C2C00FFFFFFFFFFFFFFFFFFFFFFFFFFFFFFFF38
:109C3C00FFFFFFFFFFFFFFFFFFFFFFFFFFFFFFFF28
:109C4C00FFFFFFFFFFFFFFFFFFFFFFFFFFFFFFFF18
:109C5C00FFFFFFFFFFFFFFFFFFFFFFFFFFFFFFFF08
:109C6C00FFFFFFFFFFFFFFFFFFFFFFFFFFFFFFFFF8
:109C7C00FFFFFFFFFFFFFFFFFFFFFFFFFFFFFFFFE8
:109C8C00FFFFFFFFFFFFFFFFFFFFFFFFFFFFFFFFD8
:109C9C00FFFFFFFFFFFFFFFFFFFFFFFFFFFFFFFFC8
:109CAC00FFFFFFFFFFFFFFFFFFFFFFFFFFFFFFFFB8
:109CBC00FFFFFFFFFFFFFFFFFFFFFFFFFFFFFFFFA8
:109CCC00FFFFFFFFFFFFFFFFFFFFFFFFFFFFFFFF98
:109CDC00FFFFFFFFFFFFFFFFFFFFFFFFFFFFFFFF88
:109CEC00FFFFFFFFFFFFFFFFFFFFFFFFFFFFFFFF78
:109CFC00FFFFFFFFFFFFFFFFFFFFFFFFFFFFFFFF68
:109D0C00FFFFFFFFFFFFFFFFFFFFFFFFFFFFFFFF57
:109D1C00FFFFFFFFFFFFFFFFFFFFFFFFFFFFFFFF47
:109D2C00FFFFFFFFFFFFFFFFFFFFFFFFFFFFFFFF37
:109D3C00FFFFFFFFFFFFFFFFFFFFFFFFFFFFFFFF27
:109D4C00FFFFFFFFFFFFFFFFFFFFFFFFFFFFFFFF17
:109D5C00FFFFFFFFFFFFFFFFFFFFFFFFFFFFFFFF07
:109D6C00FFFFFFFFFFFFFFFFFFFFFFFFFFFFFFFFF7
:109D7C00FFFFFFFFFFFFFFFFFFFFFFFFFFFFFFFFE7
:109D8C00FFFFFFFFFFFFFFFFFFFFFFFFFFFFFFFFD7
:109D9C00FFFFFFFFFFFFFFFFFFFFFFFFFFFFFFFFC7
:109DAC00FFFFFFFFFFFFFFFFFFFFFFFFFFFFFFFFB7
:109DBC00FFFFFFFFFFFFFFFFFFFFFFFFFFFFFFFFA7
:109DCC00FFFFFFFFFFFFFFFFFFFFFFFFFFFF41F85C
:109DDC0000F844F810000000000000000000010032
:109DEC000000000000000000000002000000000065
:109DFC000000000000000300000000000000000054
:109E0C000000FF000000000001B5486801318E46DB
:109E1C000047704609380149884701BD6910001098
:109E2C000000000000000000000000000000000026
:109E3C0000000000901A002000000000000000004C
:109E4C00503300004C3300005433000052330000F8
:109E5C004D5300004D4300005334000043340000C8
:109E6C00F14E0010F14F00103D4F00100550001046
:109E7C00000000000001000041530010F5520010DA
:109E8C0069520010E15100100000000000010000B8
:109E9C008C20002010000C000000000000000000CE
:109EAC00000000000000000000000000FF000000A7
:109EBC00C81F00200000000000000000000000008F
:049ECC000000000092
:04000005100001E9FD
:00000001FF
