
/home/menadue/tree/github/pico-rom-emulator/code/build/pico-rom-em.elf:     file format elf32-littlearm

Sections:
Idx Name          Size      VMA       LMA       File off  Algn
  0 .boot2        00000100  10000000  10000000  00001000  2**0
                  CONTENTS, ALLOC, LOAD, READONLY, CODE
  1 .text         00007a30  10000100  10000100  00001100  2**3
                  CONTENTS, ALLOC, LOAD, READONLY, CODE
  2 .rodata       00000a44  10007b30  10007b30  00008b30  2**3
                  CONTENTS, ALLOC, LOAD, READONLY, DATA
  3 .binary_info  00000030  10008574  10008574  00009574  2**2
                  CONTENTS, ALLOC, LOAD, READONLY, DATA
  4 .ram_vector_table 000000c0  20000000  20000000  0000c000  2**2
                  ALLOC
  5 .uninitialized_data 00000000  200000c0  200000c0  0000b944  2**0
                  CONTENTS
  6 .data         00001884  200000c0  100085a4  0000a0c0  2**4
                  CONTENTS, ALLOC, LOAD, READONLY, CODE
  7 .tdata        00000000  20001944  20001944  0000b944  2**0
                  CONTENTS, ALLOC, LOAD, DATA, THREAD_LOCAL
  8 .tbss         00000000  20001944  20001944  00000000  2**0
                  ALLOC, THREAD_LOCAL
  9 .bss          000012e4  20001948  10009e28  0000b948  2**3
                  ALLOC
 10 .heap         00000800  20002c2c  20002c2c  0000b944  2**2
                  CONTENTS, READONLY
 11 .scratch_x    00000000  20040000  20040000  0000c144  2**0
                  CONTENTS
 12 .scratch_y    00000000  20041000  20041000  0000c144  2**0
                  CONTENTS
 13 .stack1_dummy 00000800  20040000  20040000  0000c000  2**2
                  ALLOC
 14 .stack_dummy  00000800  20041000  20041000  0000c160  2**5
                  CONTENTS, READONLY
 15 .ARM.attributes 00000028  00000000  00000000  0000c960  2**0
                  CONTENTS, READONLY
 16 .comment      00000046  00000000  00000000  0000c988  2**0
                  CONTENTS, READONLY
 17 .debug_info   00036837  00000000  00000000  0000c9ce  2**0
                  CONTENTS, READONLY, DEBUGGING, OCTETS
 18 .debug_abbrev 0000a0ed  00000000  00000000  00043205  2**0
                  CONTENTS, READONLY, DEBUGGING, OCTETS
 19 .debug_loclists 0001c3d8  00000000  00000000  0004d2f2  2**0
                  CONTENTS, READONLY, DEBUGGING, OCTETS
 20 .debug_aranges 000019c8  00000000  00000000  000696d0  2**3
                  CONTENTS, READONLY, DEBUGGING, OCTETS
 21 .debug_rnglists 00004d9e  00000000  00000000  0006b098  2**0
                  CONTENTS, READONLY, DEBUGGING, OCTETS
 22 .debug_line   000267e8  00000000  00000000  0006fe36  2**0
                  CONTENTS, READONLY, DEBUGGING, OCTETS
 23 .debug_str    000098d5  00000000  00000000  0009661e  2**0
                  CONTENTS, READONLY, DEBUGGING, OCTETS
 24 .debug_frame  00003554  00000000  00000000  0009fef4  2**2
                  CONTENTS, READONLY, DEBUGGING, OCTETS
 25 .debug_line_str 00000334  00000000  00000000  000a3448  2**0
                  CONTENTS, READONLY, DEBUGGING, OCTETS

/home/menadue/tree/github/pico-rom-emulator/code/build/pico-rom-em.elf:     file format elf32-littlearm


Disassembly of section .boot2:

10000000 <__boot2_start__>:
10000000:	4b32b500 	.word	0x4b32b500
10000004:	60582021 	.word	0x60582021
10000008:	21026898 	.word	0x21026898
1000000c:	60984388 	.word	0x60984388
10000010:	611860d8 	.word	0x611860d8
10000014:	4b2e6158 	.word	0x4b2e6158
10000018:	60992100 	.word	0x60992100
1000001c:	61592102 	.word	0x61592102
10000020:	22f02101 	.word	0x22f02101
10000024:	492b5099 	.word	0x492b5099
10000028:	21016019 	.word	0x21016019
1000002c:	20356099 	.word	0x20356099
10000030:	f844f000 	.word	0xf844f000
10000034:	42902202 	.word	0x42902202
10000038:	2106d014 	.word	0x2106d014
1000003c:	f0006619 	.word	0xf0006619
10000040:	6e19f834 	.word	0x6e19f834
10000044:	66192101 	.word	0x66192101
10000048:	66182000 	.word	0x66182000
1000004c:	f000661a 	.word	0xf000661a
10000050:	6e19f82c 	.word	0x6e19f82c
10000054:	6e196e19 	.word	0x6e196e19
10000058:	f0002005 	.word	0xf0002005
1000005c:	2101f82f 	.word	0x2101f82f
10000060:	d1f94208 	.word	0xd1f94208
10000064:	60992100 	.word	0x60992100
10000068:	6019491b 	.word	0x6019491b
1000006c:	60592100 	.word	0x60592100
10000070:	481b491a 	.word	0x481b491a
10000074:	21016001 	.word	0x21016001
10000078:	21eb6099 	.word	0x21eb6099
1000007c:	21a06619 	.word	0x21a06619
10000080:	f0006619 	.word	0xf0006619
10000084:	2100f812 	.word	0x2100f812
10000088:	49166099 	.word	0x49166099
1000008c:	60014814 	.word	0x60014814
10000090:	60992101 	.word	0x60992101
10000094:	2800bc01 	.word	0x2800bc01
10000098:	4700d000 	.word	0x4700d000
1000009c:	49134812 	.word	0x49134812
100000a0:	c8036008 	.word	0xc8036008
100000a4:	8808f380 	.word	0x8808f380
100000a8:	b5034708 	.word	0xb5034708
100000ac:	20046a99 	.word	0x20046a99
100000b0:	d0fb4201 	.word	0xd0fb4201
100000b4:	42012001 	.word	0x42012001
100000b8:	bd03d1f8 	.word	0xbd03d1f8
100000bc:	6618b502 	.word	0x6618b502
100000c0:	f7ff6618 	.word	0xf7ff6618
100000c4:	6e18fff2 	.word	0x6e18fff2
100000c8:	bd026e18 	.word	0xbd026e18
100000cc:	40020000 	.word	0x40020000
100000d0:	18000000 	.word	0x18000000
100000d4:	00070000 	.word	0x00070000
100000d8:	005f0300 	.word	0x005f0300
100000dc:	00002221 	.word	0x00002221
100000e0:	180000f4 	.word	0x180000f4
100000e4:	a0002022 	.word	0xa0002022
100000e8:	10000100 	.word	0x10000100
100000ec:	e000ed08 	.word	0xe000ed08
	...
100000fc:	7a4eb274 	.word	0x7a4eb274

Disassembly of section .text:

10000100 <__VECTOR_TABLE>:
10000100:	20042000 	.word	0x20042000
10000104:	100001f7 	.word	0x100001f7
10000108:	100001c3 	.word	0x100001c3
1000010c:	100001c5 	.word	0x100001c5
10000110:	100001c1 	.word	0x100001c1
10000114:	100001c1 	.word	0x100001c1
10000118:	100001c1 	.word	0x100001c1
1000011c:	100001c1 	.word	0x100001c1
10000120:	100001c1 	.word	0x100001c1
10000124:	100001c1 	.word	0x100001c1
10000128:	100001c1 	.word	0x100001c1
1000012c:	100001c7 	.word	0x100001c7
10000130:	100001c1 	.word	0x100001c1
10000134:	100001c1 	.word	0x100001c1
10000138:	100001c9 	.word	0x100001c9
1000013c:	100001cb 	.word	0x100001cb
10000140:	100001cd 	.word	0x100001cd
10000144:	100001cd 	.word	0x100001cd
10000148:	100001cd 	.word	0x100001cd
1000014c:	100001cd 	.word	0x100001cd
10000150:	100001cd 	.word	0x100001cd
10000154:	100001cd 	.word	0x100001cd
10000158:	100001cd 	.word	0x100001cd
1000015c:	100001cd 	.word	0x100001cd
10000160:	100001cd 	.word	0x100001cd
10000164:	100001cd 	.word	0x100001cd
10000168:	100001cd 	.word	0x100001cd
1000016c:	100001cd 	.word	0x100001cd
10000170:	100001cd 	.word	0x100001cd
10000174:	100001cd 	.word	0x100001cd
10000178:	100001cd 	.word	0x100001cd
1000017c:	100001cd 	.word	0x100001cd
10000180:	100001cd 	.word	0x100001cd
10000184:	100001cd 	.word	0x100001cd
10000188:	100001cd 	.word	0x100001cd
1000018c:	100001cd 	.word	0x100001cd
10000190:	100001cd 	.word	0x100001cd
10000194:	100001cd 	.word	0x100001cd
10000198:	100001cd 	.word	0x100001cd
1000019c:	100001cd 	.word	0x100001cd
100001a0:	100001cd 	.word	0x100001cd
100001a4:	100001cd 	.word	0x100001cd
100001a8:	100001cd 	.word	0x100001cd
100001ac:	100001cd 	.word	0x100001cd
100001b0:	100001cd 	.word	0x100001cd
100001b4:	100001cd 	.word	0x100001cd
100001b8:	100001cd 	.word	0x100001cd
100001bc:	100001cd 	.word	0x100001cd

100001c0 <isr_invalid>:
100001c0:	be00      	bkpt	0x0000

100001c2 <isr_nmi>:
100001c2:	be00      	bkpt	0x0000

100001c4 <isr_hardfault>:
100001c4:	be00      	bkpt	0x0000

100001c6 <isr_svcall>:
100001c6:	be00      	bkpt	0x0000

100001c8 <isr_pendsv>:
100001c8:	be00      	bkpt	0x0000

100001ca <isr_systick>:
100001ca:	be00      	bkpt	0x0000

100001cc <__unhandled_user_irq>:
100001cc:	f3ef 8005 	mrs	r0, IPSR
100001d0:	3810      	subs	r0, #16

100001d2 <unhandled_user_irq_num_in_r0>:
100001d2:	be00      	bkpt	0x0000

100001d4 <binary_info_header>:
100001d4:	7188ebf2 	.word	0x7188ebf2
100001d8:	10008574 	.word	0x10008574
100001dc:	100085a4 	.word	0x100085a4
100001e0:	10000238 	.word	0x10000238
100001e4:	e71aa390 	.word	0xe71aa390

100001e8 <_entry_point>:
100001e8:	481e      	ldr	r0, [pc, #120]	@ (10000264 <data_cpy_table+0x2c>)

100001ea <_enter_vtable_in_r0>:
100001ea:	491f      	ldr	r1, [pc, #124]	@ (10000268 <data_cpy_table+0x30>)
100001ec:	6008      	str	r0, [r1, #0]
100001ee:	c806      	ldmia	r0!, {r1, r2}
100001f0:	f381 8808 	msr	MSP, r1
100001f4:	4710      	bx	r2

100001f6 <_reset_handler>:
100001f6:	481d      	ldr	r0, [pc, #116]	@ (1000026c <data_cpy_table+0x34>)
100001f8:	6800      	ldr	r0, [r0, #0]
100001fa:	2800      	cmp	r0, #0
100001fc:	d001      	beq.n	10000202 <hold_non_core0_in_bootrom+0x4>

100001fe <hold_non_core0_in_bootrom>:
100001fe:	4819      	ldr	r0, [pc, #100]	@ (10000264 <data_cpy_table+0x2c>)
10000200:	e7f3      	b.n	100001ea <_enter_vtable_in_r0>
10000202:	a40d      	add	r4, pc, #52	@ (adr r4, 10000238 <data_cpy_table>)
10000204:	cc0e      	ldmia	r4!, {r1, r2, r3}
10000206:	2900      	cmp	r1, #0
10000208:	d002      	beq.n	10000210 <hold_non_core0_in_bootrom+0x12>
1000020a:	f000 f812 	bl	10000232 <data_cpy>
1000020e:	e7f9      	b.n	10000204 <hold_non_core0_in_bootrom+0x6>
10000210:	4917      	ldr	r1, [pc, #92]	@ (10000270 <data_cpy_table+0x38>)
10000212:	4a18      	ldr	r2, [pc, #96]	@ (10000274 <data_cpy_table+0x3c>)
10000214:	2000      	movs	r0, #0
10000216:	e000      	b.n	1000021a <bss_fill_test>

10000218 <bss_fill_loop>:
10000218:	c101      	stmia	r1!, {r0}

1000021a <bss_fill_test>:
1000021a:	4291      	cmp	r1, r2
1000021c:	d1fc      	bne.n	10000218 <bss_fill_loop>

1000021e <platform_entry>:
1000021e:	4916      	ldr	r1, [pc, #88]	@ (10000278 <data_cpy_table+0x40>)
10000220:	4788      	blx	r1
10000222:	4916      	ldr	r1, [pc, #88]	@ (1000027c <data_cpy_table+0x44>)
10000224:	4788      	blx	r1
10000226:	4916      	ldr	r1, [pc, #88]	@ (10000280 <data_cpy_table+0x48>)
10000228:	4788      	blx	r1
1000022a:	be00      	bkpt	0x0000
1000022c:	e7fd      	b.n	1000022a <platform_entry+0xc>

1000022e <data_cpy_loop>:
1000022e:	c901      	ldmia	r1!, {r0}
10000230:	c201      	stmia	r2!, {r0}

10000232 <data_cpy>:
10000232:	429a      	cmp	r2, r3
10000234:	d3fb      	bcc.n	1000022e <data_cpy_loop>
10000236:	4770      	bx	lr

10000238 <data_cpy_table>:
10000238:	100085a4 	.word	0x100085a4
1000023c:	200000c0 	.word	0x200000c0
10000240:	20001944 	.word	0x20001944
10000244:	10009e28 	.word	0x10009e28
10000248:	20040000 	.word	0x20040000
1000024c:	20040000 	.word	0x20040000
10000250:	10009e28 	.word	0x10009e28
10000254:	20041000 	.word	0x20041000
10000258:	20041000 	.word	0x20041000
1000025c:	00000000 	.word	0x00000000
10000260:	4770      	bx	lr
10000262:	0000      	.short	0x0000
10000264:	00000000 	.word	0x00000000
10000268:	e000ed08 	.word	0xe000ed08
1000026c:	d0000000 	.word	0xd0000000
10000270:	20001944 	.word	0x20001944
10000274:	20002c2c 	.word	0x20002c2c
10000278:	10004971 	.word	0x10004971
1000027c:	10000725 	.word	0x10000725
10000280:	10004969 	.word	0x10004969

10000284 <_init>:
10000284:	b5f8      	push	{r3, r4, r5, r6, r7, lr}
10000286:	46c0      	nop			@ (mov r8, r8)

10000288 <deregister_tm_clones>:
10000288:	4804      	ldr	r0, [pc, #16]	@ (1000029c <deregister_tm_clones+0x14>)
1000028a:	4b05      	ldr	r3, [pc, #20]	@ (100002a0 <deregister_tm_clones+0x18>)
1000028c:	b510      	push	{r4, lr}
1000028e:	4283      	cmp	r3, r0
10000290:	d003      	beq.n	1000029a <deregister_tm_clones+0x12>
10000292:	4b04      	ldr	r3, [pc, #16]	@ (100002a4 <deregister_tm_clones+0x1c>)
10000294:	2b00      	cmp	r3, #0
10000296:	d000      	beq.n	1000029a <deregister_tm_clones+0x12>
10000298:	4798      	blx	r3
1000029a:	bd10      	pop	{r4, pc}
1000029c:	20001944 	.word	0x20001944
100002a0:	20001944 	.word	0x20001944
100002a4:	00000000 	.word	0x00000000

100002a8 <register_tm_clones>:
100002a8:	4806      	ldr	r0, [pc, #24]	@ (100002c4 <register_tm_clones+0x1c>)
100002aa:	4907      	ldr	r1, [pc, #28]	@ (100002c8 <register_tm_clones+0x20>)
100002ac:	1a09      	subs	r1, r1, r0
100002ae:	108b      	asrs	r3, r1, #2
100002b0:	0fc9      	lsrs	r1, r1, #31
100002b2:	18c9      	adds	r1, r1, r3
100002b4:	b510      	push	{r4, lr}
100002b6:	1049      	asrs	r1, r1, #1
100002b8:	d003      	beq.n	100002c2 <register_tm_clones+0x1a>
100002ba:	4b04      	ldr	r3, [pc, #16]	@ (100002cc <register_tm_clones+0x24>)
100002bc:	2b00      	cmp	r3, #0
100002be:	d000      	beq.n	100002c2 <register_tm_clones+0x1a>
100002c0:	4798      	blx	r3
100002c2:	bd10      	pop	{r4, pc}
100002c4:	20001944 	.word	0x20001944
100002c8:	20001944 	.word	0x20001944
100002cc:	00000000 	.word	0x00000000

100002d0 <__do_global_dtors_aux>:
100002d0:	b510      	push	{r4, lr}
100002d2:	4c07      	ldr	r4, [pc, #28]	@ (100002f0 <__do_global_dtors_aux+0x20>)
100002d4:	7823      	ldrb	r3, [r4, #0]
100002d6:	2b00      	cmp	r3, #0
100002d8:	d109      	bne.n	100002ee <__do_global_dtors_aux+0x1e>
100002da:	f7ff ffd5 	bl	10000288 <deregister_tm_clones>
100002de:	4b05      	ldr	r3, [pc, #20]	@ (100002f4 <__do_global_dtors_aux+0x24>)
100002e0:	2b00      	cmp	r3, #0
100002e2:	d002      	beq.n	100002ea <__do_global_dtors_aux+0x1a>
100002e4:	4804      	ldr	r0, [pc, #16]	@ (100002f8 <__do_global_dtors_aux+0x28>)
100002e6:	e000      	b.n	100002ea <__do_global_dtors_aux+0x1a>
100002e8:	bf00      	nop
100002ea:	2301      	movs	r3, #1
100002ec:	7023      	strb	r3, [r4, #0]
100002ee:	bd10      	pop	{r4, pc}
100002f0:	20001e18 	.word	0x20001e18
100002f4:	00000000 	.word	0x00000000
100002f8:	10007b30 	.word	0x10007b30

100002fc <frame_dummy>:
100002fc:	4b05      	ldr	r3, [pc, #20]	@ (10000314 <frame_dummy+0x18>)
100002fe:	b510      	push	{r4, lr}
10000300:	2b00      	cmp	r3, #0
10000302:	d003      	beq.n	1000030c <frame_dummy+0x10>
10000304:	4904      	ldr	r1, [pc, #16]	@ (10000318 <frame_dummy+0x1c>)
10000306:	4805      	ldr	r0, [pc, #20]	@ (1000031c <frame_dummy+0x20>)
10000308:	e000      	b.n	1000030c <frame_dummy+0x10>
1000030a:	bf00      	nop
1000030c:	f7ff ffcc 	bl	100002a8 <register_tm_clones>
10000310:	bd10      	pop	{r4, pc}
10000312:	46c0      	nop			@ (mov r8, r8)
10000314:	00000000 	.word	0x00000000
10000318:	20001e1c 	.word	0x20001e1c
1000031c:	10007b30 	.word	0x10007b30

10000320 <cli_trace_addresses>:
10000320:	2200      	movs	r2, #0
10000322:	4b03      	ldr	r3, [pc, #12]	@ (10000330 <cli_trace_addresses+0x10>)
10000324:	601a      	str	r2, [r3, #0]
10000326:	4b03      	ldr	r3, [pc, #12]	@ (10000334 <cli_trace_addresses+0x14>)
10000328:	3201      	adds	r2, #1
1000032a:	601a      	str	r2, [r3, #0]
1000032c:	4770      	bx	lr
1000032e:	46c0      	nop			@ (mov r8, r8)
10000330:	20002b00 	.word	0x20002b00
10000334:	20002b04 	.word	0x20002b04

10000338 <rom_emulate>:
10000338:	2001      	movs	r0, #1
1000033a:	b570      	push	{r4, r5, r6, lr}
1000033c:	2100      	movs	r1, #0
1000033e:	4240      	negs	r0, r0
10000340:	f000 fc22 	bl	10000b88 <irq_set_mask_enabled>
10000344:	22d0      	movs	r2, #208	@ 0xd0
10000346:	2080      	movs	r0, #128	@ 0x80
10000348:	21c0      	movs	r1, #192	@ 0xc0
1000034a:	4c12      	ldr	r4, [pc, #72]	@ (10000394 <rom_emulate+0x5c>)
1000034c:	4d12      	ldr	r5, [pc, #72]	@ (10000398 <rom_emulate+0x60>)
1000034e:	0612      	lsls	r2, r2, #24
10000350:	04c0      	lsls	r0, r0, #19
10000352:	0549      	lsls	r1, r1, #21
10000354:	6150      	str	r0, [r2, #20]
10000356:	6853      	ldr	r3, [r2, #4]
10000358:	420b      	tst	r3, r1
1000035a:	d1fb      	bne.n	10000354 <rom_emulate+0x1c>
1000035c:	035b      	lsls	r3, r3, #13
1000035e:	6190      	str	r0, [r2, #24]
10000360:	0d5b      	lsrs	r3, r3, #21
10000362:	5ce3      	ldrb	r3, [r4, r3]
10000364:	b2db      	uxtb	r3, r3
10000366:	6153      	str	r3, [r2, #20]
10000368:	43db      	mvns	r3, r3
1000036a:	b2db      	uxtb	r3, r3
1000036c:	6193      	str	r3, [r2, #24]
1000036e:	682b      	ldr	r3, [r5, #0]
10000370:	3301      	adds	r3, #1
10000372:	602b      	str	r3, [r5, #0]
10000374:	6853      	ldr	r3, [r2, #4]
10000376:	420b      	tst	r3, r1
10000378:	d10a      	bne.n	10000390 <rom_emulate+0x58>
1000037a:	035b      	lsls	r3, r3, #13
1000037c:	0d5b      	lsrs	r3, r3, #21
1000037e:	5ce3      	ldrb	r3, [r4, r3]
10000380:	b2db      	uxtb	r3, r3
10000382:	6153      	str	r3, [r2, #20]
10000384:	43db      	mvns	r3, r3
10000386:	b2db      	uxtb	r3, r3
10000388:	6193      	str	r3, [r2, #24]
1000038a:	6853      	ldr	r3, [r2, #4]
1000038c:	420b      	tst	r3, r1
1000038e:	d0f4      	beq.n	1000037a <rom_emulate+0x42>
10000390:	6150      	str	r0, [r2, #20]
10000392:	e7df      	b.n	10000354 <rom_emulate+0x1c>
10000394:	20001054 	.word	0x20001054
10000398:	2000299c 	.word	0x2000299c

1000039c <cli_information>:
1000039c:	b510      	push	{r4, lr}
1000039e:	4802      	ldr	r0, [pc, #8]	@ (100003a8 <cli_information+0xc>)
100003a0:	f004 fd44 	bl	10004e2c <__wrap_printf>
100003a4:	bd10      	pop	{r4, pc}
100003a6:	46c0      	nop			@ (mov r8, r8)
100003a8:	10007b30 	.word	0x10007b30

100003ac <cli_digit>:
100003ac:	b510      	push	{r4, lr}
100003ae:	4b03      	ldr	r3, [pc, #12]	@ (100003bc <cli_digit+0x10>)
100003b0:	4803      	ldr	r0, [pc, #12]	@ (100003c0 <cli_digit+0x14>)
100003b2:	6819      	ldr	r1, [r3, #0]
100003b4:	f004 fd3a 	bl	10004e2c <__wrap_printf>
100003b8:	bd10      	pop	{r4, pc}
100003ba:	46c0      	nop			@ (mov r8, r8)
100003bc:	2000298c 	.word	0x2000298c
100003c0:	10007b40 	.word	0x10007b40

100003c4 <cli_dump_trace>:
100003c4:	b5f0      	push	{r4, r5, r6, r7, lr}
100003c6:	46ce      	mov	lr, r9
100003c8:	4647      	mov	r7, r8
100003ca:	b580      	push	{r7, lr}
100003cc:	4818      	ldr	r0, [pc, #96]	@ (10000430 <cli_dump_trace+0x6c>)
100003ce:	b083      	sub	sp, #12
100003d0:	f004 fcaa 	bl	10004d28 <__wrap_puts>
100003d4:	4b17      	ldr	r3, [pc, #92]	@ (10000434 <cli_dump_trace+0x70>)
100003d6:	4818      	ldr	r0, [pc, #96]	@ (10000438 <cli_dump_trace+0x74>)
100003d8:	6819      	ldr	r1, [r3, #0]
100003da:	4b18      	ldr	r3, [pc, #96]	@ (1000043c <cli_dump_trace+0x78>)
100003dc:	2580      	movs	r5, #128	@ 0x80
100003de:	681a      	ldr	r2, [r3, #0]
100003e0:	f004 fd24 	bl	10004e2c <__wrap_printf>
100003e4:	4b16      	ldr	r3, [pc, #88]	@ (10000440 <cli_dump_trace+0x7c>)
100003e6:	4f17      	ldr	r7, [pc, #92]	@ (10000444 <cli_dump_trace+0x80>)
100003e8:	4699      	mov	r9, r3
100003ea:	4b17      	ldr	r3, [pc, #92]	@ (10000448 <cli_dump_trace+0x84>)
100003ec:	4e17      	ldr	r6, [pc, #92]	@ (1000044c <cli_dump_trace+0x88>)
100003ee:	4698      	mov	r8, r3
100003f0:	200a      	movs	r0, #10
100003f2:	002c      	movs	r4, r5
100003f4:	f004 fc4e 	bl	10004c94 <__wrap_putchar>
100003f8:	3c80      	subs	r4, #128	@ 0x80
100003fa:	464a      	mov	r2, r9
100003fc:	0063      	lsls	r3, r4, #1
100003fe:	5ad2      	ldrh	r2, [r2, r3]
10000400:	4643      	mov	r3, r8
10000402:	5d1b      	ldrb	r3, [r3, r4]
10000404:	5d39      	ldrb	r1, [r7, r4]
10000406:	0030      	movs	r0, r6
10000408:	9100      	str	r1, [sp, #0]
1000040a:	b292      	uxth	r2, r2
1000040c:	0021      	movs	r1, r4
1000040e:	b2db      	uxtb	r3, r3
10000410:	3420      	adds	r4, #32
10000412:	f004 fd0b 	bl	10004e2c <__wrap_printf>
10000416:	42ac      	cmp	r4, r5
10000418:	d1ef      	bne.n	100003fa <cli_dump_trace+0x36>
1000041a:	1c65      	adds	r5, r4, #1
1000041c:	2c9f      	cmp	r4, #159	@ 0x9f
1000041e:	d1e7      	bne.n	100003f0 <cli_dump_trace+0x2c>
10000420:	200a      	movs	r0, #10
10000422:	f004 fc37 	bl	10004c94 <__wrap_putchar>
10000426:	b003      	add	sp, #12
10000428:	bcc0      	pop	{r6, r7}
1000042a:	46b9      	mov	r9, r7
1000042c:	46b0      	mov	r8, r6
1000042e:	bdf0      	pop	{r4, r5, r6, r7, pc}
10000430:	10007b44 	.word	0x10007b44
10000434:	20002b00 	.word	0x20002b00
10000438:	10007b50 	.word	0x10007b50
1000043c:	20002b04 	.word	0x20002b04
10000440:	20002a00 	.word	0x20002a00
10000444:	20002b88 	.word	0x20002b88
10000448:	20002b08 	.word	0x20002b08
1000044c:	10007b74 	.word	0x10007b74

10000450 <serial_help>:
10000450:	b510      	push	{r4, lr}
10000452:	200a      	movs	r0, #10
10000454:	f004 fc1e 	bl	10004c94 <__wrap_putchar>
10000458:	4c50      	ldr	r4, [pc, #320]	@ (1000059c <serial_help+0x14c>)
1000045a:	6862      	ldr	r2, [r4, #4]
1000045c:	7813      	ldrb	r3, [r2, #0]
1000045e:	2b2a      	cmp	r3, #42	@ 0x2a
10000460:	d003      	beq.n	1000046a <serial_help+0x1a>
10000462:	7821      	ldrb	r1, [r4, #0]
10000464:	484e      	ldr	r0, [pc, #312]	@ (100005a0 <serial_help+0x150>)
10000466:	f004 fce1 	bl	10004e2c <__wrap_printf>
1000046a:	6922      	ldr	r2, [r4, #16]
1000046c:	7813      	ldrb	r3, [r2, #0]
1000046e:	2b2a      	cmp	r3, #42	@ 0x2a
10000470:	d003      	beq.n	1000047a <serial_help+0x2a>
10000472:	7b21      	ldrb	r1, [r4, #12]
10000474:	484a      	ldr	r0, [pc, #296]	@ (100005a0 <serial_help+0x150>)
10000476:	f004 fcd9 	bl	10004e2c <__wrap_printf>
1000047a:	69e2      	ldr	r2, [r4, #28]
1000047c:	7813      	ldrb	r3, [r2, #0]
1000047e:	2b2a      	cmp	r3, #42	@ 0x2a
10000480:	d003      	beq.n	1000048a <serial_help+0x3a>
10000482:	7e21      	ldrb	r1, [r4, #24]
10000484:	4846      	ldr	r0, [pc, #280]	@ (100005a0 <serial_help+0x150>)
10000486:	f004 fcd1 	bl	10004e2c <__wrap_printf>
1000048a:	6aa2      	ldr	r2, [r4, #40]	@ 0x28
1000048c:	7813      	ldrb	r3, [r2, #0]
1000048e:	2b2a      	cmp	r3, #42	@ 0x2a
10000490:	d004      	beq.n	1000049c <serial_help+0x4c>
10000492:	2324      	movs	r3, #36	@ 0x24
10000494:	4842      	ldr	r0, [pc, #264]	@ (100005a0 <serial_help+0x150>)
10000496:	5ce1      	ldrb	r1, [r4, r3]
10000498:	f004 fcc8 	bl	10004e2c <__wrap_printf>
1000049c:	6b62      	ldr	r2, [r4, #52]	@ 0x34
1000049e:	7813      	ldrb	r3, [r2, #0]
100004a0:	2b2a      	cmp	r3, #42	@ 0x2a
100004a2:	d004      	beq.n	100004ae <serial_help+0x5e>
100004a4:	2330      	movs	r3, #48	@ 0x30
100004a6:	483e      	ldr	r0, [pc, #248]	@ (100005a0 <serial_help+0x150>)
100004a8:	5ce1      	ldrb	r1, [r4, r3]
100004aa:	f004 fcbf 	bl	10004e2c <__wrap_printf>
100004ae:	6c22      	ldr	r2, [r4, #64]	@ 0x40
100004b0:	7813      	ldrb	r3, [r2, #0]
100004b2:	2b2a      	cmp	r3, #42	@ 0x2a
100004b4:	d004      	beq.n	100004c0 <serial_help+0x70>
100004b6:	233c      	movs	r3, #60	@ 0x3c
100004b8:	4839      	ldr	r0, [pc, #228]	@ (100005a0 <serial_help+0x150>)
100004ba:	5ce1      	ldrb	r1, [r4, r3]
100004bc:	f004 fcb6 	bl	10004e2c <__wrap_printf>
100004c0:	6ce2      	ldr	r2, [r4, #76]	@ 0x4c
100004c2:	7813      	ldrb	r3, [r2, #0]
100004c4:	2b2a      	cmp	r3, #42	@ 0x2a
100004c6:	d004      	beq.n	100004d2 <serial_help+0x82>
100004c8:	2348      	movs	r3, #72	@ 0x48
100004ca:	4835      	ldr	r0, [pc, #212]	@ (100005a0 <serial_help+0x150>)
100004cc:	5ce1      	ldrb	r1, [r4, r3]
100004ce:	f004 fcad 	bl	10004e2c <__wrap_printf>
100004d2:	6da2      	ldr	r2, [r4, #88]	@ 0x58
100004d4:	7813      	ldrb	r3, [r2, #0]
100004d6:	2b2a      	cmp	r3, #42	@ 0x2a
100004d8:	d004      	beq.n	100004e4 <serial_help+0x94>
100004da:	2354      	movs	r3, #84	@ 0x54
100004dc:	4830      	ldr	r0, [pc, #192]	@ (100005a0 <serial_help+0x150>)
100004de:	5ce1      	ldrb	r1, [r4, r3]
100004e0:	f004 fca4 	bl	10004e2c <__wrap_printf>
100004e4:	6e62      	ldr	r2, [r4, #100]	@ 0x64
100004e6:	7813      	ldrb	r3, [r2, #0]
100004e8:	2b2a      	cmp	r3, #42	@ 0x2a
100004ea:	d004      	beq.n	100004f6 <serial_help+0xa6>
100004ec:	2360      	movs	r3, #96	@ 0x60
100004ee:	482c      	ldr	r0, [pc, #176]	@ (100005a0 <serial_help+0x150>)
100004f0:	5ce1      	ldrb	r1, [r4, r3]
100004f2:	f004 fc9b 	bl	10004e2c <__wrap_printf>
100004f6:	6f22      	ldr	r2, [r4, #112]	@ 0x70
100004f8:	7813      	ldrb	r3, [r2, #0]
100004fa:	2b2a      	cmp	r3, #42	@ 0x2a
100004fc:	d004      	beq.n	10000508 <serial_help+0xb8>
100004fe:	236c      	movs	r3, #108	@ 0x6c
10000500:	4827      	ldr	r0, [pc, #156]	@ (100005a0 <serial_help+0x150>)
10000502:	5ce1      	ldrb	r1, [r4, r3]
10000504:	f004 fc92 	bl	10004e2c <__wrap_printf>
10000508:	6fe2      	ldr	r2, [r4, #124]	@ 0x7c
1000050a:	7813      	ldrb	r3, [r2, #0]
1000050c:	2b2a      	cmp	r3, #42	@ 0x2a
1000050e:	d004      	beq.n	1000051a <serial_help+0xca>
10000510:	2378      	movs	r3, #120	@ 0x78
10000512:	4823      	ldr	r0, [pc, #140]	@ (100005a0 <serial_help+0x150>)
10000514:	5ce1      	ldrb	r1, [r4, r3]
10000516:	f004 fc89 	bl	10004e2c <__wrap_printf>
1000051a:	2388      	movs	r3, #136	@ 0x88
1000051c:	58e2      	ldr	r2, [r4, r3]
1000051e:	7813      	ldrb	r3, [r2, #0]
10000520:	2b2a      	cmp	r3, #42	@ 0x2a
10000522:	d004      	beq.n	1000052e <serial_help+0xde>
10000524:	2384      	movs	r3, #132	@ 0x84
10000526:	481e      	ldr	r0, [pc, #120]	@ (100005a0 <serial_help+0x150>)
10000528:	5ce1      	ldrb	r1, [r4, r3]
1000052a:	f004 fc7f 	bl	10004e2c <__wrap_printf>
1000052e:	2394      	movs	r3, #148	@ 0x94
10000530:	58e2      	ldr	r2, [r4, r3]
10000532:	7813      	ldrb	r3, [r2, #0]
10000534:	2b2a      	cmp	r3, #42	@ 0x2a
10000536:	d004      	beq.n	10000542 <serial_help+0xf2>
10000538:	2390      	movs	r3, #144	@ 0x90
1000053a:	4819      	ldr	r0, [pc, #100]	@ (100005a0 <serial_help+0x150>)
1000053c:	5ce1      	ldrb	r1, [r4, r3]
1000053e:	f004 fc75 	bl	10004e2c <__wrap_printf>
10000542:	23a0      	movs	r3, #160	@ 0xa0
10000544:	58e2      	ldr	r2, [r4, r3]
10000546:	7813      	ldrb	r3, [r2, #0]
10000548:	2b2a      	cmp	r3, #42	@ 0x2a
1000054a:	d004      	beq.n	10000556 <serial_help+0x106>
1000054c:	239c      	movs	r3, #156	@ 0x9c
1000054e:	4814      	ldr	r0, [pc, #80]	@ (100005a0 <serial_help+0x150>)
10000550:	5ce1      	ldrb	r1, [r4, r3]
10000552:	f004 fc6b 	bl	10004e2c <__wrap_printf>
10000556:	23ac      	movs	r3, #172	@ 0xac
10000558:	58e2      	ldr	r2, [r4, r3]
1000055a:	7813      	ldrb	r3, [r2, #0]
1000055c:	2b2a      	cmp	r3, #42	@ 0x2a
1000055e:	d004      	beq.n	1000056a <serial_help+0x11a>
10000560:	23a8      	movs	r3, #168	@ 0xa8
10000562:	480f      	ldr	r0, [pc, #60]	@ (100005a0 <serial_help+0x150>)
10000564:	5ce1      	ldrb	r1, [r4, r3]
10000566:	f004 fc61 	bl	10004e2c <__wrap_printf>
1000056a:	23b8      	movs	r3, #184	@ 0xb8
1000056c:	58e2      	ldr	r2, [r4, r3]
1000056e:	7813      	ldrb	r3, [r2, #0]
10000570:	2b2a      	cmp	r3, #42	@ 0x2a
10000572:	d004      	beq.n	1000057e <serial_help+0x12e>
10000574:	23b4      	movs	r3, #180	@ 0xb4
10000576:	480a      	ldr	r0, [pc, #40]	@ (100005a0 <serial_help+0x150>)
10000578:	5ce1      	ldrb	r1, [r4, r3]
1000057a:	f004 fc57 	bl	10004e2c <__wrap_printf>
1000057e:	23c4      	movs	r3, #196	@ 0xc4
10000580:	58e2      	ldr	r2, [r4, r3]
10000582:	7813      	ldrb	r3, [r2, #0]
10000584:	2b2a      	cmp	r3, #42	@ 0x2a
10000586:	d004      	beq.n	10000592 <serial_help+0x142>
10000588:	23c0      	movs	r3, #192	@ 0xc0
1000058a:	4805      	ldr	r0, [pc, #20]	@ (100005a0 <serial_help+0x150>)
1000058c:	5ce1      	ldrb	r1, [r4, r3]
1000058e:	f004 fc4d 	bl	10004e2c <__wrap_printf>
10000592:	4804      	ldr	r0, [pc, #16]	@ (100005a4 <serial_help+0x154>)
10000594:	f004 fc4a 	bl	10004e2c <__wrap_printf>
10000598:	bd10      	pop	{r4, pc}
1000059a:	46c0      	nop			@ (mov r8, r8)
1000059c:	20000f88 	.word	0x20000f88
100005a0:	10007b8c 	.word	0x10007b8c
100005a4:	10007b98 	.word	0x10007b98

100005a8 <cli_boot_mass>:
100005a8:	2100      	movs	r1, #0
100005aa:	2000      	movs	r0, #0
100005ac:	b510      	push	{r4, lr}
100005ae:	f001 fe15 	bl	100021dc <rom_reset_usb_boot>
100005b2:	46c0      	nop			@ (mov r8, r8)

100005b4 <cli_dump_ram>:
100005b4:	b5f0      	push	{r4, r5, r6, r7, lr}
100005b6:	46de      	mov	lr, fp
100005b8:	4657      	mov	r7, sl
100005ba:	464e      	mov	r6, r9
100005bc:	4645      	mov	r5, r8
100005be:	b5e0      	push	{r5, r6, r7, lr}
100005c0:	4f30      	ldr	r7, [pc, #192]	@ (10000684 <cli_dump_ram+0xd0>)
100005c2:	b093      	sub	sp, #76	@ 0x4c
100005c4:	683b      	ldr	r3, [r7, #0]
100005c6:	200a      	movs	r0, #10
100005c8:	17da      	asrs	r2, r3, #31
100005ca:	0c12      	lsrs	r2, r2, #16
100005cc:	189b      	adds	r3, r3, r2
100005ce:	041b      	lsls	r3, r3, #16
100005d0:	0c1b      	lsrs	r3, r3, #16
100005d2:	1a9b      	subs	r3, r3, r2
100005d4:	603b      	str	r3, [r7, #0]
100005d6:	f004 fb5d 	bl	10004c94 <__wrap_putchar>
100005da:	2300      	movs	r3, #0
100005dc:	ae04      	add	r6, sp, #16
100005de:	7033      	strb	r3, [r6, #0]
100005e0:	2380      	movs	r3, #128	@ 0x80
100005e2:	683c      	ldr	r4, [r7, #0]
100005e4:	009b      	lsls	r3, r3, #2
100005e6:	18e3      	adds	r3, r4, r3
100005e8:	429c      	cmp	r4, r3
100005ea:	d23c      	bcs.n	10000666 <cli_dump_ram+0xb2>
100005ec:	4b26      	ldr	r3, [pc, #152]	@ (10000688 <cli_dump_ram+0xd4>)
100005ee:	469a      	mov	sl, r3
100005f0:	4b26      	ldr	r3, [pc, #152]	@ (1000068c <cli_dump_ram+0xd8>)
100005f2:	4699      	mov	r9, r3
100005f4:	4b26      	ldr	r3, [pc, #152]	@ (10000690 <cli_dump_ram+0xdc>)
100005f6:	4698      	mov	r8, r3
100005f8:	4b26      	ldr	r3, [pc, #152]	@ (10000694 <cli_dump_ram+0xe0>)
100005fa:	9300      	str	r3, [sp, #0]
100005fc:	4b26      	ldr	r3, [pc, #152]	@ (10000698 <cli_dump_ram+0xe4>)
100005fe:	9301      	str	r3, [sp, #4]
10000600:	4b26      	ldr	r3, [pc, #152]	@ (1000069c <cli_dump_ram+0xe8>)
10000602:	469b      	mov	fp, r3
10000604:	e00f      	b.n	10000626 <cli_dump_ram+0x72>
10000606:	4659      	mov	r1, fp
10000608:	002a      	movs	r2, r5
1000060a:	a802      	add	r0, sp, #8
1000060c:	f004 f96e 	bl	100048ec <__wrap_sprintf>
10000610:	a902      	add	r1, sp, #8
10000612:	0030      	movs	r0, r6
10000614:	f007 f938 	bl	10007888 <strcat>
10000618:	2280      	movs	r2, #128	@ 0x80
1000061a:	683b      	ldr	r3, [r7, #0]
1000061c:	0092      	lsls	r2, r2, #2
1000061e:	3401      	adds	r4, #1
10000620:	189b      	adds	r3, r3, r2
10000622:	42a3      	cmp	r3, r4
10000624:	d91f      	bls.n	10000666 <cli_dump_ram+0xb2>
10000626:	230f      	movs	r3, #15
10000628:	001d      	movs	r5, r3
1000062a:	4025      	ands	r5, r4
1000062c:	4223      	tst	r3, r4
1000062e:	d010      	beq.n	10000652 <cli_dump_ram+0x9e>
10000630:	4653      	mov	r3, sl
10000632:	5d1d      	ldrb	r5, [r3, r4]
10000634:	4648      	mov	r0, r9
10000636:	b2ed      	uxtb	r5, r5
10000638:	0029      	movs	r1, r5
1000063a:	f004 fbf7 	bl	10004e2c <__wrap_printf>
1000063e:	4643      	mov	r3, r8
10000640:	2268      	movs	r2, #104	@ 0x68
10000642:	5d5b      	ldrb	r3, [r3, r5]
10000644:	4393      	bics	r3, r2
10000646:	d1de      	bne.n	10000606 <cli_dump_ram+0x52>
10000648:	232e      	movs	r3, #46	@ 0x2e
1000064a:	aa02      	add	r2, sp, #8
1000064c:	0011      	movs	r1, r2
1000064e:	8013      	strh	r3, [r2, #0]
10000650:	e7df      	b.n	10000612 <cli_dump_ram+0x5e>
10000652:	0031      	movs	r1, r6
10000654:	9800      	ldr	r0, [sp, #0]
10000656:	f004 fbe9 	bl	10004e2c <__wrap_printf>
1000065a:	0021      	movs	r1, r4
1000065c:	9801      	ldr	r0, [sp, #4]
1000065e:	7035      	strb	r5, [r6, #0]
10000660:	f004 fbe4 	bl	10004e2c <__wrap_printf>
10000664:	e7e4      	b.n	10000630 <cli_dump_ram+0x7c>
10000666:	200a      	movs	r0, #10
10000668:	f004 fb14 	bl	10004c94 <__wrap_putchar>
1000066c:	2280      	movs	r2, #128	@ 0x80
1000066e:	683b      	ldr	r3, [r7, #0]
10000670:	0092      	lsls	r2, r2, #2
10000672:	189b      	adds	r3, r3, r2
10000674:	603b      	str	r3, [r7, #0]
10000676:	b013      	add	sp, #76	@ 0x4c
10000678:	bcf0      	pop	{r4, r5, r6, r7}
1000067a:	46bb      	mov	fp, r7
1000067c:	46b2      	mov	sl, r6
1000067e:	46a9      	mov	r9, r5
10000680:	46a0      	mov	r8, r4
10000682:	bdf0      	pop	{r4, r5, r6, r7, pc}
10000684:	200029a8 	.word	0x200029a8
10000688:	20001054 	.word	0x20001054
1000068c:	10007bc4 	.word	0x10007bc4
10000690:	10008471 	.word	0x10008471
10000694:	10007bb4 	.word	0x10007bb4
10000698:	10007bbc 	.word	0x10007bbc
1000069c:	10007bcc 	.word	0x10007bcc

100006a0 <cli_enter_parameter>:
100006a0:	b570      	push	{r4, r5, r6, lr}
100006a2:	481a      	ldr	r0, [pc, #104]	@ (1000070c <cli_enter_parameter+0x6c>)
100006a4:	f004 fbc2 	bl	10004e2c <__wrap_printf>
100006a8:	2300      	movs	r3, #0
100006aa:	4c19      	ldr	r4, [pc, #100]	@ (10000710 <cli_enter_parameter+0x70>)
100006ac:	6023      	str	r3, [r4, #0]
100006ae:	20fa      	movs	r0, #250	@ 0xfa
100006b0:	0080      	lsls	r0, r0, #2
100006b2:	f004 faa3 	bl	10004bfc <stdio_getchar_timeout_us>
100006b6:	1c83      	adds	r3, r0, #2
100006b8:	d021      	beq.n	100006fe <cli_enter_parameter+0x5e>
100006ba:	2839      	cmp	r0, #57	@ 0x39
100006bc:	dc08      	bgt.n	100006d0 <cli_enter_parameter+0x30>
100006be:	282f      	cmp	r0, #47	@ 0x2f
100006c0:	dc20      	bgt.n	10000704 <cli_enter_parameter+0x64>
100006c2:	281b      	cmp	r0, #27
100006c4:	d8f3      	bhi.n	100006ae <cli_enter_parameter+0xe>
100006c6:	4b13      	ldr	r3, [pc, #76]	@ (10000714 <cli_enter_parameter+0x74>)
100006c8:	4103      	asrs	r3, r0
100006ca:	07db      	lsls	r3, r3, #31
100006cc:	d4ef      	bmi.n	100006ae <cli_enter_parameter+0xe>
100006ce:	bd70      	pop	{r4, r5, r6, pc}
100006d0:	0003      	movs	r3, r0
100006d2:	3b61      	subs	r3, #97	@ 0x61
100006d4:	2b05      	cmp	r3, #5
100006d6:	d8ea      	bhi.n	100006ae <cli_enter_parameter+0xe>
100006d8:	6823      	ldr	r3, [r4, #0]
100006da:	3857      	subs	r0, #87	@ 0x57
100006dc:	011b      	lsls	r3, r3, #4
100006de:	181b      	adds	r3, r3, r0
100006e0:	490d      	ldr	r1, [pc, #52]	@ (10000718 <cli_enter_parameter+0x78>)
100006e2:	480e      	ldr	r0, [pc, #56]	@ (1000071c <cli_enter_parameter+0x7c>)
100006e4:	6023      	str	r3, [r4, #0]
100006e6:	f004 fba1 	bl	10004e2c <__wrap_printf>
100006ea:	6821      	ldr	r1, [r4, #0]
100006ec:	480c      	ldr	r0, [pc, #48]	@ (10000720 <cli_enter_parameter+0x80>)
100006ee:	f004 fb9d 	bl	10004e2c <__wrap_printf>
100006f2:	20fa      	movs	r0, #250	@ 0xfa
100006f4:	0080      	lsls	r0, r0, #2
100006f6:	f004 fa81 	bl	10004bfc <stdio_getchar_timeout_us>
100006fa:	1c83      	adds	r3, r0, #2
100006fc:	d1dd      	bne.n	100006ba <cli_enter_parameter+0x1a>
100006fe:	f004 fa61 	bl	10004bc4 <stdio_flush>
10000702:	e7d4      	b.n	100006ae <cli_enter_parameter+0xe>
10000704:	6823      	ldr	r3, [r4, #0]
10000706:	3830      	subs	r0, #48	@ 0x30
10000708:	011b      	lsls	r3, r3, #4
1000070a:	e7e8      	b.n	100006de <cli_enter_parameter+0x3e>
1000070c:	10007bd0 	.word	0x10007bd0
10000710:	200029a8 	.word	0x200029a8
10000714:	f7ffdbff 	.word	0xf7ffdbff
10000718:	200029d4 	.word	0x200029d4
1000071c:	10007bfc 	.word	0x10007bfc
10000720:	10007c14 	.word	0x10007c14

10000724 <main>:
10000724:	b5f0      	push	{r4, r5, r6, r7, lr}
10000726:	46ce      	mov	lr, r9
10000728:	4647      	mov	r7, r8
1000072a:	b580      	push	{r7, lr}
1000072c:	b085      	sub	sp, #20
1000072e:	486f      	ldr	r0, [pc, #444]	@ (100008ec <main+0x1c8>)
10000730:	ab03      	add	r3, sp, #12
10000732:	aa02      	add	r2, sp, #8
10000734:	a901      	add	r1, sp, #4
10000736:	f001 fb2d 	bl	10001d94 <check_sys_clock_khz>
1000073a:	2800      	cmp	r0, #0
1000073c:	d103      	bne.n	10000746 <main+0x22>
1000073e:	486c      	ldr	r0, [pc, #432]	@ (100008f0 <main+0x1cc>)
10000740:	496a      	ldr	r1, [pc, #424]	@ (100008ec <main+0x1c8>)
10000742:	f000 f931 	bl	100009a8 <panic>
10000746:	9a03      	ldr	r2, [sp, #12]
10000748:	9902      	ldr	r1, [sp, #8]
1000074a:	9801      	ldr	r0, [sp, #4]
1000074c:	f001 fa48 	bl	10001be0 <set_sys_clock_pll>
10000750:	f004 fa4c 	bl	10004bec <stdio_init_all>
10000754:	4867      	ldr	r0, [pc, #412]	@ (100008f4 <main+0x1d0>)
10000756:	f004 fae7 	bl	10004d28 <__wrap_puts>
1000075a:	4867      	ldr	r0, [pc, #412]	@ (100008f8 <main+0x1d4>)
1000075c:	f004 fb66 	bl	10004e2c <__wrap_printf>
10000760:	4b66      	ldr	r3, [pc, #408]	@ (100008fc <main+0x1d8>)
10000762:	26d0      	movs	r6, #208	@ 0xd0
10000764:	4698      	mov	r8, r3
10000766:	2701      	movs	r7, #1
10000768:	4c65      	ldr	r4, [pc, #404]	@ (10000900 <main+0x1dc>)
1000076a:	0636      	lsls	r6, r6, #24
1000076c:	cc20      	ldmia	r4!, {r5}
1000076e:	0028      	movs	r0, r5
10000770:	f000 f8f6 	bl	10000960 <gpio_init>
10000774:	003b      	movs	r3, r7
10000776:	40ab      	lsls	r3, r5
10000778:	62b3      	str	r3, [r6, #40]	@ 0x28
1000077a:	4544      	cmp	r4, r8
1000077c:	d1f6      	bne.n	1000076c <main+0x48>
1000077e:	4b61      	ldr	r3, [pc, #388]	@ (10000904 <main+0x1e0>)
10000780:	26d0      	movs	r6, #208	@ 0xd0
10000782:	4698      	mov	r8, r3
10000784:	2701      	movs	r7, #1
10000786:	4c60      	ldr	r4, [pc, #384]	@ (10000908 <main+0x1e4>)
10000788:	0636      	lsls	r6, r6, #24
1000078a:	cc20      	ldmia	r4!, {r5}
1000078c:	0028      	movs	r0, r5
1000078e:	f000 f8e7 	bl	10000960 <gpio_init>
10000792:	003b      	movs	r3, r7
10000794:	40ab      	lsls	r3, r5
10000796:	6273      	str	r3, [r6, #36]	@ 0x24
10000798:	4544      	cmp	r4, r8
1000079a:	d1f6      	bne.n	1000078a <main+0x66>
1000079c:	201b      	movs	r0, #27
1000079e:	f000 f8df 	bl	10000960 <gpio_init>
100007a2:	2380      	movs	r3, #128	@ 0x80
100007a4:	051b      	lsls	r3, r3, #20
100007a6:	62b3      	str	r3, [r6, #40]	@ 0x28
100007a8:	201c      	movs	r0, #28
100007aa:	f000 f8d9 	bl	10000960 <gpio_init>
100007ae:	2380      	movs	r3, #128	@ 0x80
100007b0:	055b      	lsls	r3, r3, #21
100007b2:	62b3      	str	r3, [r6, #40]	@ 0x28
100007b4:	201a      	movs	r0, #26
100007b6:	f000 f8d3 	bl	10000960 <gpio_init>
100007ba:	2380      	movs	r3, #128	@ 0x80
100007bc:	04db      	lsls	r3, r3, #19
100007be:	6273      	str	r3, [r6, #36]	@ 0x24
100007c0:	4852      	ldr	r0, [pc, #328]	@ (1000090c <main+0x1e8>)
100007c2:	f007 f82b 	bl	1000781c <multicore_launch_core1>
100007c6:	200a      	movs	r0, #10
100007c8:	f004 fa64 	bl	10004c94 <__wrap_putchar>
100007cc:	4850      	ldr	r0, [pc, #320]	@ (10000910 <main+0x1ec>)
100007ce:	f004 fb2d 	bl	10004e2c <__wrap_printf>
100007d2:	4850      	ldr	r0, [pc, #320]	@ (10000914 <main+0x1f0>)
100007d4:	f004 fb2a 	bl	10004e2c <__wrap_printf>
100007d8:	484d      	ldr	r0, [pc, #308]	@ (10000910 <main+0x1ec>)
100007da:	f004 fb27 	bl	10004e2c <__wrap_printf>
100007de:	200a      	movs	r0, #10
100007e0:	f004 fa58 	bl	10004c94 <__wrap_putchar>
100007e4:	200a      	movs	r0, #10
100007e6:	f004 fa55 	bl	10004c94 <__wrap_putchar>
100007ea:	4b4b      	ldr	r3, [pc, #300]	@ (10000918 <main+0x1f4>)
100007ec:	4c4b      	ldr	r4, [pc, #300]	@ (1000091c <main+0x1f8>)
100007ee:	4699      	mov	r9, r3
100007f0:	4b4b      	ldr	r3, [pc, #300]	@ (10000920 <main+0x1fc>)
100007f2:	4f4c      	ldr	r7, [pc, #304]	@ (10000924 <main+0x200>)
100007f4:	4698      	mov	r8, r3
100007f6:	4e4c      	ldr	r6, [pc, #304]	@ (10000928 <main+0x204>)
100007f8:	4d4c      	ldr	r5, [pc, #304]	@ (1000092c <main+0x208>)
100007fa:	20fa      	movs	r0, #250	@ 0xfa
100007fc:	0080      	lsls	r0, r0, #2
100007fe:	f004 f9fd 	bl	10004bfc <stdio_getchar_timeout_us>
10000802:	1c83      	adds	r3, r0, #2
10000804:	d0f9      	beq.n	100007fa <main+0xd6>
10000806:	7823      	ldrb	r3, [r4, #0]
10000808:	4283      	cmp	r3, r0
1000080a:	d04f      	beq.n	100008ac <main+0x188>
1000080c:	7b23      	ldrb	r3, [r4, #12]
1000080e:	4298      	cmp	r0, r3
10000810:	d04e      	beq.n	100008b0 <main+0x18c>
10000812:	7e23      	ldrb	r3, [r4, #24]
10000814:	4298      	cmp	r0, r3
10000816:	d04d      	beq.n	100008b4 <main+0x190>
10000818:	2324      	movs	r3, #36	@ 0x24
1000081a:	5ce3      	ldrb	r3, [r4, r3]
1000081c:	4298      	cmp	r0, r3
1000081e:	d04b      	beq.n	100008b8 <main+0x194>
10000820:	2330      	movs	r3, #48	@ 0x30
10000822:	5ce3      	ldrb	r3, [r4, r3]
10000824:	4298      	cmp	r0, r3
10000826:	d049      	beq.n	100008bc <main+0x198>
10000828:	233c      	movs	r3, #60	@ 0x3c
1000082a:	5ce3      	ldrb	r3, [r4, r3]
1000082c:	4298      	cmp	r0, r3
1000082e:	d047      	beq.n	100008c0 <main+0x19c>
10000830:	2348      	movs	r3, #72	@ 0x48
10000832:	5ce3      	ldrb	r3, [r4, r3]
10000834:	4298      	cmp	r0, r3
10000836:	d045      	beq.n	100008c4 <main+0x1a0>
10000838:	2354      	movs	r3, #84	@ 0x54
1000083a:	5ce3      	ldrb	r3, [r4, r3]
1000083c:	4298      	cmp	r0, r3
1000083e:	d043      	beq.n	100008c8 <main+0x1a4>
10000840:	2360      	movs	r3, #96	@ 0x60
10000842:	5ce3      	ldrb	r3, [r4, r3]
10000844:	4298      	cmp	r0, r3
10000846:	d041      	beq.n	100008cc <main+0x1a8>
10000848:	236c      	movs	r3, #108	@ 0x6c
1000084a:	5ce3      	ldrb	r3, [r4, r3]
1000084c:	4298      	cmp	r0, r3
1000084e:	d03f      	beq.n	100008d0 <main+0x1ac>
10000850:	2378      	movs	r3, #120	@ 0x78
10000852:	5ce3      	ldrb	r3, [r4, r3]
10000854:	4298      	cmp	r0, r3
10000856:	d03d      	beq.n	100008d4 <main+0x1b0>
10000858:	2384      	movs	r3, #132	@ 0x84
1000085a:	5ce3      	ldrb	r3, [r4, r3]
1000085c:	4298      	cmp	r0, r3
1000085e:	d03b      	beq.n	100008d8 <main+0x1b4>
10000860:	2390      	movs	r3, #144	@ 0x90
10000862:	5ce3      	ldrb	r3, [r4, r3]
10000864:	4298      	cmp	r0, r3
10000866:	d039      	beq.n	100008dc <main+0x1b8>
10000868:	239c      	movs	r3, #156	@ 0x9c
1000086a:	5ce3      	ldrb	r3, [r4, r3]
1000086c:	4298      	cmp	r0, r3
1000086e:	d037      	beq.n	100008e0 <main+0x1bc>
10000870:	23a8      	movs	r3, #168	@ 0xa8
10000872:	5ce3      	ldrb	r3, [r4, r3]
10000874:	4298      	cmp	r0, r3
10000876:	d035      	beq.n	100008e4 <main+0x1c0>
10000878:	23b4      	movs	r3, #180	@ 0xb4
1000087a:	5ce3      	ldrb	r3, [r4, r3]
1000087c:	4298      	cmp	r0, r3
1000087e:	d033      	beq.n	100008e8 <main+0x1c4>
10000880:	23c0      	movs	r3, #192	@ 0xc0
10000882:	5ce3      	ldrb	r3, [r4, r3]
10000884:	2210      	movs	r2, #16
10000886:	4298      	cmp	r0, r3
10000888:	d1b7      	bne.n	100007fa <main+0xd6>
1000088a:	464b      	mov	r3, r9
1000088c:	6018      	str	r0, [r3, #0]
1000088e:	0053      	lsls	r3, r2, #1
10000890:	189b      	adds	r3, r3, r2
10000892:	009b      	lsls	r3, r3, #2
10000894:	18e3      	adds	r3, r4, r3
10000896:	689b      	ldr	r3, [r3, #8]
10000898:	4798      	blx	r3
1000089a:	4641      	mov	r1, r8
1000089c:	0038      	movs	r0, r7
1000089e:	f004 fac5 	bl	10004e2c <__wrap_printf>
100008a2:	0028      	movs	r0, r5
100008a4:	6831      	ldr	r1, [r6, #0]
100008a6:	f004 fac1 	bl	10004e2c <__wrap_printf>
100008aa:	e7a6      	b.n	100007fa <main+0xd6>
100008ac:	2200      	movs	r2, #0
100008ae:	e7ec      	b.n	1000088a <main+0x166>
100008b0:	2201      	movs	r2, #1
100008b2:	e7ea      	b.n	1000088a <main+0x166>
100008b4:	2202      	movs	r2, #2
100008b6:	e7e8      	b.n	1000088a <main+0x166>
100008b8:	2203      	movs	r2, #3
100008ba:	e7e6      	b.n	1000088a <main+0x166>
100008bc:	2204      	movs	r2, #4
100008be:	e7e4      	b.n	1000088a <main+0x166>
100008c0:	2205      	movs	r2, #5
100008c2:	e7e2      	b.n	1000088a <main+0x166>
100008c4:	2206      	movs	r2, #6
100008c6:	e7e0      	b.n	1000088a <main+0x166>
100008c8:	2207      	movs	r2, #7
100008ca:	e7de      	b.n	1000088a <main+0x166>
100008cc:	2208      	movs	r2, #8
100008ce:	e7dc      	b.n	1000088a <main+0x166>
100008d0:	2209      	movs	r2, #9
100008d2:	e7da      	b.n	1000088a <main+0x166>
100008d4:	220a      	movs	r2, #10
100008d6:	e7d8      	b.n	1000088a <main+0x166>
100008d8:	220b      	movs	r2, #11
100008da:	e7d6      	b.n	1000088a <main+0x166>
100008dc:	220c      	movs	r2, #12
100008de:	e7d4      	b.n	1000088a <main+0x166>
100008e0:	220d      	movs	r2, #13
100008e2:	e7d2      	b.n	1000088a <main+0x166>
100008e4:	220e      	movs	r2, #14
100008e6:	e7d0      	b.n	1000088a <main+0x166>
100008e8:	220f      	movs	r2, #15
100008ea:	e7ce      	b.n	1000088a <main+0x166>
100008ec:	00041eb0 	.word	0x00041eb0
100008f0:	10007c54 	.word	0x10007c54
100008f4:	10007c2c 	.word	0x10007c2c
100008f8:	10007c40 	.word	0x10007c40
100008fc:	10007fa4 	.word	0x10007fa4
10000900:	10007f64 	.word	0x10007f64
10000904:	10007f64 	.word	0x10007f64
10000908:	10007f44 	.word	0x10007f44
1000090c:	10000339 	.word	0x10000339
10000910:	10007c88 	.word	0x10007c88
10000914:	10007cd8 	.word	0x10007cd8
10000918:	2000298c 	.word	0x2000298c
1000091c:	20000f88 	.word	0x20000f88
10000920:	200029d4 	.word	0x200029d4
10000924:	10007bfc 	.word	0x10007bfc
10000928:	200029a8 	.word	0x200029a8
1000092c:	10007c14 	.word	0x10007c14

10000930 <gpio_set_function>:
10000930:	b510      	push	{r4, lr}
10000932:	2440      	movs	r4, #64	@ 0x40
10000934:	4a07      	ldr	r2, [pc, #28]	@ (10000954 <gpio_set_function+0x24>)
10000936:	0083      	lsls	r3, r0, #2
10000938:	189a      	adds	r2, r3, r2
1000093a:	6812      	ldr	r2, [r2, #0]
1000093c:	00c0      	lsls	r0, r0, #3
1000093e:	4054      	eors	r4, r2
10000940:	22c0      	movs	r2, #192	@ 0xc0
10000942:	4022      	ands	r2, r4
10000944:	4c04      	ldr	r4, [pc, #16]	@ (10000958 <gpio_set_function+0x28>)
10000946:	191b      	adds	r3, r3, r4
10000948:	601a      	str	r2, [r3, #0]
1000094a:	4b04      	ldr	r3, [pc, #16]	@ (1000095c <gpio_set_function+0x2c>)
1000094c:	18c0      	adds	r0, r0, r3
1000094e:	6041      	str	r1, [r0, #4]
10000950:	bd10      	pop	{r4, pc}
10000952:	46c0      	nop			@ (mov r8, r8)
10000954:	4001c004 	.word	0x4001c004
10000958:	4001d004 	.word	0x4001d004
1000095c:	40014000 	.word	0x40014000

10000960 <gpio_init>:
10000960:	2301      	movs	r3, #1
10000962:	22d0      	movs	r2, #208	@ 0xd0
10000964:	4083      	lsls	r3, r0
10000966:	0612      	lsls	r2, r2, #24
10000968:	6293      	str	r3, [r2, #40]	@ 0x28
1000096a:	6193      	str	r3, [r2, #24]
1000096c:	4a08      	ldr	r2, [pc, #32]	@ (10000990 <gpio_init+0x30>)
1000096e:	0083      	lsls	r3, r0, #2
10000970:	189a      	adds	r2, r3, r2
10000972:	6811      	ldr	r1, [r2, #0]
10000974:	2240      	movs	r2, #64	@ 0x40
10000976:	4051      	eors	r1, r2
10000978:	3280      	adds	r2, #128	@ 0x80
1000097a:	400a      	ands	r2, r1
1000097c:	4905      	ldr	r1, [pc, #20]	@ (10000994 <gpio_init+0x34>)
1000097e:	00c0      	lsls	r0, r0, #3
10000980:	185b      	adds	r3, r3, r1
10000982:	601a      	str	r2, [r3, #0]
10000984:	4b04      	ldr	r3, [pc, #16]	@ (10000998 <gpio_init+0x38>)
10000986:	18c0      	adds	r0, r0, r3
10000988:	2305      	movs	r3, #5
1000098a:	6043      	str	r3, [r0, #4]
1000098c:	4770      	bx	lr
1000098e:	46c0      	nop			@ (mov r8, r8)
10000990:	4001c004 	.word	0x4001c004
10000994:	4001d004 	.word	0x4001d004
10000998:	40014000 	.word	0x40014000

1000099c <rp2040_chip_version>:
1000099c:	2380      	movs	r3, #128	@ 0x80
1000099e:	05db      	lsls	r3, r3, #23
100009a0:	6818      	ldr	r0, [r3, #0]
100009a2:	0f00      	lsrs	r0, r0, #28
100009a4:	4770      	bx	lr
100009a6:	46c0      	nop			@ (mov r8, r8)

100009a8 <panic>:
100009a8:	b40f      	push	{r0, r1, r2, r3}
100009aa:	b500      	push	{lr}
100009ac:	4808      	ldr	r0, [pc, #32]	@ (100009d0 <panic+0x28>)
100009ae:	b083      	sub	sp, #12
100009b0:	f004 f9ba 	bl	10004d28 <__wrap_puts>
100009b4:	9b04      	ldr	r3, [sp, #16]
100009b6:	2b00      	cmp	r3, #0
100009b8:	d007      	beq.n	100009ca <panic+0x22>
100009ba:	a905      	add	r1, sp, #20
100009bc:	0018      	movs	r0, r3
100009be:	9101      	str	r1, [sp, #4]
100009c0:	f003 ffb8 	bl	10004934 <weak_raw_vprintf>
100009c4:	4803      	ldr	r0, [pc, #12]	@ (100009d4 <panic+0x2c>)
100009c6:	f004 f9af 	bl	10004d28 <__wrap_puts>
100009ca:	2001      	movs	r0, #1
100009cc:	f003 ffca 	bl	10004964 <_exit>
100009d0:	10007da4 	.word	0x10007da4
100009d4:	10007db4 	.word	0x10007db4

100009d8 <hw_claim_or_assert>:
100009d8:	b570      	push	{r4, r5, r6, lr}
100009da:	468c      	mov	ip, r1
100009dc:	0016      	movs	r6, r2
100009de:	f3ef 8410 	mrs	r4, PRIMASK
100009e2:	b672      	cpsid	i
100009e4:	490f      	ldr	r1, [pc, #60]	@ (10000a24 <hw_claim_or_assert+0x4c>)
100009e6:	680b      	ldr	r3, [r1, #0]
100009e8:	2b00      	cmp	r3, #0
100009ea:	d0fc      	beq.n	100009e6 <hw_claim_or_assert+0xe>
100009ec:	f3bf 8f5f 	dmb	sy
100009f0:	4663      	mov	r3, ip
100009f2:	08db      	lsrs	r3, r3, #3
100009f4:	18c5      	adds	r5, r0, r3
100009f6:	2207      	movs	r2, #7
100009f8:	5cc0      	ldrb	r0, [r0, r3]
100009fa:	4663      	mov	r3, ip
100009fc:	401a      	ands	r2, r3
100009fe:	2301      	movs	r3, #1
10000a00:	4093      	lsls	r3, r2
10000a02:	001a      	movs	r2, r3
10000a04:	4002      	ands	r2, r0
10000a06:	4203      	tst	r3, r0
10000a08:	d107      	bne.n	10000a1a <hw_claim_or_assert+0x42>
10000a0a:	4318      	orrs	r0, r3
10000a0c:	7028      	strb	r0, [r5, #0]
10000a0e:	f3bf 8f5f 	dmb	sy
10000a12:	600a      	str	r2, [r1, #0]
10000a14:	f384 8810 	msr	PRIMASK, r4
10000a18:	bd70      	pop	{r4, r5, r6, pc}
10000a1a:	4661      	mov	r1, ip
10000a1c:	0030      	movs	r0, r6
10000a1e:	f7ff ffc3 	bl	100009a8 <panic>
10000a22:	46c0      	nop			@ (mov r8, r8)
10000a24:	d000012c 	.word	0xd000012c

10000a28 <hw_claim_unused_from_range>:
10000a28:	b5f8      	push	{r3, r4, r5, r6, r7, lr}
10000a2a:	46ce      	mov	lr, r9
10000a2c:	4647      	mov	r7, r8
10000a2e:	468c      	mov	ip, r1
10000a30:	b580      	push	{r7, lr}
10000a32:	001c      	movs	r4, r3
10000a34:	f3ef 8810 	mrs	r8, PRIMASK
10000a38:	b672      	cpsid	i
10000a3a:	491c      	ldr	r1, [pc, #112]	@ (10000aac <hw_claim_unused_from_range+0x84>)
10000a3c:	680b      	ldr	r3, [r1, #0]
10000a3e:	2b00      	cmp	r3, #0
10000a40:	d0fc      	beq.n	10000a3c <hw_claim_unused_from_range+0x14>
10000a42:	f3bf 8f5f 	dmb	sy
10000a46:	42a2      	cmp	r2, r4
10000a48:	d821      	bhi.n	10000a8e <hw_claim_unused_from_range+0x66>
10000a4a:	2307      	movs	r3, #7
10000a4c:	4699      	mov	r9, r3
10000a4e:	e002      	b.n	10000a56 <hw_claim_unused_from_range+0x2e>
10000a50:	3201      	adds	r2, #1
10000a52:	4294      	cmp	r4, r2
10000a54:	d318      	bcc.n	10000a88 <hw_claim_unused_from_range+0x60>
10000a56:	4649      	mov	r1, r9
10000a58:	2601      	movs	r6, #1
10000a5a:	4011      	ands	r1, r2
10000a5c:	408e      	lsls	r6, r1
10000a5e:	08d3      	lsrs	r3, r2, #3
10000a60:	18c7      	adds	r7, r0, r3
10000a62:	5cc3      	ldrb	r3, [r0, r3]
10000a64:	421e      	tst	r6, r3
10000a66:	d1f3      	bne.n	10000a50 <hw_claim_unused_from_range+0x28>
10000a68:	0010      	movs	r0, r2
10000a6a:	4333      	orrs	r3, r6
10000a6c:	703b      	strb	r3, [r7, #0]
10000a6e:	f3bf 8f5f 	dmb	sy
10000a72:	2200      	movs	r2, #0
10000a74:	4b0d      	ldr	r3, [pc, #52]	@ (10000aac <hw_claim_unused_from_range+0x84>)
10000a76:	601a      	str	r2, [r3, #0]
10000a78:	f388 8810 	msr	PRIMASK, r8
10000a7c:	2800      	cmp	r0, #0
10000a7e:	db0e      	blt.n	10000a9e <hw_claim_unused_from_range+0x76>
10000a80:	bcc0      	pop	{r6, r7}
10000a82:	46b9      	mov	r9, r7
10000a84:	46b0      	mov	r8, r6
10000a86:	bdf8      	pop	{r3, r4, r5, r6, r7, pc}
10000a88:	2001      	movs	r0, #1
10000a8a:	4240      	negs	r0, r0
10000a8c:	e7ef      	b.n	10000a6e <hw_claim_unused_from_range+0x46>
10000a8e:	f3bf 8f5f 	dmb	sy
10000a92:	2300      	movs	r3, #0
10000a94:	600b      	str	r3, [r1, #0]
10000a96:	f388 8810 	msr	PRIMASK, r8
10000a9a:	2001      	movs	r0, #1
10000a9c:	4240      	negs	r0, r0
10000a9e:	4663      	mov	r3, ip
10000aa0:	2b00      	cmp	r3, #0
10000aa2:	d0ed      	beq.n	10000a80 <hw_claim_unused_from_range+0x58>
10000aa4:	9808      	ldr	r0, [sp, #32]
10000aa6:	f7ff ff7f 	bl	100009a8 <panic>
10000aaa:	46c0      	nop			@ (mov r8, r8)
10000aac:	d000012c 	.word	0xd000012c

10000ab0 <next_striped_spin_lock_num>:
10000ab0:	4a04      	ldr	r2, [pc, #16]	@ (10000ac4 <next_striped_spin_lock_num+0x14>)
10000ab2:	7810      	ldrb	r0, [r2, #0]
10000ab4:	1c43      	adds	r3, r0, #1
10000ab6:	b2db      	uxtb	r3, r3
10000ab8:	2b17      	cmp	r3, #23
10000aba:	d900      	bls.n	10000abe <next_striped_spin_lock_num+0xe>
10000abc:	2310      	movs	r3, #16
10000abe:	7013      	strb	r3, [r2, #0]
10000ac0:	4770      	bx	lr
10000ac2:	46c0      	nop			@ (mov r8, r8)
10000ac4:	20001854 	.word	0x20001854

10000ac8 <spin_lock_claim_unused>:
10000ac8:	b500      	push	{lr}
10000aca:	4b05      	ldr	r3, [pc, #20]	@ (10000ae0 <spin_lock_claim_unused+0x18>)
10000acc:	b083      	sub	sp, #12
10000ace:	0001      	movs	r1, r0
10000ad0:	9300      	str	r3, [sp, #0]
10000ad2:	2218      	movs	r2, #24
10000ad4:	231f      	movs	r3, #31
10000ad6:	4803      	ldr	r0, [pc, #12]	@ (10000ae4 <spin_lock_claim_unused+0x1c>)
10000ad8:	f7ff ffa6 	bl	10000a28 <hw_claim_unused_from_range>
10000adc:	b003      	add	sp, #12
10000ade:	bd00      	pop	{pc}
10000ae0:	10007db8 	.word	0x10007db8
10000ae4:	20002528 	.word	0x20002528

10000ae8 <spin_locks_reset>:
10000ae8:	2100      	movs	r1, #0
10000aea:	4b04      	ldr	r3, [pc, #16]	@ (10000afc <spin_locks_reset+0x14>)
10000aec:	4a04      	ldr	r2, [pc, #16]	@ (10000b00 <spin_locks_reset+0x18>)
10000aee:	f3bf 8f5f 	dmb	sy
10000af2:	c302      	stmia	r3!, {r1}
10000af4:	4293      	cmp	r3, r2
10000af6:	d1fa      	bne.n	10000aee <spin_locks_reset+0x6>
10000af8:	4770      	bx	lr
10000afa:	46c0      	nop			@ (mov r8, r8)
10000afc:	d0000100 	.word	0xd0000100
10000b00:	d0000180 	.word	0xd0000180

10000b04 <runtime_init_per_core_irq_priorities>:
10000b04:	4b08      	ldr	r3, [pc, #32]	@ (10000b28 <runtime_init_per_core_irq_priorities+0x24>)
10000b06:	4a09      	ldr	r2, [pc, #36]	@ (10000b2c <runtime_init_per_core_irq_priorities+0x28>)
10000b08:	6013      	str	r3, [r2, #0]
10000b0a:	4a09      	ldr	r2, [pc, #36]	@ (10000b30 <runtime_init_per_core_irq_priorities+0x2c>)
10000b0c:	6013      	str	r3, [r2, #0]
10000b0e:	4a09      	ldr	r2, [pc, #36]	@ (10000b34 <runtime_init_per_core_irq_priorities+0x30>)
10000b10:	6013      	str	r3, [r2, #0]
10000b12:	4a09      	ldr	r2, [pc, #36]	@ (10000b38 <runtime_init_per_core_irq_priorities+0x34>)
10000b14:	6013      	str	r3, [r2, #0]
10000b16:	4a09      	ldr	r2, [pc, #36]	@ (10000b3c <runtime_init_per_core_irq_priorities+0x38>)
10000b18:	6013      	str	r3, [r2, #0]
10000b1a:	4a09      	ldr	r2, [pc, #36]	@ (10000b40 <runtime_init_per_core_irq_priorities+0x3c>)
10000b1c:	6013      	str	r3, [r2, #0]
10000b1e:	4a09      	ldr	r2, [pc, #36]	@ (10000b44 <runtime_init_per_core_irq_priorities+0x40>)
10000b20:	6013      	str	r3, [r2, #0]
10000b22:	4a09      	ldr	r2, [pc, #36]	@ (10000b48 <runtime_init_per_core_irq_priorities+0x44>)
10000b24:	6013      	str	r3, [r2, #0]
10000b26:	4770      	bx	lr
10000b28:	80808080 	.word	0x80808080
10000b2c:	e000e400 	.word	0xe000e400
10000b30:	e000e404 	.word	0xe000e404
10000b34:	e000e408 	.word	0xe000e408
10000b38:	e000e40c 	.word	0xe000e40c
10000b3c:	e000e410 	.word	0xe000e410
10000b40:	e000e414 	.word	0xe000e414
10000b44:	e000e418 	.word	0xe000e418
10000b48:	e000e41c 	.word	0xe000e41c

10000b4c <irq_set_enabled>:
10000b4c:	231f      	movs	r3, #31
10000b4e:	4018      	ands	r0, r3
10000b50:	3b1e      	subs	r3, #30
10000b52:	4083      	lsls	r3, r0
10000b54:	2900      	cmp	r1, #0
10000b56:	d005      	beq.n	10000b64 <irq_set_enabled+0x18>
10000b58:	21c0      	movs	r1, #192	@ 0xc0
10000b5a:	4a04      	ldr	r2, [pc, #16]	@ (10000b6c <irq_set_enabled+0x20>)
10000b5c:	0049      	lsls	r1, r1, #1
10000b5e:	5053      	str	r3, [r2, r1]
10000b60:	6013      	str	r3, [r2, #0]
10000b62:	4770      	bx	lr
10000b64:	2280      	movs	r2, #128	@ 0x80
10000b66:	4901      	ldr	r1, [pc, #4]	@ (10000b6c <irq_set_enabled+0x20>)
10000b68:	508b      	str	r3, [r1, r2]
10000b6a:	e7fa      	b.n	10000b62 <irq_set_enabled+0x16>
10000b6c:	e000e100 	.word	0xe000e100

10000b70 <irq_is_enabled>:
10000b70:	2201      	movs	r2, #1
10000b72:	4082      	lsls	r2, r0
10000b74:	4b03      	ldr	r3, [pc, #12]	@ (10000b84 <irq_is_enabled+0x14>)
10000b76:	681b      	ldr	r3, [r3, #0]
10000b78:	4013      	ands	r3, r2
10000b7a:	1e5a      	subs	r2, r3, #1
10000b7c:	4193      	sbcs	r3, r2
10000b7e:	b2d8      	uxtb	r0, r3
10000b80:	4770      	bx	lr
10000b82:	46c0      	nop			@ (mov r8, r8)
10000b84:	e000e100 	.word	0xe000e100

10000b88 <irq_set_mask_enabled>:
10000b88:	2900      	cmp	r1, #0
10000b8a:	d005      	beq.n	10000b98 <irq_set_mask_enabled+0x10>
10000b8c:	22c0      	movs	r2, #192	@ 0xc0
10000b8e:	4b04      	ldr	r3, [pc, #16]	@ (10000ba0 <irq_set_mask_enabled+0x18>)
10000b90:	0052      	lsls	r2, r2, #1
10000b92:	5098      	str	r0, [r3, r2]
10000b94:	6018      	str	r0, [r3, #0]
10000b96:	4770      	bx	lr
10000b98:	2380      	movs	r3, #128	@ 0x80
10000b9a:	4a01      	ldr	r2, [pc, #4]	@ (10000ba0 <irq_set_mask_enabled+0x18>)
10000b9c:	50d0      	str	r0, [r2, r3]
10000b9e:	e7fa      	b.n	10000b96 <irq_set_mask_enabled+0xe>
10000ba0:	e000e100 	.word	0xe000e100

10000ba4 <irq_set_pending>:
10000ba4:	2301      	movs	r3, #1
10000ba6:	4083      	lsls	r3, r0
10000ba8:	4a01      	ldr	r2, [pc, #4]	@ (10000bb0 <irq_set_pending+0xc>)
10000baa:	6013      	str	r3, [r2, #0]
10000bac:	4770      	bx	lr
10000bae:	46c0      	nop			@ (mov r8, r8)
10000bb0:	e000e200 	.word	0xe000e200

10000bb4 <irq_has_shared_handler>:
10000bb4:	4b05      	ldr	r3, [pc, #20]	@ (10000bcc <irq_has_shared_handler+0x18>)
10000bb6:	3010      	adds	r0, #16
10000bb8:	689b      	ldr	r3, [r3, #8]
10000bba:	0080      	lsls	r0, r0, #2
10000bbc:	58c3      	ldr	r3, [r0, r3]
10000bbe:	4a04      	ldr	r2, [pc, #16]	@ (10000bd0 <irq_has_shared_handler+0x1c>)
10000bc0:	2000      	movs	r0, #0
10000bc2:	1a9b      	subs	r3, r3, r2
10000bc4:	222f      	movs	r2, #47	@ 0x2f
10000bc6:	429a      	cmp	r2, r3
10000bc8:	4140      	adcs	r0, r0
10000bca:	4770      	bx	lr
10000bcc:	e000ed00 	.word	0xe000ed00
10000bd0:	20001858 	.word	0x20001858

10000bd4 <irq_set_exclusive_handler>:
10000bd4:	b570      	push	{r4, r5, r6, lr}
10000bd6:	000d      	movs	r5, r1
10000bd8:	f3ef 8610 	mrs	r6, PRIMASK
10000bdc:	b672      	cpsid	i
10000bde:	4a0f      	ldr	r2, [pc, #60]	@ (10000c1c <irq_set_exclusive_handler+0x48>)
10000be0:	6813      	ldr	r3, [r2, #0]
10000be2:	2b00      	cmp	r3, #0
10000be4:	d0fc      	beq.n	10000be0 <irq_set_exclusive_handler+0xc>
10000be6:	f3bf 8f5f 	dmb	sy
10000bea:	4b0d      	ldr	r3, [pc, #52]	@ (10000c20 <irq_set_exclusive_handler+0x4c>)
10000bec:	3010      	adds	r0, #16
10000bee:	689b      	ldr	r3, [r3, #8]
10000bf0:	0084      	lsls	r4, r0, #2
10000bf2:	591b      	ldr	r3, [r3, r4]
10000bf4:	4a0b      	ldr	r2, [pc, #44]	@ (10000c24 <irq_set_exclusive_handler+0x50>)
10000bf6:	4293      	cmp	r3, r2
10000bf8:	d003      	beq.n	10000c02 <irq_set_exclusive_handler+0x2e>
10000bfa:	429d      	cmp	r5, r3
10000bfc:	d001      	beq.n	10000c02 <irq_set_exclusive_handler+0x2e>
10000bfe:	f001 fb23 	bl	10002248 <hard_assertion_failure>
10000c02:	4b07      	ldr	r3, [pc, #28]	@ (10000c20 <irq_set_exclusive_handler+0x4c>)
10000c04:	689b      	ldr	r3, [r3, #8]
10000c06:	511d      	str	r5, [r3, r4]
10000c08:	f3bf 8f5f 	dmb	sy
10000c0c:	f3bf 8f5f 	dmb	sy
10000c10:	2200      	movs	r2, #0
10000c12:	4b02      	ldr	r3, [pc, #8]	@ (10000c1c <irq_set_exclusive_handler+0x48>)
10000c14:	601a      	str	r2, [r3, #0]
10000c16:	f386 8810 	msr	PRIMASK, r6
10000c1a:	bd70      	pop	{r4, r5, r6, pc}
10000c1c:	d0000124 	.word	0xd0000124
10000c20:	e000ed00 	.word	0xe000ed00
10000c24:	100001cd 	.word	0x100001cd

10000c28 <irq_add_shared_handler>:
10000c28:	b5f0      	push	{r4, r5, r6, r7, lr}
10000c2a:	46de      	mov	lr, fp
10000c2c:	4657      	mov	r7, sl
10000c2e:	464e      	mov	r6, r9
10000c30:	4645      	mov	r5, r8
10000c32:	b5e0      	push	{r5, r6, r7, lr}
10000c34:	4682      	mov	sl, r0
10000c36:	b083      	sub	sp, #12
10000c38:	468b      	mov	fp, r1
10000c3a:	0017      	movs	r7, r2
10000c3c:	f3ef 8810 	mrs	r8, PRIMASK
10000c40:	b672      	cpsid	i
10000c42:	4a60      	ldr	r2, [pc, #384]	@ (10000dc4 <irq_add_shared_handler+0x19c>)
10000c44:	6813      	ldr	r3, [r2, #0]
10000c46:	2b00      	cmp	r3, #0
10000c48:	d0fc      	beq.n	10000c44 <irq_add_shared_handler+0x1c>
10000c4a:	f3bf 8f5f 	dmb	sy
10000c4e:	2500      	movs	r5, #0
10000c50:	4b5d      	ldr	r3, [pc, #372]	@ (10000dc8 <irq_add_shared_handler+0x1a0>)
10000c52:	575d      	ldrsb	r5, [r3, r5]
10000c54:	4699      	mov	r9, r3
10000c56:	2d00      	cmp	r5, #0
10000c58:	da00      	bge.n	10000c5c <irq_add_shared_handler+0x34>
10000c5a:	e09a      	b.n	10000d92 <irq_add_shared_handler+0x16a>
10000c5c:	464a      	mov	r2, r9
10000c5e:	006b      	lsls	r3, r5, #1
10000c60:	4c5a      	ldr	r4, [pc, #360]	@ (10000dcc <irq_add_shared_handler+0x1a4>)
10000c62:	195e      	adds	r6, r3, r5
10000c64:	00b6      	lsls	r6, r6, #2
10000c66:	9301      	str	r3, [sp, #4]
10000c68:	19a3      	adds	r3, r4, r6
10000c6a:	9300      	str	r3, [sp, #0]
10000c6c:	799b      	ldrb	r3, [r3, #6]
10000c6e:	7013      	strb	r3, [r2, #0]
10000c70:	4b57      	ldr	r3, [pc, #348]	@ (10000dd0 <irq_add_shared_handler+0x1a8>)
10000c72:	689a      	ldr	r2, [r3, #8]
10000c74:	4653      	mov	r3, sl
10000c76:	3310      	adds	r3, #16
10000c78:	009b      	lsls	r3, r3, #2
10000c7a:	58d1      	ldr	r1, [r2, r3]
10000c7c:	4699      	mov	r9, r3
10000c7e:	1b0b      	subs	r3, r1, r4
10000c80:	2b2f      	cmp	r3, #47	@ 0x2f
10000c82:	d932      	bls.n	10000cea <irq_add_shared_handler+0xc2>
10000c84:	4b53      	ldr	r3, [pc, #332]	@ (10000dd4 <irq_add_shared_handler+0x1ac>)
10000c86:	4299      	cmp	r1, r3
10000c88:	d000      	beq.n	10000c8c <irq_add_shared_handler+0x64>
10000c8a:	e098      	b.n	10000dbe <irq_add_shared_handler+0x196>
10000c8c:	9b01      	ldr	r3, [sp, #4]
10000c8e:	3602      	adds	r6, #2
10000c90:	18ed      	adds	r5, r5, r3
10000c92:	4b51      	ldr	r3, [pc, #324]	@ (10000dd8 <irq_add_shared_handler+0x1b0>)
10000c94:	00ad      	lsls	r5, r5, #2
10000c96:	5363      	strh	r3, [r4, r5]
10000c98:	4b50      	ldr	r3, [pc, #320]	@ (10000ddc <irq_add_shared_handler+0x1b4>)
10000c9a:	19a6      	adds	r6, r4, r6
10000c9c:	3b04      	subs	r3, #4
10000c9e:	1b9b      	subs	r3, r3, r6
10000ca0:	4a4f      	ldr	r2, [pc, #316]	@ (10000de0 <irq_add_shared_handler+0x1b8>)
10000ca2:	051b      	lsls	r3, r3, #20
10000ca4:	0d5b      	lsrs	r3, r3, #21
10000ca6:	1965      	adds	r5, r4, r5
10000ca8:	4313      	orrs	r3, r2
10000caa:	806b      	strh	r3, [r5, #2]
10000cac:	4b4d      	ldr	r3, [pc, #308]	@ (10000de4 <irq_add_shared_handler+0x1bc>)
10000cae:	2101      	movs	r1, #1
10000cb0:	80ab      	strh	r3, [r5, #4]
10000cb2:	23ff      	movs	r3, #255	@ 0xff
10000cb4:	71ab      	strb	r3, [r5, #6]
10000cb6:	465b      	mov	r3, fp
10000cb8:	60ab      	str	r3, [r5, #8]
10000cba:	9b00      	ldr	r3, [sp, #0]
10000cbc:	71ef      	strb	r7, [r5, #7]
10000cbe:	430b      	orrs	r3, r1
10000cc0:	0019      	movs	r1, r3
10000cc2:	464a      	mov	r2, r9
10000cc4:	4b42      	ldr	r3, [pc, #264]	@ (10000dd0 <irq_add_shared_handler+0x1a8>)
10000cc6:	689b      	ldr	r3, [r3, #8]
10000cc8:	5099      	str	r1, [r3, r2]
10000cca:	f3bf 8f5f 	dmb	sy
10000cce:	f3bf 8f5f 	dmb	sy
10000cd2:	2200      	movs	r2, #0
10000cd4:	4b3b      	ldr	r3, [pc, #236]	@ (10000dc4 <irq_add_shared_handler+0x19c>)
10000cd6:	601a      	str	r2, [r3, #0]
10000cd8:	f388 8810 	msr	PRIMASK, r8
10000cdc:	b003      	add	sp, #12
10000cde:	bcf0      	pop	{r4, r5, r6, r7}
10000ce0:	46bb      	mov	fp, r7
10000ce2:	46b2      	mov	sl, r6
10000ce4:	46a9      	mov	r9, r5
10000ce6:	46a0      	mov	r8, r4
10000ce8:	bdf0      	pop	{r4, r5, r6, r7, pc}
10000cea:	2001      	movs	r0, #1
10000cec:	000a      	movs	r2, r1
10000cee:	4382      	bics	r2, r0
10000cf0:	79d3      	ldrb	r3, [r2, #7]
10000cf2:	46b4      	mov	ip, r6
10000cf4:	42bb      	cmp	r3, r7
10000cf6:	d82d      	bhi.n	10000d54 <irq_add_shared_handler+0x12c>
10000cf8:	4b3b      	ldr	r3, [pc, #236]	@ (10000de8 <irq_add_shared_handler+0x1c0>)
10000cfa:	1cb5      	adds	r5, r6, #2
10000cfc:	0019      	movs	r1, r3
10000cfe:	0013      	movs	r3, r2
10000d00:	1b1b      	subs	r3, r3, r4
10000d02:	415b      	adcs	r3, r3
10000d04:	4359      	muls	r1, r3
10000d06:	0d09      	lsrs	r1, r1, #20
10000d08:	468c      	mov	ip, r1
10000d0a:	4b33      	ldr	r3, [pc, #204]	@ (10000dd8 <irq_add_shared_handler+0x1b0>)
10000d0c:	1965      	adds	r5, r4, r5
10000d0e:	53a3      	strh	r3, [r4, r6]
10000d10:	4b32      	ldr	r3, [pc, #200]	@ (10000ddc <irq_add_shared_handler+0x1b4>)
10000d12:	9900      	ldr	r1, [sp, #0]
10000d14:	3b04      	subs	r3, #4
10000d16:	1b5b      	subs	r3, r3, r5
10000d18:	051b      	lsls	r3, r3, #20
10000d1a:	4d31      	ldr	r5, [pc, #196]	@ (10000de0 <irq_add_shared_handler+0x1b8>)
10000d1c:	0d5b      	lsrs	r3, r3, #21
10000d1e:	432b      	orrs	r3, r5
10000d20:	3604      	adds	r6, #4
10000d22:	804b      	strh	r3, [r1, #2]
10000d24:	19a6      	adds	r6, r4, r6
10000d26:	1f13      	subs	r3, r2, #4
10000d28:	1b9b      	subs	r3, r3, r6
10000d2a:	051b      	lsls	r3, r3, #20
10000d2c:	0d5b      	lsrs	r3, r3, #21
10000d2e:	431d      	orrs	r5, r3
10000d30:	4663      	mov	r3, ip
10000d32:	718b      	strb	r3, [r1, #6]
10000d34:	465b      	mov	r3, fp
10000d36:	608b      	str	r3, [r1, #8]
10000d38:	4b2c      	ldr	r3, [pc, #176]	@ (10000dec <irq_add_shared_handler+0x1c4>)
10000d3a:	808d      	strh	r5, [r1, #4]
10000d3c:	71cf      	strb	r7, [r1, #7]
10000d3e:	6013      	str	r3, [r2, #0]
10000d40:	4301      	orrs	r1, r0
10000d42:	e7be      	b.n	10000cc2 <irq_add_shared_handler+0x9a>
10000d44:	0058      	lsls	r0, r3, #1
10000d46:	18c0      	adds	r0, r0, r3
10000d48:	0080      	lsls	r0, r0, #2
10000d4a:	1820      	adds	r0, r4, r0
10000d4c:	79c6      	ldrb	r6, [r0, #7]
10000d4e:	42be      	cmp	r6, r7
10000d50:	d925      	bls.n	10000d9e <irq_add_shared_handler+0x176>
10000d52:	0002      	movs	r2, r0
10000d54:	2306      	movs	r3, #6
10000d56:	56d3      	ldrsb	r3, [r2, r3]
10000d58:	2b00      	cmp	r3, #0
10000d5a:	daf3      	bge.n	10000d44 <irq_add_shared_handler+0x11c>
10000d5c:	469a      	mov	sl, r3
10000d5e:	1d13      	adds	r3, r2, #4
10000d60:	469c      	mov	ip, r3
10000d62:	4823      	ldr	r0, [pc, #140]	@ (10000df0 <irq_add_shared_handler+0x1c8>)
10000d64:	4663      	mov	r3, ip
10000d66:	9e00      	ldr	r6, [sp, #0]
10000d68:	7195      	strb	r5, [r2, #6]
10000d6a:	3e04      	subs	r6, #4
10000d6c:	1af6      	subs	r6, r6, r3
10000d6e:	0536      	lsls	r6, r6, #20
10000d70:	4b1b      	ldr	r3, [pc, #108]	@ (10000de0 <irq_add_shared_handler+0x1b8>)
10000d72:	0d76      	lsrs	r6, r6, #21
10000d74:	431e      	orrs	r6, r3
10000d76:	9b01      	ldr	r3, [sp, #4]
10000d78:	8096      	strh	r6, [r2, #4]
10000d7a:	195a      	adds	r2, r3, r5
10000d7c:	4653      	mov	r3, sl
10000d7e:	0092      	lsls	r2, r2, #2
10000d80:	18a4      	adds	r4, r4, r2
10000d82:	71a3      	strb	r3, [r4, #6]
10000d84:	465b      	mov	r3, fp
10000d86:	4a19      	ldr	r2, [pc, #100]	@ (10000dec <irq_add_shared_handler+0x1c4>)
10000d88:	80a0      	strh	r0, [r4, #4]
10000d8a:	6022      	str	r2, [r4, #0]
10000d8c:	71e7      	strb	r7, [r4, #7]
10000d8e:	60a3      	str	r3, [r4, #8]
10000d90:	e797      	b.n	10000cc2 <irq_add_shared_handler+0x9a>
10000d92:	f001 fa59 	bl	10002248 <hard_assertion_failure>
10000d96:	2500      	movs	r5, #0
10000d98:	464b      	mov	r3, r9
10000d9a:	575d      	ldrsb	r5, [r3, r5]
10000d9c:	e75e      	b.n	10000c5c <irq_add_shared_handler+0x34>
10000d9e:	4666      	mov	r6, ip
10000da0:	469a      	mov	sl, r3
10000da2:	1d13      	adds	r3, r2, #4
10000da4:	469c      	mov	ip, r3
10000da6:	8890      	ldrh	r0, [r2, #4]
10000da8:	3604      	adds	r6, #4
10000daa:	0540      	lsls	r0, r0, #21
10000dac:	1500      	asrs	r0, r0, #20
10000dae:	19a6      	adds	r6, r4, r6
10000db0:	4460      	add	r0, ip
10000db2:	1b80      	subs	r0, r0, r6
10000db4:	0500      	lsls	r0, r0, #20
10000db6:	4e0a      	ldr	r6, [pc, #40]	@ (10000de0 <irq_add_shared_handler+0x1b8>)
10000db8:	0d40      	lsrs	r0, r0, #21
10000dba:	4330      	orrs	r0, r6
10000dbc:	e7d2      	b.n	10000d64 <irq_add_shared_handler+0x13c>
10000dbe:	f001 fa43 	bl	10002248 <hard_assertion_failure>
10000dc2:	e763      	b.n	10000c8c <irq_add_shared_handler+0x64>
10000dc4:	d0000124 	.word	0xd0000124
10000dc8:	20002c25 	.word	0x20002c25
10000dcc:	20001858 	.word	0x20001858
10000dd0:	e000ed00 	.word	0xe000ed00
10000dd4:	100001cd 	.word	0x100001cd
10000dd8:	ffffa100 	.word	0xffffa100
10000ddc:	20001888 	.word	0x20001888
10000de0:	ffffe000 	.word	0xffffe000
10000de4:	ffffbd01 	.word	0xffffbd01
10000de8:	0000aaaa 	.word	0x0000aaaa
10000dec:	47804801 	.word	0x47804801
10000df0:	0000bd01 	.word	0x0000bd01

10000df4 <irq_remove_handler>:
10000df4:	b5f0      	push	{r4, r5, r6, r7, lr}
10000df6:	4645      	mov	r5, r8
10000df8:	46de      	mov	lr, fp
10000dfa:	4657      	mov	r7, sl
10000dfc:	464e      	mov	r6, r9
10000dfe:	b5e0      	push	{r5, r6, r7, lr}
10000e00:	000d      	movs	r5, r1
10000e02:	b083      	sub	sp, #12
10000e04:	f3ef 8810 	mrs	r8, PRIMASK
10000e08:	b672      	cpsid	i
10000e0a:	4a60      	ldr	r2, [pc, #384]	@ (10000f8c <irq_remove_handler+0x198>)
10000e0c:	6813      	ldr	r3, [r2, #0]
10000e0e:	2b00      	cmp	r3, #0
10000e10:	d0fc      	beq.n	10000e0c <irq_remove_handler+0x18>
10000e12:	f3bf 8f5f 	dmb	sy
10000e16:	4b5e      	ldr	r3, [pc, #376]	@ (10000f90 <irq_remove_handler+0x19c>)
10000e18:	495e      	ldr	r1, [pc, #376]	@ (10000f94 <irq_remove_handler+0x1a0>)
10000e1a:	689a      	ldr	r2, [r3, #8]
10000e1c:	0003      	movs	r3, r0
10000e1e:	3310      	adds	r3, #16
10000e20:	009f      	lsls	r7, r3, #2
10000e22:	59d4      	ldr	r4, [r2, r7]
10000e24:	4699      	mov	r9, r3
10000e26:	428c      	cmp	r4, r1
10000e28:	d03e      	beq.n	10000ea8 <irq_remove_handler+0xb4>
10000e2a:	42ac      	cmp	r4, r5
10000e2c:	d04f      	beq.n	10000ece <irq_remove_handler+0xda>
10000e2e:	4e5a      	ldr	r6, [pc, #360]	@ (10000f98 <irq_remove_handler+0x1a4>)
10000e30:	1ba2      	subs	r2, r4, r6
10000e32:	2a2f      	cmp	r2, #47	@ 0x2f
10000e34:	d838      	bhi.n	10000ea8 <irq_remove_handler+0xb4>
10000e36:	4b59      	ldr	r3, [pc, #356]	@ (10000f9c <irq_remove_handler+0x1a8>)
10000e38:	681a      	ldr	r2, [r3, #0]
10000e3a:	469c      	mov	ip, r3
10000e3c:	0013      	movs	r3, r2
10000e3e:	2201      	movs	r2, #1
10000e40:	4082      	lsls	r2, r0
10000e42:	4013      	ands	r3, r2
10000e44:	221f      	movs	r2, #31
10000e46:	4002      	ands	r2, r0
10000e48:	2001      	movs	r0, #1
10000e4a:	469a      	mov	sl, r3
10000e4c:	4090      	lsls	r0, r2
10000e4e:	4663      	mov	r3, ip
10000e50:	2280      	movs	r2, #128	@ 0x80
10000e52:	4683      	mov	fp, r0
10000e54:	5098      	str	r0, [r3, r2]
10000e56:	f3bf 8f5f 	dmb	sy
10000e5a:	f3ef 8305 	mrs	r3, IPSR
10000e5e:	9301      	str	r3, [sp, #4]
10000e60:	2b00      	cmp	r3, #0
10000e62:	d036      	beq.n	10000ed2 <irq_remove_handler+0xde>
10000e64:	4599      	cmp	r9, r3
10000e66:	d001      	beq.n	10000e6c <irq_remove_handler+0x78>
10000e68:	f001 f9ee 	bl	10002248 <hard_assertion_failure>
10000e6c:	2301      	movs	r3, #1
10000e6e:	0022      	movs	r2, r4
10000e70:	439a      	bics	r2, r3
10000e72:	6890      	ldr	r0, [r2, #8]
10000e74:	4285      	cmp	r5, r0
10000e76:	d108      	bne.n	10000e8a <irq_remove_handler+0x96>
10000e78:	e076      	b.n	10000f68 <irq_remove_handler+0x174>
10000e7a:	004b      	lsls	r3, r1, #1
10000e7c:	185b      	adds	r3, r3, r1
10000e7e:	009b      	lsls	r3, r3, #2
10000e80:	18f3      	adds	r3, r6, r3
10000e82:	6898      	ldr	r0, [r3, #8]
10000e84:	4285      	cmp	r5, r0
10000e86:	d036      	beq.n	10000ef6 <irq_remove_handler+0x102>
10000e88:	001a      	movs	r2, r3
10000e8a:	2106      	movs	r1, #6
10000e8c:	5651      	ldrsb	r1, [r2, r1]
10000e8e:	2900      	cmp	r1, #0
10000e90:	daf3      	bge.n	10000e7a <irq_remove_handler+0x86>
10000e92:	4285      	cmp	r5, r0
10000e94:	d054      	beq.n	10000f40 <irq_remove_handler+0x14c>
10000e96:	4653      	mov	r3, sl
10000e98:	2b00      	cmp	r3, #0
10000e9a:	d027      	beq.n	10000eec <irq_remove_handler+0xf8>
10000e9c:	22c0      	movs	r2, #192	@ 0xc0
10000e9e:	4659      	mov	r1, fp
10000ea0:	4b3e      	ldr	r3, [pc, #248]	@ (10000f9c <irq_remove_handler+0x1a8>)
10000ea2:	0052      	lsls	r2, r2, #1
10000ea4:	5099      	str	r1, [r3, r2]
10000ea6:	6019      	str	r1, [r3, #0]
10000ea8:	4b39      	ldr	r3, [pc, #228]	@ (10000f90 <irq_remove_handler+0x19c>)
10000eaa:	689b      	ldr	r3, [r3, #8]
10000eac:	51dc      	str	r4, [r3, r7]
10000eae:	f3bf 8f5f 	dmb	sy
10000eb2:	f3bf 8f5f 	dmb	sy
10000eb6:	2200      	movs	r2, #0
10000eb8:	4b34      	ldr	r3, [pc, #208]	@ (10000f8c <irq_remove_handler+0x198>)
10000eba:	601a      	str	r2, [r3, #0]
10000ebc:	f388 8810 	msr	PRIMASK, r8
10000ec0:	b003      	add	sp, #12
10000ec2:	bcf0      	pop	{r4, r5, r6, r7}
10000ec4:	46bb      	mov	fp, r7
10000ec6:	46b2      	mov	sl, r6
10000ec8:	46a9      	mov	r9, r5
10000eca:	46a0      	mov	r8, r4
10000ecc:	bdf0      	pop	{r4, r5, r6, r7, pc}
10000ece:	000c      	movs	r4, r1
10000ed0:	e7ea      	b.n	10000ea8 <irq_remove_handler+0xb4>
10000ed2:	0022      	movs	r2, r4
10000ed4:	3301      	adds	r3, #1
10000ed6:	439a      	bics	r2, r3
10000ed8:	6890      	ldr	r0, [r2, #8]
10000eda:	4285      	cmp	r5, r0
10000edc:	d1d5      	bne.n	10000e8a <irq_remove_handler+0x96>
10000ede:	2006      	movs	r0, #6
10000ee0:	5610      	ldrsb	r0, [r2, r0]
10000ee2:	0013      	movs	r3, r2
10000ee4:	2800      	cmp	r0, #0
10000ee6:	da0a      	bge.n	10000efe <irq_remove_handler+0x10a>
10000ee8:	000c      	movs	r4, r1
10000eea:	e031      	b.n	10000f50 <irq_remove_handler+0x15c>
10000eec:	2380      	movs	r3, #128	@ 0x80
10000eee:	4659      	mov	r1, fp
10000ef0:	4a2a      	ldr	r2, [pc, #168]	@ (10000f9c <irq_remove_handler+0x1a8>)
10000ef2:	50d1      	str	r1, [r2, r3]
10000ef4:	e7d8      	b.n	10000ea8 <irq_remove_handler+0xb4>
10000ef6:	2006      	movs	r0, #6
10000ef8:	5618      	ldrsb	r0, [r3, r0]
10000efa:	2800      	cmp	r0, #0
10000efc:	db21      	blt.n	10000f42 <irq_remove_handler+0x14e>
10000efe:	0042      	lsls	r2, r0, #1
10000f00:	1811      	adds	r1, r2, r0
10000f02:	0089      	lsls	r1, r1, #2
10000f04:	1875      	adds	r5, r6, r1
10000f06:	4689      	mov	r9, r1
10000f08:	68a9      	ldr	r1, [r5, #8]
10000f0a:	6099      	str	r1, [r3, #8]
10000f0c:	79e9      	ldrb	r1, [r5, #7]
10000f0e:	71d9      	strb	r1, [r3, #7]
10000f10:	2106      	movs	r1, #6
10000f12:	5669      	ldrsb	r1, [r5, r1]
10000f14:	7199      	strb	r1, [r3, #6]
10000f16:	2900      	cmp	r1, #0
10000f18:	db24      	blt.n	10000f64 <irq_remove_handler+0x170>
10000f1a:	88ad      	ldrh	r5, [r5, #4]
10000f1c:	1af1      	subs	r1, r6, r3
10000f1e:	056d      	lsls	r5, r5, #21
10000f20:	152d      	asrs	r5, r5, #20
10000f22:	444d      	add	r5, r9
10000f24:	1949      	adds	r1, r1, r5
10000f26:	0509      	lsls	r1, r1, #20
10000f28:	4d1d      	ldr	r5, [pc, #116]	@ (10000fa0 <irq_remove_handler+0x1ac>)
10000f2a:	0d49      	lsrs	r1, r1, #21
10000f2c:	4329      	orrs	r1, r5
10000f2e:	8099      	strh	r1, [r3, #4]
10000f30:	1813      	adds	r3, r2, r0
10000f32:	4a1c      	ldr	r2, [pc, #112]	@ (10000fa4 <irq_remove_handler+0x1b0>)
10000f34:	009b      	lsls	r3, r3, #2
10000f36:	7811      	ldrb	r1, [r2, #0]
10000f38:	18f3      	adds	r3, r6, r3
10000f3a:	7199      	strb	r1, [r3, #6]
10000f3c:	7010      	strb	r0, [r2, #0]
10000f3e:	e7aa      	b.n	10000e96 <irq_remove_handler+0xa2>
10000f40:	0013      	movs	r3, r2
10000f42:	9901      	ldr	r1, [sp, #4]
10000f44:	2900      	cmp	r1, #0
10000f46:	d114      	bne.n	10000f72 <irq_remove_handler+0x17e>
10000f48:	31ff      	adds	r1, #255	@ 0xff
10000f4a:	7191      	strb	r1, [r2, #6]
10000f4c:	4916      	ldr	r1, [pc, #88]	@ (10000fa8 <irq_remove_handler+0x1b4>)
10000f4e:	8091      	strh	r1, [r2, #4]
10000f50:	4914      	ldr	r1, [pc, #80]	@ (10000fa4 <irq_remove_handler+0x1b0>)
10000f52:	780a      	ldrb	r2, [r1, #0]
10000f54:	719a      	strb	r2, [r3, #6]
10000f56:	4a15      	ldr	r2, [pc, #84]	@ (10000fac <irq_remove_handler+0x1b8>)
10000f58:	1b9b      	subs	r3, r3, r6
10000f5a:	415b      	adcs	r3, r3
10000f5c:	435a      	muls	r2, r3
10000f5e:	0d12      	lsrs	r2, r2, #20
10000f60:	700a      	strb	r2, [r1, #0]
10000f62:	e798      	b.n	10000e96 <irq_remove_handler+0xa2>
10000f64:	4910      	ldr	r1, [pc, #64]	@ (10000fa8 <irq_remove_handler+0x1b4>)
10000f66:	e7e2      	b.n	10000f2e <irq_remove_handler+0x13a>
10000f68:	2006      	movs	r0, #6
10000f6a:	5610      	ldrsb	r0, [r2, r0]
10000f6c:	0013      	movs	r3, r2
10000f6e:	2800      	cmp	r0, #0
10000f70:	dac5      	bge.n	10000efe <irq_remove_handler+0x10a>
10000f72:	4a0f      	ldr	r2, [pc, #60]	@ (10000fb0 <irq_remove_handler+0x1bc>)
10000f74:	490f      	ldr	r1, [pc, #60]	@ (10000fb4 <irq_remove_handler+0x1c0>)
10000f76:	1ad2      	subs	r2, r2, r3
10000f78:	3a08      	subs	r2, #8
10000f7a:	0250      	lsls	r0, r2, #9
10000f7c:	0d40      	lsrs	r0, r0, #21
10000f7e:	4301      	orrs	r1, r0
10000f80:	8099      	strh	r1, [r3, #4]
10000f82:	490d      	ldr	r1, [pc, #52]	@ (10000fb8 <irq_remove_handler+0x1c4>)
10000f84:	0852      	lsrs	r2, r2, #1
10000f86:	430a      	orrs	r2, r1
10000f88:	80da      	strh	r2, [r3, #6]
10000f8a:	e784      	b.n	10000e96 <irq_remove_handler+0xa2>
10000f8c:	d0000124 	.word	0xd0000124
10000f90:	e000ed00 	.word	0xe000ed00
10000f94:	100001cd 	.word	0x100001cd
10000f98:	20001858 	.word	0x20001858
10000f9c:	e000e100 	.word	0xe000e100
10000fa0:	ffffe000 	.word	0xffffe000
10000fa4:	20002c25 	.word	0x20002c25
10000fa8:	ffffbd01 	.word	0xffffbd01
10000fac:	0000aaaa 	.word	0x0000aaaa
10000fb0:	20001892 	.word	0x20001892
10000fb4:	fffff000 	.word	0xfffff000
10000fb8:	fffff800 	.word	0xfffff800

10000fbc <irq_add_tail_to_free_list>:
10000fbc:	2301      	movs	r3, #1
10000fbe:	4303      	orrs	r3, r0
10000fc0:	b570      	push	{r4, r5, r6, lr}
10000fc2:	469c      	mov	ip, r3
10000fc4:	f3ef 8105 	mrs	r1, IPSR
10000fc8:	f3ef 8510 	mrs	r5, PRIMASK
10000fcc:	b672      	cpsid	i
10000fce:	4a21      	ldr	r2, [pc, #132]	@ (10001054 <irq_add_tail_to_free_list+0x98>)
10000fd0:	6813      	ldr	r3, [r2, #0]
10000fd2:	2b00      	cmp	r3, #0
10000fd4:	d0fc      	beq.n	10000fd0 <irq_add_tail_to_free_list+0x14>
10000fd6:	f3bf 8f5f 	dmb	sy
10000fda:	4b1f      	ldr	r3, [pc, #124]	@ (10001058 <irq_add_tail_to_free_list+0x9c>)
10000fdc:	0004      	movs	r4, r0
10000fde:	4a1f      	ldr	r2, [pc, #124]	@ (1000105c <irq_add_tail_to_free_list+0xa0>)
10000fe0:	1ae4      	subs	r4, r4, r3
10000fe2:	4164      	adcs	r4, r4
10000fe4:	4362      	muls	r2, r4
10000fe6:	0d12      	lsrs	r2, r2, #20
10000fe8:	4c1d      	ldr	r4, [pc, #116]	@ (10001060 <irq_add_tail_to_free_list+0xa4>)
10000fea:	0089      	lsls	r1, r1, #2
10000fec:	68a6      	ldr	r6, [r4, #8]
10000fee:	b252      	sxtb	r2, r2
10000ff0:	5876      	ldr	r6, [r6, r1]
10000ff2:	4566      	cmp	r6, ip
10000ff4:	d01c      	beq.n	10001030 <irq_add_tail_to_free_list+0x74>
10000ff6:	2106      	movs	r1, #6
10000ff8:	5659      	ldrsb	r1, [r3, r1]
10000ffa:	4291      	cmp	r1, r2
10000ffc:	d01c      	beq.n	10001038 <irq_add_tail_to_free_list+0x7c>
10000ffe:	2112      	movs	r1, #18
10001000:	5659      	ldrsb	r1, [r3, r1]
10001002:	4291      	cmp	r1, r2
10001004:	d022      	beq.n	1000104c <irq_add_tail_to_free_list+0x90>
10001006:	211e      	movs	r1, #30
10001008:	5659      	ldrsb	r1, [r3, r1]
1000100a:	4291      	cmp	r1, r2
1000100c:	d020      	beq.n	10001050 <irq_add_tail_to_free_list+0x94>
1000100e:	212a      	movs	r1, #42	@ 0x2a
10001010:	5659      	ldrsb	r1, [r3, r1]
10001012:	2403      	movs	r4, #3
10001014:	4291      	cmp	r1, r2
10001016:	d010      	beq.n	1000103a <irq_add_tail_to_free_list+0x7e>
10001018:	4b12      	ldr	r3, [pc, #72]	@ (10001064 <irq_add_tail_to_free_list+0xa8>)
1000101a:	7819      	ldrb	r1, [r3, #0]
1000101c:	701a      	strb	r2, [r3, #0]
1000101e:	7181      	strb	r1, [r0, #6]
10001020:	f3bf 8f5f 	dmb	sy
10001024:	2200      	movs	r2, #0
10001026:	4b0b      	ldr	r3, [pc, #44]	@ (10001054 <irq_add_tail_to_free_list+0x98>)
10001028:	601a      	str	r2, [r3, #0]
1000102a:	f385 8810 	msr	PRIMASK, r5
1000102e:	bd70      	pop	{r4, r5, r6, pc}
10001030:	68a3      	ldr	r3, [r4, #8]
10001032:	4c0d      	ldr	r4, [pc, #52]	@ (10001068 <irq_add_tail_to_free_list+0xac>)
10001034:	505c      	str	r4, [r3, r1]
10001036:	e7ef      	b.n	10001018 <irq_add_tail_to_free_list+0x5c>
10001038:	2400      	movs	r4, #0
1000103a:	0061      	lsls	r1, r4, #1
1000103c:	1909      	adds	r1, r1, r4
1000103e:	0089      	lsls	r1, r1, #2
10001040:	185b      	adds	r3, r3, r1
10001042:	21ff      	movs	r1, #255	@ 0xff
10001044:	7199      	strb	r1, [r3, #6]
10001046:	4909      	ldr	r1, [pc, #36]	@ (1000106c <irq_add_tail_to_free_list+0xb0>)
10001048:	8099      	strh	r1, [r3, #4]
1000104a:	e7e5      	b.n	10001018 <irq_add_tail_to_free_list+0x5c>
1000104c:	2401      	movs	r4, #1
1000104e:	e7f4      	b.n	1000103a <irq_add_tail_to_free_list+0x7e>
10001050:	2402      	movs	r4, #2
10001052:	e7f2      	b.n	1000103a <irq_add_tail_to_free_list+0x7e>
10001054:	d0000124 	.word	0xd0000124
10001058:	20001858 	.word	0x20001858
1000105c:	0000aaaa 	.word	0x0000aaaa
10001060:	e000ed00 	.word	0xe000ed00
10001064:	20002c25 	.word	0x20002c25
10001068:	100001cd 	.word	0x100001cd
1000106c:	ffffbd01 	.word	0xffffbd01

10001070 <user_irq_claim_unused>:
10001070:	b500      	push	{lr}
10001072:	4b07      	ldr	r3, [pc, #28]	@ (10001090 <user_irq_claim_unused+0x20>)
10001074:	b083      	sub	sp, #12
10001076:	0001      	movs	r1, r0
10001078:	9300      	str	r3, [sp, #0]
1000107a:	2200      	movs	r2, #0
1000107c:	2305      	movs	r3, #5
1000107e:	4805      	ldr	r0, [pc, #20]	@ (10001094 <user_irq_claim_unused+0x24>)
10001080:	f7ff fcd2 	bl	10000a28 <hw_claim_unused_from_range>
10001084:	2800      	cmp	r0, #0
10001086:	db01      	blt.n	1000108c <user_irq_claim_unused+0x1c>
10001088:	231f      	movs	r3, #31
1000108a:	1a18      	subs	r0, r3, r0
1000108c:	b003      	add	sp, #12
1000108e:	bd00      	pop	{pc}
10001090:	10007dd4 	.word	0x10007dd4
10001094:	20002c29 	.word	0x20002c29

10001098 <lock_init>:
10001098:	4b02      	ldr	r3, [pc, #8]	@ (100010a4 <lock_init+0xc>)
1000109a:	18c9      	adds	r1, r1, r3
1000109c:	0089      	lsls	r1, r1, #2
1000109e:	6001      	str	r1, [r0, #0]
100010a0:	4770      	bx	lr
100010a2:	46c0      	nop			@ (mov r8, r8)
100010a4:	34000040 	.word	0x34000040

100010a8 <runtime_init_mutex>:
100010a8:	b570      	push	{r4, r5, r6, lr}
100010aa:	4c11      	ldr	r4, [pc, #68]	@ (100010f0 <runtime_init_mutex+0x48>)
100010ac:	4d11      	ldr	r5, [pc, #68]	@ (100010f4 <runtime_init_mutex+0x4c>)
100010ae:	42ac      	cmp	r4, r5
100010b0:	d20f      	bcs.n	100010d2 <runtime_init_mutex+0x2a>
100010b2:	26ff      	movs	r6, #255	@ 0xff
100010b4:	6823      	ldr	r3, [r4, #0]
100010b6:	2b00      	cmp	r3, #0
100010b8:	d00c      	beq.n	100010d4 <runtime_init_mutex+0x2c>
100010ba:	f7ff fcf9 	bl	10000ab0 <next_striped_spin_lock_num>
100010be:	0001      	movs	r1, r0
100010c0:	0020      	movs	r0, r4
100010c2:	f7ff ffe9 	bl	10001098 <lock_init>
100010c6:	80a6      	strh	r6, [r4, #4]
100010c8:	f3bf 8f5f 	dmb	sy
100010cc:	3408      	adds	r4, #8
100010ce:	42ac      	cmp	r4, r5
100010d0:	d3f0      	bcc.n	100010b4 <runtime_init_mutex+0xc>
100010d2:	bd70      	pop	{r4, r5, r6, pc}
100010d4:	f7ff fcec 	bl	10000ab0 <next_striped_spin_lock_num>
100010d8:	0001      	movs	r1, r0
100010da:	0020      	movs	r0, r4
100010dc:	f7ff ffdc 	bl	10001098 <lock_init>
100010e0:	7126      	strb	r6, [r4, #4]
100010e2:	f3bf 8f5f 	dmb	sy
100010e6:	3408      	adds	r4, #8
100010e8:	42ac      	cmp	r4, r5
100010ea:	d3e3      	bcc.n	100010b4 <runtime_init_mutex+0xc>
100010ec:	e7f1      	b.n	100010d2 <runtime_init_mutex+0x2a>
100010ee:	46c0      	nop			@ (mov r8, r8)
100010f0:	20001934 	.word	0x20001934
100010f4:	20001944 	.word	0x20001944

100010f8 <mutex_init>:
100010f8:	b510      	push	{r4, lr}
100010fa:	0004      	movs	r4, r0
100010fc:	f7ff fcd8 	bl	10000ab0 <next_striped_spin_lock_num>
10001100:	0001      	movs	r1, r0
10001102:	0020      	movs	r0, r4
10001104:	f7ff ffc8 	bl	10001098 <lock_init>
10001108:	23ff      	movs	r3, #255	@ 0xff
1000110a:	7123      	strb	r3, [r4, #4]
1000110c:	f3bf 8f5f 	dmb	sy
10001110:	bd10      	pop	{r4, pc}
10001112:	46c0      	nop			@ (mov r8, r8)

10001114 <critical_section_init>:
10001114:	b510      	push	{r4, lr}
10001116:	0004      	movs	r4, r0
10001118:	2001      	movs	r0, #1
1000111a:	f7ff fcd5 	bl	10000ac8 <spin_lock_claim_unused>
1000111e:	4b03      	ldr	r3, [pc, #12]	@ (1000112c <critical_section_init+0x18>)
10001120:	18c0      	adds	r0, r0, r3
10001122:	0080      	lsls	r0, r0, #2
10001124:	6020      	str	r0, [r4, #0]
10001126:	f3bf 8f5f 	dmb	sy
1000112a:	bd10      	pop	{r4, pc}
1000112c:	34000040 	.word	0x34000040

10001130 <critical_section_init_with_lock_num>:
10001130:	4b03      	ldr	r3, [pc, #12]	@ (10001140 <critical_section_init_with_lock_num+0x10>)
10001132:	18c9      	adds	r1, r1, r3
10001134:	0089      	lsls	r1, r1, #2
10001136:	6001      	str	r1, [r0, #0]
10001138:	f3bf 8f5f 	dmb	sy
1000113c:	4770      	bx	lr
1000113e:	46c0      	nop			@ (mov r8, r8)
10001140:	34000040 	.word	0x34000040

10001144 <sleep_until_callback>:
10001144:	4b0a      	ldr	r3, [pc, #40]	@ (10001170 <sleep_until_callback+0x2c>)
10001146:	6819      	ldr	r1, [r3, #0]
10001148:	f3ef 8010 	mrs	r0, PRIMASK
1000114c:	b672      	cpsid	i
1000114e:	680a      	ldr	r2, [r1, #0]
10001150:	2a00      	cmp	r2, #0
10001152:	d0fc      	beq.n	1000114e <sleep_until_callback+0xa>
10001154:	f3bf 8f5f 	dmb	sy
10001158:	681b      	ldr	r3, [r3, #0]
1000115a:	f3bf 8f5f 	dmb	sy
1000115e:	2200      	movs	r2, #0
10001160:	601a      	str	r2, [r3, #0]
10001162:	f380 8810 	msr	PRIMASK, r0
10001166:	bf40      	sev
10001168:	2000      	movs	r0, #0
1000116a:	2100      	movs	r1, #0
1000116c:	4770      	bx	lr
1000116e:	46c0      	nop			@ (mov r8, r8)
10001170:	200029c8 	.word	0x200029c8

10001174 <alarm_pool_irq_handler>:
10001174:	b5f0      	push	{r4, r5, r6, r7, lr}
10001176:	46de      	mov	lr, fp
10001178:	4657      	mov	r7, sl
1000117a:	464e      	mov	r6, r9
1000117c:	4645      	mov	r5, r8
1000117e:	b5e0      	push	{r5, r6, r7, lr}
10001180:	b085      	sub	sp, #20
10001182:	f3ef 8305 	mrs	r3, IPSR
10001186:	2203      	movs	r2, #3
10001188:	401a      	ands	r2, r3
1000118a:	4bb3      	ldr	r3, [pc, #716]	@ (10001458 <alarm_pool_irq_handler+0x2e4>)
1000118c:	0091      	lsls	r1, r2, #2
1000118e:	585f      	ldr	r7, [r3, r1]
10001190:	2301      	movs	r3, #1
10001192:	4093      	lsls	r3, r2
10001194:	469b      	mov	fp, r3
10001196:	9202      	str	r2, [sp, #8]
10001198:	465a      	mov	r2, fp
1000119a:	4688      	mov	r8, r1
1000119c:	4baf      	ldr	r3, [pc, #700]	@ (1000145c <alarm_pool_irq_handler+0x2e8>)
1000119e:	601a      	str	r2, [r3, #0]
100011a0:	4baf      	ldr	r3, [pc, #700]	@ (10001460 <alarm_pool_irq_handler+0x2ec>)
100011a2:	9303      	str	r3, [sp, #12]
100011a4:	465b      	mov	r3, fp
100011a6:	48af      	ldr	r0, [pc, #700]	@ (10001464 <alarm_pool_irq_handler+0x2f0>)
100011a8:	6343      	str	r3, [r0, #52]	@ 0x34
100011aa:	2308      	movs	r3, #8
100011ac:	5efe      	ldrsh	r6, [r7, r3]
100011ae:	2e00      	cmp	r6, #0
100011b0:	da37      	bge.n	10001222 <alarm_pool_irq_handler+0xae>
100011b2:	88bb      	ldrh	r3, [r7, #4]
100011b4:	b21b      	sxth	r3, r3
100011b6:	2b00      	cmp	r3, #0
100011b8:	db00      	blt.n	100011bc <alarm_pool_irq_handler+0x48>
100011ba:	e0a4      	b.n	10001306 <alarm_pool_irq_handler+0x192>
100011bc:	79bb      	ldrb	r3, [r7, #6]
100011be:	2b00      	cmp	r3, #0
100011c0:	d000      	beq.n	100011c4 <alarm_pool_irq_handler+0x50>
100011c2:	e0e5      	b.n	10001390 <alarm_pool_irq_handler+0x21c>
100011c4:	2308      	movs	r3, #8
100011c6:	5ef9      	ldrsh	r1, [r7, r3]
100011c8:	2900      	cmp	r1, #0
100011ca:	db20      	blt.n	1000120e <alarm_pool_irq_handler+0x9a>
100011cc:	004b      	lsls	r3, r1, #1
100011ce:	697a      	ldr	r2, [r7, #20]
100011d0:	185b      	adds	r3, r3, r1
100011d2:	00db      	lsls	r3, r3, #3
100011d4:	18d3      	adds	r3, r2, r3
100011d6:	689d      	ldr	r5, [r3, #8]
100011d8:	68dc      	ldr	r4, [r3, #12]
100011da:	1c6b      	adds	r3, r5, #1
100011dc:	d100      	bne.n	100011e0 <alarm_pool_irq_handler+0x6c>
100011de:	e104      	b.n	100013ea <alarm_pool_irq_handler+0x276>
100011e0:	48a0      	ldr	r0, [pc, #640]	@ (10001464 <alarm_pool_irq_handler+0x2f0>)
100011e2:	0001      	movs	r1, r0
100011e4:	4441      	add	r1, r8
100011e6:	6a82      	ldr	r2, [r0, #40]	@ 0x28
100011e8:	690b      	ldr	r3, [r1, #16]
100011ea:	1aae      	subs	r6, r5, r2
100011ec:	1a9b      	subs	r3, r3, r2
100011ee:	429e      	cmp	r6, r3
100011f0:	d315      	bcc.n	1000121e <alarm_pool_irq_handler+0xaa>
100011f2:	2301      	movs	r3, #1
100011f4:	6a02      	ldr	r2, [r0, #32]
100011f6:	9802      	ldr	r0, [sp, #8]
100011f8:	4083      	lsls	r3, r0
100011fa:	421a      	tst	r2, r3
100011fc:	d00f      	beq.n	1000121e <alarm_pool_irq_handler+0xaa>
100011fe:	4899      	ldr	r0, [pc, #612]	@ (10001464 <alarm_pool_irq_handler+0x2f0>)
10001200:	f000 fb2c 	bl	1000185c <timer_time_us_64>
10001204:	428c      	cmp	r4, r1
10001206:	dc02      	bgt.n	1000120e <alarm_pool_irq_handler+0x9a>
10001208:	d1cc      	bne.n	100011a4 <alarm_pool_irq_handler+0x30>
1000120a:	4285      	cmp	r5, r0
1000120c:	d9ca      	bls.n	100011a4 <alarm_pool_irq_handler+0x30>
1000120e:	bf40      	sev
10001210:	b005      	add	sp, #20
10001212:	bcf0      	pop	{r4, r5, r6, r7}
10001214:	46bb      	mov	fp, r7
10001216:	46b2      	mov	sl, r6
10001218:	46a9      	mov	r9, r5
1000121a:	46a0      	mov	r8, r4
1000121c:	bdf0      	pop	{r4, r5, r6, r7, pc}
1000121e:	610d      	str	r5, [r1, #16]
10001220:	e7ed      	b.n	100011fe <alarm_pool_irq_handler+0x8a>
10001222:	697a      	ldr	r2, [r7, #20]
10001224:	0073      	lsls	r3, r6, #1
10001226:	4691      	mov	r9, r2
10001228:	199b      	adds	r3, r3, r6
1000122a:	00db      	lsls	r3, r3, #3
1000122c:	4499      	add	r9, r3
1000122e:	464b      	mov	r3, r9
10001230:	689c      	ldr	r4, [r3, #8]
10001232:	68dd      	ldr	r5, [r3, #12]
10001234:	f000 fb12 	bl	1000185c <timer_time_us_64>
10001238:	428d      	cmp	r5, r1
1000123a:	dcba      	bgt.n	100011b2 <alarm_pool_irq_handler+0x3e>
1000123c:	d100      	bne.n	10001240 <alarm_pool_irq_handler+0xcc>
1000123e:	e0f6      	b.n	1000142e <alarm_pool_irq_handler+0x2ba>
10001240:	2d00      	cmp	r5, #0
10001242:	da00      	bge.n	10001246 <alarm_pool_irq_handler+0xd2>
10001244:	e0db      	b.n	100013fe <alarm_pool_irq_handler+0x28a>
10001246:	464a      	mov	r2, r9
10001248:	464b      	mov	r3, r9
1000124a:	6952      	ldr	r2, [r2, #20]
1000124c:	691b      	ldr	r3, [r3, #16]
1000124e:	4692      	mov	sl, r2
10001250:	9a03      	ldr	r2, [sp, #12]
10001252:	4293      	cmp	r3, r2
10001254:	d100      	bne.n	10001258 <alarm_pool_irq_handler+0xe4>
10001256:	e0cc      	b.n	100013f2 <alarm_pool_irq_handler+0x27e>
10001258:	464a      	mov	r2, r9
1000125a:	2108      	movs	r1, #8
1000125c:	5e78      	ldrsh	r0, [r7, r1]
1000125e:	8852      	ldrh	r2, [r2, #2]
10001260:	0400      	lsls	r0, r0, #16
10001262:	4651      	mov	r1, sl
10001264:	4310      	orrs	r0, r2
10001266:	4798      	blx	r3
10001268:	9000      	str	r0, [sp, #0]
1000126a:	9101      	str	r1, [sp, #4]
1000126c:	9900      	ldr	r1, [sp, #0]
1000126e:	9a01      	ldr	r2, [sp, #4]
10001270:	000b      	movs	r3, r1
10001272:	4313      	orrs	r3, r2
10001274:	d100      	bne.n	10001278 <alarm_pool_irq_handler+0x104>
10001276:	e0c2      	b.n	100013fe <alarm_pool_irq_handler+0x28a>
10001278:	0013      	movs	r3, r2
1000127a:	000a      	movs	r2, r1
1000127c:	2b00      	cmp	r3, #0
1000127e:	db00      	blt.n	10001282 <alarm_pool_irq_handler+0x10e>
10001280:	e0d9      	b.n	10001436 <alarm_pool_irq_handler+0x2c2>
10001282:	0020      	movs	r0, r4
10001284:	0029      	movs	r1, r5
10001286:	1a80      	subs	r0, r0, r2
10001288:	4199      	sbcs	r1, r3
1000128a:	464b      	mov	r3, r9
1000128c:	6098      	str	r0, [r3, #8]
1000128e:	60d9      	str	r1, [r3, #12]
10001290:	2200      	movs	r2, #0
10001292:	5e9b      	ldrsh	r3, [r3, r2]
10001294:	2b00      	cmp	r3, #0
10001296:	da00      	bge.n	1000129a <alarm_pool_irq_handler+0x126>
10001298:	e78b      	b.n	100011b2 <alarm_pool_irq_handler+0x3e>
1000129a:	005d      	lsls	r5, r3, #1
1000129c:	697c      	ldr	r4, [r7, #20]
1000129e:	18ea      	adds	r2, r5, r3
100012a0:	00d2      	lsls	r2, r2, #3
100012a2:	18a2      	adds	r2, r4, r2
100012a4:	9400      	str	r4, [sp, #0]
100012a6:	6894      	ldr	r4, [r2, #8]
100012a8:	68d2      	ldr	r2, [r2, #12]
100012aa:	46a2      	mov	sl, r4
100012ac:	428a      	cmp	r2, r1
100012ae:	dd00      	ble.n	100012b2 <alarm_pool_irq_handler+0x13e>
100012b0:	e77f      	b.n	100011b2 <alarm_pool_irq_handler+0x3e>
100012b2:	d102      	bne.n	100012ba <alarm_pool_irq_handler+0x146>
100012b4:	4284      	cmp	r4, r0
100012b6:	d900      	bls.n	100012ba <alarm_pool_irq_handler+0x146>
100012b8:	e77b      	b.n	100011b2 <alarm_pool_irq_handler+0x3e>
100012ba:	2408      	movs	r4, #8
100012bc:	46a4      	mov	ip, r4
100012be:	813b      	strh	r3, [r7, #8]
100012c0:	44bc      	add	ip, r7
100012c2:	9c00      	ldr	r4, [sp, #0]
100012c4:	9700      	str	r7, [sp, #0]
100012c6:	002f      	movs	r7, r5
100012c8:	4665      	mov	r5, ip
100012ca:	46b4      	mov	ip, r6
100012cc:	003e      	movs	r6, r7
100012ce:	e006      	b.n	100012de <alarm_pool_irq_handler+0x16a>
100012d0:	005e      	lsls	r6, r3, #1
100012d2:	18f2      	adds	r2, r6, r3
100012d4:	00d2      	lsls	r2, r2, #3
100012d6:	18a2      	adds	r2, r4, r2
100012d8:	6897      	ldr	r7, [r2, #8]
100012da:	68d2      	ldr	r2, [r2, #12]
100012dc:	46ba      	mov	sl, r7
100012de:	428a      	cmp	r2, r1
100012e0:	dc07      	bgt.n	100012f2 <alarm_pool_irq_handler+0x17e>
100012e2:	d100      	bne.n	100012e6 <alarm_pool_irq_handler+0x172>
100012e4:	e0b4      	b.n	10001450 <alarm_pool_irq_handler+0x2dc>
100012e6:	18f3      	adds	r3, r6, r3
100012e8:	00db      	lsls	r3, r3, #3
100012ea:	18e5      	adds	r5, r4, r3
100012ec:	5ee3      	ldrsh	r3, [r4, r3]
100012ee:	2b00      	cmp	r3, #0
100012f0:	daee      	bge.n	100012d0 <alarm_pool_irq_handler+0x15c>
100012f2:	4666      	mov	r6, ip
100012f4:	464a      	mov	r2, r9
100012f6:	9f00      	ldr	r7, [sp, #0]
100012f8:	8013      	strh	r3, [r2, #0]
100012fa:	802e      	strh	r6, [r5, #0]
100012fc:	88bb      	ldrh	r3, [r7, #4]
100012fe:	b21b      	sxth	r3, r3
10001300:	2b00      	cmp	r3, #0
10001302:	da00      	bge.n	10001306 <alarm_pool_irq_handler+0x192>
10001304:	e75a      	b.n	100011bc <alarm_pool_irq_handler+0x48>
10001306:	693a      	ldr	r2, [r7, #16]
10001308:	f3ef 8110 	mrs	r1, PRIMASK
1000130c:	b672      	cpsid	i
1000130e:	6813      	ldr	r3, [r2, #0]
10001310:	2b00      	cmp	r3, #0
10001312:	d0fc      	beq.n	1000130e <alarm_pool_irq_handler+0x19a>
10001314:	f3bf 8f5f 	dmb	sy
10001318:	2301      	movs	r3, #1
1000131a:	88be      	ldrh	r6, [r7, #4]
1000131c:	425b      	negs	r3, r3
1000131e:	80bb      	strh	r3, [r7, #4]
10001320:	b236      	sxth	r6, r6
10001322:	693b      	ldr	r3, [r7, #16]
10001324:	f3bf 8f5f 	dmb	sy
10001328:	2200      	movs	r2, #0
1000132a:	601a      	str	r2, [r3, #0]
1000132c:	f381 8810 	msr	PRIMASK, r1
10001330:	2e00      	cmp	r6, #0
10001332:	da00      	bge.n	10001336 <alarm_pool_irq_handler+0x1c2>
10001334:	e742      	b.n	100011bc <alarm_pool_irq_handler+0x48>
10001336:	003b      	movs	r3, r7
10001338:	3308      	adds	r3, #8
1000133a:	003a      	movs	r2, r7
1000133c:	4699      	mov	r9, r3
1000133e:	697d      	ldr	r5, [r7, #20]
10001340:	0073      	lsls	r3, r6, #1
10001342:	199b      	adds	r3, r3, r6
10001344:	2408      	movs	r4, #8
10001346:	5f11      	ldrsh	r1, [r2, r4]
10001348:	00db      	lsls	r3, r3, #3
1000134a:	4648      	mov	r0, r9
1000134c:	18eb      	adds	r3, r5, r3
1000134e:	2900      	cmp	r1, #0
10001350:	db13      	blt.n	1000137a <alarm_pool_irq_handler+0x206>
10001352:	689c      	ldr	r4, [r3, #8]
10001354:	9300      	str	r3, [sp, #0]
10001356:	46a4      	mov	ip, r4
10001358:	68dc      	ldr	r4, [r3, #12]
1000135a:	e006      	b.n	1000136a <alarm_pool_irq_handler+0x1f6>
1000135c:	42a3      	cmp	r3, r4
1000135e:	d040      	beq.n	100013e2 <alarm_pool_irq_handler+0x26e>
10001360:	2300      	movs	r3, #0
10001362:	5ef9      	ldrsh	r1, [r7, r3]
10001364:	0038      	movs	r0, r7
10001366:	2900      	cmp	r1, #0
10001368:	db06      	blt.n	10001378 <alarm_pool_irq_handler+0x204>
1000136a:	004f      	lsls	r7, r1, #1
1000136c:	187f      	adds	r7, r7, r1
1000136e:	00ff      	lsls	r7, r7, #3
10001370:	19ef      	adds	r7, r5, r7
10001372:	68fb      	ldr	r3, [r7, #12]
10001374:	42a3      	cmp	r3, r4
10001376:	ddf1      	ble.n	1000135c <alarm_pool_irq_handler+0x1e8>
10001378:	9b00      	ldr	r3, [sp, #0]
1000137a:	8006      	strh	r6, [r0, #0]
1000137c:	2000      	movs	r0, #0
1000137e:	5e1e      	ldrsh	r6, [r3, r0]
10001380:	8019      	strh	r1, [r3, #0]
10001382:	2e00      	cmp	r6, #0
10001384:	dadc      	bge.n	10001340 <alarm_pool_irq_handler+0x1cc>
10001386:	0017      	movs	r7, r2
10001388:	79bb      	ldrb	r3, [r7, #6]
1000138a:	2b00      	cmp	r3, #0
1000138c:	d100      	bne.n	10001390 <alarm_pool_irq_handler+0x21c>
1000138e:	e719      	b.n	100011c4 <alarm_pool_irq_handler+0x50>
10001390:	2300      	movs	r3, #0
10001392:	71bb      	strb	r3, [r7, #6]
10001394:	2308      	movs	r3, #8
10001396:	5ef9      	ldrsh	r1, [r7, r3]
10001398:	1c4b      	adds	r3, r1, #1
1000139a:	d100      	bne.n	1000139e <alarm_pool_irq_handler+0x22a>
1000139c:	e737      	b.n	1000120e <alarm_pool_irq_handler+0x9a>
1000139e:	003d      	movs	r5, r7
100013a0:	3508      	adds	r5, #8
100013a2:	46ac      	mov	ip, r5
100013a4:	697c      	ldr	r4, [r7, #20]
100013a6:	e003      	b.n	100013b0 <alarm_pool_irq_handler+0x23c>
100013a8:	4684      	mov	ip, r0
100013aa:	1c4b      	adds	r3, r1, #1
100013ac:	d100      	bne.n	100013b0 <alarm_pool_irq_handler+0x23c>
100013ae:	e709      	b.n	100011c4 <alarm_pool_irq_handler+0x50>
100013b0:	004b      	lsls	r3, r1, #1
100013b2:	185b      	adds	r3, r3, r1
100013b4:	00db      	lsls	r3, r3, #3
100013b6:	18e0      	adds	r0, r4, r3
100013b8:	000a      	movs	r2, r1
100013ba:	5ee1      	ldrsh	r1, [r4, r3]
100013bc:	8843      	ldrh	r3, [r0, #2]
100013be:	b21b      	sxth	r3, r3
100013c0:	2b00      	cmp	r3, #0
100013c2:	daf1      	bge.n	100013a8 <alarm_pool_irq_handler+0x234>
100013c4:	2501      	movs	r5, #1
100013c6:	426d      	negs	r5, r5
100013c8:	17ee      	asrs	r6, r5, #31
100013ca:	6085      	str	r5, [r0, #8]
100013cc:	60c6      	str	r6, [r0, #12]
100013ce:	2508      	movs	r5, #8
100013d0:	5f7b      	ldrsh	r3, [r7, r5]
100013d2:	4293      	cmp	r3, r2
100013d4:	d0e9      	beq.n	100013aa <alarm_pool_irq_handler+0x236>
100013d6:	4663      	mov	r3, ip
100013d8:	8019      	strh	r1, [r3, #0]
100013da:	893b      	ldrh	r3, [r7, #8]
100013dc:	8003      	strh	r3, [r0, #0]
100013de:	813a      	strh	r2, [r7, #8]
100013e0:	e7e3      	b.n	100013aa <alarm_pool_irq_handler+0x236>
100013e2:	68bb      	ldr	r3, [r7, #8]
100013e4:	4563      	cmp	r3, ip
100013e6:	d9bb      	bls.n	10001360 <alarm_pool_irq_handler+0x1ec>
100013e8:	e7c6      	b.n	10001378 <alarm_pool_irq_handler+0x204>
100013ea:	1c63      	adds	r3, r4, #1
100013ec:	d000      	beq.n	100013f0 <alarm_pool_irq_handler+0x27c>
100013ee:	e6f7      	b.n	100011e0 <alarm_pool_irq_handler+0x6c>
100013f0:	e705      	b.n	100011fe <alarm_pool_irq_handler+0x8a>
100013f2:	4653      	mov	r3, sl
100013f4:	4650      	mov	r0, sl
100013f6:	691b      	ldr	r3, [r3, #16]
100013f8:	4798      	blx	r3
100013fa:	2800      	cmp	r0, #0
100013fc:	d123      	bne.n	10001446 <alarm_pool_irq_handler+0x2d2>
100013fe:	464b      	mov	r3, r9
10001400:	881b      	ldrh	r3, [r3, #0]
10001402:	693a      	ldr	r2, [r7, #16]
10001404:	813b      	strh	r3, [r7, #8]
10001406:	f3ef 8310 	mrs	r3, PRIMASK
1000140a:	b672      	cpsid	i
1000140c:	6811      	ldr	r1, [r2, #0]
1000140e:	2900      	cmp	r1, #0
10001410:	d0fc      	beq.n	1000140c <alarm_pool_irq_handler+0x298>
10001412:	f3bf 8f5f 	dmb	sy
10001416:	4649      	mov	r1, r9
10001418:	887a      	ldrh	r2, [r7, #2]
1000141a:	800a      	strh	r2, [r1, #0]
1000141c:	693a      	ldr	r2, [r7, #16]
1000141e:	807e      	strh	r6, [r7, #2]
10001420:	f3bf 8f5f 	dmb	sy
10001424:	2100      	movs	r1, #0
10001426:	6011      	str	r1, [r2, #0]
10001428:	f383 8810 	msr	PRIMASK, r3
1000142c:	e6c1      	b.n	100011b2 <alarm_pool_irq_handler+0x3e>
1000142e:	4284      	cmp	r4, r0
10001430:	d800      	bhi.n	10001434 <alarm_pool_irq_handler+0x2c0>
10001432:	e705      	b.n	10001240 <alarm_pool_irq_handler+0xcc>
10001434:	e6bd      	b.n	100011b2 <alarm_pool_irq_handler+0x3e>
10001436:	480b      	ldr	r0, [pc, #44]	@ (10001464 <alarm_pool_irq_handler+0x2f0>)
10001438:	f000 fa10 	bl	1000185c <timer_time_us_64>
1000143c:	9b00      	ldr	r3, [sp, #0]
1000143e:	9c01      	ldr	r4, [sp, #4]
10001440:	18c0      	adds	r0, r0, r3
10001442:	4161      	adcs	r1, r4
10001444:	e721      	b.n	1000128a <alarm_pool_irq_handler+0x116>
10001446:	4653      	mov	r3, sl
10001448:	cb0c      	ldmia	r3, {r2, r3}
1000144a:	9200      	str	r2, [sp, #0]
1000144c:	9301      	str	r3, [sp, #4]
1000144e:	e70d      	b.n	1000126c <alarm_pool_irq_handler+0xf8>
10001450:	4582      	cmp	sl, r0
10001452:	d800      	bhi.n	10001456 <alarm_pool_irq_handler+0x2e2>
10001454:	e747      	b.n	100012e6 <alarm_pool_irq_handler+0x172>
10001456:	e74c      	b.n	100012f2 <alarm_pool_irq_handler+0x17e>
10001458:	200029ac 	.word	0x200029ac
1000145c:	4005703c 	.word	0x4005703c
10001460:	10001175 	.word	0x10001175
10001464:	40054000 	.word	0x40054000

10001468 <runtime_init_default_alarm_pool>:
10001468:	b570      	push	{r4, r5, r6, lr}
1000146a:	4c2d      	ldr	r4, [pc, #180]	@ (10001520 <runtime_init_default_alarm_pool+0xb8>)
1000146c:	6925      	ldr	r5, [r4, #16]
1000146e:	2d00      	cmp	r5, #0
10001470:	d004      	beq.n	1000147c <runtime_init_default_alarm_pool+0x14>
10001472:	210a      	movs	r1, #10
10001474:	482b      	ldr	r0, [pc, #172]	@ (10001524 <runtime_init_default_alarm_pool+0xbc>)
10001476:	f7ff fe0f 	bl	10001098 <lock_init>
1000147a:	bd70      	pop	{r4, r5, r6, pc}
1000147c:	4e2a      	ldr	r6, [pc, #168]	@ (10001528 <runtime_init_default_alarm_pool+0xc0>)
1000147e:	2103      	movs	r1, #3
10001480:	4829      	ldr	r0, [pc, #164]	@ (10001528 <runtime_init_default_alarm_pool+0xc0>)
10001482:	f000 f9e1 	bl	10001848 <timer_hardware_alarm_claim>
10001486:	60e6      	str	r6, [r4, #12]
10001488:	f7ff fb12 	bl	10000ab0 <next_striped_spin_lock_num>
1000148c:	4b27      	ldr	r3, [pc, #156]	@ (1000152c <runtime_init_default_alarm_pool+0xc4>)
1000148e:	2203      	movs	r2, #3
10001490:	18c0      	adds	r0, r0, r3
10001492:	23d0      	movs	r3, #208	@ 0xd0
10001494:	7022      	strb	r2, [r4, #0]
10001496:	061b      	lsls	r3, r3, #24
10001498:	681b      	ldr	r3, [r3, #0]
1000149a:	2101      	movs	r1, #1
1000149c:	7063      	strb	r3, [r4, #1]
1000149e:	4b24      	ldr	r3, [pc, #144]	@ (10001530 <runtime_init_default_alarm_pool+0xc8>)
100014a0:	0080      	lsls	r0, r0, #2
100014a2:	60a3      	str	r3, [r4, #8]
100014a4:	230f      	movs	r3, #15
100014a6:	6120      	str	r0, [r4, #16]
100014a8:	2002      	movs	r0, #2
100014aa:	8063      	strh	r3, [r4, #2]
100014ac:	6963      	ldr	r3, [r4, #20]
100014ae:	4249      	negs	r1, r1
100014b0:	80a1      	strh	r1, [r4, #4]
100014b2:	8019      	strh	r1, [r3, #0]
100014b4:	3102      	adds	r1, #2
100014b6:	8619      	strh	r1, [r3, #48]	@ 0x30
100014b8:	3147      	adds	r1, #71	@ 0x47
100014ba:	831d      	strh	r5, [r3, #24]
100014bc:	5258      	strh	r0, [r3, r1]
100014be:	3118      	adds	r1, #24
100014c0:	525a      	strh	r2, [r3, r1]
100014c2:	3275      	adds	r2, #117	@ 0x75
100014c4:	395c      	subs	r1, #92	@ 0x5c
100014c6:	5299      	strh	r1, [r3, r2]
100014c8:	3218      	adds	r2, #24
100014ca:	3101      	adds	r1, #1
100014cc:	5299      	strh	r1, [r3, r2]
100014ce:	3218      	adds	r2, #24
100014d0:	3101      	adds	r1, #1
100014d2:	5299      	strh	r1, [r3, r2]
100014d4:	3218      	adds	r2, #24
100014d6:	3101      	adds	r1, #1
100014d8:	5299      	strh	r1, [r3, r2]
100014da:	3508      	adds	r5, #8
100014dc:	3218      	adds	r2, #24
100014de:	529d      	strh	r5, [r3, r2]
100014e0:	3102      	adds	r1, #2
100014e2:	3218      	adds	r2, #24
100014e4:	5299      	strh	r1, [r3, r2]
100014e6:	3218      	adds	r2, #24
100014e8:	3101      	adds	r1, #1
100014ea:	5299      	strh	r1, [r3, r2]
100014ec:	3218      	adds	r2, #24
100014ee:	3101      	adds	r1, #1
100014f0:	5299      	strh	r1, [r3, r2]
100014f2:	3218      	adds	r2, #24
100014f4:	3101      	adds	r1, #1
100014f6:	5299      	strh	r1, [r3, r2]
100014f8:	3218      	adds	r2, #24
100014fa:	3101      	adds	r1, #1
100014fc:	5299      	strh	r1, [r3, r2]
100014fe:	3218      	adds	r2, #24
10001500:	3101      	adds	r1, #1
10001502:	5299      	strh	r1, [r3, r2]
10001504:	4b0b      	ldr	r3, [pc, #44]	@ (10001534 <runtime_init_default_alarm_pool+0xcc>)
10001506:	490c      	ldr	r1, [pc, #48]	@ (10001538 <runtime_init_default_alarm_pool+0xd0>)
10001508:	60dc      	str	r4, [r3, #12]
1000150a:	3001      	adds	r0, #1
1000150c:	6235      	str	r5, [r6, #32]
1000150e:	f7ff fb61 	bl	10000bd4 <irq_set_exclusive_handler>
10001512:	2101      	movs	r1, #1
10001514:	2003      	movs	r0, #3
10001516:	f7ff fb19 	bl	10000b4c <irq_set_enabled>
1000151a:	4b08      	ldr	r3, [pc, #32]	@ (1000153c <runtime_init_default_alarm_pool+0xd4>)
1000151c:	601d      	str	r5, [r3, #0]
1000151e:	e7a8      	b.n	10001472 <runtime_init_default_alarm_pool+0xa>
10001520:	200018a0 	.word	0x200018a0
10001524:	200029c8 	.word	0x200029c8
10001528:	40054000 	.word	0x40054000
1000152c:	34000040 	.word	0x34000040
10001530:	0010ffff 	.word	0x0010ffff
10001534:	200029ac 	.word	0x200029ac
10001538:	10001175 	.word	0x10001175
1000153c:	40056038 	.word	0x40056038

10001540 <alarm_pool_get_default>:
10001540:	4800      	ldr	r0, [pc, #0]	@ (10001544 <alarm_pool_get_default+0x4>)
10001542:	4770      	bx	lr
10001544:	200018a0 	.word	0x200018a0

10001548 <alarm_pool_add_alarm_at>:
10001548:	b5f8      	push	{r3, r4, r5, r6, r7, lr}
1000154a:	001f      	movs	r7, r3
1000154c:	ab08      	add	r3, sp, #32
1000154e:	781b      	ldrb	r3, [r3, #0]
10001550:	0004      	movs	r4, r0
10001552:	0016      	movs	r6, r2
10001554:	2b00      	cmp	r3, #0
10001556:	d107      	bne.n	10001568 <alarm_pool_add_alarm_at+0x20>
10001558:	f000 f988 	bl	1000186c <time_us_64>
1000155c:	0032      	movs	r2, r6
1000155e:	003b      	movs	r3, r7
10001560:	1a12      	subs	r2, r2, r0
10001562:	418b      	sbcs	r3, r1
10001564:	2b00      	cmp	r3, #0
10001566:	db51      	blt.n	1000160c <alarm_pool_add_alarm_at+0xc4>
10001568:	6922      	ldr	r2, [r4, #16]
1000156a:	f3ef 8c10 	mrs	ip, PRIMASK
1000156e:	b672      	cpsid	i
10001570:	6813      	ldr	r3, [r2, #0]
10001572:	2b00      	cmp	r3, #0
10001574:	d0fc      	beq.n	10001570 <alarm_pool_add_alarm_at+0x28>
10001576:	f3bf 8f5f 	dmb	sy
1000157a:	2302      	movs	r3, #2
1000157c:	5ee1      	ldrsh	r1, [r4, r3]
1000157e:	6925      	ldr	r5, [r4, #16]
10001580:	2900      	cmp	r1, #0
10001582:	db3a      	blt.n	100015fa <alarm_pool_add_alarm_at+0xb2>
10001584:	004b      	lsls	r3, r1, #1
10001586:	6960      	ldr	r0, [r4, #20]
10001588:	185b      	adds	r3, r3, r1
1000158a:	00db      	lsls	r3, r3, #3
1000158c:	18c2      	adds	r2, r0, r3
1000158e:	5ac3      	ldrh	r3, [r0, r3]
10001590:	8063      	strh	r3, [r4, #2]
10001592:	f3bf 8f5f 	dmb	sy
10001596:	2300      	movs	r3, #0
10001598:	602b      	str	r3, [r5, #0]
1000159a:	f38c 8810 	msr	PRIMASK, ip
1000159e:	9b06      	ldr	r3, [sp, #24]
100015a0:	6096      	str	r6, [r2, #8]
100015a2:	60d7      	str	r7, [r2, #12]
100015a4:	6113      	str	r3, [r2, #16]
100015a6:	9b07      	ldr	r3, [sp, #28]
100015a8:	6153      	str	r3, [r2, #20]
100015aa:	8853      	ldrh	r3, [r2, #2]
100015ac:	3301      	adds	r3, #1
100015ae:	045b      	lsls	r3, r3, #17
100015b0:	0c5b      	lsrs	r3, r3, #17
100015b2:	1c18      	adds	r0, r3, #0
100015b4:	2b00      	cmp	r3, #0
100015b6:	d01e      	beq.n	100015f6 <alarm_pool_add_alarm_at+0xae>
100015b8:	b283      	uxth	r3, r0
100015ba:	8050      	strh	r0, [r2, #2]
100015bc:	0408      	lsls	r0, r1, #16
100015be:	4318      	orrs	r0, r3
100015c0:	6925      	ldr	r5, [r4, #16]
100015c2:	f3ef 8610 	mrs	r6, PRIMASK
100015c6:	b672      	cpsid	i
100015c8:	682b      	ldr	r3, [r5, #0]
100015ca:	2b00      	cmp	r3, #0
100015cc:	d0fc      	beq.n	100015c8 <alarm_pool_add_alarm_at+0x80>
100015ce:	f3bf 8f5f 	dmb	sy
100015d2:	88a3      	ldrh	r3, [r4, #4]
100015d4:	8013      	strh	r3, [r2, #0]
100015d6:	80a1      	strh	r1, [r4, #4]
100015d8:	6923      	ldr	r3, [r4, #16]
100015da:	f3bf 8f5f 	dmb	sy
100015de:	2200      	movs	r2, #0
100015e0:	601a      	str	r2, [r3, #0]
100015e2:	f386 8810 	msr	PRIMASK, r6
100015e6:	7823      	ldrb	r3, [r4, #0]
100015e8:	3201      	adds	r2, #1
100015ea:	409a      	lsls	r2, r3
100015ec:	4908      	ldr	r1, [pc, #32]	@ (10001610 <alarm_pool_add_alarm_at+0xc8>)
100015ee:	68e3      	ldr	r3, [r4, #12]
100015f0:	185b      	adds	r3, r3, r1
100015f2:	601a      	str	r2, [r3, #0]
100015f4:	bdf8      	pop	{r3, r4, r5, r6, r7, pc}
100015f6:	2001      	movs	r0, #1
100015f8:	e7de      	b.n	100015b8 <alarm_pool_add_alarm_at+0x70>
100015fa:	f3bf 8f5f 	dmb	sy
100015fe:	2300      	movs	r3, #0
10001600:	602b      	str	r3, [r5, #0]
10001602:	f38c 8810 	msr	PRIMASK, ip
10001606:	2001      	movs	r0, #1
10001608:	4240      	negs	r0, r0
1000160a:	e7f3      	b.n	100015f4 <alarm_pool_add_alarm_at+0xac>
1000160c:	2000      	movs	r0, #0
1000160e:	e7f1      	b.n	100015f4 <alarm_pool_add_alarm_at+0xac>
10001610:	0000203c 	.word	0x0000203c

10001614 <alarm_pool_add_alarm_at_force_in_context>:
10001614:	b570      	push	{r4, r5, r6, lr}
10001616:	b082      	sub	sp, #8
10001618:	9200      	str	r2, [sp, #0]
1000161a:	9301      	str	r3, [sp, #4]
1000161c:	0001      	movs	r1, r0
1000161e:	6902      	ldr	r2, [r0, #16]
10001620:	f3ef 8410 	mrs	r4, PRIMASK
10001624:	b672      	cpsid	i
10001626:	6813      	ldr	r3, [r2, #0]
10001628:	2b00      	cmp	r3, #0
1000162a:	d0fc      	beq.n	10001626 <alarm_pool_add_alarm_at_force_in_context+0x12>
1000162c:	f3bf 8f5f 	dmb	sy
10001630:	2302      	movs	r3, #2
10001632:	5ec8      	ldrsh	r0, [r1, r3]
10001634:	690d      	ldr	r5, [r1, #16]
10001636:	2800      	cmp	r0, #0
10001638:	db3f      	blt.n	100016ba <alarm_pool_add_alarm_at_force_in_context+0xa6>
1000163a:	694a      	ldr	r2, [r1, #20]
1000163c:	0043      	lsls	r3, r0, #1
1000163e:	0016      	movs	r6, r2
10001640:	181b      	adds	r3, r3, r0
10001642:	00db      	lsls	r3, r3, #3
10001644:	18d2      	adds	r2, r2, r3
10001646:	5af3      	ldrh	r3, [r6, r3]
10001648:	804b      	strh	r3, [r1, #2]
1000164a:	f3bf 8f5f 	dmb	sy
1000164e:	2300      	movs	r3, #0
10001650:	602b      	str	r3, [r5, #0]
10001652:	f384 8810 	msr	PRIMASK, r4
10001656:	9b06      	ldr	r3, [sp, #24]
10001658:	6113      	str	r3, [r2, #16]
1000165a:	9b07      	ldr	r3, [sp, #28]
1000165c:	6153      	str	r3, [r2, #20]
1000165e:	9b00      	ldr	r3, [sp, #0]
10001660:	9c01      	ldr	r4, [sp, #4]
10001662:	6093      	str	r3, [r2, #8]
10001664:	60d4      	str	r4, [r2, #12]
10001666:	8853      	ldrh	r3, [r2, #2]
10001668:	3301      	adds	r3, #1
1000166a:	045b      	lsls	r3, r3, #17
1000166c:	0c5b      	lsrs	r3, r3, #17
1000166e:	1c1d      	adds	r5, r3, #0
10001670:	2b00      	cmp	r3, #0
10001672:	d020      	beq.n	100016b6 <alarm_pool_add_alarm_at_force_in_context+0xa2>
10001674:	b2ac      	uxth	r4, r5
10001676:	0403      	lsls	r3, r0, #16
10001678:	8055      	strh	r5, [r2, #2]
1000167a:	4323      	orrs	r3, r4
1000167c:	690d      	ldr	r5, [r1, #16]
1000167e:	f3ef 8c10 	mrs	ip, PRIMASK
10001682:	b672      	cpsid	i
10001684:	682c      	ldr	r4, [r5, #0]
10001686:	2c00      	cmp	r4, #0
10001688:	d0fc      	beq.n	10001684 <alarm_pool_add_alarm_at_force_in_context+0x70>
1000168a:	f3bf 8f5f 	dmb	sy
1000168e:	888c      	ldrh	r4, [r1, #4]
10001690:	8014      	strh	r4, [r2, #0]
10001692:	8088      	strh	r0, [r1, #4]
10001694:	690a      	ldr	r2, [r1, #16]
10001696:	f3bf 8f5f 	dmb	sy
1000169a:	2000      	movs	r0, #0
1000169c:	6010      	str	r0, [r2, #0]
1000169e:	f38c 8810 	msr	PRIMASK, ip
100016a2:	780a      	ldrb	r2, [r1, #0]
100016a4:	3001      	adds	r0, #1
100016a6:	4090      	lsls	r0, r2
100016a8:	68ca      	ldr	r2, [r1, #12]
100016aa:	4908      	ldr	r1, [pc, #32]	@ (100016cc <alarm_pool_add_alarm_at_force_in_context+0xb8>)
100016ac:	1852      	adds	r2, r2, r1
100016ae:	6010      	str	r0, [r2, #0]
100016b0:	0018      	movs	r0, r3
100016b2:	b002      	add	sp, #8
100016b4:	bd70      	pop	{r4, r5, r6, pc}
100016b6:	2501      	movs	r5, #1
100016b8:	e7dc      	b.n	10001674 <alarm_pool_add_alarm_at_force_in_context+0x60>
100016ba:	f3bf 8f5f 	dmb	sy
100016be:	2300      	movs	r3, #0
100016c0:	602b      	str	r3, [r5, #0]
100016c2:	f384 8810 	msr	PRIMASK, r4
100016c6:	3b01      	subs	r3, #1
100016c8:	e7f2      	b.n	100016b0 <alarm_pool_add_alarm_at_force_in_context+0x9c>
100016ca:	46c0      	nop			@ (mov r8, r8)
100016cc:	0000203c 	.word	0x0000203c

100016d0 <alarm_pool_cancel_alarm>:
100016d0:	b510      	push	{r4, lr}
100016d2:	8943      	ldrh	r3, [r0, #10]
100016d4:	140a      	asrs	r2, r1, #16
100016d6:	4293      	cmp	r3, r2
100016d8:	dd1a      	ble.n	10001710 <alarm_pool_cancel_alarm+0x40>
100016da:	0053      	lsls	r3, r2, #1
100016dc:	189b      	adds	r3, r3, r2
100016de:	6942      	ldr	r2, [r0, #20]
100016e0:	00db      	lsls	r3, r3, #3
100016e2:	18d3      	adds	r3, r2, r3
100016e4:	6904      	ldr	r4, [r0, #16]
100016e6:	f3ef 8c10 	mrs	ip, PRIMASK
100016ea:	b672      	cpsid	i
100016ec:	6822      	ldr	r2, [r4, #0]
100016ee:	2a00      	cmp	r2, #0
100016f0:	d0fc      	beq.n	100016ec <alarm_pool_cancel_alarm+0x1c>
100016f2:	f3bf 8f5f 	dmb	sy
100016f6:	885a      	ldrh	r2, [r3, #2]
100016f8:	0409      	lsls	r1, r1, #16
100016fa:	b294      	uxth	r4, r2
100016fc:	0c09      	lsrs	r1, r1, #16
100016fe:	428a      	cmp	r2, r1
10001700:	d008      	beq.n	10001714 <alarm_pool_cancel_alarm+0x44>
10001702:	6903      	ldr	r3, [r0, #16]
10001704:	f3bf 8f5f 	dmb	sy
10001708:	2200      	movs	r2, #0
1000170a:	601a      	str	r2, [r3, #0]
1000170c:	f38c 8810 	msr	PRIMASK, ip
10001710:	2000      	movs	r0, #0
10001712:	bd10      	pop	{r4, pc}
10001714:	4a09      	ldr	r2, [pc, #36]	@ (1000173c <alarm_pool_cancel_alarm+0x6c>)
10001716:	4322      	orrs	r2, r4
10001718:	805a      	strh	r2, [r3, #2]
1000171a:	2301      	movs	r3, #1
1000171c:	6902      	ldr	r2, [r0, #16]
1000171e:	7183      	strb	r3, [r0, #6]
10001720:	f3bf 8f5f 	dmb	sy
10001724:	2100      	movs	r1, #0
10001726:	6011      	str	r1, [r2, #0]
10001728:	f38c 8810 	msr	PRIMASK, ip
1000172c:	7802      	ldrb	r2, [r0, #0]
1000172e:	4904      	ldr	r1, [pc, #16]	@ (10001740 <alarm_pool_cancel_alarm+0x70>)
10001730:	4093      	lsls	r3, r2
10001732:	68c2      	ldr	r2, [r0, #12]
10001734:	2001      	movs	r0, #1
10001736:	1852      	adds	r2, r2, r1
10001738:	6013      	str	r3, [r2, #0]
1000173a:	e7ea      	b.n	10001712 <alarm_pool_cancel_alarm+0x42>
1000173c:	ffff8000 	.word	0xffff8000
10001740:	0000203c 	.word	0x0000203c

10001744 <alarm_pool_core_num>:
10001744:	7840      	ldrb	r0, [r0, #1]
10001746:	4770      	bx	lr

10001748 <best_effort_wfe_or_timeout>:
10001748:	b5f0      	push	{r4, r5, r6, r7, lr}
1000174a:	46ce      	mov	lr, r9
1000174c:	4647      	mov	r7, r8
1000174e:	b580      	push	{r7, lr}
10001750:	0004      	movs	r4, r0
10001752:	000d      	movs	r5, r1
10001754:	b085      	sub	sp, #20
10001756:	f3ef 8605 	mrs	r6, IPSR
1000175a:	4689      	mov	r9, r1
1000175c:	2e00      	cmp	r6, #0
1000175e:	d010      	beq.n	10001782 <best_effort_wfe_or_timeout+0x3a>
10001760:	4936      	ldr	r1, [pc, #216]	@ (1000183c <best_effort_wfe_or_timeout+0xf4>)
10001762:	2000      	movs	r0, #0
10001764:	6a4b      	ldr	r3, [r1, #36]	@ 0x24
10001766:	42ab      	cmp	r3, r5
10001768:	d306      	bcc.n	10001778 <best_effort_wfe_or_timeout+0x30>
1000176a:	6a8a      	ldr	r2, [r1, #40]	@ 0x28
1000176c:	1b5b      	subs	r3, r3, r5
1000176e:	1e59      	subs	r1, r3, #1
10001770:	418b      	sbcs	r3, r1
10001772:	42a2      	cmp	r2, r4
10001774:	4140      	adcs	r0, r0
10001776:	4318      	orrs	r0, r3
10001778:	b005      	add	sp, #20
1000177a:	bcc0      	pop	{r6, r7}
1000177c:	46b9      	mov	r9, r7
1000177e:	46b0      	mov	r8, r6
10001780:	bdf0      	pop	{r4, r5, r6, r7, pc}
10001782:	4f2f      	ldr	r7, [pc, #188]	@ (10001840 <best_effort_wfe_or_timeout+0xf8>)
10001784:	68fb      	ldr	r3, [r7, #12]
10001786:	783a      	ldrb	r2, [r7, #0]
10001788:	4698      	mov	r8, r3
1000178a:	0018      	movs	r0, r3
1000178c:	9203      	str	r2, [sp, #12]
1000178e:	f000 f865 	bl	1000185c <timer_time_us_64>
10001792:	9a03      	ldr	r2, [sp, #12]
10001794:	1d13      	adds	r3, r2, #4
10001796:	4642      	mov	r2, r8
10001798:	009b      	lsls	r3, r3, #2
1000179a:	589b      	ldr	r3, [r3, r2]
1000179c:	0022      	movs	r2, r4
1000179e:	1a1b      	subs	r3, r3, r0
100017a0:	469c      	mov	ip, r3
100017a2:	002b      	movs	r3, r5
100017a4:	1a12      	subs	r2, r2, r0
100017a6:	418b      	sbcs	r3, r1
100017a8:	429e      	cmp	r6, r3
100017aa:	dc10      	bgt.n	100017ce <best_effort_wfe_or_timeout+0x86>
100017ac:	d00d      	beq.n	100017ca <best_effort_wfe_or_timeout+0x82>
100017ae:	bf20      	wfe
100017b0:	4a22      	ldr	r2, [pc, #136]	@ (1000183c <best_effort_wfe_or_timeout+0xf4>)
100017b2:	2000      	movs	r0, #0
100017b4:	6a53      	ldr	r3, [r2, #36]	@ 0x24
100017b6:	454b      	cmp	r3, r9
100017b8:	d3de      	bcc.n	10001778 <best_effort_wfe_or_timeout+0x30>
100017ba:	6a92      	ldr	r2, [r2, #40]	@ 0x28
100017bc:	1b5b      	subs	r3, r3, r5
100017be:	1e59      	subs	r1, r3, #1
100017c0:	418b      	sbcs	r3, r1
100017c2:	42a2      	cmp	r2, r4
100017c4:	4140      	adcs	r0, r0
100017c6:	4318      	orrs	r0, r3
100017c8:	e7d6      	b.n	10001778 <best_effort_wfe_or_timeout+0x30>
100017ca:	4594      	cmp	ip, r2
100017cc:	d9ef      	bls.n	100017ae <best_effort_wfe_or_timeout+0x66>
100017ce:	f000 f84d 	bl	1000186c <time_us_64>
100017d2:	0022      	movs	r2, r4
100017d4:	002b      	movs	r3, r5
100017d6:	1a12      	subs	r2, r2, r0
100017d8:	418b      	sbcs	r3, r1
100017da:	2b00      	cmp	r3, #0
100017dc:	db1b      	blt.n	10001816 <best_effort_wfe_or_timeout+0xce>
100017de:	2300      	movs	r3, #0
100017e0:	9301      	str	r3, [sp, #4]
100017e2:	4b18      	ldr	r3, [pc, #96]	@ (10001844 <best_effort_wfe_or_timeout+0xfc>)
100017e4:	0022      	movs	r2, r4
100017e6:	9300      	str	r3, [sp, #0]
100017e8:	0038      	movs	r0, r7
100017ea:	002b      	movs	r3, r5
100017ec:	f7ff ff12 	bl	10001614 <alarm_pool_add_alarm_at_force_in_context>
100017f0:	2800      	cmp	r0, #0
100017f2:	dd10      	ble.n	10001816 <best_effort_wfe_or_timeout+0xce>
100017f4:	4b11      	ldr	r3, [pc, #68]	@ (1000183c <best_effort_wfe_or_timeout+0xf4>)
100017f6:	6a5a      	ldr	r2, [r3, #36]	@ 0x24
100017f8:	454a      	cmp	r2, r9
100017fa:	d31c      	bcc.n	10001836 <best_effort_wfe_or_timeout+0xee>
100017fc:	6a9b      	ldr	r3, [r3, #40]	@ 0x28
100017fe:	42a3      	cmp	r3, r4
10001800:	d317      	bcc.n	10001832 <best_effort_wfe_or_timeout+0xea>
10001802:	0001      	movs	r1, r0
10001804:	0038      	movs	r0, r7
10001806:	f7ff ff63 	bl	100016d0 <alarm_pool_cancel_alarm>
1000180a:	4a0c      	ldr	r2, [pc, #48]	@ (1000183c <best_effort_wfe_or_timeout+0xf4>)
1000180c:	2000      	movs	r0, #0
1000180e:	6a53      	ldr	r3, [r2, #36]	@ 0x24
10001810:	454b      	cmp	r3, r9
10001812:	d3b1      	bcc.n	10001778 <best_effort_wfe_or_timeout+0x30>
10001814:	e7d1      	b.n	100017ba <best_effort_wfe_or_timeout+0x72>
10001816:	4a09      	ldr	r2, [pc, #36]	@ (1000183c <best_effort_wfe_or_timeout+0xf4>)
10001818:	2000      	movs	r0, #0
1000181a:	6a53      	ldr	r3, [r2, #36]	@ 0x24
1000181c:	454b      	cmp	r3, r9
1000181e:	d3ab      	bcc.n	10001778 <best_effort_wfe_or_timeout+0x30>
10001820:	2000      	movs	r0, #0
10001822:	6a92      	ldr	r2, [r2, #40]	@ 0x28
10001824:	1b5b      	subs	r3, r3, r5
10001826:	42a2      	cmp	r2, r4
10001828:	4140      	adcs	r0, r0
1000182a:	1e5a      	subs	r2, r3, #1
1000182c:	4193      	sbcs	r3, r2
1000182e:	4318      	orrs	r0, r3
10001830:	e7a2      	b.n	10001778 <best_effort_wfe_or_timeout+0x30>
10001832:	454a      	cmp	r2, r9
10001834:	d1e5      	bne.n	10001802 <best_effort_wfe_or_timeout+0xba>
10001836:	bf20      	wfe
10001838:	e7e3      	b.n	10001802 <best_effort_wfe_or_timeout+0xba>
1000183a:	46c0      	nop			@ (mov r8, r8)
1000183c:	40054000 	.word	0x40054000
10001840:	200018a0 	.word	0x200018a0
10001844:	10001145 	.word	0x10001145

10001848 <timer_hardware_alarm_claim>:
10001848:	b510      	push	{r4, lr}
1000184a:	4a02      	ldr	r2, [pc, #8]	@ (10001854 <timer_hardware_alarm_claim+0xc>)
1000184c:	4802      	ldr	r0, [pc, #8]	@ (10001858 <timer_hardware_alarm_claim+0x10>)
1000184e:	f7ff f8c3 	bl	100009d8 <hw_claim_or_assert>
10001852:	bd10      	pop	{r4, pc}
10001854:	10007df0 	.word	0x10007df0
10001858:	2000252c 	.word	0x2000252c

1000185c <timer_time_us_64>:
1000185c:	0003      	movs	r3, r0
1000185e:	6a41      	ldr	r1, [r0, #36]	@ 0x24
10001860:	000a      	movs	r2, r1
10001862:	6a98      	ldr	r0, [r3, #40]	@ 0x28
10001864:	6a59      	ldr	r1, [r3, #36]	@ 0x24
10001866:	428a      	cmp	r2, r1
10001868:	d1fa      	bne.n	10001860 <timer_time_us_64+0x4>
1000186a:	4770      	bx	lr

1000186c <time_us_64>:
1000186c:	4b03      	ldr	r3, [pc, #12]	@ (1000187c <time_us_64+0x10>)
1000186e:	6a59      	ldr	r1, [r3, #36]	@ 0x24
10001870:	000a      	movs	r2, r1
10001872:	6a98      	ldr	r0, [r3, #40]	@ 0x28
10001874:	6a59      	ldr	r1, [r3, #36]	@ 0x24
10001876:	4291      	cmp	r1, r2
10001878:	d1fa      	bne.n	10001870 <time_us_64+0x4>
1000187a:	4770      	bx	lr
1000187c:	40054000 	.word	0x40054000

10001880 <busy_wait_us>:
10001880:	b570      	push	{r4, r5, r6, lr}
10001882:	0005      	movs	r5, r0
10001884:	000e      	movs	r6, r1
10001886:	4a18      	ldr	r2, [pc, #96]	@ (100018e8 <busy_wait_us+0x68>)
10001888:	6a53      	ldr	r3, [r2, #36]	@ 0x24
1000188a:	0019      	movs	r1, r3
1000188c:	6a94      	ldr	r4, [r2, #40]	@ 0x28
1000188e:	6a53      	ldr	r3, [r2, #36]	@ 0x24
10001890:	428b      	cmp	r3, r1
10001892:	d1fa      	bne.n	1000188a <busy_wait_us+0xa>
10001894:	0020      	movs	r0, r4
10001896:	0019      	movs	r1, r3
10001898:	002c      	movs	r4, r5
1000189a:	0035      	movs	r5, r6
1000189c:	1824      	adds	r4, r4, r0
1000189e:	414d      	adcs	r5, r1
100018a0:	42ab      	cmp	r3, r5
100018a2:	d816      	bhi.n	100018d2 <busy_wait_us+0x52>
100018a4:	d013      	beq.n	100018ce <busy_wait_us+0x4e>
100018a6:	4b10      	ldr	r3, [pc, #64]	@ (100018e8 <busy_wait_us+0x68>)
100018a8:	002a      	movs	r2, r5
100018aa:	6a5b      	ldr	r3, [r3, #36]	@ 0x24
100018ac:	429d      	cmp	r5, r3
100018ae:	d903      	bls.n	100018b8 <busy_wait_us+0x38>
100018b0:	490d      	ldr	r1, [pc, #52]	@ (100018e8 <busy_wait_us+0x68>)
100018b2:	6a4b      	ldr	r3, [r1, #36]	@ 0x24
100018b4:	4293      	cmp	r3, r2
100018b6:	d3fc      	bcc.n	100018b2 <busy_wait_us+0x32>
100018b8:	4293      	cmp	r3, r2
100018ba:	d107      	bne.n	100018cc <busy_wait_us+0x4c>
100018bc:	4a0a      	ldr	r2, [pc, #40]	@ (100018e8 <busy_wait_us+0x68>)
100018be:	e002      	b.n	100018c6 <busy_wait_us+0x46>
100018c0:	6a51      	ldr	r1, [r2, #36]	@ 0x24
100018c2:	4299      	cmp	r1, r3
100018c4:	d102      	bne.n	100018cc <busy_wait_us+0x4c>
100018c6:	6a91      	ldr	r1, [r2, #40]	@ 0x28
100018c8:	42a1      	cmp	r1, r4
100018ca:	d3f9      	bcc.n	100018c0 <busy_wait_us+0x40>
100018cc:	bd70      	pop	{r4, r5, r6, pc}
100018ce:	42a0      	cmp	r0, r4
100018d0:	d9e9      	bls.n	100018a6 <busy_wait_us+0x26>
100018d2:	4b05      	ldr	r3, [pc, #20]	@ (100018e8 <busy_wait_us+0x68>)
100018d4:	6a5b      	ldr	r3, [r3, #36]	@ 0x24
100018d6:	001c      	movs	r4, r3
100018d8:	1c5a      	adds	r2, r3, #1
100018da:	d0ef      	beq.n	100018bc <busy_wait_us+0x3c>
100018dc:	2201      	movs	r2, #1
100018de:	2401      	movs	r4, #1
100018e0:	4264      	negs	r4, r4
100018e2:	17e5      	asrs	r5, r4, #31
100018e4:	4252      	negs	r2, r2
100018e6:	e7e3      	b.n	100018b0 <busy_wait_us+0x30>
100018e8:	40054000 	.word	0x40054000

100018ec <uart_init>:
100018ec:	b5f8      	push	{r3, r4, r5, r6, r7, lr}
100018ee:	0004      	movs	r4, r0
100018f0:	2006      	movs	r0, #6
100018f2:	000d      	movs	r5, r1
100018f4:	f000 f96e 	bl	10001bd4 <clock_get_hz>
100018f8:	2800      	cmp	r0, #0
100018fa:	d043      	beq.n	10001984 <uart_init+0x98>
100018fc:	4b36      	ldr	r3, [pc, #216]	@ (100019d8 <uart_init+0xec>)
100018fe:	4937      	ldr	r1, [pc, #220]	@ (100019dc <uart_init+0xf0>)
10001900:	18e3      	adds	r3, r4, r3
10001902:	1e5a      	subs	r2, r3, #1
10001904:	4193      	sbcs	r3, r2
10001906:	2280      	movs	r2, #128	@ 0x80
10001908:	425b      	negs	r3, r3
1000190a:	0d9b      	lsrs	r3, r3, #22
1000190c:	0412      	lsls	r2, r2, #16
1000190e:	059b      	lsls	r3, r3, #22
10001910:	189b      	adds	r3, r3, r2
10001912:	4a33      	ldr	r2, [pc, #204]	@ (100019e0 <uart_init+0xf4>)
10001914:	6013      	str	r3, [r2, #0]
10001916:	4a33      	ldr	r2, [pc, #204]	@ (100019e4 <uart_init+0xf8>)
10001918:	6013      	str	r3, [r2, #0]
1000191a:	0018      	movs	r0, r3
1000191c:	680a      	ldr	r2, [r1, #0]
1000191e:	4390      	bics	r0, r2
10001920:	d1fb      	bne.n	1000191a <uart_init+0x2e>
10001922:	4b2d      	ldr	r3, [pc, #180]	@ (100019d8 <uart_init+0xec>)
10001924:	4a30      	ldr	r2, [pc, #192]	@ (100019e8 <uart_init+0xfc>)
10001926:	18e3      	adds	r3, r4, r3
10001928:	4259      	negs	r1, r3
1000192a:	414b      	adcs	r3, r1
1000192c:	2180      	movs	r1, #128	@ 0x80
1000192e:	005b      	lsls	r3, r3, #1
10001930:	0049      	lsls	r1, r1, #1
10001932:	2006      	movs	r0, #6
10001934:	5299      	strh	r1, [r3, r2]
10001936:	f000 f94d 	bl	10001bd4 <clock_get_hz>
1000193a:	0029      	movs	r1, r5
1000193c:	00c0      	lsls	r0, r0, #3
1000193e:	f000 fd9d 	bl	1000247c <__wrap___aeabi_uidiv>
10001942:	3001      	adds	r0, #1
10001944:	09c3      	lsrs	r3, r0, #7
10001946:	d11e      	bne.n	10001986 <uart_init+0x9a>
10001948:	2740      	movs	r7, #64	@ 0x40
1000194a:	2201      	movs	r2, #1
1000194c:	6262      	str	r2, [r4, #36]	@ 0x24
1000194e:	62a3      	str	r3, [r4, #40]	@ 0x28
10001950:	6b26      	ldr	r6, [r4, #48]	@ 0x30
10001952:	07f3      	lsls	r3, r6, #31
10001954:	d422      	bmi.n	1000199c <uart_init+0xb0>
10001956:	6ae3      	ldr	r3, [r4, #44]	@ 0x2c
10001958:	4b24      	ldr	r3, [pc, #144]	@ (100019ec <uart_init+0x100>)
1000195a:	2006      	movs	r0, #6
1000195c:	18e5      	adds	r5, r4, r3
1000195e:	2300      	movs	r3, #0
10001960:	602b      	str	r3, [r5, #0]
10001962:	6326      	str	r6, [r4, #48]	@ 0x30
10001964:	f000 f936 	bl	10001bd4 <clock_get_hz>
10001968:	0039      	movs	r1, r7
1000196a:	0080      	lsls	r0, r0, #2
1000196c:	f000 fd86 	bl	1000247c <__wrap___aeabi_uidiv>
10001970:	2370      	movs	r3, #112	@ 0x70
10001972:	6ae2      	ldr	r2, [r4, #44]	@ 0x2c
10001974:	405a      	eors	r2, r3
10001976:	330e      	adds	r3, #14
10001978:	4013      	ands	r3, r2
1000197a:	602b      	str	r3, [r5, #0]
1000197c:	4b1c      	ldr	r3, [pc, #112]	@ (100019f0 <uart_init+0x104>)
1000197e:	6323      	str	r3, [r4, #48]	@ 0x30
10001980:	2303      	movs	r3, #3
10001982:	64a3      	str	r3, [r4, #72]	@ 0x48
10001984:	bdf8      	pop	{r3, r4, r5, r6, r7, pc}
10001986:	4a1b      	ldr	r2, [pc, #108]	@ (100019f4 <uart_init+0x108>)
10001988:	4293      	cmp	r3, r2
1000198a:	d91d      	bls.n	100019c8 <uart_init+0xdc>
1000198c:	2300      	movs	r3, #0
1000198e:	4a1a      	ldr	r2, [pc, #104]	@ (100019f8 <uart_init+0x10c>)
10001990:	4f1a      	ldr	r7, [pc, #104]	@ (100019fc <uart_init+0x110>)
10001992:	6262      	str	r2, [r4, #36]	@ 0x24
10001994:	62a3      	str	r3, [r4, #40]	@ 0x28
10001996:	6b26      	ldr	r6, [r4, #48]	@ 0x30
10001998:	07f3      	lsls	r3, r6, #31
1000199a:	d5dc      	bpl.n	10001956 <uart_init+0x6a>
1000199c:	4b18      	ldr	r3, [pc, #96]	@ (10001a00 <uart_init+0x114>)
1000199e:	4a14      	ldr	r2, [pc, #80]	@ (100019f0 <uart_init+0x104>)
100019a0:	18e3      	adds	r3, r4, r3
100019a2:	601a      	str	r2, [r3, #0]
100019a4:	6a65      	ldr	r5, [r4, #36]	@ 0x24
100019a6:	6aa3      	ldr	r3, [r4, #40]	@ 0x28
100019a8:	2006      	movs	r0, #6
100019aa:	01ad      	lsls	r5, r5, #6
100019ac:	18ed      	adds	r5, r5, r3
100019ae:	f000 f911 	bl	10001bd4 <clock_get_hz>
100019b2:	4914      	ldr	r1, [pc, #80]	@ (10001a04 <uart_init+0x118>)
100019b4:	f000 fd62 	bl	1000247c <__wrap___aeabi_uidiv>
100019b8:	0001      	movs	r1, r0
100019ba:	02a8      	lsls	r0, r5, #10
100019bc:	f000 fd5e 	bl	1000247c <__wrap___aeabi_uidiv>
100019c0:	2100      	movs	r1, #0
100019c2:	f7ff ff5d 	bl	10001880 <busy_wait_us>
100019c6:	e7c6      	b.n	10001956 <uart_init+0x6a>
100019c8:	0640      	lsls	r0, r0, #25
100019ca:	019a      	lsls	r2, r3, #6
100019cc:	0e80      	lsrs	r0, r0, #26
100019ce:	1817      	adds	r7, r2, r0
100019d0:	001a      	movs	r2, r3
100019d2:	0003      	movs	r3, r0
100019d4:	e7ba      	b.n	1000194c <uart_init+0x60>
100019d6:	46c0      	nop			@ (mov r8, r8)
100019d8:	bffc8000 	.word	0xbffc8000
100019dc:	4000c008 	.word	0x4000c008
100019e0:	4000e000 	.word	0x4000e000
100019e4:	4000f000 	.word	0x4000f000
100019e8:	20002c08 	.word	0x20002c08
100019ec:	0000102c 	.word	0x0000102c
100019f0:	00000301 	.word	0x00000301
100019f4:	0000fffe 	.word	0x0000fffe
100019f8:	0000ffff 	.word	0x0000ffff
100019fc:	003fffc0 	.word	0x003fffc0
10001a00:	00003030 	.word	0x00003030
10001a04:	00000e4e 	.word	0x00000e4e

10001a08 <clock_configure_int_divider>:
10001a08:	b5f8      	push	{r3, r4, r5, r6, r7, lr}
10001a0a:	46de      	mov	lr, fp
10001a0c:	464e      	mov	r6, r9
10001a0e:	4645      	mov	r5, r8
10001a10:	4657      	mov	r7, sl
10001a12:	b5e0      	push	{r5, r6, r7, lr}
10001a14:	0005      	movs	r5, r0
10001a16:	468b      	mov	fp, r1
10001a18:	0018      	movs	r0, r3
10001a1a:	990a      	ldr	r1, [sp, #40]	@ 0x28
10001a1c:	4691      	mov	r9, r2
10001a1e:	f000 fd2d 	bl	1000247c <__wrap___aeabi_uidiv>
10001a22:	9b0a      	ldr	r3, [sp, #40]	@ 0x28
10001a24:	006c      	lsls	r4, r5, #1
10001a26:	021e      	lsls	r6, r3, #8
10001a28:	1964      	adds	r4, r4, r5
10001a2a:	4b30      	ldr	r3, [pc, #192]	@ (10001aec <clock_configure_int_divider+0xe4>)
10001a2c:	00a4      	lsls	r4, r4, #2
10001a2e:	18e4      	adds	r4, r4, r3
10001a30:	6863      	ldr	r3, [r4, #4]
10001a32:	4680      	mov	r8, r0
10001a34:	429e      	cmp	r6, r3
10001a36:	d900      	bls.n	10001a3a <clock_configure_int_divider+0x32>
10001a38:	6066      	str	r6, [r4, #4]
10001a3a:	1f2f      	subs	r7, r5, #4
10001a3c:	b2fb      	uxtb	r3, r7
10001a3e:	469a      	mov	sl, r3
10001a40:	2b01      	cmp	r3, #1
10001a42:	d92f      	bls.n	10001aa4 <clock_configure_int_divider+0x9c>
10001a44:	23c0      	movs	r3, #192	@ 0xc0
10001a46:	2280      	movs	r2, #128	@ 0x80
10001a48:	4f29      	ldr	r7, [pc, #164]	@ (10001af0 <clock_configure_int_divider+0xe8>)
10001a4a:	00ad      	lsls	r5, r5, #2
10001a4c:	019b      	lsls	r3, r3, #6
10001a4e:	5979      	ldr	r1, [r7, r5]
10001a50:	0112      	lsls	r2, r2, #4
10001a52:	18e3      	adds	r3, r4, r3
10001a54:	601a      	str	r2, [r3, #0]
10001a56:	2900      	cmp	r1, #0
10001a58:	d11b      	bne.n	10001a92 <clock_configure_int_divider+0x8a>
10001a5a:	464b      	mov	r3, r9
10001a5c:	6822      	ldr	r2, [r4, #0]
10001a5e:	015b      	lsls	r3, r3, #5
10001a60:	4053      	eors	r3, r2
10001a62:	22e0      	movs	r2, #224	@ 0xe0
10001a64:	4013      	ands	r3, r2
10001a66:	2280      	movs	r2, #128	@ 0x80
10001a68:	0152      	lsls	r2, r2, #5
10001a6a:	18a2      	adds	r2, r4, r2
10001a6c:	6013      	str	r3, [r2, #0]
10001a6e:	4653      	mov	r3, sl
10001a70:	2b01      	cmp	r3, #1
10001a72:	d92f      	bls.n	10001ad4 <clock_configure_int_divider+0xcc>
10001a74:	2380      	movs	r3, #128	@ 0x80
10001a76:	2280      	movs	r2, #128	@ 0x80
10001a78:	019b      	lsls	r3, r3, #6
10001a7a:	18e3      	adds	r3, r4, r3
10001a7c:	0112      	lsls	r2, r2, #4
10001a7e:	601a      	str	r2, [r3, #0]
10001a80:	4643      	mov	r3, r8
10001a82:	6066      	str	r6, [r4, #4]
10001a84:	517b      	str	r3, [r7, r5]
10001a86:	bcf0      	pop	{r4, r5, r6, r7}
10001a88:	46bb      	mov	fp, r7
10001a8a:	46b2      	mov	sl, r6
10001a8c:	46a9      	mov	r9, r5
10001a8e:	46a0      	mov	r8, r4
10001a90:	bdf8      	pop	{r3, r4, r5, r6, r7, pc}
10001a92:	6978      	ldr	r0, [r7, #20]
10001a94:	f000 fcf2 	bl	1000247c <__wrap___aeabi_uidiv>
10001a98:	3001      	adds	r0, #1
10001a9a:	0043      	lsls	r3, r0, #1
10001a9c:	181b      	adds	r3, r3, r0
10001a9e:	3b03      	subs	r3, #3
10001aa0:	d2fd      	bcs.n	10001a9e <clock_configure_int_divider+0x96>
10001aa2:	e7da      	b.n	10001a5a <clock_configure_int_divider+0x52>
10001aa4:	465b      	mov	r3, fp
10001aa6:	2b01      	cmp	r3, #1
10001aa8:	d1cc      	bne.n	10001a44 <clock_configure_int_divider+0x3c>
10001aaa:	23c0      	movs	r3, #192	@ 0xc0
10001aac:	2203      	movs	r2, #3
10001aae:	019b      	lsls	r3, r3, #6
10001ab0:	18e3      	adds	r3, r4, r3
10001ab2:	601a      	str	r2, [r3, #0]
10001ab4:	3a02      	subs	r2, #2
10001ab6:	68a3      	ldr	r3, [r4, #8]
10001ab8:	421a      	tst	r2, r3
10001aba:	d0fc      	beq.n	10001ab6 <clock_configure_int_divider+0xae>
10001abc:	464a      	mov	r2, r9
10001abe:	6823      	ldr	r3, [r4, #0]
10001ac0:	0152      	lsls	r2, r2, #5
10001ac2:	405a      	eors	r2, r3
10001ac4:	23e0      	movs	r3, #224	@ 0xe0
10001ac6:	4013      	ands	r3, r2
10001ac8:	2280      	movs	r2, #128	@ 0x80
10001aca:	0152      	lsls	r2, r2, #5
10001acc:	18a2      	adds	r2, r4, r2
10001ace:	4f08      	ldr	r7, [pc, #32]	@ (10001af0 <clock_configure_int_divider+0xe8>)
10001ad0:	6013      	str	r3, [r2, #0]
10001ad2:	00ad      	lsls	r5, r5, #2
10001ad4:	4658      	mov	r0, fp
10001ad6:	2303      	movs	r3, #3
10001ad8:	6821      	ldr	r1, [r4, #0]
10001ada:	4041      	eors	r1, r0
10001adc:	400b      	ands	r3, r1
10001ade:	6013      	str	r3, [r2, #0]
10001ae0:	2201      	movs	r2, #1
10001ae2:	4082      	lsls	r2, r0
10001ae4:	68a3      	ldr	r3, [r4, #8]
10001ae6:	421a      	tst	r2, r3
10001ae8:	d0fc      	beq.n	10001ae4 <clock_configure_int_divider+0xdc>
10001aea:	e7c3      	b.n	10001a74 <clock_configure_int_divider+0x6c>
10001aec:	40008000 	.word	0x40008000
10001af0:	20002530 	.word	0x20002530

10001af4 <clock_configure_undivided>:
10001af4:	b5f0      	push	{r4, r5, r6, r7, lr}
10001af6:	46d6      	mov	lr, sl
10001af8:	464f      	mov	r7, r9
10001afa:	4646      	mov	r6, r8
10001afc:	0044      	lsls	r4, r0, #1
10001afe:	4698      	mov	r8, r3
10001b00:	1824      	adds	r4, r4, r0
10001b02:	4b32      	ldr	r3, [pc, #200]	@ (10001bcc <clock_configure_undivided+0xd8>)
10001b04:	00a4      	lsls	r4, r4, #2
10001b06:	18e4      	adds	r4, r4, r3
10001b08:	6863      	ldr	r3, [r4, #4]
10001b0a:	468a      	mov	sl, r1
10001b0c:	4691      	mov	r9, r2
10001b0e:	b5c0      	push	{r6, r7, lr}
10001b10:	2bff      	cmp	r3, #255	@ 0xff
10001b12:	d802      	bhi.n	10001b1a <clock_configure_undivided+0x26>
10001b14:	2380      	movs	r3, #128	@ 0x80
10001b16:	005b      	lsls	r3, r3, #1
10001b18:	6063      	str	r3, [r4, #4]
10001b1a:	1f06      	subs	r6, r0, #4
10001b1c:	b2f6      	uxtb	r6, r6
10001b1e:	2e01      	cmp	r6, #1
10001b20:	d92f      	bls.n	10001b82 <clock_configure_undivided+0x8e>
10001b22:	23c0      	movs	r3, #192	@ 0xc0
10001b24:	2280      	movs	r2, #128	@ 0x80
10001b26:	4f2a      	ldr	r7, [pc, #168]	@ (10001bd0 <clock_configure_undivided+0xdc>)
10001b28:	0085      	lsls	r5, r0, #2
10001b2a:	019b      	lsls	r3, r3, #6
10001b2c:	5979      	ldr	r1, [r7, r5]
10001b2e:	0112      	lsls	r2, r2, #4
10001b30:	18e3      	adds	r3, r4, r3
10001b32:	601a      	str	r2, [r3, #0]
10001b34:	2900      	cmp	r1, #0
10001b36:	d11b      	bne.n	10001b70 <clock_configure_undivided+0x7c>
10001b38:	464b      	mov	r3, r9
10001b3a:	6822      	ldr	r2, [r4, #0]
10001b3c:	015b      	lsls	r3, r3, #5
10001b3e:	4053      	eors	r3, r2
10001b40:	22e0      	movs	r2, #224	@ 0xe0
10001b42:	4013      	ands	r3, r2
10001b44:	2280      	movs	r2, #128	@ 0x80
10001b46:	0152      	lsls	r2, r2, #5
10001b48:	18a2      	adds	r2, r4, r2
10001b4a:	6013      	str	r3, [r2, #0]
10001b4c:	2e01      	cmp	r6, #1
10001b4e:	d930      	bls.n	10001bb2 <clock_configure_undivided+0xbe>
10001b50:	2380      	movs	r3, #128	@ 0x80
10001b52:	2280      	movs	r2, #128	@ 0x80
10001b54:	019b      	lsls	r3, r3, #6
10001b56:	18e3      	adds	r3, r4, r3
10001b58:	0112      	lsls	r2, r2, #4
10001b5a:	601a      	str	r2, [r3, #0]
10001b5c:	2380      	movs	r3, #128	@ 0x80
10001b5e:	005b      	lsls	r3, r3, #1
10001b60:	6063      	str	r3, [r4, #4]
10001b62:	4643      	mov	r3, r8
10001b64:	517b      	str	r3, [r7, r5]
10001b66:	bce0      	pop	{r5, r6, r7}
10001b68:	46ba      	mov	sl, r7
10001b6a:	46b1      	mov	r9, r6
10001b6c:	46a8      	mov	r8, r5
10001b6e:	bdf0      	pop	{r4, r5, r6, r7, pc}
10001b70:	6978      	ldr	r0, [r7, #20]
10001b72:	f000 fc83 	bl	1000247c <__wrap___aeabi_uidiv>
10001b76:	3001      	adds	r0, #1
10001b78:	0043      	lsls	r3, r0, #1
10001b7a:	181b      	adds	r3, r3, r0
10001b7c:	3b03      	subs	r3, #3
10001b7e:	d2fd      	bcs.n	10001b7c <clock_configure_undivided+0x88>
10001b80:	e7da      	b.n	10001b38 <clock_configure_undivided+0x44>
10001b82:	4653      	mov	r3, sl
10001b84:	2b01      	cmp	r3, #1
10001b86:	d1cc      	bne.n	10001b22 <clock_configure_undivided+0x2e>
10001b88:	23c0      	movs	r3, #192	@ 0xc0
10001b8a:	2203      	movs	r2, #3
10001b8c:	019b      	lsls	r3, r3, #6
10001b8e:	18e3      	adds	r3, r4, r3
10001b90:	601a      	str	r2, [r3, #0]
10001b92:	3a02      	subs	r2, #2
10001b94:	68a3      	ldr	r3, [r4, #8]
10001b96:	421a      	tst	r2, r3
10001b98:	d0fc      	beq.n	10001b94 <clock_configure_undivided+0xa0>
10001b9a:	464a      	mov	r2, r9
10001b9c:	6823      	ldr	r3, [r4, #0]
10001b9e:	0152      	lsls	r2, r2, #5
10001ba0:	405a      	eors	r2, r3
10001ba2:	23e0      	movs	r3, #224	@ 0xe0
10001ba4:	4013      	ands	r3, r2
10001ba6:	2280      	movs	r2, #128	@ 0x80
10001ba8:	0152      	lsls	r2, r2, #5
10001baa:	18a2      	adds	r2, r4, r2
10001bac:	4f08      	ldr	r7, [pc, #32]	@ (10001bd0 <clock_configure_undivided+0xdc>)
10001bae:	6013      	str	r3, [r2, #0]
10001bb0:	0085      	lsls	r5, r0, #2
10001bb2:	4650      	mov	r0, sl
10001bb4:	2303      	movs	r3, #3
10001bb6:	6821      	ldr	r1, [r4, #0]
10001bb8:	4041      	eors	r1, r0
10001bba:	400b      	ands	r3, r1
10001bbc:	6013      	str	r3, [r2, #0]
10001bbe:	2201      	movs	r2, #1
10001bc0:	4082      	lsls	r2, r0
10001bc2:	68a3      	ldr	r3, [r4, #8]
10001bc4:	421a      	tst	r2, r3
10001bc6:	d0fc      	beq.n	10001bc2 <clock_configure_undivided+0xce>
10001bc8:	e7c2      	b.n	10001b50 <clock_configure_undivided+0x5c>
10001bca:	46c0      	nop			@ (mov r8, r8)
10001bcc:	40008000 	.word	0x40008000
10001bd0:	20002530 	.word	0x20002530

10001bd4 <clock_get_hz>:
10001bd4:	4b01      	ldr	r3, [pc, #4]	@ (10001bdc <clock_get_hz+0x8>)
10001bd6:	0080      	lsls	r0, r0, #2
10001bd8:	58c0      	ldr	r0, [r0, r3]
10001bda:	4770      	bx	lr
10001bdc:	20002530 	.word	0x20002530

10001be0 <set_sys_clock_pll>:
10001be0:	b5f0      	push	{r4, r5, r6, r7, lr}
10001be2:	46c6      	mov	lr, r8
10001be4:	b500      	push	{lr}
10001be6:	4b5b      	ldr	r3, [pc, #364]	@ (10001d54 <set_sys_clock_pll+0x174>)
10001be8:	0015      	movs	r5, r2
10001bea:	685a      	ldr	r2, [r3, #4]
10001bec:	4684      	mov	ip, r0
10001bee:	000f      	movs	r7, r1
10001bf0:	b082      	sub	sp, #8
10001bf2:	2aff      	cmp	r2, #255	@ 0xff
10001bf4:	d802      	bhi.n	10001bfc <set_sys_clock_pll+0x1c>
10001bf6:	2280      	movs	r2, #128	@ 0x80
10001bf8:	0052      	lsls	r2, r2, #1
10001bfa:	605a      	str	r2, [r3, #4]
10001bfc:	2203      	movs	r2, #3
10001bfe:	4b56      	ldr	r3, [pc, #344]	@ (10001d58 <set_sys_clock_pll+0x178>)
10001c00:	4854      	ldr	r0, [pc, #336]	@ (10001d54 <set_sys_clock_pll+0x174>)
10001c02:	601a      	str	r2, [r3, #0]
10001c04:	2301      	movs	r3, #1
10001c06:	6882      	ldr	r2, [r0, #8]
10001c08:	4213      	tst	r3, r2
10001c0a:	d0fc      	beq.n	10001c06 <set_sys_clock_pll+0x26>
10001c0c:	2220      	movs	r2, #32
10001c0e:	6801      	ldr	r1, [r0, #0]
10001c10:	4051      	eors	r1, r2
10001c12:	32c0      	adds	r2, #192	@ 0xc0
10001c14:	400a      	ands	r2, r1
10001c16:	4951      	ldr	r1, [pc, #324]	@ (10001d5c <set_sys_clock_pll+0x17c>)
10001c18:	600a      	str	r2, [r1, #0]
10001c1a:	6802      	ldr	r2, [r0, #0]
10001c1c:	484d      	ldr	r0, [pc, #308]	@ (10001d54 <set_sys_clock_pll+0x174>)
10001c1e:	405a      	eors	r2, r3
10001c20:	2303      	movs	r3, #3
10001c22:	4013      	ands	r3, r2
10001c24:	600b      	str	r3, [r1, #0]
10001c26:	2302      	movs	r3, #2
10001c28:	6882      	ldr	r2, [r0, #8]
10001c2a:	4213      	tst	r3, r2
10001c2c:	d0fc      	beq.n	10001c28 <set_sys_clock_pll+0x48>
10001c2e:	2280      	movs	r2, #128	@ 0x80
10001c30:	2680      	movs	r6, #128	@ 0x80
10001c32:	4b4b      	ldr	r3, [pc, #300]	@ (10001d60 <set_sys_clock_pll+0x180>)
10001c34:	0112      	lsls	r2, r2, #4
10001c36:	601a      	str	r2, [r3, #0]
10001c38:	4c4a      	ldr	r4, [pc, #296]	@ (10001d64 <set_sys_clock_pll+0x184>)
10001c3a:	4b4b      	ldr	r3, [pc, #300]	@ (10001d68 <set_sys_clock_pll+0x188>)
10001c3c:	0076      	lsls	r6, r6, #1
10001c3e:	6046      	str	r6, [r0, #4]
10001c40:	4662      	mov	r2, ip
10001c42:	6163      	str	r3, [r4, #20]
10001c44:	2101      	movs	r1, #1
10001c46:	003b      	movs	r3, r7
10001c48:	4848      	ldr	r0, [pc, #288]	@ (10001d6c <set_sys_clock_pll+0x18c>)
10001c4a:	9500      	str	r5, [sp, #0]
10001c4c:	46e0      	mov	r8, ip
10001c4e:	f000 f9e5 	bl	1000201c <pll_init>
10001c52:	0029      	movs	r1, r5
10001c54:	4640      	mov	r0, r8
10001c56:	4379      	muls	r1, r7
10001c58:	f000 fc10 	bl	1000247c <__wrap___aeabi_uidiv>
10001c5c:	4b44      	ldr	r3, [pc, #272]	@ (10001d70 <set_sys_clock_pll+0x190>)
10001c5e:	0005      	movs	r5, r0
10001c60:	685a      	ldr	r2, [r3, #4]
10001c62:	2aff      	cmp	r2, #255	@ 0xff
10001c64:	d800      	bhi.n	10001c68 <set_sys_clock_pll+0x88>
10001c66:	605e      	str	r6, [r3, #4]
10001c68:	2280      	movs	r2, #128	@ 0x80
10001c6a:	4b42      	ldr	r3, [pc, #264]	@ (10001d74 <set_sys_clock_pll+0x194>)
10001c6c:	0112      	lsls	r2, r2, #4
10001c6e:	601a      	str	r2, [r3, #0]
10001c70:	6921      	ldr	r1, [r4, #16]
10001c72:	2900      	cmp	r1, #0
10001c74:	d007      	beq.n	10001c86 <set_sys_clock_pll+0xa6>
10001c76:	6960      	ldr	r0, [r4, #20]
10001c78:	f000 fc00 	bl	1000247c <__wrap___aeabi_uidiv>
10001c7c:	3001      	adds	r0, #1
10001c7e:	0043      	lsls	r3, r0, #1
10001c80:	181b      	adds	r3, r3, r0
10001c82:	3b03      	subs	r3, #3
10001c84:	d2fd      	bcs.n	10001c82 <set_sys_clock_pll+0xa2>
10001c86:	23e0      	movs	r3, #224	@ 0xe0
10001c88:	4a39      	ldr	r2, [pc, #228]	@ (10001d70 <set_sys_clock_pll+0x190>)
10001c8a:	483b      	ldr	r0, [pc, #236]	@ (10001d78 <set_sys_clock_pll+0x198>)
10001c8c:	6811      	ldr	r1, [r2, #0]
10001c8e:	400b      	ands	r3, r1
10001c90:	6003      	str	r3, [r0, #0]
10001c92:	2302      	movs	r3, #2
10001c94:	6811      	ldr	r1, [r2, #0]
10001c96:	4059      	eors	r1, r3
10001c98:	3301      	adds	r3, #1
10001c9a:	400b      	ands	r3, r1
10001c9c:	2104      	movs	r1, #4
10001c9e:	6003      	str	r3, [r0, #0]
10001ca0:	6893      	ldr	r3, [r2, #8]
10001ca2:	4219      	tst	r1, r3
10001ca4:	d0fc      	beq.n	10001ca0 <set_sys_clock_pll+0xc0>
10001ca6:	2180      	movs	r1, #128	@ 0x80
10001ca8:	4b34      	ldr	r3, [pc, #208]	@ (10001d7c <set_sys_clock_pll+0x19c>)
10001caa:	0109      	lsls	r1, r1, #4
10001cac:	6019      	str	r1, [r3, #0]
10001cae:	2180      	movs	r1, #128	@ 0x80
10001cb0:	4b33      	ldr	r3, [pc, #204]	@ (10001d80 <set_sys_clock_pll+0x1a0>)
10001cb2:	0049      	lsls	r1, r1, #1
10001cb4:	6051      	str	r1, [r2, #4]
10001cb6:	6123      	str	r3, [r4, #16]
10001cb8:	4b26      	ldr	r3, [pc, #152]	@ (10001d54 <set_sys_clock_pll+0x174>)
10001cba:	685a      	ldr	r2, [r3, #4]
10001cbc:	2aff      	cmp	r2, #255	@ 0xff
10001cbe:	d800      	bhi.n	10001cc2 <set_sys_clock_pll+0xe2>
10001cc0:	6059      	str	r1, [r3, #4]
10001cc2:	2203      	movs	r2, #3
10001cc4:	2101      	movs	r1, #1
10001cc6:	4b24      	ldr	r3, [pc, #144]	@ (10001d58 <set_sys_clock_pll+0x178>)
10001cc8:	601a      	str	r2, [r3, #0]
10001cca:	4a22      	ldr	r2, [pc, #136]	@ (10001d54 <set_sys_clock_pll+0x174>)
10001ccc:	6893      	ldr	r3, [r2, #8]
10001cce:	4219      	tst	r1, r3
10001cd0:	d0fc      	beq.n	10001ccc <set_sys_clock_pll+0xec>
10001cd2:	23e0      	movs	r3, #224	@ 0xe0
10001cd4:	6810      	ldr	r0, [r2, #0]
10001cd6:	4003      	ands	r3, r0
10001cd8:	4820      	ldr	r0, [pc, #128]	@ (10001d5c <set_sys_clock_pll+0x17c>)
10001cda:	6003      	str	r3, [r0, #0]
10001cdc:	6812      	ldr	r2, [r2, #0]
10001cde:	2303      	movs	r3, #3
10001ce0:	404a      	eors	r2, r1
10001ce2:	2102      	movs	r1, #2
10001ce4:	4013      	ands	r3, r2
10001ce6:	4a1b      	ldr	r2, [pc, #108]	@ (10001d54 <set_sys_clock_pll+0x174>)
10001ce8:	6003      	str	r3, [r0, #0]
10001cea:	6893      	ldr	r3, [r2, #8]
10001cec:	4219      	tst	r1, r3
10001cee:	d0fc      	beq.n	10001cea <set_sys_clock_pll+0x10a>
10001cf0:	2180      	movs	r1, #128	@ 0x80
10001cf2:	4b1b      	ldr	r3, [pc, #108]	@ (10001d60 <set_sys_clock_pll+0x180>)
10001cf4:	0109      	lsls	r1, r1, #4
10001cf6:	6019      	str	r1, [r3, #0]
10001cf8:	2180      	movs	r1, #128	@ 0x80
10001cfa:	4b22      	ldr	r3, [pc, #136]	@ (10001d84 <set_sys_clock_pll+0x1a4>)
10001cfc:	0049      	lsls	r1, r1, #1
10001cfe:	6051      	str	r1, [r2, #4]
10001d00:	6165      	str	r5, [r4, #20]
10001d02:	685a      	ldr	r2, [r3, #4]
10001d04:	2aff      	cmp	r2, #255	@ 0xff
10001d06:	d800      	bhi.n	10001d0a <set_sys_clock_pll+0x12a>
10001d08:	6059      	str	r1, [r3, #4]
10001d0a:	2280      	movs	r2, #128	@ 0x80
10001d0c:	4b1e      	ldr	r3, [pc, #120]	@ (10001d88 <set_sys_clock_pll+0x1a8>)
10001d0e:	0112      	lsls	r2, r2, #4
10001d10:	601a      	str	r2, [r3, #0]
10001d12:	69a1      	ldr	r1, [r4, #24]
10001d14:	2900      	cmp	r1, #0
10001d16:	d007      	beq.n	10001d28 <set_sys_clock_pll+0x148>
10001d18:	6960      	ldr	r0, [r4, #20]
10001d1a:	f000 fbaf 	bl	1000247c <__wrap___aeabi_uidiv>
10001d1e:	3001      	adds	r0, #1
10001d20:	0043      	lsls	r3, r0, #1
10001d22:	181b      	adds	r3, r3, r0
10001d24:	3b03      	subs	r3, #3
10001d26:	d2fd      	bcs.n	10001d24 <set_sys_clock_pll+0x144>
10001d28:	2340      	movs	r3, #64	@ 0x40
10001d2a:	4916      	ldr	r1, [pc, #88]	@ (10001d84 <set_sys_clock_pll+0x1a4>)
10001d2c:	680a      	ldr	r2, [r1, #0]
10001d2e:	405a      	eors	r2, r3
10001d30:	33a0      	adds	r3, #160	@ 0xa0
10001d32:	4013      	ands	r3, r2
10001d34:	4a15      	ldr	r2, [pc, #84]	@ (10001d8c <set_sys_clock_pll+0x1ac>)
10001d36:	6013      	str	r3, [r2, #0]
10001d38:	2280      	movs	r2, #128	@ 0x80
10001d3a:	4b15      	ldr	r3, [pc, #84]	@ (10001d90 <set_sys_clock_pll+0x1b0>)
10001d3c:	0112      	lsls	r2, r2, #4
10001d3e:	601a      	str	r2, [r3, #0]
10001d40:	2380      	movs	r3, #128	@ 0x80
10001d42:	005b      	lsls	r3, r3, #1
10001d44:	604b      	str	r3, [r1, #4]
10001d46:	4b08      	ldr	r3, [pc, #32]	@ (10001d68 <set_sys_clock_pll+0x188>)
10001d48:	61a3      	str	r3, [r4, #24]
10001d4a:	b002      	add	sp, #8
10001d4c:	bc80      	pop	{r7}
10001d4e:	46b8      	mov	r8, r7
10001d50:	bdf0      	pop	{r4, r5, r6, r7, pc}
10001d52:	46c0      	nop			@ (mov r8, r8)
10001d54:	4000803c 	.word	0x4000803c
10001d58:	4000b03c 	.word	0x4000b03c
10001d5c:	4000903c 	.word	0x4000903c
10001d60:	4000a03c 	.word	0x4000a03c
10001d64:	20002530 	.word	0x20002530
10001d68:	02dc6c00 	.word	0x02dc6c00
10001d6c:	40028000 	.word	0x40028000
10001d70:	40008030 	.word	0x40008030
10001d74:	4000b030 	.word	0x4000b030
10001d78:	40009030 	.word	0x40009030
10001d7c:	4000a030 	.word	0x4000a030
10001d80:	00b71b00 	.word	0x00b71b00
10001d84:	40008048 	.word	0x40008048
10001d88:	4000b048 	.word	0x4000b048
10001d8c:	40009048 	.word	0x40009048
10001d90:	4000a048 	.word	0x4000a048

10001d94 <check_sys_clock_khz>:
10001d94:	b5f0      	push	{r4, r5, r6, r7, lr}
10001d96:	4645      	mov	r5, r8
10001d98:	4680      	mov	r8, r0
10001d9a:	20a0      	movs	r0, #160	@ 0xa0
10001d9c:	4657      	mov	r7, sl
10001d9e:	464e      	mov	r6, r9
10001da0:	46de      	mov	lr, fp
10001da2:	001c      	movs	r4, r3
10001da4:	4b98      	ldr	r3, [pc, #608]	@ (10002008 <check_sys_clock_khz+0x274>)
10001da6:	0040      	lsls	r0, r0, #1
10001da8:	4681      	mov	r9, r0
10001daa:	469a      	mov	sl, r3
10001dac:	b5e0      	push	{r5, r6, r7, lr}
10001dae:	b085      	sub	sp, #20
10001db0:	9101      	str	r1, [sp, #4]
10001db2:	9202      	str	r2, [sp, #8]
10001db4:	9403      	str	r4, [sp, #12]
10001db6:	4b95      	ldr	r3, [pc, #596]	@ (1000200c <check_sys_clock_khz+0x278>)
10001db8:	459a      	cmp	sl, r3
10001dba:	d909      	bls.n	10001dd0 <check_sys_clock_khz+0x3c>
10001dbc:	2301      	movs	r3, #1
10001dbe:	425b      	negs	r3, r3
10001dc0:	4499      	add	r9, r3
10001dc2:	4b93      	ldr	r3, [pc, #588]	@ (10002010 <check_sys_clock_khz+0x27c>)
10001dc4:	449a      	add	sl, r3
10001dc6:	464b      	mov	r3, r9
10001dc8:	2b0f      	cmp	r3, #15
10001dca:	d1f4      	bne.n	10001db6 <check_sys_clock_khz+0x22>
10001dcc:	2000      	movs	r0, #0
10001dce:	e08e      	b.n	10001eee <check_sys_clock_khz+0x15a>
10001dd0:	2507      	movs	r5, #7
10001dd2:	4c90      	ldr	r4, [pc, #576]	@ (10002014 <check_sys_clock_khz+0x280>)
10001dd4:	4454      	add	r4, sl
10001dd6:	002f      	movs	r7, r5
10001dd8:	436f      	muls	r7, r5
10001dda:	0020      	movs	r0, r4
10001ddc:	0039      	movs	r1, r7
10001dde:	f000 fb4d 	bl	1000247c <__wrap___aeabi_uidiv>
10001de2:	46ab      	mov	fp, r5
10001de4:	1e6e      	subs	r6, r5, #1
10001de6:	4540      	cmp	r0, r8
10001de8:	d053      	beq.n	10001e92 <check_sys_clock_khz+0xfe>
10001dea:	4375      	muls	r5, r6
10001dec:	0020      	movs	r0, r4
10001dee:	0029      	movs	r1, r5
10001df0:	002f      	movs	r7, r5
10001df2:	f000 fb43 	bl	1000247c <__wrap___aeabi_uidiv>
10001df6:	4580      	cmp	r8, r0
10001df8:	d05c      	beq.n	10001eb4 <check_sys_clock_khz+0x120>
10001dfa:	4643      	mov	r3, r8
10001dfc:	1e75      	subs	r5, r6, #1
10001dfe:	46a8      	mov	r8, r5
10001e00:	001d      	movs	r5, r3
10001e02:	465b      	mov	r3, fp
10001e04:	1aff      	subs	r7, r7, r3
10001e06:	0039      	movs	r1, r7
10001e08:	0020      	movs	r0, r4
10001e0a:	f000 fb37 	bl	1000247c <__wrap___aeabi_uidiv>
10001e0e:	4285      	cmp	r5, r0
10001e10:	d05d      	beq.n	10001ece <check_sys_clock_khz+0x13a>
10001e12:	1eb3      	subs	r3, r6, #2
10001e14:	4698      	mov	r8, r3
10001e16:	2e02      	cmp	r6, #2
10001e18:	d100      	bne.n	10001e1c <check_sys_clock_khz+0x88>
10001e1a:	e0ba      	b.n	10001f92 <check_sys_clock_khz+0x1fe>
10001e1c:	465b      	mov	r3, fp
10001e1e:	1aff      	subs	r7, r7, r3
10001e20:	0039      	movs	r1, r7
10001e22:	0020      	movs	r0, r4
10001e24:	f000 fb2a 	bl	1000247c <__wrap___aeabi_uidiv>
10001e28:	4285      	cmp	r5, r0
10001e2a:	d067      	beq.n	10001efc <check_sys_clock_khz+0x168>
10001e2c:	1ef3      	subs	r3, r6, #3
10001e2e:	4698      	mov	r8, r3
10001e30:	2e03      	cmp	r6, #3
10001e32:	d069      	beq.n	10001f08 <check_sys_clock_khz+0x174>
10001e34:	465b      	mov	r3, fp
10001e36:	1aff      	subs	r7, r7, r3
10001e38:	0039      	movs	r1, r7
10001e3a:	0020      	movs	r0, r4
10001e3c:	f000 fb1e 	bl	1000247c <__wrap___aeabi_uidiv>
10001e40:	4285      	cmp	r5, r0
10001e42:	d100      	bne.n	10001e46 <check_sys_clock_khz+0xb2>
10001e44:	e076      	b.n	10001f34 <check_sys_clock_khz+0x1a0>
10001e46:	1f33      	subs	r3, r6, #4
10001e48:	4698      	mov	r8, r3
10001e4a:	2e04      	cmp	r6, #4
10001e4c:	d100      	bne.n	10001e50 <check_sys_clock_khz+0xbc>
10001e4e:	e078      	b.n	10001f42 <check_sys_clock_khz+0x1ae>
10001e50:	465b      	mov	r3, fp
10001e52:	1aff      	subs	r7, r7, r3
10001e54:	0039      	movs	r1, r7
10001e56:	0020      	movs	r0, r4
10001e58:	f000 fb10 	bl	1000247c <__wrap___aeabi_uidiv>
10001e5c:	4285      	cmp	r5, r0
10001e5e:	d100      	bne.n	10001e62 <check_sys_clock_khz+0xce>
10001e60:	e07e      	b.n	10001f60 <check_sys_clock_khz+0x1cc>
10001e62:	2e05      	cmp	r6, #5
10001e64:	d100      	bne.n	10001e68 <check_sys_clock_khz+0xd4>
10001e66:	e080      	b.n	10001f6a <check_sys_clock_khz+0x1d6>
10001e68:	465b      	mov	r3, fp
10001e6a:	0020      	movs	r0, r4
10001e6c:	1af9      	subs	r1, r7, r3
10001e6e:	46a8      	mov	r8, r5
10001e70:	f000 fb04 	bl	1000247c <__wrap___aeabi_uidiv>
10001e74:	2506      	movs	r5, #6
10001e76:	4580      	cmp	r8, r0
10001e78:	d1ad      	bne.n	10001dd6 <check_sys_clock_khz+0x42>
10001e7a:	2900      	cmp	r1, #0
10001e7c:	d1ab      	bne.n	10001dd6 <check_sys_clock_khz+0x42>
10001e7e:	46ca      	mov	sl, r9
10001e80:	9901      	ldr	r1, [sp, #4]
10001e82:	46d9      	mov	r9, fp
10001e84:	9a02      	ldr	r2, [sp, #8]
10001e86:	9c03      	ldr	r4, [sp, #12]
10001e88:	3d05      	subs	r5, #5
10001e8a:	e028      	b.n	10001ede <check_sys_clock_khz+0x14a>
10001e8c:	002b      	movs	r3, r5
10001e8e:	4645      	mov	r5, r8
10001e90:	4698      	mov	r8, r3
10001e92:	0039      	movs	r1, r7
10001e94:	0020      	movs	r0, r4
10001e96:	f000 faf1 	bl	1000247c <__wrap___aeabi_uidiv>
10001e9a:	2900      	cmp	r1, #0
10001e9c:	d100      	bne.n	10001ea0 <check_sys_clock_khz+0x10c>
10001e9e:	e0a4      	b.n	10001fea <check_sys_clock_khz+0x256>
10001ea0:	1e6e      	subs	r6, r5, #1
10001ea2:	46ab      	mov	fp, r5
10001ea4:	4375      	muls	r5, r6
10001ea6:	0020      	movs	r0, r4
10001ea8:	0029      	movs	r1, r5
10001eaa:	002f      	movs	r7, r5
10001eac:	f000 fae6 	bl	1000247c <__wrap___aeabi_uidiv>
10001eb0:	4580      	cmp	r8, r0
10001eb2:	d1a2      	bne.n	10001dfa <check_sys_clock_khz+0x66>
10001eb4:	0039      	movs	r1, r7
10001eb6:	0020      	movs	r0, r4
10001eb8:	f000 fae0 	bl	1000247c <__wrap___aeabi_uidiv>
10001ebc:	2900      	cmp	r1, #0
10001ebe:	d19c      	bne.n	10001dfa <check_sys_clock_khz+0x66>
10001ec0:	46ca      	mov	sl, r9
10001ec2:	0035      	movs	r5, r6
10001ec4:	46d9      	mov	r9, fp
10001ec6:	9901      	ldr	r1, [sp, #4]
10001ec8:	9a02      	ldr	r2, [sp, #8]
10001eca:	9c03      	ldr	r4, [sp, #12]
10001ecc:	e007      	b.n	10001ede <check_sys_clock_khz+0x14a>
10001ece:	2900      	cmp	r1, #0
10001ed0:	d19f      	bne.n	10001e12 <check_sys_clock_khz+0x7e>
10001ed2:	46ca      	mov	sl, r9
10001ed4:	4645      	mov	r5, r8
10001ed6:	46d9      	mov	r9, fp
10001ed8:	9901      	ldr	r1, [sp, #4]
10001eda:	9a02      	ldr	r2, [sp, #8]
10001edc:	9c03      	ldr	r4, [sp, #12]
10001ede:	4650      	mov	r0, sl
10001ee0:	4b4d      	ldr	r3, [pc, #308]	@ (10002018 <check_sys_clock_khz+0x284>)
10001ee2:	4343      	muls	r3, r0
10001ee4:	600b      	str	r3, [r1, #0]
10001ee6:	464b      	mov	r3, r9
10001ee8:	2001      	movs	r0, #1
10001eea:	6013      	str	r3, [r2, #0]
10001eec:	6025      	str	r5, [r4, #0]
10001eee:	b005      	add	sp, #20
10001ef0:	bcf0      	pop	{r4, r5, r6, r7}
10001ef2:	46bb      	mov	fp, r7
10001ef4:	46b2      	mov	sl, r6
10001ef6:	46a9      	mov	r9, r5
10001ef8:	46a0      	mov	r8, r4
10001efa:	bdf0      	pop	{r4, r5, r6, r7, pc}
10001efc:	2900      	cmp	r1, #0
10001efe:	d0e8      	beq.n	10001ed2 <check_sys_clock_khz+0x13e>
10001f00:	1ef3      	subs	r3, r6, #3
10001f02:	4698      	mov	r8, r3
10001f04:	2e03      	cmp	r6, #3
10001f06:	d195      	bne.n	10001e34 <check_sys_clock_khz+0xa0>
10001f08:	2303      	movs	r3, #3
10001f0a:	2109      	movs	r1, #9
10001f0c:	0020      	movs	r0, r4
10001f0e:	2709      	movs	r7, #9
10001f10:	4698      	mov	r8, r3
10001f12:	f000 fab3 	bl	1000247c <__wrap___aeabi_uidiv>
10001f16:	42a8      	cmp	r0, r5
10001f18:	d0b8      	beq.n	10001e8c <check_sys_clock_khz+0xf8>
10001f1a:	2303      	movs	r3, #3
10001f1c:	2106      	movs	r1, #6
10001f1e:	0020      	movs	r0, r4
10001f20:	469b      	mov	fp, r3
10001f22:	2602      	movs	r6, #2
10001f24:	3f03      	subs	r7, #3
10001f26:	f000 faa9 	bl	1000247c <__wrap___aeabi_uidiv>
10001f2a:	4285      	cmp	r5, r0
10001f2c:	d048      	beq.n	10001fc0 <check_sys_clock_khz+0x22c>
10001f2e:	2301      	movs	r3, #1
10001f30:	4698      	mov	r8, r3
10001f32:	e766      	b.n	10001e02 <check_sys_clock_khz+0x6e>
10001f34:	2900      	cmp	r1, #0
10001f36:	d0cc      	beq.n	10001ed2 <check_sys_clock_khz+0x13e>
10001f38:	1f33      	subs	r3, r6, #4
10001f3a:	4698      	mov	r8, r3
10001f3c:	2e04      	cmp	r6, #4
10001f3e:	d000      	beq.n	10001f42 <check_sys_clock_khz+0x1ae>
10001f40:	e786      	b.n	10001e50 <check_sys_clock_khz+0xbc>
10001f42:	0923      	lsrs	r3, r4, #4
10001f44:	429d      	cmp	r5, r3
10001f46:	d056      	beq.n	10001ff6 <check_sys_clock_khz+0x262>
10001f48:	270c      	movs	r7, #12
10001f4a:	0020      	movs	r0, r4
10001f4c:	0039      	movs	r1, r7
10001f4e:	46b3      	mov	fp, r6
10001f50:	3e01      	subs	r6, #1
10001f52:	f000 fa93 	bl	1000247c <__wrap___aeabi_uidiv>
10001f56:	4285      	cmp	r5, r0
10001f58:	d032      	beq.n	10001fc0 <check_sys_clock_khz+0x22c>
10001f5a:	2302      	movs	r3, #2
10001f5c:	4698      	mov	r8, r3
10001f5e:	e750      	b.n	10001e02 <check_sys_clock_khz+0x6e>
10001f60:	2900      	cmp	r1, #0
10001f62:	d0b6      	beq.n	10001ed2 <check_sys_clock_khz+0x13e>
10001f64:	2e05      	cmp	r6, #5
10001f66:	d000      	beq.n	10001f6a <check_sys_clock_khz+0x1d6>
10001f68:	e77e      	b.n	10001e68 <check_sys_clock_khz+0xd4>
10001f6a:	2119      	movs	r1, #25
10001f6c:	0020      	movs	r0, r4
10001f6e:	2719      	movs	r7, #25
10001f70:	f000 fa84 	bl	1000247c <__wrap___aeabi_uidiv>
10001f74:	4285      	cmp	r5, r0
10001f76:	d02d      	beq.n	10001fd4 <check_sys_clock_khz+0x240>
10001f78:	2114      	movs	r1, #20
10001f7a:	0020      	movs	r0, r4
10001f7c:	3f05      	subs	r7, #5
10001f7e:	f000 fa7d 	bl	1000247c <__wrap___aeabi_uidiv>
10001f82:	4285      	cmp	r5, r0
10001f84:	d017      	beq.n	10001fb6 <check_sys_clock_khz+0x222>
10001f86:	2305      	movs	r3, #5
10001f88:	469b      	mov	fp, r3
10001f8a:	3b02      	subs	r3, #2
10001f8c:	2604      	movs	r6, #4
10001f8e:	4698      	mov	r8, r3
10001f90:	e737      	b.n	10001e02 <check_sys_clock_khz+0x6e>
10001f92:	46a8      	mov	r8, r5
10001f94:	08a1      	lsrs	r1, r4, #2
10001f96:	428d      	cmp	r5, r1
10001f98:	d014      	beq.n	10001fc4 <check_sys_clock_khz+0x230>
10001f9a:	0861      	lsrs	r1, r4, #1
10001f9c:	428d      	cmp	r5, r1
10001f9e:	d01c      	beq.n	10001fda <check_sys_clock_khz+0x246>
10001fa0:	4544      	cmp	r4, r8
10001fa2:	d000      	beq.n	10001fa6 <check_sys_clock_khz+0x212>
10001fa4:	e70a      	b.n	10001dbc <check_sys_clock_khz+0x28>
10001fa6:	2301      	movs	r3, #1
10001fa8:	46ca      	mov	sl, r9
10001faa:	2501      	movs	r5, #1
10001fac:	4699      	mov	r9, r3
10001fae:	9901      	ldr	r1, [sp, #4]
10001fb0:	9a02      	ldr	r2, [sp, #8]
10001fb2:	9c03      	ldr	r4, [sp, #12]
10001fb4:	e793      	b.n	10001ede <check_sys_clock_khz+0x14a>
10001fb6:	2305      	movs	r3, #5
10001fb8:	46a8      	mov	r8, r5
10001fba:	469b      	mov	fp, r3
10001fbc:	2604      	movs	r6, #4
10001fbe:	e779      	b.n	10001eb4 <check_sys_clock_khz+0x120>
10001fc0:	46a8      	mov	r8, r5
10001fc2:	e777      	b.n	10001eb4 <check_sys_clock_khz+0x120>
10001fc4:	2302      	movs	r3, #2
10001fc6:	46ca      	mov	sl, r9
10001fc8:	2502      	movs	r5, #2
10001fca:	4699      	mov	r9, r3
10001fcc:	9901      	ldr	r1, [sp, #4]
10001fce:	9a02      	ldr	r2, [sp, #8]
10001fd0:	9c03      	ldr	r4, [sp, #12]
10001fd2:	e784      	b.n	10001ede <check_sys_clock_khz+0x14a>
10001fd4:	46a8      	mov	r8, r5
10001fd6:	2505      	movs	r5, #5
10001fd8:	e75b      	b.n	10001e92 <check_sys_clock_khz+0xfe>
10001fda:	2302      	movs	r3, #2
10001fdc:	46ca      	mov	sl, r9
10001fde:	2501      	movs	r5, #1
10001fe0:	4699      	mov	r9, r3
10001fe2:	9901      	ldr	r1, [sp, #4]
10001fe4:	9a02      	ldr	r2, [sp, #8]
10001fe6:	9c03      	ldr	r4, [sp, #12]
10001fe8:	e779      	b.n	10001ede <check_sys_clock_khz+0x14a>
10001fea:	46ca      	mov	sl, r9
10001fec:	9901      	ldr	r1, [sp, #4]
10001fee:	46a9      	mov	r9, r5
10001ff0:	9a02      	ldr	r2, [sp, #8]
10001ff2:	9c03      	ldr	r4, [sp, #12]
10001ff4:	e773      	b.n	10001ede <check_sys_clock_khz+0x14a>
10001ff6:	2304      	movs	r3, #4
10001ff8:	46ca      	mov	sl, r9
10001ffa:	001d      	movs	r5, r3
10001ffc:	4699      	mov	r9, r3
10001ffe:	9901      	ldr	r1, [sp, #4]
10002000:	9a02      	ldr	r2, [sp, #8]
10002002:	9c03      	ldr	r4, [sp, #12]
10002004:	e76b      	b.n	10001ede <check_sys_clock_khz+0x14a>
10002006:	46c0      	nop			@ (mov r8, r8)
10002008:	002f2650 	.word	0x002f2650
1000200c:	000cf850 	.word	0x000cf850
10002010:	ffffd120 	.word	0xffffd120
10002014:	000b71b0 	.word	0x000b71b0
10002018:	00b71b00 	.word	0x00b71b00

1000201c <pll_init>:
1000201c:	b5f0      	push	{r4, r5, r6, r7, lr}
1000201e:	46c6      	mov	lr, r8
10002020:	0004      	movs	r4, r0
10002022:	b500      	push	{lr}
10002024:	4823      	ldr	r0, [pc, #140]	@ (100020b4 <pll_init+0x98>)
10002026:	0016      	movs	r6, r2
10002028:	4698      	mov	r8, r3
1000202a:	000d      	movs	r5, r1
1000202c:	f000 fa26 	bl	1000247c <__wrap___aeabi_uidiv>
10002030:	0001      	movs	r1, r0
10002032:	0030      	movs	r0, r6
10002034:	f000 fa22 	bl	1000247c <__wrap___aeabi_uidiv>
10002038:	4643      	mov	r3, r8
1000203a:	9a06      	ldr	r2, [sp, #24]
1000203c:	041b      	lsls	r3, r3, #16
1000203e:	0312      	lsls	r2, r2, #12
10002040:	4313      	orrs	r3, r2
10002042:	469c      	mov	ip, r3
10002044:	6823      	ldr	r3, [r4, #0]
10002046:	0006      	movs	r6, r0
10002048:	2b00      	cmp	r3, #0
1000204a:	db22      	blt.n	10002092 <pll_init+0x76>
1000204c:	4b1a      	ldr	r3, [pc, #104]	@ (100020b8 <pll_init+0x9c>)
1000204e:	481b      	ldr	r0, [pc, #108]	@ (100020bc <pll_init+0xa0>)
10002050:	18e2      	adds	r2, r4, r3
10002052:	1e53      	subs	r3, r2, #1
10002054:	419a      	sbcs	r2, r3
10002056:	2380      	movs	r3, #128	@ 0x80
10002058:	4252      	negs	r2, r2
1000205a:	0b12      	lsrs	r2, r2, #12
1000205c:	019b      	lsls	r3, r3, #6
1000205e:	0312      	lsls	r2, r2, #12
10002060:	18d2      	adds	r2, r2, r3
10002062:	4b17      	ldr	r3, [pc, #92]	@ (100020c0 <pll_init+0xa4>)
10002064:	601a      	str	r2, [r3, #0]
10002066:	4b17      	ldr	r3, [pc, #92]	@ (100020c4 <pll_init+0xa8>)
10002068:	601a      	str	r2, [r3, #0]
1000206a:	0013      	movs	r3, r2
1000206c:	6801      	ldr	r1, [r0, #0]
1000206e:	438b      	bics	r3, r1
10002070:	d1fb      	bne.n	1000206a <pll_init+0x4e>
10002072:	2221      	movs	r2, #33	@ 0x21
10002074:	4b14      	ldr	r3, [pc, #80]	@ (100020c8 <pll_init+0xac>)
10002076:	6025      	str	r5, [r4, #0]
10002078:	18e3      	adds	r3, r4, r3
1000207a:	60a6      	str	r6, [r4, #8]
1000207c:	601a      	str	r2, [r3, #0]
1000207e:	6822      	ldr	r2, [r4, #0]
10002080:	2a00      	cmp	r2, #0
10002082:	dafc      	bge.n	1000207e <pll_init+0x62>
10002084:	4662      	mov	r2, ip
10002086:	60e2      	str	r2, [r4, #12]
10002088:	2208      	movs	r2, #8
1000208a:	601a      	str	r2, [r3, #0]
1000208c:	bc80      	pop	{r7}
1000208e:	46b8      	mov	r8, r7
10002090:	bdf0      	pop	{r4, r5, r6, r7, pc}
10002092:	233f      	movs	r3, #63	@ 0x3f
10002094:	6822      	ldr	r2, [r4, #0]
10002096:	4013      	ands	r3, r2
10002098:	42ab      	cmp	r3, r5
1000209a:	d1d7      	bne.n	1000204c <pll_init+0x30>
1000209c:	68a3      	ldr	r3, [r4, #8]
1000209e:	051b      	lsls	r3, r3, #20
100020a0:	0d1b      	lsrs	r3, r3, #20
100020a2:	4283      	cmp	r3, r0
100020a4:	d1d2      	bne.n	1000204c <pll_init+0x30>
100020a6:	22ee      	movs	r2, #238	@ 0xee
100020a8:	68e3      	ldr	r3, [r4, #12]
100020aa:	02d2      	lsls	r2, r2, #11
100020ac:	4013      	ands	r3, r2
100020ae:	4563      	cmp	r3, ip
100020b0:	d1cc      	bne.n	1000204c <pll_init+0x30>
100020b2:	e7eb      	b.n	1000208c <pll_init+0x70>
100020b4:	00b71b00 	.word	0x00b71b00
100020b8:	bffd4000 	.word	0xbffd4000
100020bc:	4000c008 	.word	0x4000c008
100020c0:	4000e000 	.word	0x4000e000
100020c4:	4000f000 	.word	0x4000f000
100020c8:	00003004 	.word	0x00003004

100020cc <watchdog_reboot>:
100020cc:	b510      	push	{r4, lr}
100020ce:	2480      	movs	r4, #128	@ 0x80
100020d0:	4b1c      	ldr	r3, [pc, #112]	@ (10002144 <watchdog_reboot+0x78>)
100020d2:	05e4      	lsls	r4, r4, #23
100020d4:	601c      	str	r4, [r3, #0]
100020d6:	2800      	cmp	r0, #0
100020d8:	d01a      	beq.n	10002110 <watchdog_reboot+0x44>
100020da:	2301      	movs	r3, #1
100020dc:	4c1a      	ldr	r4, [pc, #104]	@ (10002148 <watchdog_reboot+0x7c>)
100020de:	4318      	orrs	r0, r3
100020e0:	4b1a      	ldr	r3, [pc, #104]	@ (1000214c <watchdog_reboot+0x80>)
100020e2:	61dc      	str	r4, [r3, #28]
100020e4:	4c1a      	ldr	r4, [pc, #104]	@ (10002150 <watchdog_reboot+0x84>)
100020e6:	4044      	eors	r4, r0
100020e8:	621c      	str	r4, [r3, #32]
100020ea:	6259      	str	r1, [r3, #36]	@ 0x24
100020ec:	6298      	str	r0, [r3, #40]	@ 0x28
100020ee:	2180      	movs	r1, #128	@ 0x80
100020f0:	4b14      	ldr	r3, [pc, #80]	@ (10002144 <watchdog_reboot+0x78>)
100020f2:	05c9      	lsls	r1, r1, #23
100020f4:	6019      	str	r1, [r3, #0]
100020f6:	4817      	ldr	r0, [pc, #92]	@ (10002154 <watchdog_reboot+0x88>)
100020f8:	4917      	ldr	r1, [pc, #92]	@ (10002158 <watchdog_reboot+0x8c>)
100020fa:	6008      	str	r0, [r1, #0]
100020fc:	21e0      	movs	r1, #224	@ 0xe0
100020fe:	04c9      	lsls	r1, r1, #19
10002100:	6019      	str	r1, [r3, #0]
10002102:	2a00      	cmp	r2, #0
10002104:	d107      	bne.n	10002116 <watchdog_reboot+0x4a>
10002106:	2280      	movs	r2, #128	@ 0x80
10002108:	4b14      	ldr	r3, [pc, #80]	@ (1000215c <watchdog_reboot+0x90>)
1000210a:	0612      	lsls	r2, r2, #24
1000210c:	601a      	str	r2, [r3, #0]
1000210e:	bd10      	pop	{r4, pc}
10002110:	4b0e      	ldr	r3, [pc, #56]	@ (1000214c <watchdog_reboot+0x80>)
10002112:	61d8      	str	r0, [r3, #28]
10002114:	e7eb      	b.n	100020ee <watchdog_reboot+0x22>
10002116:	0153      	lsls	r3, r2, #5
10002118:	1a9b      	subs	r3, r3, r2
1000211a:	009b      	lsls	r3, r3, #2
1000211c:	189a      	adds	r2, r3, r2
1000211e:	2380      	movs	r3, #128	@ 0x80
10002120:	0112      	lsls	r2, r2, #4
10002122:	045b      	lsls	r3, r3, #17
10002124:	429a      	cmp	r2, r3
10002126:	d209      	bcs.n	1000213c <watchdog_reboot+0x70>
10002128:	0013      	movs	r3, r2
1000212a:	490d      	ldr	r1, [pc, #52]	@ (10002160 <watchdog_reboot+0x94>)
1000212c:	600b      	str	r3, [r1, #0]
1000212e:	4b07      	ldr	r3, [pc, #28]	@ (1000214c <watchdog_reboot+0x80>)
10002130:	605a      	str	r2, [r3, #4]
10002132:	2280      	movs	r2, #128	@ 0x80
10002134:	4b09      	ldr	r3, [pc, #36]	@ (1000215c <watchdog_reboot+0x90>)
10002136:	05d2      	lsls	r2, r2, #23
10002138:	601a      	str	r2, [r3, #0]
1000213a:	e7e8      	b.n	1000210e <watchdog_reboot+0x42>
1000213c:	4b09      	ldr	r3, [pc, #36]	@ (10002164 <watchdog_reboot+0x98>)
1000213e:	001a      	movs	r2, r3
10002140:	e7f3      	b.n	1000212a <watchdog_reboot+0x5e>
10002142:	46c0      	nop			@ (mov r8, r8)
10002144:	4005b000 	.word	0x4005b000
10002148:	b007c0d3 	.word	0xb007c0d3
1000214c:	40058000 	.word	0x40058000
10002150:	4ff83f2d 	.word	0x4ff83f2d
10002154:	0001fffc 	.word	0x0001fffc
10002158:	40012008 	.word	0x40012008
1000215c:	4005a000 	.word	0x4005a000
10002160:	20002994 	.word	0x20002994
10002164:	00ffffff 	.word	0x00ffffff

10002168 <tick_start>:
10002168:	2380      	movs	r3, #128	@ 0x80
1000216a:	4a02      	ldr	r2, [pc, #8]	@ (10002174 <tick_start+0xc>)
1000216c:	009b      	lsls	r3, r3, #2
1000216e:	430b      	orrs	r3, r1
10002170:	62d3      	str	r3, [r2, #44]	@ 0x2c
10002172:	4770      	bx	lr
10002174:	40058000 	.word	0x40058000

10002178 <rom_func_lookup>:
10002178:	2300      	movs	r3, #0
1000217a:	b510      	push	{r4, lr}
1000217c:	0001      	movs	r1, r0
1000217e:	8a98      	ldrh	r0, [r3, #20]
10002180:	8b1b      	ldrh	r3, [r3, #24]
10002182:	4798      	blx	r3
10002184:	bd10      	pop	{r4, pc}
10002186:	46c0      	nop			@ (mov r8, r8)

10002188 <rom_data_lookup>:
10002188:	2316      	movs	r3, #22
1000218a:	b510      	push	{r4, lr}
1000218c:	0001      	movs	r1, r0
1000218e:	8818      	ldrh	r0, [r3, #0]
10002190:	885b      	ldrh	r3, [r3, #2]
10002192:	4798      	blx	r3
10002194:	bd10      	pop	{r4, pc}
10002196:	46c0      	nop			@ (mov r8, r8)

10002198 <rom_funcs_lookup>:
10002198:	b5f8      	push	{r3, r4, r5, r6, r7, lr}
1000219a:	4647      	mov	r7, r8
1000219c:	46ce      	mov	lr, r9
1000219e:	b580      	push	{r7, lr}
100021a0:	1e0f      	subs	r7, r1, #0
100021a2:	d018      	beq.n	100021d6 <rom_funcs_lookup+0x3e>
100021a4:	2314      	movs	r3, #20
100021a6:	4699      	mov	r9, r3
100021a8:	3304      	adds	r3, #4
100021aa:	0004      	movs	r4, r0
100021ac:	2500      	movs	r5, #0
100021ae:	2601      	movs	r6, #1
100021b0:	4698      	mov	r8, r3
100021b2:	464b      	mov	r3, r9
100021b4:	8818      	ldrh	r0, [r3, #0]
100021b6:	4643      	mov	r3, r8
100021b8:	6821      	ldr	r1, [r4, #0]
100021ba:	881b      	ldrh	r3, [r3, #0]
100021bc:	4798      	blx	r3
100021be:	c401      	stmia	r4!, {r0}
100021c0:	1e43      	subs	r3, r0, #1
100021c2:	4198      	sbcs	r0, r3
100021c4:	3501      	adds	r5, #1
100021c6:	4006      	ands	r6, r0
100021c8:	42af      	cmp	r7, r5
100021ca:	d1f2      	bne.n	100021b2 <rom_funcs_lookup+0x1a>
100021cc:	0030      	movs	r0, r6
100021ce:	bcc0      	pop	{r6, r7}
100021d0:	46b9      	mov	r9, r7
100021d2:	46b0      	mov	r8, r6
100021d4:	bdf8      	pop	{r3, r4, r5, r6, r7, pc}
100021d6:	2601      	movs	r6, #1
100021d8:	e7f8      	b.n	100021cc <rom_funcs_lookup+0x34>
100021da:	46c0      	nop			@ (mov r8, r8)

100021dc <rom_reset_usb_boot>:
100021dc:	2300      	movs	r3, #0
100021de:	b570      	push	{r4, r5, r6, lr}
100021e0:	0004      	movs	r4, r0
100021e2:	000d      	movs	r5, r1
100021e4:	8a98      	ldrh	r0, [r3, #20]
100021e6:	4903      	ldr	r1, [pc, #12]	@ (100021f4 <rom_reset_usb_boot+0x18>)
100021e8:	8b1b      	ldrh	r3, [r3, #24]
100021ea:	4798      	blx	r3
100021ec:	0029      	movs	r1, r5
100021ee:	0003      	movs	r3, r0
100021f0:	0020      	movs	r0, r4
100021f2:	4798      	blx	r3
100021f4:	00004255 	.word	0x00004255

100021f8 <rom_reset_usb_boot_extra>:
100021f8:	2300      	movs	r3, #0
100021fa:	b570      	push	{r4, r5, r6, lr}
100021fc:	0004      	movs	r4, r0
100021fe:	000d      	movs	r5, r1
10002200:	8a98      	ldrh	r0, [r3, #20]
10002202:	4905      	ldr	r1, [pc, #20]	@ (10002218 <rom_reset_usb_boot_extra+0x20>)
10002204:	8b1b      	ldrh	r3, [r3, #24]
10002206:	4798      	blx	r3
10002208:	0003      	movs	r3, r0
1000220a:	2000      	movs	r0, #0
1000220c:	2c00      	cmp	r4, #0
1000220e:	db01      	blt.n	10002214 <rom_reset_usb_boot_extra+0x1c>
10002210:	3001      	adds	r0, #1
10002212:	40a0      	lsls	r0, r4
10002214:	0029      	movs	r1, r5
10002216:	4798      	blx	r3
10002218:	00004255 	.word	0x00004255

1000221c <xosc_init>:
1000221c:	23aa      	movs	r3, #170	@ 0xaa
1000221e:	4a06      	ldr	r2, [pc, #24]	@ (10002238 <xosc_init+0x1c>)
10002220:	011b      	lsls	r3, r3, #4
10002222:	6013      	str	r3, [r2, #0]
10002224:	238d      	movs	r3, #141	@ 0x8d
10002226:	005b      	lsls	r3, r3, #1
10002228:	60d3      	str	r3, [r2, #12]
1000222a:	4904      	ldr	r1, [pc, #16]	@ (1000223c <xosc_init+0x20>)
1000222c:	4b04      	ldr	r3, [pc, #16]	@ (10002240 <xosc_init+0x24>)
1000222e:	6019      	str	r1, [r3, #0]
10002230:	6853      	ldr	r3, [r2, #4]
10002232:	2b00      	cmp	r3, #0
10002234:	dafc      	bge.n	10002230 <xosc_init+0x14>
10002236:	4770      	bx	lr
10002238:	40024000 	.word	0x40024000
1000223c:	00fab000 	.word	0x00fab000
10002240:	40026000 	.word	0x40026000

10002244 <first_per_core_initializer>:
10002244:	4770      	bx	lr
10002246:	46c0      	nop			@ (mov r8, r8)

10002248 <hard_assertion_failure>:
10002248:	b510      	push	{r4, lr}
1000224a:	4801      	ldr	r0, [pc, #4]	@ (10002250 <hard_assertion_failure+0x8>)
1000224c:	f7fe fbac 	bl	100009a8 <panic>
10002250:	10007e14 	.word	0x10007e14

10002254 <runtime_run_initializers>:
10002254:	b570      	push	{r4, r5, r6, lr}
10002256:	4d07      	ldr	r5, [pc, #28]	@ (10002274 <runtime_run_initializers+0x20>)
10002258:	4e07      	ldr	r6, [pc, #28]	@ (10002278 <runtime_run_initializers+0x24>)
1000225a:	42b5      	cmp	r5, r6
1000225c:	d209      	bcs.n	10002272 <runtime_run_initializers+0x1e>
1000225e:	2400      	movs	r4, #0
10002260:	3e01      	subs	r6, #1
10002262:	1b76      	subs	r6, r6, r5
10002264:	08b6      	lsrs	r6, r6, #2
10002266:	3601      	adds	r6, #1
10002268:	cd08      	ldmia	r5!, {r3}
1000226a:	3401      	adds	r4, #1
1000226c:	4798      	blx	r3
1000226e:	42b4      	cmp	r4, r6
10002270:	d1fa      	bne.n	10002268 <runtime_run_initializers+0x14>
10002272:	bd70      	pop	{r4, r5, r6, pc}
10002274:	10007ae8 	.word	0x10007ae8
10002278:	10007b24 	.word	0x10007b24

1000227c <runtime_run_per_core_initializers>:
1000227c:	b570      	push	{r4, r5, r6, lr}
1000227e:	4d07      	ldr	r5, [pc, #28]	@ (1000229c <runtime_run_per_core_initializers+0x20>)
10002280:	4e07      	ldr	r6, [pc, #28]	@ (100022a0 <runtime_run_per_core_initializers+0x24>)
10002282:	42b5      	cmp	r5, r6
10002284:	d209      	bcs.n	1000229a <runtime_run_per_core_initializers+0x1e>
10002286:	2400      	movs	r4, #0
10002288:	3e01      	subs	r6, #1
1000228a:	1b76      	subs	r6, r6, r5
1000228c:	08b6      	lsrs	r6, r6, #2
1000228e:	3601      	adds	r6, #1
10002290:	cd08      	ldmia	r5!, {r3}
10002292:	3401      	adds	r4, #1
10002294:	4798      	blx	r3
10002296:	42b4      	cmp	r4, r6
10002298:	d1fa      	bne.n	10002290 <runtime_run_per_core_initializers+0x14>
1000229a:	bd70      	pop	{r4, r5, r6, pc}
1000229c:	10007b1c 	.word	0x10007b1c
100022a0:	10007b24 	.word	0x10007b24

100022a4 <runtime_init_early_resets>:
100022a4:	4b05      	ldr	r3, [pc, #20]	@ (100022bc <runtime_init_early_resets+0x18>)
100022a6:	4a06      	ldr	r2, [pc, #24]	@ (100022c0 <runtime_init_early_resets+0x1c>)
100022a8:	4906      	ldr	r1, [pc, #24]	@ (100022c4 <runtime_init_early_resets+0x20>)
100022aa:	601a      	str	r2, [r3, #0]
100022ac:	4a06      	ldr	r2, [pc, #24]	@ (100022c8 <runtime_init_early_resets+0x24>)
100022ae:	4b07      	ldr	r3, [pc, #28]	@ (100022cc <runtime_init_early_resets+0x28>)
100022b0:	601a      	str	r2, [r3, #0]
100022b2:	0010      	movs	r0, r2
100022b4:	680b      	ldr	r3, [r1, #0]
100022b6:	4398      	bics	r0, r3
100022b8:	d1fb      	bne.n	100022b2 <runtime_init_early_resets+0xe>
100022ba:	4770      	bx	lr
100022bc:	4000e000 	.word	0x4000e000
100022c0:	fefbcdbf 	.word	0xfefbcdbf
100022c4:	4000c008 	.word	0x4000c008
100022c8:	003c7ffe 	.word	0x003c7ffe
100022cc:	4000f000 	.word	0x4000f000

100022d0 <runtime_init_usb_power_down>:
100022d0:	4b04      	ldr	r3, [pc, #16]	@ (100022e4 <runtime_init_usb_power_down+0x14>)
100022d2:	6cdb      	ldr	r3, [r3, #76]	@ 0x4c
100022d4:	2b00      	cmp	r3, #0
100022d6:	d103      	bne.n	100022e0 <runtime_init_usb_power_down+0x10>
100022d8:	2280      	movs	r2, #128	@ 0x80
100022da:	4b03      	ldr	r3, [pc, #12]	@ (100022e8 <runtime_init_usb_power_down+0x18>)
100022dc:	02d2      	lsls	r2, r2, #11
100022de:	601a      	str	r2, [r3, #0]
100022e0:	4770      	bx	lr
100022e2:	46c0      	nop			@ (mov r8, r8)
100022e4:	50110000 	.word	0x50110000
100022e8:	5011204c 	.word	0x5011204c

100022ec <runtime_init_post_clock_resets>:
100022ec:	4a04      	ldr	r2, [pc, #16]	@ (10002300 <runtime_init_post_clock_resets+0x14>)
100022ee:	4b05      	ldr	r3, [pc, #20]	@ (10002304 <runtime_init_post_clock_resets+0x18>)
100022f0:	601a      	str	r2, [r3, #0]
100022f2:	4a05      	ldr	r2, [pc, #20]	@ (10002308 <runtime_init_post_clock_resets+0x1c>)
100022f4:	6813      	ldr	r3, [r2, #0]
100022f6:	01db      	lsls	r3, r3, #7
100022f8:	3380      	adds	r3, #128	@ 0x80
100022fa:	d1fb      	bne.n	100022f4 <runtime_init_post_clock_resets+0x8>
100022fc:	4770      	bx	lr
100022fe:	46c0      	nop			@ (mov r8, r8)
10002300:	01ffffff 	.word	0x01ffffff
10002304:	4000f000 	.word	0x4000f000
10002308:	4000c008 	.word	0x4000c008

1000230c <runtime_init_rp2040_gpio_ie_disable>:
1000230c:	2240      	movs	r2, #64	@ 0x40
1000230e:	4b03      	ldr	r3, [pc, #12]	@ (1000231c <runtime_init_rp2040_gpio_ie_disable+0x10>)
10002310:	679a      	str	r2, [r3, #120]	@ 0x78
10002312:	675a      	str	r2, [r3, #116]	@ 0x74
10002314:	671a      	str	r2, [r3, #112]	@ 0x70
10002316:	66da      	str	r2, [r3, #108]	@ 0x6c
10002318:	4770      	bx	lr
1000231a:	46c0      	nop			@ (mov r8, r8)
1000231c:	4001f000 	.word	0x4001f000

10002320 <runtime_init_spin_locks_reset>:
10002320:	b510      	push	{r4, lr}
10002322:	f7fe fbe1 	bl	10000ae8 <spin_locks_reset>
10002326:	bd10      	pop	{r4, pc}

10002328 <runtime_init_install_ram_vector_table>:
10002328:	b570      	push	{r4, r5, r6, lr}
1000232a:	4d04      	ldr	r5, [pc, #16]	@ (1000233c <runtime_init_install_ram_vector_table+0x14>)
1000232c:	4c04      	ldr	r4, [pc, #16]	@ (10002340 <runtime_init_install_ram_vector_table+0x18>)
1000232e:	68a9      	ldr	r1, [r5, #8]
10002330:	22c0      	movs	r2, #192	@ 0xc0
10002332:	0020      	movs	r0, r4
10002334:	f000 ff38 	bl	100031a8 <__wrap___aeabi_memcpy>
10002338:	60ac      	str	r4, [r5, #8]
1000233a:	bd70      	pop	{r4, r5, r6, pc}
1000233c:	e000ed00 	.word	0xe000ed00
10002340:	20000000 	.word	0x20000000

10002344 <runtime_init_clocks>:
10002344:	2300      	movs	r3, #0
10002346:	b510      	push	{r4, lr}
10002348:	4c29      	ldr	r4, [pc, #164]	@ (100023f0 <runtime_init_clocks+0xac>)
1000234a:	b082      	sub	sp, #8
1000234c:	67a3      	str	r3, [r4, #120]	@ 0x78
1000234e:	f7ff ff65 	bl	1000221c <xosc_init>
10002352:	2201      	movs	r2, #1
10002354:	4b27      	ldr	r3, [pc, #156]	@ (100023f4 <runtime_init_clocks+0xb0>)
10002356:	601a      	str	r2, [r3, #0]
10002358:	6c63      	ldr	r3, [r4, #68]	@ 0x44
1000235a:	2b01      	cmp	r3, #1
1000235c:	d1fc      	bne.n	10002358 <runtime_init_clocks+0x14>
1000235e:	2203      	movs	r2, #3
10002360:	4b25      	ldr	r3, [pc, #148]	@ (100023f8 <runtime_init_clocks+0xb4>)
10002362:	601a      	str	r2, [r3, #0]
10002364:	4a22      	ldr	r2, [pc, #136]	@ (100023f0 <runtime_init_clocks+0xac>)
10002366:	6b93      	ldr	r3, [r2, #56]	@ 0x38
10002368:	2b01      	cmp	r3, #1
1000236a:	d1fc      	bne.n	10002366 <runtime_init_clocks+0x22>
1000236c:	3301      	adds	r3, #1
1000236e:	9300      	str	r3, [sp, #0]
10002370:	2101      	movs	r1, #1
10002372:	4a22      	ldr	r2, [pc, #136]	@ (100023fc <runtime_init_clocks+0xb8>)
10002374:	4822      	ldr	r0, [pc, #136]	@ (10002400 <runtime_init_clocks+0xbc>)
10002376:	3304      	adds	r3, #4
10002378:	f7ff fe50 	bl	1000201c <pll_init>
1000237c:	2305      	movs	r3, #5
1000237e:	2101      	movs	r1, #1
10002380:	9300      	str	r3, [sp, #0]
10002382:	4a20      	ldr	r2, [pc, #128]	@ (10002404 <runtime_init_clocks+0xc0>)
10002384:	4820      	ldr	r0, [pc, #128]	@ (10002408 <runtime_init_clocks+0xc4>)
10002386:	f7ff fe49 	bl	1000201c <pll_init>
1000238a:	2200      	movs	r2, #0
1000238c:	2102      	movs	r1, #2
1000238e:	2004      	movs	r0, #4
10002390:	4b1e      	ldr	r3, [pc, #120]	@ (1000240c <runtime_init_clocks+0xc8>)
10002392:	f7ff fbaf 	bl	10001af4 <clock_configure_undivided>
10002396:	2200      	movs	r2, #0
10002398:	2101      	movs	r1, #1
1000239a:	2005      	movs	r0, #5
1000239c:	4b1c      	ldr	r3, [pc, #112]	@ (10002410 <runtime_init_clocks+0xcc>)
1000239e:	f7ff fba9 	bl	10001af4 <clock_configure_undivided>
100023a2:	2200      	movs	r2, #0
100023a4:	2100      	movs	r1, #0
100023a6:	2007      	movs	r0, #7
100023a8:	4b1a      	ldr	r3, [pc, #104]	@ (10002414 <runtime_init_clocks+0xd0>)
100023aa:	f7ff fba3 	bl	10001af4 <clock_configure_undivided>
100023ae:	2200      	movs	r2, #0
100023b0:	2100      	movs	r1, #0
100023b2:	2008      	movs	r0, #8
100023b4:	4b17      	ldr	r3, [pc, #92]	@ (10002414 <runtime_init_clocks+0xd0>)
100023b6:	f7ff fb9d 	bl	10001af4 <clock_configure_undivided>
100023ba:	2380      	movs	r3, #128	@ 0x80
100023bc:	00db      	lsls	r3, r3, #3
100023be:	9300      	str	r3, [sp, #0]
100023c0:	2200      	movs	r2, #0
100023c2:	2100      	movs	r1, #0
100023c4:	2009      	movs	r0, #9
100023c6:	4b13      	ldr	r3, [pc, #76]	@ (10002414 <runtime_init_clocks+0xd0>)
100023c8:	f7ff fb1e 	bl	10001a08 <clock_configure_int_divider>
100023cc:	2200      	movs	r2, #0
100023ce:	4b10      	ldr	r3, [pc, #64]	@ (10002410 <runtime_init_clocks+0xcc>)
100023d0:	2100      	movs	r1, #0
100023d2:	2006      	movs	r0, #6
100023d4:	f7ff fb8e 	bl	10001af4 <clock_configure_undivided>
100023d8:	2004      	movs	r0, #4
100023da:	f7ff fbfb 	bl	10001bd4 <clock_get_hz>
100023de:	490e      	ldr	r1, [pc, #56]	@ (10002418 <runtime_init_clocks+0xd4>)
100023e0:	f000 f84c 	bl	1000247c <__wrap___aeabi_uidiv>
100023e4:	0001      	movs	r1, r0
100023e6:	2000      	movs	r0, #0
100023e8:	f7ff febe 	bl	10002168 <tick_start>
100023ec:	b002      	add	sp, #8
100023ee:	bd10      	pop	{r4, pc}
100023f0:	40008000 	.word	0x40008000
100023f4:	4000b03c 	.word	0x4000b03c
100023f8:	4000b030 	.word	0x4000b030
100023fc:	59682f00 	.word	0x59682f00
10002400:	40028000 	.word	0x40028000
10002404:	47868c00 	.word	0x47868c00
10002408:	4002c000 	.word	0x4002c000
1000240c:	00b71b00 	.word	0x00b71b00
10002410:	07735940 	.word	0x07735940
10002414:	02dc6c00 	.word	0x02dc6c00
10002418:	000f4240 	.word	0x000f4240

1000241c <__aeabi_bits_init>:
1000241c:	4801      	ldr	r0, [pc, #4]	@ (10002424 <__aeabi_bits_init+0x8>)
1000241e:	2104      	movs	r1, #4
10002420:	4b01      	ldr	r3, [pc, #4]	@ (10002428 <__aeabi_bits_init+0xc>)
10002422:	4718      	bx	r3
10002424:	200018c0 	.word	0x200018c0
10002428:	10002199 	.word	0x10002199

1000242c <__wrap___aeabi_idiv>:
1000242c:	4a12      	ldr	r2, [pc, #72]	@ (10002478 <divmod_s32s32_savestate+0x18>)
1000242e:	6f93      	ldr	r3, [r2, #120]	@ 0x78
10002430:	089b      	lsrs	r3, r3, #2
10002432:	d215      	bcs.n	10002460 <divmod_s32s32_savestate>

10002434 <divmod_s32s32_unsafe>:
10002434:	6690      	str	r0, [r2, #104]	@ 0x68
10002436:	66d1      	str	r1, [r2, #108]	@ 0x6c
10002438:	2900      	cmp	r1, #0
1000243a:	d005      	beq.n	10002448 <divmod_s32s32_unsafe+0x14>
1000243c:	e7ff      	b.n	1000243e <divmod_s32s32_unsafe+0xa>
1000243e:	e7ff      	b.n	10002440 <divmod_s32s32_unsafe+0xc>
10002440:	e7ff      	b.n	10002442 <divmod_s32s32_unsafe+0xe>
10002442:	6f51      	ldr	r1, [r2, #116]	@ 0x74
10002444:	6f10      	ldr	r0, [r2, #112]	@ 0x70
10002446:	4770      	bx	lr
10002448:	b504      	push	{r2, lr}
1000244a:	2180      	movs	r1, #128	@ 0x80
1000244c:	0609      	lsls	r1, r1, #24
1000244e:	17c2      	asrs	r2, r0, #31
10002450:	4051      	eors	r1, r2
10002452:	2800      	cmp	r0, #0
10002454:	d000      	beq.n	10002458 <divmod_s32s32_unsafe+0x24>
10002456:	43c8      	mvns	r0, r1
10002458:	f005 fb0e 	bl	10007a78 <____aeabi_idiv0_veneer>
1000245c:	2100      	movs	r1, #0
1000245e:	bd04      	pop	{r2, pc}

10002460 <divmod_s32s32_savestate>:
10002460:	b5f0      	push	{r4, r5, r6, r7, lr}
10002462:	6e14      	ldr	r4, [r2, #96]	@ 0x60
10002464:	6e55      	ldr	r5, [r2, #100]	@ 0x64
10002466:	6f57      	ldr	r7, [r2, #116]	@ 0x74
10002468:	6f16      	ldr	r6, [r2, #112]	@ 0x70
1000246a:	f7ff ffe3 	bl	10002434 <divmod_s32s32_unsafe>
1000246e:	6614      	str	r4, [r2, #96]	@ 0x60
10002470:	6655      	str	r5, [r2, #100]	@ 0x64
10002472:	6757      	str	r7, [r2, #116]	@ 0x74
10002474:	6716      	str	r6, [r2, #112]	@ 0x70
10002476:	bdf0      	pop	{r4, r5, r6, r7, pc}
10002478:	d0000000 	.word	0xd0000000

1000247c <__wrap___aeabi_uidiv>:
1000247c:	4a11      	ldr	r2, [pc, #68]	@ (100024c4 <divmod_u32u32_savestate+0x18>)
1000247e:	6f93      	ldr	r3, [r2, #120]	@ 0x78
10002480:	089b      	lsrs	r3, r3, #2
10002482:	d213      	bcs.n	100024ac <divmod_u32u32_savestate>

10002484 <divmod_u32u32_unsafe>:
10002484:	6610      	str	r0, [r2, #96]	@ 0x60
10002486:	6651      	str	r1, [r2, #100]	@ 0x64
10002488:	2900      	cmp	r1, #0
1000248a:	d005      	beq.n	10002498 <divmod_u32u32_unsafe+0x14>
1000248c:	e7ff      	b.n	1000248e <divmod_u32u32_unsafe+0xa>
1000248e:	e7ff      	b.n	10002490 <divmod_u32u32_unsafe+0xc>
10002490:	e7ff      	b.n	10002492 <divmod_u32u32_unsafe+0xe>
10002492:	6f51      	ldr	r1, [r2, #116]	@ 0x74
10002494:	6f10      	ldr	r0, [r2, #112]	@ 0x70
10002496:	4770      	bx	lr
10002498:	b504      	push	{r2, lr}
1000249a:	2800      	cmp	r0, #0
1000249c:	d001      	beq.n	100024a2 <divmod_u32u32_unsafe+0x1e>
1000249e:	2000      	movs	r0, #0
100024a0:	43c0      	mvns	r0, r0
100024a2:	f005 fae9 	bl	10007a78 <____aeabi_idiv0_veneer>
100024a6:	2100      	movs	r1, #0
100024a8:	bd04      	pop	{r2, pc}
100024aa:	46c0      	nop			@ (mov r8, r8)

100024ac <divmod_u32u32_savestate>:
100024ac:	b5f0      	push	{r4, r5, r6, r7, lr}
100024ae:	6e14      	ldr	r4, [r2, #96]	@ 0x60
100024b0:	6e55      	ldr	r5, [r2, #100]	@ 0x64
100024b2:	6f57      	ldr	r7, [r2, #116]	@ 0x74
100024b4:	6f16      	ldr	r6, [r2, #112]	@ 0x70
100024b6:	f7ff ffe5 	bl	10002484 <divmod_u32u32_unsafe>
100024ba:	6614      	str	r4, [r2, #96]	@ 0x60
100024bc:	6655      	str	r5, [r2, #100]	@ 0x64
100024be:	6757      	str	r7, [r2, #116]	@ 0x74
100024c0:	6716      	str	r6, [r2, #112]	@ 0x70
100024c2:	bdf0      	pop	{r4, r5, r6, r7, pc}
100024c4:	d0000000 	.word	0xd0000000

100024c8 <__wrap___aeabi_ldivmod>:
100024c8:	4694      	mov	ip, r2
100024ca:	4a4a      	ldr	r2, [pc, #296]	@ (100025f4 <udiv0+0x1a>)
100024cc:	6f92      	ldr	r2, [r2, #120]	@ 0x78
100024ce:	0892      	lsrs	r2, r2, #2
100024d0:	4662      	mov	r2, ip
100024d2:	d201      	bcs.n	100024d8 <divmod_s64s64_savestate>
100024d4:	e028      	b.n	10002528 <divmod_s64s64_unsafe>
100024d6:	46c0      	nop			@ (mov r8, r8)

100024d8 <divmod_s64s64_savestate>:
100024d8:	b5f0      	push	{r4, r5, r6, r7, lr}
100024da:	4e46      	ldr	r6, [pc, #280]	@ (100025f4 <udiv0+0x1a>)
100024dc:	6e34      	ldr	r4, [r6, #96]	@ 0x60
100024de:	6e75      	ldr	r5, [r6, #100]	@ 0x64
100024e0:	6f77      	ldr	r7, [r6, #116]	@ 0x74
100024e2:	6f36      	ldr	r6, [r6, #112]	@ 0x70
100024e4:	f000 f820 	bl	10002528 <divmod_s64s64_unsafe>
100024e8:	4694      	mov	ip, r2
100024ea:	4a42      	ldr	r2, [pc, #264]	@ (100025f4 <udiv0+0x1a>)
100024ec:	6614      	str	r4, [r2, #96]	@ 0x60
100024ee:	6655      	str	r5, [r2, #100]	@ 0x64
100024f0:	6757      	str	r7, [r2, #116]	@ 0x74
100024f2:	6716      	str	r6, [r2, #112]	@ 0x70
100024f4:	4662      	mov	r2, ip
100024f6:	bdf0      	pop	{r4, r5, r6, r7, pc}

100024f8 <__wrap___aeabi_uldivmod>:
100024f8:	4694      	mov	ip, r2
100024fa:	4a3e      	ldr	r2, [pc, #248]	@ (100025f4 <udiv0+0x1a>)
100024fc:	6f92      	ldr	r2, [r2, #120]	@ 0x78
100024fe:	0892      	lsrs	r2, r2, #2
10002500:	4662      	mov	r2, ip
10002502:	d201      	bcs.n	10002508 <divmod_u64u64_savestate>
10002504:	e054      	b.n	100025b0 <divmod_u64u64_unsafe>
10002506:	46c0      	nop			@ (mov r8, r8)

10002508 <divmod_u64u64_savestate>:
10002508:	b5f0      	push	{r4, r5, r6, r7, lr}
1000250a:	4e3a      	ldr	r6, [pc, #232]	@ (100025f4 <udiv0+0x1a>)
1000250c:	6e34      	ldr	r4, [r6, #96]	@ 0x60
1000250e:	6e75      	ldr	r5, [r6, #100]	@ 0x64
10002510:	6f77      	ldr	r7, [r6, #116]	@ 0x74
10002512:	6f36      	ldr	r6, [r6, #112]	@ 0x70
10002514:	f000 f84c 	bl	100025b0 <divmod_u64u64_unsafe>
10002518:	4694      	mov	ip, r2
1000251a:	4a36      	ldr	r2, [pc, #216]	@ (100025f4 <udiv0+0x1a>)
1000251c:	6614      	str	r4, [r2, #96]	@ 0x60
1000251e:	6655      	str	r5, [r2, #100]	@ 0x64
10002520:	6757      	str	r7, [r2, #116]	@ 0x74
10002522:	6716      	str	r6, [r2, #112]	@ 0x70
10002524:	4662      	mov	r2, ip
10002526:	bdf0      	pop	{r4, r5, r6, r7, pc}

10002528 <divmod_s64s64_unsafe>:
10002528:	2b00      	cmp	r3, #0
1000252a:	db24      	blt.n	10002576 <l42_1+0x26>
1000252c:	d011      	beq.n	10002552 <l42_1+0x2>
1000252e:	2900      	cmp	r1, #0
10002530:	da3e      	bge.n	100025b0 <divmod_u64u64_unsafe>
10002532:	b500      	push	{lr}
10002534:	43c9      	mvns	r1, r1
10002536:	4240      	negs	r0, r0
10002538:	d100      	bne.n	1000253c <l40_1>
1000253a:	3101      	adds	r1, #1

1000253c <l40_1>:
1000253c:	f000 f838 	bl	100025b0 <divmod_u64u64_unsafe>
10002540:	43c9      	mvns	r1, r1
10002542:	4240      	negs	r0, r0
10002544:	d100      	bne.n	10002548 <l41_1>
10002546:	3101      	adds	r1, #1

10002548 <l41_1>:
10002548:	43db      	mvns	r3, r3
1000254a:	4252      	negs	r2, r2
1000254c:	d100      	bne.n	10002550 <l42_1>
1000254e:	3301      	adds	r3, #1

10002550 <l42_1>:
10002550:	bd00      	pop	{pc}
10002552:	2a00      	cmp	r2, #0
10002554:	d1eb      	bne.n	1000252e <divmod_s64s64_unsafe+0x6>
10002556:	2800      	cmp	r0, #0
10002558:	d101      	bne.n	1000255e <l42_1+0xe>
1000255a:	2900      	cmp	r1, #0
1000255c:	d005      	beq.n	1000256a <l42_1+0x1a>
1000255e:	2000      	movs	r0, #0
10002560:	0fc9      	lsrs	r1, r1, #31
10002562:	07c9      	lsls	r1, r1, #31
10002564:	d101      	bne.n	1000256a <l42_1+0x1a>
10002566:	43c0      	mvns	r0, r0
10002568:	0841      	lsrs	r1, r0, #1
1000256a:	b500      	push	{lr}
1000256c:	f005 fa6c 	bl	10007a48 <____aeabi_ldiv0_veneer>
10002570:	2200      	movs	r2, #0
10002572:	2300      	movs	r3, #0
10002574:	bd00      	pop	{pc}
10002576:	b500      	push	{lr}
10002578:	2900      	cmp	r1, #0
1000257a:	db0a      	blt.n	10002592 <l44_1+0x2>
1000257c:	43db      	mvns	r3, r3
1000257e:	4252      	negs	r2, r2
10002580:	d100      	bne.n	10002584 <l43_1>
10002582:	3301      	adds	r3, #1

10002584 <l43_1>:
10002584:	f000 f814 	bl	100025b0 <divmod_u64u64_unsafe>
10002588:	43c9      	mvns	r1, r1
1000258a:	4240      	negs	r0, r0
1000258c:	d100      	bne.n	10002590 <l44_1>
1000258e:	3101      	adds	r1, #1

10002590 <l44_1>:
10002590:	bd00      	pop	{pc}
10002592:	43c9      	mvns	r1, r1
10002594:	4240      	negs	r0, r0
10002596:	d100      	bne.n	1000259a <l45_1>
10002598:	3101      	adds	r1, #1

1000259a <l45_1>:
1000259a:	43db      	mvns	r3, r3
1000259c:	4252      	negs	r2, r2
1000259e:	d100      	bne.n	100025a2 <l46_1>
100025a0:	3301      	adds	r3, #1

100025a2 <l46_1>:
100025a2:	f000 f805 	bl	100025b0 <divmod_u64u64_unsafe>
100025a6:	43db      	mvns	r3, r3
100025a8:	4252      	negs	r2, r2
100025aa:	d100      	bne.n	100025ae <l47_1>
100025ac:	3301      	adds	r3, #1

100025ae <l47_1>:
100025ae:	bd00      	pop	{pc}

100025b0 <divmod_u64u64_unsafe>:
100025b0:	2900      	cmp	r1, #0
100025b2:	d123      	bne.n	100025fc <y64>
100025b4:	2b00      	cmp	r3, #0
100025b6:	d118      	bne.n	100025ea <udiv0+0x10>
100025b8:	2a00      	cmp	r2, #0
100025ba:	d00c      	beq.n	100025d6 <divmod_u64u64_unsafe+0x26>
100025bc:	46bc      	mov	ip, r7
100025be:	4f0d      	ldr	r7, [pc, #52]	@ (100025f4 <udiv0+0x1a>)
100025c0:	6638      	str	r0, [r7, #96]	@ 0x60
100025c2:	667a      	str	r2, [r7, #100]	@ 0x64
100025c4:	2100      	movs	r1, #0
100025c6:	2300      	movs	r3, #0
100025c8:	e7ff      	b.n	100025ca <divmod_u64u64_unsafe+0x1a>
100025ca:	e7ff      	b.n	100025cc <divmod_u64u64_unsafe+0x1c>
100025cc:	e7ff      	b.n	100025ce <divmod_u64u64_unsafe+0x1e>
100025ce:	6f7a      	ldr	r2, [r7, #116]	@ 0x74
100025d0:	6f38      	ldr	r0, [r7, #112]	@ 0x70
100025d2:	4667      	mov	r7, ip
100025d4:	4770      	bx	lr
100025d6:	2800      	cmp	r0, #0
100025d8:	d001      	beq.n	100025de <udiv0+0x4>

100025da <udiv0>:
100025da:	4807      	ldr	r0, [pc, #28]	@ (100025f8 <udiv0+0x1e>)
100025dc:	0001      	movs	r1, r0
100025de:	b500      	push	{lr}
100025e0:	f005 fa32 	bl	10007a48 <____aeabi_ldiv0_veneer>
100025e4:	2200      	movs	r2, #0
100025e6:	2300      	movs	r3, #0
100025e8:	bd00      	pop	{pc}
100025ea:	0002      	movs	r2, r0
100025ec:	000b      	movs	r3, r1
100025ee:	2000      	movs	r0, #0
100025f0:	2100      	movs	r1, #0
100025f2:	4770      	bx	lr
100025f4:	d0000000 	.word	0xd0000000
100025f8:	ffffffff 	.word	0xffffffff

100025fc <y64>:
100025fc:	2b00      	cmp	r3, #0
100025fe:	d000      	beq.n	10002602 <y64+0x6>
10002600:	e0bf      	b.n	10002782 <y64_x48>
10002602:	0c13      	lsrs	r3, r2, #16
10002604:	d128      	bne.n	10002658 <y64_x32>
10002606:	2a00      	cmp	r2, #0
10002608:	d0e7      	beq.n	100025da <udiv0>
1000260a:	b480      	push	{r7}
1000260c:	4f11      	ldr	r7, [pc, #68]	@ (10002654 <y64+0x58>)
1000260e:	6639      	str	r1, [r7, #96]	@ 0x60
10002610:	667a      	str	r2, [r7, #100]	@ 0x64
10002612:	e7ff      	b.n	10002614 <y64+0x18>
10002614:	e7ff      	b.n	10002616 <y64+0x1a>
10002616:	b430      	push	{r4, r5}
10002618:	0c04      	lsrs	r4, r0, #16
1000261a:	6f7b      	ldr	r3, [r7, #116]	@ 0x74
1000261c:	6f39      	ldr	r1, [r7, #112]	@ 0x70
1000261e:	041b      	lsls	r3, r3, #16
10002620:	4323      	orrs	r3, r4
10002622:	663b      	str	r3, [r7, #96]	@ 0x60
10002624:	667a      	str	r2, [r7, #100]	@ 0x64
10002626:	e7ff      	b.n	10002628 <y64+0x2c>
10002628:	e7ff      	b.n	1000262a <y64+0x2e>
1000262a:	e7ff      	b.n	1000262c <y64+0x30>
1000262c:	46c0      	nop			@ (mov r8, r8)
1000262e:	b284      	uxth	r4, r0
10002630:	6f7b      	ldr	r3, [r7, #116]	@ 0x74
10002632:	6f3d      	ldr	r5, [r7, #112]	@ 0x70
10002634:	041b      	lsls	r3, r3, #16
10002636:	4323      	orrs	r3, r4
10002638:	663b      	str	r3, [r7, #96]	@ 0x60
1000263a:	667a      	str	r2, [r7, #100]	@ 0x64
1000263c:	e7ff      	b.n	1000263e <y64+0x42>
1000263e:	e7ff      	b.n	10002640 <y64+0x44>
10002640:	46c0      	nop			@ (mov r8, r8)
10002642:	2300      	movs	r3, #0
10002644:	042c      	lsls	r4, r5, #16
10002646:	0c2d      	lsrs	r5, r5, #16
10002648:	6f7a      	ldr	r2, [r7, #116]	@ 0x74
1000264a:	6f38      	ldr	r0, [r7, #112]	@ 0x70
1000264c:	1900      	adds	r0, r0, r4
1000264e:	4169      	adcs	r1, r5
10002650:	bcb0      	pop	{r4, r5, r7}
10002652:	4770      	bx	lr
10002654:	d0000000 	.word	0xd0000000

10002658 <y64_x32>:
10002658:	b5f0      	push	{r4, r5, r6, r7, lr}
1000265a:	4694      	mov	ip, r2
1000265c:	2500      	movs	r5, #0
1000265e:	0e14      	lsrs	r4, r2, #24
10002660:	d101      	bne.n	10002666 <y64_x32+0xe>
10002662:	0212      	lsls	r2, r2, #8
10002664:	3508      	adds	r5, #8
10002666:	0f14      	lsrs	r4, r2, #28
10002668:	d101      	bne.n	1000266e <y64_x32+0x16>
1000266a:	0112      	lsls	r2, r2, #4
1000266c:	3504      	adds	r5, #4
1000266e:	0f94      	lsrs	r4, r2, #30
10002670:	d101      	bne.n	10002676 <y64_x32+0x1e>
10002672:	0092      	lsls	r2, r2, #2
10002674:	3502      	adds	r5, #2
10002676:	0fd4      	lsrs	r4, r2, #31
10002678:	d101      	bne.n	1000267e <y64_x32+0x26>
1000267a:	0052      	lsls	r2, r2, #1
1000267c:	3501      	adds	r5, #1
1000267e:	0bd4      	lsrs	r4, r2, #15
10002680:	3401      	adds	r4, #1
10002682:	4f25      	ldr	r7, [pc, #148]	@ (10002718 <y64_x32+0xc0>)
10002684:	667c      	str	r4, [r7, #100]	@ 0x64
10002686:	4c25      	ldr	r4, [pc, #148]	@ (1000271c <y64_x32+0xc4>)
10002688:	663c      	str	r4, [r7, #96]	@ 0x60
1000268a:	0c0e      	lsrs	r6, r1, #16
1000268c:	b293      	uxth	r3, r2
1000268e:	e7ff      	b.n	10002690 <y64_x32+0x38>
10002690:	e7ff      	b.n	10002692 <y64_x32+0x3a>
10002692:	e7ff      	b.n	10002694 <y64_x32+0x3c>
10002694:	6f3c      	ldr	r4, [r7, #112]	@ 0x70
10002696:	4366      	muls	r6, r4
10002698:	0c36      	lsrs	r6, r6, #16
1000269a:	0377      	lsls	r7, r6, #13
1000269c:	46be      	mov	lr, r7
1000269e:	4373      	muls	r3, r6
100026a0:	0bdf      	lsrs	r7, r3, #15
100026a2:	045b      	lsls	r3, r3, #17
100026a4:	1ac0      	subs	r0, r0, r3
100026a6:	41b9      	sbcs	r1, r7
100026a8:	0c13      	lsrs	r3, r2, #16
100026aa:	4373      	muls	r3, r6
100026ac:	18db      	adds	r3, r3, r3
100026ae:	1ac9      	subs	r1, r1, r3
100026b0:	08ce      	lsrs	r6, r1, #3
100026b2:	4366      	muls	r6, r4
100026b4:	0c36      	lsrs	r6, r6, #16
100026b6:	44b6      	add	lr, r6
100026b8:	b293      	uxth	r3, r2
100026ba:	4373      	muls	r3, r6
100026bc:	0f1f      	lsrs	r7, r3, #28
100026be:	011b      	lsls	r3, r3, #4
100026c0:	1ac0      	subs	r0, r0, r3
100026c2:	41b9      	sbcs	r1, r7
100026c4:	0c13      	lsrs	r3, r2, #16
100026c6:	4373      	muls	r3, r6
100026c8:	0b1f      	lsrs	r7, r3, #12
100026ca:	051b      	lsls	r3, r3, #20
100026cc:	1ac0      	subs	r0, r0, r3
100026ce:	41b9      	sbcs	r1, r7
100026d0:	0d86      	lsrs	r6, r0, #22
100026d2:	028f      	lsls	r7, r1, #10
100026d4:	433e      	orrs	r6, r7
100026d6:	4366      	muls	r6, r4
100026d8:	0c36      	lsrs	r6, r6, #16
100026da:	2d09      	cmp	r5, #9
100026dc:	db24      	blt.n	10002728 <last0>
100026de:	0a52      	lsrs	r2, r2, #9
100026e0:	4372      	muls	r2, r6
100026e2:	1a80      	subs	r0, r0, r2
100026e4:	0377      	lsls	r7, r6, #13
100026e6:	0a46      	lsrs	r6, r0, #9
100026e8:	4366      	muls	r6, r4
100026ea:	0c36      	lsrs	r6, r6, #16
100026ec:	2316      	movs	r3, #22
100026ee:	1b5b      	subs	r3, r3, r5
100026f0:	40de      	lsrs	r6, r3
100026f2:	40df      	lsrs	r7, r3
100026f4:	19bf      	adds	r7, r7, r6
100026f6:	4664      	mov	r4, ip
100026f8:	4366      	muls	r6, r4
100026fa:	1b82      	subs	r2, r0, r6
100026fc:	4670      	mov	r0, lr
100026fe:	3504      	adds	r5, #4
10002700:	3306      	adds	r3, #6
10002702:	0001      	movs	r1, r0
10002704:	40d9      	lsrs	r1, r3
10002706:	40a8      	lsls	r0, r5
10002708:	19c0      	adds	r0, r0, r7
1000270a:	d300      	bcc.n	1000270e <y64_x32+0xb6>
1000270c:	3101      	adds	r1, #1
1000270e:	42a2      	cmp	r2, r4
10002710:	d206      	bcs.n	10002720 <y64_x32+0xc8>
10002712:	2300      	movs	r3, #0
10002714:	bdf0      	pop	{r4, r5, r6, r7, pc}
10002716:	0000      	.short	0x0000
10002718:	d0000000 	.word	0xd0000000
1000271c:	ffffffff 	.word	0xffffffff
10002720:	1b12      	subs	r2, r2, r4
10002722:	3001      	adds	r0, #1
10002724:	d3f3      	bcc.n	1000270e <y64_x32+0xb6>
10002726:	e7f1      	b.n	1000270c <y64_x32+0xb4>

10002728 <last0>:
10002728:	2709      	movs	r7, #9
1000272a:	1b7f      	subs	r7, r7, r5
1000272c:	40fe      	lsrs	r6, r7
1000272e:	4664      	mov	r4, ip
10002730:	b2a2      	uxth	r2, r4
10002732:	4372      	muls	r2, r6
10002734:	1a80      	subs	r0, r0, r2
10002736:	d200      	bcs.n	1000273a <last0+0x12>
10002738:	3901      	subs	r1, #1
1000273a:	0c22      	lsrs	r2, r4, #16
1000273c:	4372      	muls	r2, r6
1000273e:	0c13      	lsrs	r3, r2, #16
10002740:	0412      	lsls	r2, r2, #16
10002742:	1a82      	subs	r2, r0, r2
10002744:	4199      	sbcs	r1, r3
10002746:	000b      	movs	r3, r1
10002748:	4670      	mov	r0, lr
1000274a:	3504      	adds	r5, #4
1000274c:	3713      	adds	r7, #19
1000274e:	0001      	movs	r1, r0
10002750:	40f9      	lsrs	r1, r7
10002752:	40a8      	lsls	r0, r5
10002754:	1980      	adds	r0, r0, r6
10002756:	d300      	bcc.n	1000275a <last0+0x32>
10002758:	3101      	adds	r1, #1
1000275a:	2b00      	cmp	r3, #0
1000275c:	d102      	bne.n	10002764 <last0+0x3c>
1000275e:	42a2      	cmp	r2, r4
10002760:	d20a      	bcs.n	10002778 <last0+0x50>
10002762:	bdf0      	pop	{r4, r5, r6, r7, pc}
10002764:	3001      	adds	r0, #1
10002766:	d300      	bcc.n	1000276a <last0+0x42>
10002768:	3101      	adds	r1, #1
1000276a:	1b12      	subs	r2, r2, r4
1000276c:	d2fa      	bcs.n	10002764 <last0+0x3c>
1000276e:	3b01      	subs	r3, #1
10002770:	d1f8      	bne.n	10002764 <last0+0x3c>
10002772:	42a2      	cmp	r2, r4
10002774:	d200      	bcs.n	10002778 <last0+0x50>
10002776:	bdf0      	pop	{r4, r5, r6, r7, pc}
10002778:	3001      	adds	r0, #1
1000277a:	d300      	bcc.n	1000277e <last0+0x56>
1000277c:	3101      	adds	r1, #1
1000277e:	1b12      	subs	r2, r2, r4
10002780:	e7f7      	b.n	10002772 <last0+0x4a>

10002782 <y64_x48>:
10002782:	b5f0      	push	{r4, r5, r6, r7, lr}
10002784:	0c1c      	lsrs	r4, r3, #16
10002786:	d000      	beq.n	1000278a <y64_x48+0x8>
10002788:	e080      	b.n	1000288c <y64_x64>
1000278a:	b40c      	push	{r2, r3}
1000278c:	2500      	movs	r5, #0
1000278e:	0a1c      	lsrs	r4, r3, #8
10002790:	d104      	bne.n	1000279c <y64_x48+0x1a>
10002792:	021b      	lsls	r3, r3, #8
10002794:	0e16      	lsrs	r6, r2, #24
10002796:	4333      	orrs	r3, r6
10002798:	0212      	lsls	r2, r2, #8
1000279a:	3508      	adds	r5, #8
1000279c:	0b1c      	lsrs	r4, r3, #12
1000279e:	d104      	bne.n	100027aa <y64_x48+0x28>
100027a0:	011b      	lsls	r3, r3, #4
100027a2:	0f16      	lsrs	r6, r2, #28
100027a4:	4333      	orrs	r3, r6
100027a6:	0112      	lsls	r2, r2, #4
100027a8:	3504      	adds	r5, #4
100027aa:	0b9c      	lsrs	r4, r3, #14
100027ac:	d104      	bne.n	100027b8 <y64_x48+0x36>
100027ae:	009b      	lsls	r3, r3, #2
100027b0:	0f96      	lsrs	r6, r2, #30
100027b2:	4333      	orrs	r3, r6
100027b4:	0092      	lsls	r2, r2, #2
100027b6:	3502      	adds	r5, #2
100027b8:	0bdc      	lsrs	r4, r3, #15
100027ba:	d102      	bne.n	100027c2 <y64_x48+0x40>
100027bc:	1892      	adds	r2, r2, r2
100027be:	415b      	adcs	r3, r3
100027c0:	3501      	adds	r5, #1
100027c2:	001c      	movs	r4, r3
100027c4:	1897      	adds	r7, r2, r2
100027c6:	4164      	adcs	r4, r4
100027c8:	3401      	adds	r4, #1
100027ca:	4f46      	ldr	r7, [pc, #280]	@ (100028e4 <y64_x64+0x58>)
100027cc:	667c      	str	r4, [r7, #100]	@ 0x64
100027ce:	4c46      	ldr	r4, [pc, #280]	@ (100028e8 <y64_x64+0x5c>)
100027d0:	663c      	str	r4, [r7, #96]	@ 0x60
100027d2:	0c0e      	lsrs	r6, r1, #16
100027d4:	e7ff      	b.n	100027d6 <y64_x48+0x54>
100027d6:	e7ff      	b.n	100027d8 <y64_x48+0x56>
100027d8:	e7ff      	b.n	100027da <y64_x48+0x58>
100027da:	46c0      	nop			@ (mov r8, r8)
100027dc:	6f3c      	ldr	r4, [r7, #112]	@ 0x70
100027de:	4366      	muls	r6, r4
100027e0:	0c36      	lsrs	r6, r6, #16
100027e2:	0377      	lsls	r7, r6, #13
100027e4:	46be      	mov	lr, r7
100027e6:	b297      	uxth	r7, r2
100027e8:	4377      	muls	r7, r6
100027ea:	1bc0      	subs	r0, r0, r7
100027ec:	d200      	bcs.n	100027f0 <y64_x48+0x6e>
100027ee:	3901      	subs	r1, #1
100027f0:	1bc0      	subs	r0, r0, r7
100027f2:	d200      	bcs.n	100027f6 <y64_x48+0x74>
100027f4:	3901      	subs	r1, #1
100027f6:	b29f      	uxth	r7, r3
100027f8:	4377      	muls	r7, r6
100027fa:	1bc9      	subs	r1, r1, r7
100027fc:	1bc9      	subs	r1, r1, r7
100027fe:	0c17      	lsrs	r7, r2, #16
10002800:	4377      	muls	r7, r6
10002802:	047e      	lsls	r6, r7, #17
10002804:	0bff      	lsrs	r7, r7, #15
10002806:	1b80      	subs	r0, r0, r6
10002808:	41b9      	sbcs	r1, r7
1000280a:	08ce      	lsrs	r6, r1, #3
1000280c:	4366      	muls	r6, r4
1000280e:	0c36      	lsrs	r6, r6, #16
10002810:	2d0c      	cmp	r5, #12
10002812:	db33      	blt.n	1000287c <last1>
10002814:	44b6      	add	lr, r6
10002816:	0b12      	lsrs	r2, r2, #12
10002818:	051f      	lsls	r7, r3, #20
1000281a:	433a      	orrs	r2, r7
1000281c:	0b1b      	lsrs	r3, r3, #12
1000281e:	b297      	uxth	r7, r2
10002820:	4377      	muls	r7, r6
10002822:	1bc0      	subs	r0, r0, r7
10002824:	d200      	bcs.n	10002828 <y64_x48+0xa6>
10002826:	3901      	subs	r1, #1
10002828:	b29f      	uxth	r7, r3
1000282a:	4377      	muls	r7, r6
1000282c:	1bc9      	subs	r1, r1, r7
1000282e:	0c17      	lsrs	r7, r2, #16
10002830:	4377      	muls	r7, r6
10002832:	043e      	lsls	r6, r7, #16
10002834:	0c3f      	lsrs	r7, r7, #16
10002836:	1b80      	subs	r0, r0, r6
10002838:	41b9      	sbcs	r1, r7
1000283a:	0d86      	lsrs	r6, r0, #22
1000283c:	028f      	lsls	r7, r1, #10
1000283e:	433e      	orrs	r6, r7
10002840:	4366      	muls	r6, r4
10002842:	2729      	movs	r7, #41	@ 0x29
10002844:	1b7f      	subs	r7, r7, r5
10002846:	40fe      	lsrs	r6, r7
10002848:	3d0c      	subs	r5, #12
1000284a:	4677      	mov	r7, lr
1000284c:	40af      	lsls	r7, r5
1000284e:	19bf      	adds	r7, r7, r6
10002850:	bc30      	pop	{r4, r5}
10002852:	b2a2      	uxth	r2, r4
10002854:	b2ab      	uxth	r3, r5
10002856:	4372      	muls	r2, r6
10002858:	4373      	muls	r3, r6
1000285a:	1a80      	subs	r0, r0, r2
1000285c:	4199      	sbcs	r1, r3
1000285e:	0c22      	lsrs	r2, r4, #16
10002860:	4372      	muls	r2, r6
10002862:	0c13      	lsrs	r3, r2, #16
10002864:	0412      	lsls	r2, r2, #16
10002866:	1a80      	subs	r0, r0, r2
10002868:	4199      	sbcs	r1, r3
1000286a:	0002      	movs	r2, r0
1000286c:	000b      	movs	r3, r1
1000286e:	3701      	adds	r7, #1
10002870:	1b00      	subs	r0, r0, r4
10002872:	41a9      	sbcs	r1, r5
10002874:	d2f9      	bcs.n	1000286a <y64_x48+0xe8>
10002876:	1e78      	subs	r0, r7, #1
10002878:	2100      	movs	r1, #0
1000287a:	bdf0      	pop	{r4, r5, r6, r7, pc}

1000287c <last1>:
1000287c:	270c      	movs	r7, #12
1000287e:	1b7f      	subs	r7, r7, r5
10002880:	40fe      	lsrs	r6, r7
10002882:	4677      	mov	r7, lr
10002884:	0b7f      	lsrs	r7, r7, #13
10002886:	40af      	lsls	r7, r5
10002888:	19ff      	adds	r7, r7, r7
1000288a:	e7e0      	b.n	1000284e <y64_x48+0xcc>

1000288c <y64_x64>:
1000288c:	2400      	movs	r4, #0
1000288e:	1c5d      	adds	r5, r3, #1
10002890:	d007      	beq.n	100028a2 <y64_x64+0x16>
10002892:	4f14      	ldr	r7, [pc, #80]	@ (100028e4 <y64_x64+0x58>)
10002894:	667d      	str	r5, [r7, #100]	@ 0x64
10002896:	6639      	str	r1, [r7, #96]	@ 0x60
10002898:	e7ff      	b.n	1000289a <y64_x64+0xe>
1000289a:	e7ff      	b.n	1000289c <y64_x64+0x10>
1000289c:	e7ff      	b.n	1000289e <y64_x64+0x12>
1000289e:	e7ff      	b.n	100028a0 <y64_x64+0x14>
100028a0:	6f3c      	ldr	r4, [r7, #112]	@ 0x70
100028a2:	b295      	uxth	r5, r2
100028a4:	b29e      	uxth	r6, r3
100028a6:	4365      	muls	r5, r4
100028a8:	4366      	muls	r6, r4
100028aa:	1b40      	subs	r0, r0, r5
100028ac:	41b1      	sbcs	r1, r6
100028ae:	0c15      	lsrs	r5, r2, #16
100028b0:	0c1e      	lsrs	r6, r3, #16
100028b2:	4365      	muls	r5, r4
100028b4:	4366      	muls	r6, r4
100028b6:	0436      	lsls	r6, r6, #16
100028b8:	0c2f      	lsrs	r7, r5, #16
100028ba:	433e      	orrs	r6, r7
100028bc:	042d      	lsls	r5, r5, #16
100028be:	1b40      	subs	r0, r0, r5
100028c0:	41b1      	sbcs	r1, r6
100028c2:	4299      	cmp	r1, r3
100028c4:	d204      	bcs.n	100028d0 <y64_x64+0x44>
100028c6:	0002      	movs	r2, r0
100028c8:	000b      	movs	r3, r1
100028ca:	0020      	movs	r0, r4
100028cc:	2100      	movs	r1, #0
100028ce:	bdf0      	pop	{r4, r5, r6, r7, pc}
100028d0:	d101      	bne.n	100028d6 <y64_x64+0x4a>
100028d2:	4290      	cmp	r0, r2
100028d4:	d3f7      	bcc.n	100028c6 <y64_x64+0x3a>
100028d6:	1a80      	subs	r0, r0, r2
100028d8:	4199      	sbcs	r1, r3
100028da:	3401      	adds	r4, #1
100028dc:	4299      	cmp	r1, r3
100028de:	d3f2      	bcc.n	100028c6 <y64_x64+0x3a>
100028e0:	e7f6      	b.n	100028d0 <y64_x64+0x44>
100028e2:	0000      	.short	0x0000
100028e4:	d0000000 	.word	0xd0000000
100028e8:	ffffffff 	.word	0xffffffff

100028ec <__wrap___aeabi_drsub>:
100028ec:	4048      	eors	r0, r1
100028ee:	4041      	eors	r1, r0
100028f0:	4048      	eors	r0, r1

100028f2 <__wrap___aeabi_dsub>:
100028f2:	b418      	push	{r3, r4}
100028f4:	4b1b      	ldr	r3, [pc, #108]	@ (10002964 <__wrap___aeabi_dmul+0x12>)
100028f6:	685b      	ldr	r3, [r3, #4]
100028f8:	46fc      	mov	ip, pc
100028fa:	9301      	str	r3, [sp, #4]
100028fc:	bd08      	pop	{r3, pc}
100028fe:	df04      	.short	0xdf04
10002900:	10002b97 	.word	0x10002b97

10002904 <__wrap___aeabi_dadd>:
10002904:	b418      	push	{r3, r4}
10002906:	4b17      	ldr	r3, [pc, #92]	@ (10002964 <__wrap___aeabi_dmul+0x12>)
10002908:	681b      	ldr	r3, [r3, #0]
1000290a:	46fc      	mov	ip, pc
1000290c:	9301      	str	r3, [sp, #4]
1000290e:	bd08      	pop	{r3, pc}
10002910:	2ba1df00 	.word	0x2ba1df00
10002914:	1000      	.short	0x1000

10002916 <__wrap___aeabi_ddiv>:
10002916:	4694      	mov	ip, r2
10002918:	4a13      	ldr	r2, [pc, #76]	@ (10002968 <__wrap___aeabi_dmul+0x16>)
1000291a:	6f92      	ldr	r2, [r2, #120]	@ 0x78
1000291c:	0892      	lsrs	r2, r2, #2
1000291e:	d209      	bcs.n	10002934 <ddiv_save_state>
10002920:	4662      	mov	r2, ip

10002922 <ddiv_shim_call>:
10002922:	b418      	push	{r3, r4}
10002924:	4b0f      	ldr	r3, [pc, #60]	@ (10002964 <__wrap___aeabi_dmul+0x12>)
10002926:	68db      	ldr	r3, [r3, #12]
10002928:	46fc      	mov	ip, pc
1000292a:	9301      	str	r3, [sp, #4]
1000292c:	bd08      	pop	{r3, pc}
1000292e:	df0c      	.short	0xdf0c
10002930:	10002e59 	.word	0x10002e59

10002934 <ddiv_save_state>:
10002934:	4a0c      	ldr	r2, [pc, #48]	@ (10002968 <__wrap___aeabi_dmul+0x16>)
10002936:	b5f0      	push	{r4, r5, r6, r7, lr}
10002938:	6e14      	ldr	r4, [r2, #96]	@ 0x60
1000293a:	6e55      	ldr	r5, [r2, #100]	@ 0x64
1000293c:	6f57      	ldr	r7, [r2, #116]	@ 0x74
1000293e:	6f16      	ldr	r6, [r2, #112]	@ 0x70
10002940:	4662      	mov	r2, ip
10002942:	f7ff ffee 	bl	10002922 <ddiv_shim_call>
10002946:	4a08      	ldr	r2, [pc, #32]	@ (10002968 <__wrap___aeabi_dmul+0x16>)
10002948:	6614      	str	r4, [r2, #96]	@ 0x60
1000294a:	6655      	str	r5, [r2, #100]	@ 0x64
1000294c:	6757      	str	r7, [r2, #116]	@ 0x74
1000294e:	6716      	str	r6, [r2, #112]	@ 0x70
10002950:	bdf0      	pop	{r4, r5, r6, r7, pc}

10002952 <__wrap___aeabi_dmul>:
10002952:	b418      	push	{r3, r4}
10002954:	4b03      	ldr	r3, [pc, #12]	@ (10002964 <__wrap___aeabi_dmul+0x12>)
10002956:	689b      	ldr	r3, [r3, #8]
10002958:	46fc      	mov	ip, pc
1000295a:	9301      	str	r3, [sp, #4]
1000295c:	bd08      	pop	{r3, pc}
1000295e:	df08      	.short	0xdf08
10002960:	10002cfd 	.word	0x10002cfd
10002964:	20001c18 	.word	0x20001c18
10002968:	d0000000 	.word	0xd0000000

1000296c <__wrap___aeabi_cdrcmple>:
1000296c:	b5ff      	push	{r0, r1, r2, r3, r4, r5, r6, r7, lr}
1000296e:	4050      	eors	r0, r2
10002970:	4042      	eors	r2, r0
10002972:	4050      	eors	r0, r2
10002974:	4059      	eors	r1, r3
10002976:	404b      	eors	r3, r1
10002978:	4059      	eors	r1, r3
1000297a:	e000      	b.n	1000297e <__aeabi_dfcmple_guts>

1000297c <__wrap___aeabi_cdcmpeq>:
1000297c:	b5ff      	push	{r0, r1, r2, r3, r4, r5, r6, r7, lr}

1000297e <__aeabi_dfcmple_guts>:
1000297e:	4f15      	ldr	r7, [pc, #84]	@ (100029d4 <__aeabi_dfcmple_guts+0x56>)
10002980:	004c      	lsls	r4, r1, #1
10002982:	0d64      	lsrs	r4, r4, #21
10002984:	d003      	beq.n	1000298e <__aeabi_dfcmple_guts+0x10>
10002986:	42bc      	cmp	r4, r7
10002988:	d104      	bne.n	10002994 <__aeabi_dfcmple_guts+0x16>
1000298a:	030c      	lsls	r4, r1, #12
1000298c:	d814      	bhi.n	100029b8 <__aeabi_dfcmple_guts+0x3a>
1000298e:	2000      	movs	r0, #0
10002990:	0d09      	lsrs	r1, r1, #20
10002992:	0509      	lsls	r1, r1, #20
10002994:	005c      	lsls	r4, r3, #1
10002996:	0d64      	lsrs	r4, r4, #21
10002998:	d003      	beq.n	100029a2 <__aeabi_dfcmple_guts+0x24>
1000299a:	42bc      	cmp	r4, r7
1000299c:	d104      	bne.n	100029a8 <__aeabi_dfcmple_guts+0x2a>
1000299e:	031c      	lsls	r4, r3, #12
100029a0:	d80a      	bhi.n	100029b8 <__aeabi_dfcmple_guts+0x3a>
100029a2:	2200      	movs	r2, #0
100029a4:	0d1b      	lsrs	r3, r3, #20
100029a6:	051b      	lsls	r3, r3, #20
100029a8:	2601      	movs	r6, #1
100029aa:	404b      	eors	r3, r1
100029ac:	d409      	bmi.n	100029c2 <__aeabi_dfcmple_guts+0x44>
100029ae:	404b      	eors	r3, r1
100029b0:	d503      	bpl.n	100029ba <__aeabi_dfcmple_guts+0x3c>
100029b2:	428b      	cmp	r3, r1
100029b4:	d100      	bne.n	100029b8 <__aeabi_dfcmple_guts+0x3a>
100029b6:	4282      	cmp	r2, r0
100029b8:	bdff      	pop	{r0, r1, r2, r3, r4, r5, r6, r7, pc}
100029ba:	4299      	cmp	r1, r3
100029bc:	d1fc      	bne.n	100029b8 <__aeabi_dfcmple_guts+0x3a>
100029be:	4290      	cmp	r0, r2
100029c0:	bdff      	pop	{r0, r1, r2, r3, r4, r5, r6, r7, pc}
100029c2:	430b      	orrs	r3, r1
100029c4:	18db      	adds	r3, r3, r3
100029c6:	4303      	orrs	r3, r0
100029c8:	4313      	orrs	r3, r2
100029ca:	d0f5      	beq.n	100029b8 <__aeabi_dfcmple_guts+0x3a>
100029cc:	43c9      	mvns	r1, r1
100029ce:	1849      	adds	r1, r1, r1
100029d0:	bdff      	pop	{r0, r1, r2, r3, r4, r5, r6, r7, pc}
100029d2:	0000      	.short	0x0000
100029d4:	000007ff 	.word	0x000007ff

100029d8 <__wrap___aeabi_dcmplt>:
100029d8:	b500      	push	{lr}
100029da:	f7ff ffcf 	bl	1000297c <__wrap___aeabi_cdcmpeq>
100029de:	4180      	sbcs	r0, r0
100029e0:	bd00      	pop	{pc}
100029e2:	46c0      	nop			@ (mov r8, r8)

100029e4 <__wrap___aeabi_dcmple>:
100029e4:	b500      	push	{lr}
100029e6:	f7ff ffc9 	bl	1000297c <__wrap___aeabi_cdcmpeq>
100029ea:	d901      	bls.n	100029f0 <__wrap___aeabi_dcmple+0xc>
100029ec:	2000      	movs	r0, #0
100029ee:	bd00      	pop	{pc}
100029f0:	2001      	movs	r0, #1
100029f2:	bd00      	pop	{pc}

100029f4 <__wrap___aeabi_dcmpge>:
100029f4:	b500      	push	{lr}
100029f6:	f7ff ffb9 	bl	1000296c <__wrap___aeabi_cdrcmple>
100029fa:	d901      	bls.n	10002a00 <__wrap___aeabi_dcmpge+0xc>
100029fc:	2000      	movs	r0, #0
100029fe:	bd00      	pop	{pc}
10002a00:	2001      	movs	r0, #1
10002a02:	bd00      	pop	{pc}

10002a04 <__wrap___aeabi_dcmpgt>:
10002a04:	b500      	push	{lr}
10002a06:	f7ff ffb1 	bl	1000296c <__wrap___aeabi_cdrcmple>
10002a0a:	4180      	sbcs	r0, r0
10002a0c:	bd00      	pop	{pc}

10002a0e <__wrap___aeabi_dcmpun>:
10002a0e:	2001      	movs	r0, #1
10002a10:	0540      	lsls	r0, r0, #21
10002a12:	004a      	lsls	r2, r1, #1
10002a14:	1812      	adds	r2, r2, r0
10002a16:	d804      	bhi.n	10002a22 <__wrap___aeabi_dcmpun+0x14>
10002a18:	005a      	lsls	r2, r3, #1
10002a1a:	1812      	adds	r2, r2, r0
10002a1c:	d801      	bhi.n	10002a22 <__wrap___aeabi_dcmpun+0x14>
10002a1e:	2000      	movs	r0, #0
10002a20:	4770      	bx	lr
10002a22:	2001      	movs	r0, #1
10002a24:	4770      	bx	lr
	...

10002a28 <__wrap___aeabi_ui2d>:
10002a28:	2100      	movs	r1, #0
10002a2a:	2800      	cmp	r0, #0
10002a2c:	d105      	bne.n	10002a3a <__wrap___aeabi_i2d+0xa>
10002a2e:	4770      	bx	lr

10002a30 <__wrap___aeabi_i2d>:
10002a30:	17c1      	asrs	r1, r0, #31
10002a32:	4048      	eors	r0, r1
10002a34:	1a40      	subs	r0, r0, r1
10002a36:	d0fa      	beq.n	10002a2e <__wrap___aeabi_ui2d+0x6>
10002a38:	07c9      	lsls	r1, r1, #31
10002a3a:	b513      	push	{r0, r1, r4, lr}
10002a3c:	4b06      	ldr	r3, [pc, #24]	@ (10002a58 <__wrap___aeabi_i2d+0x28>)
10002a3e:	681b      	ldr	r3, [r3, #0]
10002a40:	4798      	blx	r3
10002a42:	bc0c      	pop	{r2, r3}
10002a44:	1c44      	adds	r4, r0, #1
10002a46:	40a2      	lsls	r2, r4
10002a48:	0510      	lsls	r0, r2, #20
10002a4a:	0b12      	lsrs	r2, r2, #12
10002a4c:	4903      	ldr	r1, [pc, #12]	@ (10002a5c <__wrap___aeabi_i2d+0x2c>)
10002a4e:	1b09      	subs	r1, r1, r4
10002a50:	0509      	lsls	r1, r1, #20
10002a52:	4319      	orrs	r1, r3
10002a54:	4311      	orrs	r1, r2
10002a56:	bd10      	pop	{r4, pc}
10002a58:	200029c4 	.word	0x200029c4
10002a5c:	0000041f 	.word	0x0000041f

10002a60 <__wrap___aeabi_d2iz>:
10002a60:	b510      	push	{r4, lr}
10002a62:	004c      	lsls	r4, r1, #1
10002a64:	0d62      	lsrs	r2, r4, #21
10002a66:	2380      	movs	r3, #128	@ 0x80
10002a68:	18d2      	adds	r2, r2, r3
10002a6a:	00db      	lsls	r3, r3, #3
10002a6c:	1ad2      	subs	r2, r2, r3
10002a6e:	055b      	lsls	r3, r3, #21
10002a70:	2a7e      	cmp	r2, #126	@ 0x7e
10002a72:	dd10      	ble.n	10002a96 <__wrap___aeabi_d2iz+0x36>
10002a74:	3a9e      	subs	r2, #158	@ 0x9e
10002a76:	da13      	bge.n	10002aa0 <__wrap___aeabi_d2iz+0x40>
10002a78:	17cc      	asrs	r4, r1, #31
10002a7a:	0309      	lsls	r1, r1, #12
10002a7c:	0849      	lsrs	r1, r1, #1
10002a7e:	4319      	orrs	r1, r3
10002a80:	4252      	negs	r2, r2
10002a82:	40d1      	lsrs	r1, r2
10002a84:	0064      	lsls	r4, r4, #1
10002a86:	3401      	adds	r4, #1
10002a88:	3215      	adds	r2, #21
10002a8a:	2a20      	cmp	r2, #32
10002a8c:	da05      	bge.n	10002a9a <__wrap___aeabi_d2iz+0x3a>
10002a8e:	40d0      	lsrs	r0, r2
10002a90:	4308      	orrs	r0, r1
10002a92:	4360      	muls	r0, r4
10002a94:	bd10      	pop	{r4, pc}
10002a96:	2000      	movs	r0, #0
10002a98:	bd10      	pop	{r4, pc}
10002a9a:	4608      	mov	r0, r1
10002a9c:	4360      	muls	r0, r4
10002a9e:	bd10      	pop	{r4, pc}
10002aa0:	0fc8      	lsrs	r0, r1, #31
10002aa2:	18c0      	adds	r0, r0, r3
10002aa4:	3801      	subs	r0, #1
10002aa6:	bd10      	pop	{r4, pc}

10002aa8 <__wrap___aeabi_d2uiz>:
10002aa8:	b418      	push	{r3, r4}
10002aaa:	4b04      	ldr	r3, [pc, #16]	@ (10002abc <__wrap___aeabi_d2uiz+0x14>)
10002aac:	6a5b      	ldr	r3, [r3, #36]	@ 0x24
10002aae:	46fc      	mov	ip, pc
10002ab0:	9301      	str	r3, [sp, #4]
10002ab2:	bd08      	pop	{r3, pc}
10002ab4:	3009df24 	.word	0x3009df24
10002ab8:	00001000 	.word	0x00001000
10002abc:	20001c18 	.word	0x20001c18

10002ac0 <__aeabi_double_init>:
10002ac0:	2313      	movs	r3, #19
10002ac2:	b570      	push	{r4, r5, r6, lr}
10002ac4:	781d      	ldrb	r5, [r3, #0]
10002ac6:	2d01      	cmp	r5, #1
10002ac8:	d019      	beq.n	10002afe <__aeabi_double_init+0x3e>
10002aca:	dd14      	ble.n	10002af6 <__aeabi_double_init+0x36>
10002acc:	481f      	ldr	r0, [pc, #124]	@ (10002b4c <__aeabi_double_init+0x8c>)
10002ace:	f7ff fb5b 	bl	10002188 <rom_data_lookup>
10002ad2:	0006      	movs	r6, r0
10002ad4:	481e      	ldr	r0, [pc, #120]	@ (10002b50 <__aeabi_double_init+0x90>)
10002ad6:	f7ff fb57 	bl	10002188 <rom_data_lookup>
10002ada:	4c1e      	ldr	r4, [pc, #120]	@ (10002b54 <__aeabi_double_init+0x94>)
10002adc:	2280      	movs	r2, #128	@ 0x80
10002ade:	0031      	movs	r1, r6
10002ae0:	0020      	movs	r0, r4
10002ae2:	f000 fb61 	bl	100031a8 <__wrap___aeabi_memcpy>
10002ae6:	2d02      	cmp	r5, #2
10002ae8:	d02d      	beq.n	10002b46 <__aeabi_double_init+0x86>
10002aea:	481b      	ldr	r0, [pc, #108]	@ (10002b58 <__aeabi_double_init+0x98>)
10002aec:	f7ff fb44 	bl	10002178 <rom_func_lookup>
10002af0:	4b1a      	ldr	r3, [pc, #104]	@ (10002b5c <__aeabi_double_init+0x9c>)
10002af2:	6018      	str	r0, [r3, #0]
10002af4:	bd70      	pop	{r4, r5, r6, pc}
10002af6:	4b1a      	ldr	r3, [pc, #104]	@ (10002b60 <__aeabi_double_init+0xa0>)
10002af8:	4c16      	ldr	r4, [pc, #88]	@ (10002b54 <__aeabi_double_init+0x94>)
10002afa:	64a3      	str	r3, [r4, #72]	@ 0x48
10002afc:	e7f5      	b.n	10002aea <__aeabi_double_init+0x2a>
10002afe:	4b18      	ldr	r3, [pc, #96]	@ (10002b60 <__aeabi_double_init+0xa0>)
10002b00:	4c14      	ldr	r4, [pc, #80]	@ (10002b54 <__aeabi_double_init+0x94>)
10002b02:	6023      	str	r3, [r4, #0]
10002b04:	6063      	str	r3, [r4, #4]
10002b06:	60a3      	str	r3, [r4, #8]
10002b08:	60e3      	str	r3, [r4, #12]
10002b0a:	6123      	str	r3, [r4, #16]
10002b0c:	6163      	str	r3, [r4, #20]
10002b0e:	61a3      	str	r3, [r4, #24]
10002b10:	61e3      	str	r3, [r4, #28]
10002b12:	6223      	str	r3, [r4, #32]
10002b14:	6263      	str	r3, [r4, #36]	@ 0x24
10002b16:	62a3      	str	r3, [r4, #40]	@ 0x28
10002b18:	62e3      	str	r3, [r4, #44]	@ 0x2c
10002b1a:	6323      	str	r3, [r4, #48]	@ 0x30
10002b1c:	6363      	str	r3, [r4, #52]	@ 0x34
10002b1e:	63a3      	str	r3, [r4, #56]	@ 0x38
10002b20:	63e3      	str	r3, [r4, #60]	@ 0x3c
10002b22:	6423      	str	r3, [r4, #64]	@ 0x40
10002b24:	6463      	str	r3, [r4, #68]	@ 0x44
10002b26:	64a3      	str	r3, [r4, #72]	@ 0x48
10002b28:	64e3      	str	r3, [r4, #76]	@ 0x4c
10002b2a:	6523      	str	r3, [r4, #80]	@ 0x50
10002b2c:	6563      	str	r3, [r4, #84]	@ 0x54
10002b2e:	65a3      	str	r3, [r4, #88]	@ 0x58
10002b30:	65e3      	str	r3, [r4, #92]	@ 0x5c
10002b32:	6623      	str	r3, [r4, #96]	@ 0x60
10002b34:	6663      	str	r3, [r4, #100]	@ 0x64
10002b36:	66a3      	str	r3, [r4, #104]	@ 0x68
10002b38:	66e3      	str	r3, [r4, #108]	@ 0x6c
10002b3a:	6723      	str	r3, [r4, #112]	@ 0x70
10002b3c:	6763      	str	r3, [r4, #116]	@ 0x74
10002b3e:	67a3      	str	r3, [r4, #120]	@ 0x78
10002b40:	67e3      	str	r3, [r4, #124]	@ 0x7c
10002b42:	64a3      	str	r3, [r4, #72]	@ 0x48
10002b44:	e7d1      	b.n	10002aea <__aeabi_double_init+0x2a>
10002b46:	4b06      	ldr	r3, [pc, #24]	@ (10002b60 <__aeabi_double_init+0xa0>)
10002b48:	64a3      	str	r3, [r4, #72]	@ 0x48
10002b4a:	e7ce      	b.n	10002aea <__aeabi_double_init+0x2a>
10002b4c:	00004453 	.word	0x00004453
10002b50:	00004653 	.word	0x00004653
10002b54:	20001c18 	.word	0x20001c18
10002b58:	0000334c 	.word	0x0000334c
10002b5c:	200029c4 	.word	0x200029c4
10002b60:	10002b65 	.word	0x10002b65

10002b64 <double_table_shim_on_use_helper>:
10002b64:	b507      	push	{r0, r1, r2, lr}
10002b66:	4660      	mov	r0, ip
10002b68:	8801      	ldrh	r1, [r0, #0]
10002b6a:	0a0a      	lsrs	r2, r1, #8
10002b6c:	3002      	adds	r0, #2
10002b6e:	2adf      	cmp	r2, #223	@ 0xdf
10002b70:	d1fa      	bne.n	10002b68 <double_table_shim_on_use_helper+0x4>
10002b72:	b2c9      	uxtb	r1, r1
10002b74:	0882      	lsrs	r2, r0, #2
10002b76:	d304      	bcc.n	10002b82 <double_table_shim_on_use_helper+0x1e>
10002b78:	8802      	ldrh	r2, [r0, #0]
10002b7a:	8840      	ldrh	r0, [r0, #2]
10002b7c:	0400      	lsls	r0, r0, #16
10002b7e:	4310      	orrs	r0, r2
10002b80:	e000      	b.n	10002b84 <double_table_shim_on_use_helper+0x20>
10002b82:	6800      	ldr	r0, [r0, #0]
10002b84:	4a01      	ldr	r2, [pc, #4]	@ (10002b8c <double_table_shim_on_use_helper+0x28>)
10002b86:	5050      	str	r0, [r2, r1]
10002b88:	9003      	str	r0, [sp, #12]
10002b8a:	bd07      	pop	{r0, r1, r2, pc}
10002b8c:	20001c18 	.word	0x20001c18

10002b90 <drsub_shim>:
10002b90:	b40f      	push	{r0, r1, r2, r3}
10002b92:	bc03      	pop	{r0, r1}
10002b94:	bc0c      	pop	{r2, r3}

10002b96 <dsub_shim>:
10002b96:	b5f0      	push	{r4, r5, r6, r7, lr}
10002b98:	2401      	movs	r4, #1
10002b9a:	07e4      	lsls	r4, r4, #31
10002b9c:	4063      	eors	r3, r4
10002b9e:	e000      	b.n	10002ba2 <da_entry>

10002ba0 <dadd_shim>:
10002ba0:	b5f0      	push	{r4, r5, r6, r7, lr}

10002ba2 <da_entry>:
10002ba2:	0d0c      	lsrs	r4, r1, #20
10002ba4:	0fcf      	lsrs	r7, r1, #31
10002ba6:	1e66      	subs	r6, r4, #1
10002ba8:	0536      	lsls	r6, r6, #20
10002baa:	1b89      	subs	r1, r1, r6
10002bac:	0564      	lsls	r4, r4, #21
10002bae:	d303      	bcc.n	10002bb8 <l8_1>
10002bb0:	43c9      	mvns	r1, r1
10002bb2:	4240      	negs	r0, r0
10002bb4:	d300      	bcc.n	10002bb8 <l8_1>
10002bb6:	3101      	adds	r1, #1

10002bb8 <l8_1>:
10002bb8:	0d64      	lsrs	r4, r4, #21
10002bba:	d003      	beq.n	10002bc4 <l8_2>
10002bbc:	1c66      	adds	r6, r4, #1
10002bbe:	0af6      	lsrs	r6, r6, #11
10002bc0:	d007      	beq.n	10002bd2 <l8_3>
10002bc2:	1be4      	subs	r4, r4, r7

10002bc4 <l8_2>:
10002bc4:	2000      	movs	r0, #0
10002bc6:	007f      	lsls	r7, r7, #1
10002bc8:	1c79      	adds	r1, r7, #1
10002bca:	0789      	lsls	r1, r1, #30
10002bcc:	1289      	asrs	r1, r1, #10
10002bce:	3c80      	subs	r4, #128	@ 0x80
10002bd0:	0324      	lsls	r4, r4, #12

10002bd2 <l8_3>:
10002bd2:	0d1d      	lsrs	r5, r3, #20
10002bd4:	0fdf      	lsrs	r7, r3, #31
10002bd6:	1e6e      	subs	r6, r5, #1
10002bd8:	0536      	lsls	r6, r6, #20
10002bda:	1b9b      	subs	r3, r3, r6
10002bdc:	056d      	lsls	r5, r5, #21
10002bde:	d303      	bcc.n	10002be8 <l9_1>
10002be0:	43db      	mvns	r3, r3
10002be2:	4252      	negs	r2, r2
10002be4:	d300      	bcc.n	10002be8 <l9_1>
10002be6:	3301      	adds	r3, #1

10002be8 <l9_1>:
10002be8:	0d6d      	lsrs	r5, r5, #21
10002bea:	d003      	beq.n	10002bf4 <l9_2>
10002bec:	1c6e      	adds	r6, r5, #1
10002bee:	0af6      	lsrs	r6, r6, #11
10002bf0:	d007      	beq.n	10002c02 <l9_3>
10002bf2:	1bed      	subs	r5, r5, r7

10002bf4 <l9_2>:
10002bf4:	2200      	movs	r2, #0
10002bf6:	007f      	lsls	r7, r7, #1
10002bf8:	1c7b      	adds	r3, r7, #1
10002bfa:	079b      	lsls	r3, r3, #30
10002bfc:	129b      	asrs	r3, r3, #10
10002bfe:	3d80      	subs	r5, #128	@ 0x80
10002c00:	032d      	lsls	r5, r5, #12

10002c02 <l9_3>:
10002c02:	1b2f      	subs	r7, r5, r4
10002c04:	1b66      	subs	r6, r4, r5
10002c06:	d458      	bmi.n	10002cba <da_ygtx>
10002c08:	46a4      	mov	ip, r4
10002c0a:	2e20      	cmp	r6, #32
10002c0c:	da46      	bge.n	10002c9c <da_xrgty>
10002c0e:	3720      	adds	r7, #32
10002c10:	0014      	movs	r4, r2
10002c12:	40bc      	lsls	r4, r7

10002c14 <da_xgty0>:
10002c14:	001d      	movs	r5, r3
10002c16:	40bd      	lsls	r5, r7
10002c18:	40f2      	lsrs	r2, r6
10002c1a:	4133      	asrs	r3, r6
10002c1c:	432a      	orrs	r2, r5

10002c1e <da_add>:
10002c1e:	1880      	adds	r0, r0, r2
10002c20:	4159      	adcs	r1, r3

10002c22 <da_pack>:
10002c22:	0fcb      	lsrs	r3, r1, #31
10002c24:	d005      	beq.n	10002c32 <da_pack+0x10>
10002c26:	43c9      	mvns	r1, r1
10002c28:	43c0      	mvns	r0, r0
10002c2a:	2200      	movs	r2, #0
10002c2c:	4264      	negs	r4, r4
10002c2e:	4150      	adcs	r0, r2
10002c30:	4151      	adcs	r1, r2
10002c32:	4662      	mov	r2, ip
10002c34:	0d4d      	lsrs	r5, r1, #21
10002c36:	d128      	bne.n	10002c8a <da_0>
10002c38:	0d0d      	lsrs	r5, r1, #20
10002c3a:	d107      	bne.n	10002c4c <da_1>
10002c3c:	2800      	cmp	r0, #0
10002c3e:	d01f      	beq.n	10002c80 <da_5>

10002c40 <da_2>:
10002c40:	1924      	adds	r4, r4, r4
10002c42:	4140      	adcs	r0, r0
10002c44:	4149      	adcs	r1, r1
10002c46:	3a01      	subs	r2, #1
10002c48:	0d0d      	lsrs	r5, r1, #20
10002c4a:	d0f9      	beq.n	10002c40 <da_2>

10002c4c <da_1>:
10002c4c:	0064      	lsls	r4, r4, #1
10002c4e:	d306      	bcc.n	10002c5e <da_3>

10002c50 <da_4>:
10002c50:	3001      	adds	r0, #1
10002c52:	d300      	bcc.n	10002c56 <da_4+0x6>
10002c54:	3101      	adds	r1, #1
10002c56:	2c00      	cmp	r4, #0
10002c58:	d101      	bne.n	10002c5e <da_3>
10002c5a:	0840      	lsrs	r0, r0, #1
10002c5c:	0040      	lsls	r0, r0, #1

10002c5e <da_3>:
10002c5e:	3a01      	subs	r2, #1
10002c60:	d40b      	bmi.n	10002c7a <da_6>
10002c62:	1c94      	adds	r4, r2, #2
10002c64:	0ae4      	lsrs	r4, r4, #11
10002c66:	d104      	bne.n	10002c72 <da_7>
10002c68:	0512      	lsls	r2, r2, #20
10002c6a:	4411      	add	r1, r2
10002c6c:	07db      	lsls	r3, r3, #31
10002c6e:	4419      	add	r1, r3
10002c70:	bdf0      	pop	{r4, r5, r6, r7, pc}

10002c72 <da_7>:
10002c72:	07d9      	lsls	r1, r3, #31
10002c74:	4b20      	ldr	r3, [pc, #128]	@ (10002cf8 <da_xmgty+0x4>)
10002c76:	4319      	orrs	r1, r3
10002c78:	e000      	b.n	10002c7c <da_6+0x2>

10002c7a <da_6>:
10002c7a:	07d9      	lsls	r1, r3, #31
10002c7c:	2000      	movs	r0, #0
10002c7e:	bdf0      	pop	{r4, r5, r6, r7, pc}

10002c80 <da_5>:
10002c80:	2900      	cmp	r1, #0
10002c82:	d1dd      	bne.n	10002c40 <da_2>
10002c84:	2c00      	cmp	r4, #0
10002c86:	d1db      	bne.n	10002c40 <da_2>
10002c88:	bdf0      	pop	{r4, r5, r6, r7, pc}

10002c8a <da_0>:
10002c8a:	3201      	adds	r2, #1
10002c8c:	07c6      	lsls	r6, r0, #31
10002c8e:	0840      	lsrs	r0, r0, #1
10002c90:	07cd      	lsls	r5, r1, #31
10002c92:	4328      	orrs	r0, r5
10002c94:	0849      	lsrs	r1, r1, #1
10002c96:	2e00      	cmp	r6, #0
10002c98:	d0e1      	beq.n	10002c5e <da_3>
10002c9a:	e7d9      	b.n	10002c50 <da_4>

10002c9c <da_xrgty>:
10002c9c:	2e3c      	cmp	r6, #60	@ 0x3c
10002c9e:	da29      	bge.n	10002cf4 <da_xmgty>
10002ca0:	3e20      	subs	r6, #32
10002ca2:	3740      	adds	r7, #64	@ 0x40
10002ca4:	0014      	movs	r4, r2
10002ca6:	40bc      	lsls	r4, r7
10002ca8:	d000      	beq.n	10002cac <da_xrgty+0x10>
10002caa:	2401      	movs	r4, #1
10002cac:	40f2      	lsrs	r2, r6
10002cae:	4314      	orrs	r4, r2
10002cb0:	001a      	movs	r2, r3
10002cb2:	40bb      	lsls	r3, r7
10002cb4:	431c      	orrs	r4, r3
10002cb6:	17d3      	asrs	r3, r2, #31
10002cb8:	e7ac      	b.n	10002c14 <da_xgty0>

10002cba <da_ygtx>:
10002cba:	46ac      	mov	ip, r5
10002cbc:	2f20      	cmp	r7, #32
10002cbe:	da08      	bge.n	10002cd2 <da_yrgtx>
10002cc0:	3620      	adds	r6, #32
10002cc2:	0004      	movs	r4, r0
10002cc4:	40b4      	lsls	r4, r6

10002cc6 <da_ygtx0>:
10002cc6:	000d      	movs	r5, r1
10002cc8:	40b5      	lsls	r5, r6
10002cca:	40f8      	lsrs	r0, r7
10002ccc:	4139      	asrs	r1, r7
10002cce:	4328      	orrs	r0, r5
10002cd0:	e7a5      	b.n	10002c1e <da_add>

10002cd2 <da_yrgtx>:
10002cd2:	2f3c      	cmp	r7, #60	@ 0x3c
10002cd4:	da0c      	bge.n	10002cf0 <da_ymgtx>
10002cd6:	3f20      	subs	r7, #32
10002cd8:	3640      	adds	r6, #64	@ 0x40
10002cda:	0004      	movs	r4, r0
10002cdc:	40b4      	lsls	r4, r6
10002cde:	d000      	beq.n	10002ce2 <da_yrgtx+0x10>
10002ce0:	2401      	movs	r4, #1
10002ce2:	40f8      	lsrs	r0, r7
10002ce4:	4304      	orrs	r4, r0
10002ce6:	0008      	movs	r0, r1
10002ce8:	40b1      	lsls	r1, r6
10002cea:	430c      	orrs	r4, r1
10002cec:	17c1      	asrs	r1, r0, #31
10002cee:	e7ea      	b.n	10002cc6 <da_ygtx0>

10002cf0 <da_ymgtx>:
10002cf0:	0010      	movs	r0, r2
10002cf2:	0019      	movs	r1, r3

10002cf4 <da_xmgty>:
10002cf4:	2400      	movs	r4, #0
10002cf6:	e794      	b.n	10002c22 <da_pack>
10002cf8:	7ff00000 	.word	0x7ff00000

10002cfc <dmul_shim>:
10002cfc:	b5f0      	push	{r4, r5, r6, r7, lr}
10002cfe:	0d0c      	lsrs	r4, r1, #20
10002d00:	1e66      	subs	r6, r4, #1
10002d02:	0536      	lsls	r6, r6, #20
10002d04:	1b89      	subs	r1, r1, r6
10002d06:	0ae6      	lsrs	r6, r4, #11
10002d08:	0564      	lsls	r4, r4, #21
10002d0a:	0d64      	lsrs	r4, r4, #21
10002d0c:	d002      	beq.n	10002d14 <l12_1>
10002d0e:	1c65      	adds	r5, r4, #1
10002d10:	0aed      	lsrs	r5, r5, #11
10002d12:	d004      	beq.n	10002d1e <l12_2>

10002d14 <l12_1>:
10002d14:	2000      	movs	r0, #0
10002d16:	2101      	movs	r1, #1
10002d18:	0509      	lsls	r1, r1, #20
10002d1a:	3c80      	subs	r4, #128	@ 0x80
10002d1c:	0324      	lsls	r4, r4, #12

10002d1e <l12_2>:
10002d1e:	46a4      	mov	ip, r4
10002d20:	0d1c      	lsrs	r4, r3, #20
10002d22:	1e67      	subs	r7, r4, #1
10002d24:	053f      	lsls	r7, r7, #20
10002d26:	1bdb      	subs	r3, r3, r7
10002d28:	0ae7      	lsrs	r7, r4, #11
10002d2a:	0564      	lsls	r4, r4, #21
10002d2c:	0d64      	lsrs	r4, r4, #21
10002d2e:	d002      	beq.n	10002d36 <l13_1>
10002d30:	1c65      	adds	r5, r4, #1
10002d32:	0aed      	lsrs	r5, r5, #11
10002d34:	d004      	beq.n	10002d40 <l13_2>

10002d36 <l13_1>:
10002d36:	2200      	movs	r2, #0
10002d38:	2301      	movs	r3, #1
10002d3a:	051b      	lsls	r3, r3, #20
10002d3c:	3c80      	subs	r4, #128	@ 0x80
10002d3e:	0324      	lsls	r4, r4, #12

10002d40 <l13_2>:
10002d40:	4077      	eors	r7, r6
10002d42:	4464      	add	r4, ip
10002d44:	b497      	push	{r0, r1, r2, r4, r7}
10002d46:	b284      	uxth	r4, r0
10002d48:	b296      	uxth	r6, r2
10002d4a:	4374      	muls	r4, r6
10002d4c:	0c07      	lsrs	r7, r0, #16
10002d4e:	437e      	muls	r6, r7
10002d50:	0c15      	lsrs	r5, r2, #16
10002d52:	436f      	muls	r7, r5
10002d54:	b280      	uxth	r0, r0
10002d56:	4368      	muls	r0, r5
10002d58:	1836      	adds	r6, r6, r0
10002d5a:	d302      	bcc.n	10002d62 <l14_1>
10002d5c:	2001      	movs	r0, #1
10002d5e:	0400      	lsls	r0, r0, #16
10002d60:	183f      	adds	r7, r7, r0

10002d62 <l14_1>:
10002d62:	0430      	lsls	r0, r6, #16
10002d64:	0c35      	lsrs	r5, r6, #16
10002d66:	1900      	adds	r0, r0, r4
10002d68:	417d      	adcs	r5, r7
10002d6a:	4684      	mov	ip, r0
10002d6c:	b288      	uxth	r0, r1
10002d6e:	b29a      	uxth	r2, r3
10002d70:	4350      	muls	r0, r2
10002d72:	0c0c      	lsrs	r4, r1, #16
10002d74:	4362      	muls	r2, r4
10002d76:	0c1f      	lsrs	r7, r3, #16
10002d78:	437c      	muls	r4, r7
10002d7a:	b28e      	uxth	r6, r1
10002d7c:	437e      	muls	r6, r7
10002d7e:	1992      	adds	r2, r2, r6
10002d80:	d302      	bcc.n	10002d88 <l15_1>
10002d82:	2601      	movs	r6, #1
10002d84:	0436      	lsls	r6, r6, #16
10002d86:	19a4      	adds	r4, r4, r6

10002d88 <l15_1>:
10002d88:	0416      	lsls	r6, r2, #16
10002d8a:	0c17      	lsrs	r7, r2, #16
10002d8c:	1836      	adds	r6, r6, r0
10002d8e:	4167      	adcs	r7, r4
10002d90:	bc01      	pop	{r0}
10002d92:	b281      	uxth	r1, r0
10002d94:	b29a      	uxth	r2, r3
10002d96:	4351      	muls	r1, r2
10002d98:	0c04      	lsrs	r4, r0, #16
10002d9a:	4362      	muls	r2, r4
10002d9c:	0c1b      	lsrs	r3, r3, #16
10002d9e:	435c      	muls	r4, r3
10002da0:	b280      	uxth	r0, r0
10002da2:	4358      	muls	r0, r3
10002da4:	1812      	adds	r2, r2, r0
10002da6:	d302      	bcc.n	10002dae <l16_1>
10002da8:	2001      	movs	r0, #1
10002daa:	0400      	lsls	r0, r0, #16
10002dac:	1824      	adds	r4, r4, r0

10002dae <l16_1>:
10002dae:	0410      	lsls	r0, r2, #16
10002db0:	0c13      	lsrs	r3, r2, #16
10002db2:	1840      	adds	r0, r0, r1
10002db4:	4163      	adcs	r3, r4
10002db6:	182d      	adds	r5, r5, r0
10002db8:	415e      	adcs	r6, r3
10002dba:	2000      	movs	r0, #0
10002dbc:	4147      	adcs	r7, r0
10002dbe:	bc06      	pop	{r1, r2}
10002dc0:	b288      	uxth	r0, r1
10002dc2:	b293      	uxth	r3, r2
10002dc4:	4358      	muls	r0, r3
10002dc6:	0c0c      	lsrs	r4, r1, #16
10002dc8:	4363      	muls	r3, r4
10002dca:	0c12      	lsrs	r2, r2, #16
10002dcc:	4354      	muls	r4, r2
10002dce:	b289      	uxth	r1, r1
10002dd0:	4351      	muls	r1, r2
10002dd2:	185b      	adds	r3, r3, r1
10002dd4:	d302      	bcc.n	10002ddc <l17_1>
10002dd6:	2101      	movs	r1, #1
10002dd8:	0409      	lsls	r1, r1, #16
10002dda:	1864      	adds	r4, r4, r1

10002ddc <l17_1>:
10002ddc:	0419      	lsls	r1, r3, #16
10002dde:	0c1a      	lsrs	r2, r3, #16
10002de0:	1809      	adds	r1, r1, r0
10002de2:	4162      	adcs	r2, r4
10002de4:	186d      	adds	r5, r5, r1
10002de6:	4156      	adcs	r6, r2
10002de8:	2000      	movs	r0, #0
10002dea:	4147      	adcs	r7, r0
10002dec:	bc18      	pop	{r3, r4}
10002dee:	02f9      	lsls	r1, r7, #11
10002df0:	0d72      	lsrs	r2, r6, #21
10002df2:	4311      	orrs	r1, r2
10002df4:	02f0      	lsls	r0, r6, #11
10002df6:	0d6a      	lsrs	r2, r5, #21
10002df8:	4310      	orrs	r0, r2
10002dfa:	02ed      	lsls	r5, r5, #11
10002dfc:	0d0a      	lsrs	r2, r1, #20
10002dfe:	d103      	bne.n	10002e08 <l17_1+0x2c>
10002e00:	196d      	adds	r5, r5, r5
10002e02:	4140      	adcs	r0, r0
10002e04:	4149      	adcs	r1, r1
10002e06:	3b01      	subs	r3, #1
10002e08:	4e12      	ldr	r6, [pc, #72]	@ (10002e54 <dm_1+0xa>)
10002e0a:	1b9b      	subs	r3, r3, r6
10002e0c:	0076      	lsls	r6, r6, #1
10002e0e:	42b3      	cmp	r3, r6
10002e10:	d20e      	bcs.n	10002e30 <dm_0>
10002e12:	006d      	lsls	r5, r5, #1
10002e14:	d307      	bcc.n	10002e26 <l17_1+0x4a>
10002e16:	3001      	adds	r0, #1
10002e18:	2600      	movs	r6, #0
10002e1a:	4171      	adcs	r1, r6
10002e1c:	4666      	mov	r6, ip
10002e1e:	4335      	orrs	r5, r6
10002e20:	d101      	bne.n	10002e26 <l17_1+0x4a>
10002e22:	0840      	lsrs	r0, r0, #1
10002e24:	0040      	lsls	r0, r0, #1
10002e26:	051b      	lsls	r3, r3, #20
10002e28:	18c9      	adds	r1, r1, r3

10002e2a <dm_2>:
10002e2a:	07e4      	lsls	r4, r4, #31
10002e2c:	4421      	add	r1, r4
10002e2e:	bdf0      	pop	{r4, r5, r6, r7, pc}

10002e30 <dm_0>:
10002e30:	da0b      	bge.n	10002e4a <dm_1>
10002e32:	3301      	adds	r3, #1
10002e34:	d106      	bne.n	10002e44 <dm_0+0x14>
10002e36:	3001      	adds	r0, #1
10002e38:	d104      	bne.n	10002e44 <dm_0+0x14>
10002e3a:	3101      	adds	r1, #1
10002e3c:	0d4f      	lsrs	r7, r1, #21
10002e3e:	d001      	beq.n	10002e44 <dm_0+0x14>
10002e40:	0849      	lsrs	r1, r1, #1
10002e42:	e7f2      	b.n	10002e2a <dm_2>
10002e44:	07e1      	lsls	r1, r4, #31
10002e46:	2000      	movs	r0, #0
10002e48:	bdf0      	pop	{r4, r5, r6, r7, pc}

10002e4a <dm_1>:
10002e4a:	3601      	adds	r6, #1
10002e4c:	0531      	lsls	r1, r6, #20
10002e4e:	2000      	movs	r0, #0
10002e50:	e7eb      	b.n	10002e2a <dm_2>
10002e52:	0000      	.short	0x0000
10002e54:	000003ff 	.word	0x000003ff

10002e58 <ddiv_shim>:
10002e58:	b5f0      	push	{r4, r5, r6, r7, lr}

10002e5a <ddiv0>:
10002e5a:	0d1c      	lsrs	r4, r3, #20
10002e5c:	1e67      	subs	r7, r4, #1
10002e5e:	053f      	lsls	r7, r7, #20
10002e60:	1bdb      	subs	r3, r3, r7
10002e62:	0ae7      	lsrs	r7, r4, #11
10002e64:	0564      	lsls	r4, r4, #21
10002e66:	0d64      	lsrs	r4, r4, #21
10002e68:	d002      	beq.n	10002e70 <l20_1>
10002e6a:	1c66      	adds	r6, r4, #1
10002e6c:	0af6      	lsrs	r6, r6, #11
10002e6e:	d004      	beq.n	10002e7a <l20_2>

10002e70 <l20_1>:
10002e70:	2200      	movs	r2, #0
10002e72:	2301      	movs	r3, #1
10002e74:	051b      	lsls	r3, r3, #20
10002e76:	3c80      	subs	r4, #128	@ 0x80
10002e78:	0324      	lsls	r4, r4, #12

10002e7a <l20_2>:
10002e7a:	25d0      	movs	r5, #208	@ 0xd0
10002e7c:	062d      	lsls	r5, r5, #24
10002e7e:	2600      	movs	r6, #0
10002e80:	43f6      	mvns	r6, r6
10002e82:	662e      	str	r6, [r5, #96]	@ 0x60
10002e84:	091e      	lsrs	r6, r3, #4
10002e86:	666e      	str	r6, [r5, #100]	@ 0x64
10002e88:	0fce      	lsrs	r6, r1, #31
10002e8a:	19f6      	adds	r6, r6, r7
10002e8c:	46b4      	mov	ip, r6
10002e8e:	0049      	lsls	r1, r1, #1
10002e90:	0d4f      	lsrs	r7, r1, #21
10002e92:	d002      	beq.n	10002e9a <l20_2+0x20>
10002e94:	1c7e      	adds	r6, r7, #1
10002e96:	0af6      	lsrs	r6, r6, #11
10002e98:	d003      	beq.n	10002ea2 <l20_2+0x28>
10002e9a:	2000      	movs	r0, #0
10002e9c:	2100      	movs	r1, #0
10002e9e:	3f40      	subs	r7, #64	@ 0x40
10002ea0:	033f      	lsls	r7, r7, #12
10002ea2:	1b3e      	subs	r6, r7, r4
10002ea4:	00b6      	lsls	r6, r6, #2
10002ea6:	44b4      	add	ip, r6
10002ea8:	3f01      	subs	r7, #1
10002eaa:	057f      	lsls	r7, r7, #21
10002eac:	1bc9      	subs	r1, r1, r7
10002eae:	0849      	lsrs	r1, r1, #1
10002eb0:	6f2e      	ldr	r6, [r5, #112]	@ 0x70
10002eb2:	3601      	adds	r6, #1
10002eb4:	0876      	lsrs	r6, r6, #1
10002eb6:	029c      	lsls	r4, r3, #10
10002eb8:	0d95      	lsrs	r5, r2, #22
10002eba:	4325      	orrs	r5, r4
10002ebc:	4375      	muls	r5, r6
10002ebe:	13ed      	asrs	r5, r5, #15
10002ec0:	4375      	muls	r5, r6
10002ec2:	13ad      	asrs	r5, r5, #14
10002ec4:	3501      	adds	r5, #1
10002ec6:	106d      	asrs	r5, r5, #1
10002ec8:	03f6      	lsls	r6, r6, #15
10002eca:	1b76      	subs	r6, r6, r5
10002ecc:	b40c      	push	{r2, r3}
10002ece:	02cc      	lsls	r4, r1, #11
10002ed0:	0d45      	lsrs	r5, r0, #21
10002ed2:	432c      	orrs	r4, r5
10002ed4:	b2a2      	uxth	r2, r4
10002ed6:	b2b3      	uxth	r3, r6
10002ed8:	435a      	muls	r2, r3
10002eda:	0c27      	lsrs	r7, r4, #16
10002edc:	437b      	muls	r3, r7
10002ede:	0c35      	lsrs	r5, r6, #16
10002ee0:	436f      	muls	r7, r5
10002ee2:	b2a4      	uxth	r4, r4
10002ee4:	436c      	muls	r4, r5
10002ee6:	191b      	adds	r3, r3, r4
10002ee8:	d302      	bcc.n	10002ef0 <l21_1>
10002eea:	2401      	movs	r4, #1
10002eec:	0424      	lsls	r4, r4, #16
10002eee:	193f      	adds	r7, r7, r4

10002ef0 <l21_1>:
10002ef0:	041c      	lsls	r4, r3, #16
10002ef2:	0c1d      	lsrs	r5, r3, #16
10002ef4:	18a4      	adds	r4, r4, r2
10002ef6:	417d      	adcs	r5, r7
10002ef8:	1924      	adds	r4, r4, r4
10002efa:	416d      	adcs	r5, r5
10002efc:	9a00      	ldr	r2, [sp, #0]
10002efe:	b291      	uxth	r1, r2
10002f00:	b2ac      	uxth	r4, r5
10002f02:	4361      	muls	r1, r4
10002f04:	0c17      	lsrs	r7, r2, #16
10002f06:	437c      	muls	r4, r7
10002f08:	0c2b      	lsrs	r3, r5, #16
10002f0a:	435f      	muls	r7, r3
10002f0c:	b292      	uxth	r2, r2
10002f0e:	435a      	muls	r2, r3
10002f10:	18a4      	adds	r4, r4, r2
10002f12:	d302      	bcc.n	10002f1a <l22_1>
10002f14:	2201      	movs	r2, #1
10002f16:	0412      	lsls	r2, r2, #16
10002f18:	18bf      	adds	r7, r7, r2

10002f1a <l22_1>:
10002f1a:	0422      	lsls	r2, r4, #16
10002f1c:	0c23      	lsrs	r3, r4, #16
10002f1e:	1852      	adds	r2, r2, r1
10002f20:	417b      	adcs	r3, r7
10002f22:	9c01      	ldr	r4, [sp, #4]
10002f24:	436c      	muls	r4, r5
10002f26:	191b      	adds	r3, r3, r4
10002f28:	0e52      	lsrs	r2, r2, #25
10002f2a:	01d9      	lsls	r1, r3, #7
10002f2c:	430a      	orrs	r2, r1
10002f2e:	0144      	lsls	r4, r0, #5
10002f30:	1aa0      	subs	r0, r4, r2
10002f32:	b281      	uxth	r1, r0
10002f34:	b2b2      	uxth	r2, r6
10002f36:	4351      	muls	r1, r2
10002f38:	1403      	asrs	r3, r0, #16
10002f3a:	435a      	muls	r2, r3
10002f3c:	0c36      	lsrs	r6, r6, #16
10002f3e:	4373      	muls	r3, r6
10002f40:	b287      	uxth	r7, r0
10002f42:	4377      	muls	r7, r6
10002f44:	17d6      	asrs	r6, r2, #31
10002f46:	19d2      	adds	r2, r2, r7
10002f48:	2700      	movs	r7, #0
10002f4a:	417e      	adcs	r6, r7
10002f4c:	0436      	lsls	r6, r6, #16
10002f4e:	199b      	adds	r3, r3, r6
10002f50:	0417      	lsls	r7, r2, #16
10002f52:	0c16      	lsrs	r6, r2, #16
10002f54:	187f      	adds	r7, r7, r1
10002f56:	415e      	adcs	r6, r3
10002f58:	1673      	asrs	r3, r6, #25
10002f5a:	18ed      	adds	r5, r5, r3
10002f5c:	01f3      	lsls	r3, r6, #7
10002f5e:	2600      	movs	r6, #0
10002f60:	3380      	adds	r3, #128	@ 0x80
10002f62:	4175      	adcs	r5, r6
10002f64:	0fa9      	lsrs	r1, r5, #30
10002f66:	d106      	bne.n	10002f76 <dd_0>
10002f68:	0064      	lsls	r4, r4, #1
10002f6a:	0a69      	lsrs	r1, r5, #9
10002f6c:	05e8      	lsls	r0, r5, #23
10002f6e:	0a5b      	lsrs	r3, r3, #9
10002f70:	4318      	orrs	r0, r3
10002f72:	d209      	bcs.n	10002f88 <dd_1>
10002f74:	e02f      	b.n	10002fd6 <dd_2>

10002f76 <dd_0>:
10002f76:	2204      	movs	r2, #4
10002f78:	4494      	add	ip, r2
10002f7a:	3380      	adds	r3, #128	@ 0x80
10002f7c:	4175      	adcs	r5, r6
10002f7e:	0aa9      	lsrs	r1, r5, #10
10002f80:	05a8      	lsls	r0, r5, #22
10002f82:	0a9b      	lsrs	r3, r3, #10
10002f84:	4318      	orrs	r0, r3
10002f86:	d326      	bcc.n	10002fd6 <dd_2>

10002f88 <dd_1>:
10002f88:	4140      	adcs	r0, r0
10002f8a:	4149      	adcs	r1, r1
10002f8c:	0424      	lsls	r4, r4, #16
10002f8e:	9a00      	ldr	r2, [sp, #0]
10002f90:	9b01      	ldr	r3, [sp, #4]
10002f92:	000d      	movs	r5, r1
10002f94:	4355      	muls	r5, r2
10002f96:	1b64      	subs	r4, r4, r5
10002f98:	4343      	muls	r3, r0
10002f9a:	1ae4      	subs	r4, r4, r3
10002f9c:	b295      	uxth	r5, r2
10002f9e:	b286      	uxth	r6, r0
10002fa0:	4375      	muls	r5, r6
10002fa2:	0c17      	lsrs	r7, r2, #16
10002fa4:	437e      	muls	r6, r7
10002fa6:	0c03      	lsrs	r3, r0, #16
10002fa8:	435f      	muls	r7, r3
10002faa:	b292      	uxth	r2, r2
10002fac:	435a      	muls	r2, r3
10002fae:	18b6      	adds	r6, r6, r2
10002fb0:	d302      	bcc.n	10002fb8 <l24_1>
10002fb2:	2201      	movs	r2, #1
10002fb4:	0412      	lsls	r2, r2, #16
10002fb6:	18bf      	adds	r7, r7, r2

10002fb8 <l24_1>:
10002fb8:	0432      	lsls	r2, r6, #16
10002fba:	0c33      	lsrs	r3, r6, #16
10002fbc:	1952      	adds	r2, r2, r5
10002fbe:	417b      	adcs	r3, r7
10002fc0:	4252      	negs	r2, r2
10002fc2:	419c      	sbcs	r4, r3
10002fc4:	2c00      	cmp	r4, #0
10002fc6:	d402      	bmi.n	10002fce <l24_1+0x16>
10002fc8:	2200      	movs	r2, #0
10002fca:	3001      	adds	r0, #1
10002fcc:	4151      	adcs	r1, r2
10002fce:	0840      	lsrs	r0, r0, #1
10002fd0:	07ca      	lsls	r2, r1, #31
10002fd2:	4310      	orrs	r0, r2
10002fd4:	0849      	lsrs	r1, r1, #1

10002fd6 <dd_2>:
10002fd6:	b002      	add	sp, #8
10002fd8:	4662      	mov	r2, ip
10002fda:	07d7      	lsls	r7, r2, #31
10002fdc:	1092      	asrs	r2, r2, #2
10002fde:	4b08      	ldr	r3, [pc, #32]	@ (10003000 <dd_4+0x6>)
10002fe0:	18d2      	adds	r2, r2, r3
10002fe2:	4b08      	ldr	r3, [pc, #32]	@ (10003004 <dd_4+0xa>)
10002fe4:	429a      	cmp	r2, r3
10002fe6:	d203      	bcs.n	10002ff0 <dd_3>
10002fe8:	0512      	lsls	r2, r2, #20
10002fea:	1889      	adds	r1, r1, r2

10002fec <dd_5>:
10002fec:	19c9      	adds	r1, r1, r7
10002fee:	bdf0      	pop	{r4, r5, r6, r7, pc}

10002ff0 <dd_3>:
10002ff0:	2000      	movs	r0, #0
10002ff2:	2a00      	cmp	r2, #0
10002ff4:	dc01      	bgt.n	10002ffa <dd_4>
10002ff6:	0039      	movs	r1, r7
10002ff8:	bdf0      	pop	{r4, r5, r6, r7, pc}

10002ffa <dd_4>:
10002ffa:	3301      	adds	r3, #1
10002ffc:	0519      	lsls	r1, r3, #20
10002ffe:	e7f5      	b.n	10002fec <dd_5>
10003000:	000003fd 	.word	0x000003fd
10003004:	000007fe 	.word	0x000007fe

10003008 <double2uint_shim>:
10003008:	2200      	movs	r2, #0

1000300a <double2ufix_shim>:
1000300a:	b500      	push	{lr}
1000300c:	3220      	adds	r2, #32
1000300e:	f000 f804 	bl	1000301a <double2ufix64_shim>
10003012:	0008      	movs	r0, r1
10003014:	bd00      	pop	{pc}
	...

10003018 <double2uint64_shim>:
10003018:	2200      	movs	r2, #0

1000301a <double2ufix64_shim>:
1000301a:	150b      	asrs	r3, r1, #20
1000301c:	d40a      	bmi.n	10003034 <ret_dzero>

1000301e <d2fix>:
1000301e:	b510      	push	{r4, lr}
10003020:	4694      	mov	ip, r2
10003022:	f000 f831 	bl	10003088 <dunpacks>
10003026:	1414      	asrs	r4, r2, #16
10003028:	3401      	adds	r4, #1
1000302a:	da00      	bge.n	1000302e <d2fix+0x10>
1000302c:	2100      	movs	r1, #0
1000302e:	17cb      	asrs	r3, r1, #31
10003030:	4c14      	ldr	r4, [pc, #80]	@ (10003084 <d2fix_a+0x4a>)
10003032:	4720      	bx	r4

10003034 <ret_dzero>:
10003034:	2000      	movs	r0, #0
10003036:	2100      	movs	r1, #0
10003038:	4770      	bx	lr

1000303a <d2fix_a>:
1000303a:	4462      	add	r2, ip
1000303c:	3a34      	subs	r2, #52	@ 0x34
1000303e:	d40c      	bmi.n	1000305a <d2fix_a+0x20>
10003040:	2a0c      	cmp	r2, #12
10003042:	da07      	bge.n	10003054 <d2fix_a+0x1a>
10003044:	0004      	movs	r4, r0
10003046:	4091      	lsls	r1, r2
10003048:	4090      	lsls	r0, r2
1000304a:	4252      	negs	r2, r2
1000304c:	3220      	adds	r2, #32
1000304e:	40d4      	lsrs	r4, r2
10003050:	4321      	orrs	r1, r4
10003052:	bd10      	pop	{r4, pc}
10003054:	43d8      	mvns	r0, r3
10003056:	43d9      	mvns	r1, r3
10003058:	bd10      	pop	{r4, pc}
1000305a:	3220      	adds	r2, #32
1000305c:	d407      	bmi.n	1000306e <d2fix_a+0x34>
1000305e:	460c      	mov	r4, r1
10003060:	4094      	lsls	r4, r2
10003062:	4252      	negs	r2, r2
10003064:	3220      	adds	r2, #32
10003066:	4111      	asrs	r1, r2
10003068:	40d0      	lsrs	r0, r2
1000306a:	4320      	orrs	r0, r4
1000306c:	bd10      	pop	{r4, pc}
1000306e:	0008      	movs	r0, r1
10003070:	17c9      	asrs	r1, r1, #31
10003072:	3220      	adds	r2, #32
10003074:	d403      	bmi.n	1000307e <d2fix_a+0x44>
10003076:	4252      	negs	r2, r2
10003078:	3220      	adds	r2, #32
1000307a:	4110      	asrs	r0, r2
1000307c:	bd10      	pop	{r4, pc}
1000307e:	0018      	movs	r0, r3
10003080:	0019      	movs	r1, r3
10003082:	bd10      	pop	{r4, pc}
10003084:	1000303b 	.word	0x1000303b

10003088 <dunpacks>:
10003088:	0d0a      	lsrs	r2, r1, #20
1000308a:	0fcc      	lsrs	r4, r1, #31
1000308c:	1e53      	subs	r3, r2, #1
1000308e:	051b      	lsls	r3, r3, #20
10003090:	1ac9      	subs	r1, r1, r3
10003092:	0552      	lsls	r2, r2, #21
10003094:	d303      	bcc.n	1000309e <l60_1>
10003096:	43c9      	mvns	r1, r1
10003098:	4240      	negs	r0, r0
1000309a:	d300      	bcc.n	1000309e <l60_1>
1000309c:	3101      	adds	r1, #1

1000309e <l60_1>:
1000309e:	0d52      	lsrs	r2, r2, #21
100030a0:	d003      	beq.n	100030aa <l60_2>
100030a2:	1c53      	adds	r3, r2, #1
100030a4:	0adb      	lsrs	r3, r3, #11
100030a6:	d007      	beq.n	100030b8 <l60_3>
100030a8:	1b12      	subs	r2, r2, r4

100030aa <l60_2>:
100030aa:	2000      	movs	r0, #0
100030ac:	0064      	lsls	r4, r4, #1
100030ae:	1c61      	adds	r1, r4, #1
100030b0:	0789      	lsls	r1, r1, #30
100030b2:	1289      	asrs	r1, r1, #10
100030b4:	3a80      	subs	r2, #128	@ 0x80
100030b6:	0312      	lsls	r2, r2, #12

100030b8 <l60_3>:
100030b8:	4b01      	ldr	r3, [pc, #4]	@ (100030c0 <l60_3+0x8>)
100030ba:	1ad2      	subs	r2, r2, r3
100030bc:	4770      	bx	lr
100030be:	0000      	.short	0x0000
100030c0:	000003ff 	.word	0x000003ff

100030c4 <__wrap___aeabi_lmul>:
100030c4:	4351      	muls	r1, r2
100030c6:	4343      	muls	r3, r0
100030c8:	18c9      	adds	r1, r1, r3
100030ca:	468c      	mov	ip, r1
100030cc:	0c11      	lsrs	r1, r2, #16
100030ce:	b283      	uxth	r3, r0
100030d0:	434b      	muls	r3, r1
100030d2:	b410      	push	{r4}
100030d4:	0c04      	lsrs	r4, r0, #16
100030d6:	4361      	muls	r1, r4
100030d8:	b292      	uxth	r2, r2
100030da:	b280      	uxth	r0, r0
100030dc:	4350      	muls	r0, r2
100030de:	4362      	muls	r2, r4
100030e0:	041c      	lsls	r4, r3, #16
100030e2:	0c1b      	lsrs	r3, r3, #16
100030e4:	1900      	adds	r0, r0, r4
100030e6:	bc10      	pop	{r4}
100030e8:	4159      	adcs	r1, r3
100030ea:	0413      	lsls	r3, r2, #16
100030ec:	0c12      	lsrs	r2, r2, #16
100030ee:	18c0      	adds	r0, r0, r3
100030f0:	4151      	adcs	r1, r2
100030f2:	4461      	add	r1, ip
100030f4:	4770      	bx	lr
	...

100030f8 <__aeabi_float_init>:
100030f8:	2313      	movs	r3, #19
100030fa:	b510      	push	{r4, lr}
100030fc:	781c      	ldrb	r4, [r3, #0]
100030fe:	4813      	ldr	r0, [pc, #76]	@ (1000314c <__aeabi_float_init+0x54>)
10003100:	f7ff f842 	bl	10002188 <rom_data_lookup>
10003104:	2c01      	cmp	r4, #1
10003106:	d00b      	beq.n	10003120 <__aeabi_float_init+0x28>
10003108:	dd04      	ble.n	10003114 <__aeabi_float_init+0x1c>
1000310a:	0001      	movs	r1, r0
1000310c:	2280      	movs	r2, #128	@ 0x80
1000310e:	4810      	ldr	r0, [pc, #64]	@ (10003150 <__aeabi_float_init+0x58>)
10003110:	f000 f84a 	bl	100031a8 <__wrap___aeabi_memcpy>
10003114:	480f      	ldr	r0, [pc, #60]	@ (10003154 <__aeabi_float_init+0x5c>)
10003116:	f7ff f82f 	bl	10002178 <rom_func_lookup>
1000311a:	4b0f      	ldr	r3, [pc, #60]	@ (10003158 <__aeabi_float_init+0x60>)
1000311c:	6018      	str	r0, [r3, #0]
1000311e:	bd10      	pop	{r4, pc}
10003120:	4c0b      	ldr	r4, [pc, #44]	@ (10003150 <__aeabi_float_init+0x58>)
10003122:	0001      	movs	r1, r0
10003124:	2254      	movs	r2, #84	@ 0x54
10003126:	0020      	movs	r0, r4
10003128:	f000 f83e 	bl	100031a8 <__wrap___aeabi_memcpy>
1000312c:	4b0b      	ldr	r3, [pc, #44]	@ (1000315c <__aeabi_float_init+0x64>)
1000312e:	6563      	str	r3, [r4, #84]	@ 0x54
10003130:	65a3      	str	r3, [r4, #88]	@ 0x58
10003132:	65e3      	str	r3, [r4, #92]	@ 0x5c
10003134:	6623      	str	r3, [r4, #96]	@ 0x60
10003136:	6663      	str	r3, [r4, #100]	@ 0x64
10003138:	66a3      	str	r3, [r4, #104]	@ 0x68
1000313a:	66e3      	str	r3, [r4, #108]	@ 0x6c
1000313c:	6723      	str	r3, [r4, #112]	@ 0x70
1000313e:	6763      	str	r3, [r4, #116]	@ 0x74
10003140:	67a3      	str	r3, [r4, #120]	@ 0x78
10003142:	67e3      	str	r3, [r4, #124]	@ 0x7c
10003144:	6223      	str	r3, [r4, #32]
10003146:	61e3      	str	r3, [r4, #28]
10003148:	e7e4      	b.n	10003114 <__aeabi_float_init+0x1c>
1000314a:	46c0      	nop			@ (mov r8, r8)
1000314c:	00004653 	.word	0x00004653
10003150:	20001d18 	.word	0x20001d18
10003154:	0000334c 	.word	0x0000334c
10003158:	200029c4 	.word	0x200029c4
1000315c:	10003161 	.word	0x10003161

10003160 <float_table_shim_on_use_helper>:
10003160:	b507      	push	{r0, r1, r2, lr}
10003162:	4660      	mov	r0, ip
10003164:	8801      	ldrh	r1, [r0, #0]
10003166:	0a0a      	lsrs	r2, r1, #8
10003168:	3002      	adds	r0, #2
1000316a:	2adf      	cmp	r2, #223	@ 0xdf
1000316c:	d1fa      	bne.n	10003164 <float_table_shim_on_use_helper+0x4>
1000316e:	b2c9      	uxtb	r1, r1
10003170:	0882      	lsrs	r2, r0, #2
10003172:	d304      	bcc.n	1000317e <float_table_shim_on_use_helper+0x1e>
10003174:	8802      	ldrh	r2, [r0, #0]
10003176:	8840      	ldrh	r0, [r0, #2]
10003178:	0400      	lsls	r0, r0, #16
1000317a:	4310      	orrs	r0, r2
1000317c:	e000      	b.n	10003180 <float_table_shim_on_use_helper+0x20>
1000317e:	6800      	ldr	r0, [r0, #0]
10003180:	4a01      	ldr	r2, [pc, #4]	@ (10003188 <float_table_shim_on_use_helper+0x28>)
10003182:	5050      	str	r0, [r2, r1]
10003184:	9003      	str	r0, [sp, #12]
10003186:	bd07      	pop	{r0, r1, r2, pc}
10003188:	20001d18 	.word	0x20001d18

1000318c <__aeabi_mem_init>:
1000318c:	4801      	ldr	r0, [pc, #4]	@ (10003194 <__aeabi_mem_init+0x8>)
1000318e:	2104      	movs	r1, #4
10003190:	4b01      	ldr	r3, [pc, #4]	@ (10003198 <__aeabi_mem_init+0xc>)
10003192:	4718      	bx	r3
10003194:	200018d0 	.word	0x200018d0
10003198:	10002199 	.word	0x10002199

1000319c <__wrap_memset>:
1000319c:	4b01      	ldr	r3, [pc, #4]	@ (100031a4 <__wrap_memset+0x8>)
1000319e:	681b      	ldr	r3, [r3, #0]
100031a0:	4718      	bx	r3
100031a2:	0000      	.short	0x0000
100031a4:	200018d0 	.word	0x200018d0

100031a8 <__wrap___aeabi_memcpy>:
100031a8:	4b01      	ldr	r3, [pc, #4]	@ (100031b0 <__wrap___aeabi_memcpy+0x8>)
100031aa:	685b      	ldr	r3, [r3, #4]
100031ac:	4718      	bx	r3
100031ae:	0000      	.short	0x0000
100031b0:	200018d0 	.word	0x200018d0

100031b4 <_out_buffer>:
100031b4:	429a      	cmp	r2, r3
100031b6:	d200      	bcs.n	100031ba <_out_buffer+0x6>
100031b8:	5488      	strb	r0, [r1, r2]
100031ba:	4770      	bx	lr

100031bc <_out_null>:
100031bc:	4770      	bx	lr
100031be:	46c0      	nop			@ (mov r8, r8)

100031c0 <_out_rev>:
100031c0:	b5f8      	push	{r3, r4, r5, r6, r7, lr}
100031c2:	46de      	mov	lr, fp
100031c4:	4657      	mov	r7, sl
100031c6:	464e      	mov	r6, r9
100031c8:	4645      	mov	r5, r8
100031ca:	b5e0      	push	{r5, r6, r7, lr}
100031cc:	4699      	mov	r9, r3
100031ce:	9b0d      	ldr	r3, [sp, #52]	@ 0x34
100031d0:	0007      	movs	r7, r0
100031d2:	4688      	mov	r8, r1
100031d4:	4693      	mov	fp, r2
100031d6:	079b      	lsls	r3, r3, #30
100031d8:	d028      	beq.n	1000322c <_out_rev+0x6c>
100031da:	9b0b      	ldr	r3, [sp, #44]	@ 0x2c
100031dc:	2b00      	cmp	r3, #0
100031de:	d03c      	beq.n	1000325a <_out_rev+0x9a>
100031e0:	0016      	movs	r6, r2
100031e2:	9c0b      	ldr	r4, [sp, #44]	@ 0x2c
100031e4:	9d0a      	ldr	r5, [sp, #40]	@ 0x28
100031e6:	1936      	adds	r6, r6, r4
100031e8:	1b32      	subs	r2, r6, r4
100031ea:	3c01      	subs	r4, #1
100031ec:	464b      	mov	r3, r9
100031ee:	4641      	mov	r1, r8
100031f0:	5d28      	ldrb	r0, [r5, r4]
100031f2:	47b8      	blx	r7
100031f4:	2c00      	cmp	r4, #0
100031f6:	d1f7      	bne.n	100031e8 <_out_rev+0x28>
100031f8:	0035      	movs	r5, r6
100031fa:	9b0d      	ldr	r3, [sp, #52]	@ 0x34
100031fc:	079b      	lsls	r3, r3, #30
100031fe:	d50e      	bpl.n	1000321e <_out_rev+0x5e>
10003200:	465b      	mov	r3, fp
10003202:	1aec      	subs	r4, r5, r3
10003204:	9b0c      	ldr	r3, [sp, #48]	@ 0x30
10003206:	42a3      	cmp	r3, r4
10003208:	d909      	bls.n	1000321e <_out_rev+0x5e>
1000320a:	001e      	movs	r6, r3
1000320c:	002a      	movs	r2, r5
1000320e:	464b      	mov	r3, r9
10003210:	4641      	mov	r1, r8
10003212:	2020      	movs	r0, #32
10003214:	3401      	adds	r4, #1
10003216:	47b8      	blx	r7
10003218:	3501      	adds	r5, #1
1000321a:	42b4      	cmp	r4, r6
1000321c:	d3f6      	bcc.n	1000320c <_out_rev+0x4c>
1000321e:	0028      	movs	r0, r5
10003220:	bcf0      	pop	{r4, r5, r6, r7}
10003222:	46bb      	mov	fp, r7
10003224:	46b2      	mov	sl, r6
10003226:	46a9      	mov	r9, r5
10003228:	46a0      	mov	r8, r4
1000322a:	bdf8      	pop	{r3, r4, r5, r6, r7, pc}
1000322c:	9b0b      	ldr	r3, [sp, #44]	@ 0x2c
1000322e:	9a0c      	ldr	r2, [sp, #48]	@ 0x30
10003230:	4293      	cmp	r3, r2
10003232:	d214      	bcs.n	1000325e <_out_rev+0x9e>
10003234:	0013      	movs	r3, r2
10003236:	465d      	mov	r5, fp
10003238:	000c      	movs	r4, r1
1000323a:	9a0b      	ldr	r2, [sp, #44]	@ 0x2c
1000323c:	1a9e      	subs	r6, r3, r2
1000323e:	1976      	adds	r6, r6, r5
10003240:	002a      	movs	r2, r5
10003242:	464b      	mov	r3, r9
10003244:	3501      	adds	r5, #1
10003246:	0021      	movs	r1, r4
10003248:	2020      	movs	r0, #32
1000324a:	47b8      	blx	r7
1000324c:	42b5      	cmp	r5, r6
1000324e:	d1f7      	bne.n	10003240 <_out_rev+0x80>
10003250:	9b0b      	ldr	r3, [sp, #44]	@ 0x2c
10003252:	46a0      	mov	r8, r4
10003254:	2b00      	cmp	r3, #0
10003256:	d1c4      	bne.n	100031e2 <_out_rev+0x22>
10003258:	e7e1      	b.n	1000321e <_out_rev+0x5e>
1000325a:	0015      	movs	r5, r2
1000325c:	e7cd      	b.n	100031fa <_out_rev+0x3a>
1000325e:	465e      	mov	r6, fp
10003260:	2b00      	cmp	r3, #0
10003262:	d1be      	bne.n	100031e2 <_out_rev+0x22>
10003264:	465d      	mov	r5, fp
10003266:	e7da      	b.n	1000321e <_out_rev+0x5e>

10003268 <_ntoa_format>:
10003268:	b5f0      	push	{r4, r5, r6, r7, lr}
1000326a:	464f      	mov	r7, r9
1000326c:	46d6      	mov	lr, sl
1000326e:	4646      	mov	r6, r8
10003270:	b5c0      	push	{r6, r7, lr}
10003272:	b084      	sub	sp, #16
10003274:	469c      	mov	ip, r3
10003276:	ab0e      	add	r3, sp, #56	@ 0x38
10003278:	781f      	ldrb	r7, [r3, #0]
1000327a:	9b12      	ldr	r3, [sp, #72]	@ 0x48
1000327c:	4691      	mov	r9, r2
1000327e:	46ba      	mov	sl, r7
10003280:	9c0d      	ldr	r4, [sp, #52]	@ 0x34
10003282:	9e10      	ldr	r6, [sp, #64]	@ 0x40
10003284:	9d11      	ldr	r5, [sp, #68]	@ 0x44
10003286:	079b      	lsls	r3, r3, #30
10003288:	d44c      	bmi.n	10003324 <_ntoa_format+0xbc>
1000328a:	2d00      	cmp	r5, #0
1000328c:	d141      	bne.n	10003312 <_ntoa_format+0xaa>
1000328e:	42b4      	cmp	r4, r6
10003290:	d248      	bcs.n	10003324 <_ntoa_format+0xbc>
10003292:	2301      	movs	r3, #1
10003294:	9f12      	ldr	r7, [sp, #72]	@ 0x48
10003296:	401f      	ands	r7, r3
10003298:	46b8      	mov	r8, r7
1000329a:	9b0c      	ldr	r3, [sp, #48]	@ 0x30
1000329c:	1e5f      	subs	r7, r3, #1
1000329e:	2330      	movs	r3, #48	@ 0x30
100032a0:	e003      	b.n	100032aa <_ntoa_format+0x42>
100032a2:	3401      	adds	r4, #1
100032a4:	553b      	strb	r3, [r7, r4]
100032a6:	42a6      	cmp	r6, r4
100032a8:	d901      	bls.n	100032ae <_ntoa_format+0x46>
100032aa:	2c20      	cmp	r4, #32
100032ac:	d1f9      	bne.n	100032a2 <_ntoa_format+0x3a>
100032ae:	4643      	mov	r3, r8
100032b0:	2b00      	cmp	r3, #0
100032b2:	d100      	bne.n	100032b6 <_ntoa_format+0x4e>
100032b4:	e087      	b.n	100033c6 <_ntoa_format+0x15e>
100032b6:	9b0c      	ldr	r3, [sp, #48]	@ 0x30
100032b8:	1e5f      	subs	r7, r3, #1
100032ba:	2330      	movs	r3, #48	@ 0x30
100032bc:	42a5      	cmp	r5, r4
100032be:	d804      	bhi.n	100032ca <_ntoa_format+0x62>
100032c0:	e030      	b.n	10003324 <_ntoa_format+0xbc>
100032c2:	3401      	adds	r4, #1
100032c4:	553b      	strb	r3, [r7, r4]
100032c6:	42ac      	cmp	r4, r5
100032c8:	d02c      	beq.n	10003324 <_ntoa_format+0xbc>
100032ca:	2c20      	cmp	r4, #32
100032cc:	d1f9      	bne.n	100032c2 <_ntoa_format+0x5a>
100032ce:	9b12      	ldr	r3, [sp, #72]	@ 0x48
100032d0:	06db      	lsls	r3, r3, #27
100032d2:	d50d      	bpl.n	100032f0 <_ntoa_format+0x88>
100032d4:	9b12      	ldr	r3, [sp, #72]	@ 0x48
100032d6:	055b      	lsls	r3, r3, #21
100032d8:	d457      	bmi.n	1000338a <_ntoa_format+0x122>
100032da:	42a6      	cmp	r6, r4
100032dc:	d067      	beq.n	100033ae <_ntoa_format+0x146>
100032de:	42a5      	cmp	r5, r4
100032e0:	d065      	beq.n	100033ae <_ntoa_format+0x146>
100032e2:	9b0f      	ldr	r3, [sp, #60]	@ 0x3c
100032e4:	2b10      	cmp	r3, #16
100032e6:	d053      	beq.n	10003390 <_ntoa_format+0x128>
100032e8:	2b02      	cmp	r3, #2
100032ea:	d05b      	beq.n	100033a4 <_ntoa_format+0x13c>
100032ec:	2c20      	cmp	r4, #32
100032ee:	d136      	bne.n	1000335e <_ntoa_format+0xf6>
100032f0:	2320      	movs	r3, #32
100032f2:	9c12      	ldr	r4, [sp, #72]	@ 0x48
100032f4:	9301      	str	r3, [sp, #4]
100032f6:	9b0c      	ldr	r3, [sp, #48]	@ 0x30
100032f8:	464a      	mov	r2, r9
100032fa:	9300      	str	r3, [sp, #0]
100032fc:	9403      	str	r4, [sp, #12]
100032fe:	4663      	mov	r3, ip
10003300:	9502      	str	r5, [sp, #8]
10003302:	f7ff ff5d 	bl	100031c0 <_out_rev>
10003306:	b004      	add	sp, #16
10003308:	bce0      	pop	{r5, r6, r7}
1000330a:	46ba      	mov	sl, r7
1000330c:	46b1      	mov	r9, r6
1000330e:	46a8      	mov	r8, r5
10003310:	bdf0      	pop	{r4, r5, r6, r7, pc}
10003312:	2301      	movs	r3, #1
10003314:	9a12      	ldr	r2, [sp, #72]	@ 0x48
10003316:	4013      	ands	r3, r2
10003318:	4698      	mov	r8, r3
1000331a:	2301      	movs	r3, #1
1000331c:	4213      	tst	r3, r2
1000331e:	d12d      	bne.n	1000337c <_ntoa_format+0x114>
10003320:	42b4      	cmp	r4, r6
10003322:	d3ba      	bcc.n	1000329a <_ntoa_format+0x32>
10003324:	9b12      	ldr	r3, [sp, #72]	@ 0x48
10003326:	06db      	lsls	r3, r3, #27
10003328:	d51e      	bpl.n	10003368 <_ntoa_format+0x100>
1000332a:	9b12      	ldr	r3, [sp, #72]	@ 0x48
1000332c:	055b      	lsls	r3, r3, #21
1000332e:	d4d8      	bmi.n	100032e2 <_ntoa_format+0x7a>
10003330:	2c00      	cmp	r4, #0
10003332:	d1d2      	bne.n	100032da <_ntoa_format+0x72>
10003334:	9b0f      	ldr	r3, [sp, #60]	@ 0x3c
10003336:	2b10      	cmp	r3, #16
10003338:	d060      	beq.n	100033fc <_ntoa_format+0x194>
1000333a:	9b0f      	ldr	r3, [sp, #60]	@ 0x3c
1000333c:	2b02      	cmp	r3, #2
1000333e:	d071      	beq.n	10003424 <_ntoa_format+0x1bc>
10003340:	2330      	movs	r3, #48	@ 0x30
10003342:	2401      	movs	r4, #1
10003344:	9a0c      	ldr	r2, [sp, #48]	@ 0x30
10003346:	7013      	strb	r3, [r2, #0]
10003348:	4653      	mov	r3, sl
1000334a:	2b00      	cmp	r3, #0
1000334c:	d111      	bne.n	10003372 <_ntoa_format+0x10a>
1000334e:	9b12      	ldr	r3, [sp, #72]	@ 0x48
10003350:	075b      	lsls	r3, r3, #29
10003352:	d540      	bpl.n	100033d6 <_ntoa_format+0x16e>
10003354:	262b      	movs	r6, #43	@ 0x2b
10003356:	9a0c      	ldr	r2, [sp, #48]	@ 0x30
10003358:	1c63      	adds	r3, r4, #1
1000335a:	5516      	strb	r6, [r2, r4]
1000335c:	e7c9      	b.n	100032f2 <_ntoa_format+0x8a>
1000335e:	0023      	movs	r3, r4
10003360:	3401      	adds	r4, #1
10003362:	2630      	movs	r6, #48	@ 0x30
10003364:	9a0c      	ldr	r2, [sp, #48]	@ 0x30
10003366:	54d6      	strb	r6, [r2, r3]
10003368:	2c20      	cmp	r4, #32
1000336a:	d0c1      	beq.n	100032f0 <_ntoa_format+0x88>
1000336c:	4653      	mov	r3, sl
1000336e:	2b00      	cmp	r3, #0
10003370:	d0ed      	beq.n	1000334e <_ntoa_format+0xe6>
10003372:	262d      	movs	r6, #45	@ 0x2d
10003374:	9a0c      	ldr	r2, [sp, #48]	@ 0x30
10003376:	1c63      	adds	r3, r4, #1
10003378:	5516      	strb	r6, [r2, r4]
1000337a:	e7ba      	b.n	100032f2 <_ntoa_format+0x8a>
1000337c:	2f00      	cmp	r7, #0
1000337e:	d034      	beq.n	100033ea <_ntoa_format+0x182>
10003380:	3d01      	subs	r5, #1
10003382:	42b4      	cmp	r4, r6
10003384:	d200      	bcs.n	10003388 <_ntoa_format+0x120>
10003386:	e788      	b.n	1000329a <_ntoa_format+0x32>
10003388:	e795      	b.n	100032b6 <_ntoa_format+0x4e>
1000338a:	9b0f      	ldr	r3, [sp, #60]	@ 0x3c
1000338c:	2b10      	cmp	r3, #16
1000338e:	d1af      	bne.n	100032f0 <_ntoa_format+0x88>
10003390:	9b12      	ldr	r3, [sp, #72]	@ 0x48
10003392:	069b      	lsls	r3, r3, #26
10003394:	d53c      	bpl.n	10003410 <_ntoa_format+0x1a8>
10003396:	2c20      	cmp	r4, #32
10003398:	d0aa      	beq.n	100032f0 <_ntoa_format+0x88>
1000339a:	2358      	movs	r3, #88	@ 0x58
1000339c:	9a0c      	ldr	r2, [sp, #48]	@ 0x30
1000339e:	5513      	strb	r3, [r2, r4]
100033a0:	3401      	adds	r4, #1
100033a2:	e7a3      	b.n	100032ec <_ntoa_format+0x84>
100033a4:	2c20      	cmp	r4, #32
100033a6:	d0a3      	beq.n	100032f0 <_ntoa_format+0x88>
100033a8:	0023      	movs	r3, r4
100033aa:	3401      	adds	r4, #1
100033ac:	e007      	b.n	100033be <_ntoa_format+0x156>
100033ae:	1e63      	subs	r3, r4, #1
100033b0:	2c01      	cmp	r4, #1
100033b2:	d0bf      	beq.n	10003334 <_ntoa_format+0xcc>
100033b4:	9a0f      	ldr	r2, [sp, #60]	@ 0x3c
100033b6:	2a10      	cmp	r2, #16
100033b8:	d036      	beq.n	10003428 <_ntoa_format+0x1c0>
100033ba:	2a02      	cmp	r2, #2
100033bc:	d1d1      	bne.n	10003362 <_ntoa_format+0xfa>
100033be:	2662      	movs	r6, #98	@ 0x62
100033c0:	9a0c      	ldr	r2, [sp, #48]	@ 0x30
100033c2:	54d6      	strb	r6, [r2, r3]
100033c4:	e792      	b.n	100032ec <_ntoa_format+0x84>
100033c6:	9b12      	ldr	r3, [sp, #72]	@ 0x48
100033c8:	06db      	lsls	r3, r3, #27
100033ca:	d5cd      	bpl.n	10003368 <_ntoa_format+0x100>
100033cc:	9b12      	ldr	r3, [sp, #72]	@ 0x48
100033ce:	055b      	lsls	r3, r3, #21
100033d0:	d400      	bmi.n	100033d4 <_ntoa_format+0x16c>
100033d2:	e782      	b.n	100032da <_ntoa_format+0x72>
100033d4:	e785      	b.n	100032e2 <_ntoa_format+0x7a>
100033d6:	9a12      	ldr	r2, [sp, #72]	@ 0x48
100033d8:	0023      	movs	r3, r4
100033da:	0716      	lsls	r6, r2, #28
100033dc:	d400      	bmi.n	100033e0 <_ntoa_format+0x178>
100033de:	e788      	b.n	100032f2 <_ntoa_format+0x8a>
100033e0:	2620      	movs	r6, #32
100033e2:	9a0c      	ldr	r2, [sp, #48]	@ 0x30
100033e4:	3301      	adds	r3, #1
100033e6:	5516      	strb	r6, [r2, r4]
100033e8:	e783      	b.n	100032f2 <_ntoa_format+0x8a>
100033ea:	230c      	movs	r3, #12
100033ec:	4013      	ands	r3, r2
100033ee:	1e5f      	subs	r7, r3, #1
100033f0:	41bb      	sbcs	r3, r7
100033f2:	1aed      	subs	r5, r5, r3
100033f4:	42b4      	cmp	r4, r6
100033f6:	d200      	bcs.n	100033fa <_ntoa_format+0x192>
100033f8:	e74f      	b.n	1000329a <_ntoa_format+0x32>
100033fa:	e75c      	b.n	100032b6 <_ntoa_format+0x4e>
100033fc:	9b12      	ldr	r3, [sp, #72]	@ 0x48
100033fe:	069b      	lsls	r3, r3, #26
10003400:	d40e      	bmi.n	10003420 <_ntoa_format+0x1b8>
10003402:	2378      	movs	r3, #120	@ 0x78
10003404:	9a0c      	ldr	r2, [sp, #48]	@ 0x30
10003406:	2402      	movs	r4, #2
10003408:	7013      	strb	r3, [r2, #0]
1000340a:	2330      	movs	r3, #48	@ 0x30
1000340c:	7053      	strb	r3, [r2, #1]
1000340e:	e79b      	b.n	10003348 <_ntoa_format+0xe0>
10003410:	2c20      	cmp	r4, #32
10003412:	d100      	bne.n	10003416 <_ntoa_format+0x1ae>
10003414:	e76c      	b.n	100032f0 <_ntoa_format+0x88>
10003416:	2378      	movs	r3, #120	@ 0x78
10003418:	9a0c      	ldr	r2, [sp, #48]	@ 0x30
1000341a:	5513      	strb	r3, [r2, r4]
1000341c:	3401      	adds	r4, #1
1000341e:	e765      	b.n	100032ec <_ntoa_format+0x84>
10003420:	2358      	movs	r3, #88	@ 0x58
10003422:	e7ef      	b.n	10003404 <_ntoa_format+0x19c>
10003424:	3360      	adds	r3, #96	@ 0x60
10003426:	e7ed      	b.n	10003404 <_ntoa_format+0x19c>
10003428:	9a0c      	ldr	r2, [sp, #48]	@ 0x30
1000342a:	1ea6      	subs	r6, r4, #2
1000342c:	18b6      	adds	r6, r6, r2
1000342e:	9a12      	ldr	r2, [sp, #72]	@ 0x48
10003430:	0692      	lsls	r2, r2, #26
10003432:	d502      	bpl.n	1000343a <_ntoa_format+0x1d2>
10003434:	2258      	movs	r2, #88	@ 0x58
10003436:	7032      	strb	r2, [r6, #0]
10003438:	e793      	b.n	10003362 <_ntoa_format+0xfa>
1000343a:	2278      	movs	r2, #120	@ 0x78
1000343c:	7032      	strb	r2, [r6, #0]
1000343e:	e790      	b.n	10003362 <_ntoa_format+0xfa>

10003440 <_out_char>:
10003440:	b510      	push	{r4, lr}
10003442:	2800      	cmp	r0, #0
10003444:	d100      	bne.n	10003448 <_out_char+0x8>
10003446:	bd10      	pop	{r4, pc}
10003448:	f001 fc24 	bl	10004c94 <__wrap_putchar>
1000344c:	e7fb      	b.n	10003446 <_out_char+0x6>
1000344e:	46c0      	nop			@ (mov r8, r8)

10003450 <_out_fct>:
10003450:	b510      	push	{r4, lr}
10003452:	2800      	cmp	r0, #0
10003454:	d003      	beq.n	1000345e <_out_fct+0xe>
10003456:	684a      	ldr	r2, [r1, #4]
10003458:	680b      	ldr	r3, [r1, #0]
1000345a:	0011      	movs	r1, r2
1000345c:	4798      	blx	r3
1000345e:	bd10      	pop	{r4, pc}

10003460 <_ftoa>:
10003460:	b5f0      	push	{r4, r5, r6, r7, lr}
10003462:	464e      	mov	r6, r9
10003464:	46de      	mov	lr, fp
10003466:	4657      	mov	r7, sl
10003468:	4645      	mov	r5, r8
1000346a:	b5e0      	push	{r5, r6, r7, lr}
1000346c:	b095      	sub	sp, #84	@ 0x54
1000346e:	4683      	mov	fp, r0
10003470:	4689      	mov	r9, r1
10003472:	4692      	mov	sl, r2
10003474:	4698      	mov	r8, r3
10003476:	9a1e      	ldr	r2, [sp, #120]	@ 0x78
10003478:	9b1f      	ldr	r3, [sp, #124]	@ 0x7c
1000347a:	0010      	movs	r0, r2
1000347c:	0019      	movs	r1, r3
1000347e:	9e20      	ldr	r6, [sp, #128]	@ 0x80
10003480:	f7ff fac5 	bl	10002a0e <__wrap___aeabi_dcmpun>
10003484:	2800      	cmp	r0, #0
10003486:	d000      	beq.n	1000348a <_ftoa+0x2a>
10003488:	e1d2      	b.n	10003830 <_ftoa+0x3d0>
1000348a:	981e      	ldr	r0, [sp, #120]	@ 0x78
1000348c:	991f      	ldr	r1, [sp, #124]	@ 0x7c
1000348e:	2201      	movs	r2, #1
10003490:	4bc4      	ldr	r3, [pc, #784]	@ (100037a4 <_ftoa+0x344>)
10003492:	4252      	negs	r2, r2
10003494:	f7ff faa0 	bl	100029d8 <__wrap___aeabi_dcmplt>
10003498:	2800      	cmp	r0, #0
1000349a:	d000      	beq.n	1000349e <_ftoa+0x3e>
1000349c:	e101      	b.n	100036a2 <_ftoa+0x242>
1000349e:	981e      	ldr	r0, [sp, #120]	@ 0x78
100034a0:	991f      	ldr	r1, [sp, #124]	@ 0x7c
100034a2:	2201      	movs	r2, #1
100034a4:	4bc0      	ldr	r3, [pc, #768]	@ (100037a8 <_ftoa+0x348>)
100034a6:	4252      	negs	r2, r2
100034a8:	f7ff faac 	bl	10002a04 <__wrap___aeabi_dcmpgt>
100034ac:	2800      	cmp	r0, #0
100034ae:	d000      	beq.n	100034b2 <_ftoa+0x52>
100034b0:	e0d6      	b.n	10003660 <_ftoa+0x200>
100034b2:	981e      	ldr	r0, [sp, #120]	@ 0x78
100034b4:	991f      	ldr	r1, [sp, #124]	@ 0x7c
100034b6:	2200      	movs	r2, #0
100034b8:	4bbc      	ldr	r3, [pc, #752]	@ (100037ac <_ftoa+0x34c>)
100034ba:	f7ff faa3 	bl	10002a04 <__wrap___aeabi_dcmpgt>
100034be:	2800      	cmp	r0, #0
100034c0:	d000      	beq.n	100034c4 <_ftoa+0x64>
100034c2:	e0b5      	b.n	10003630 <_ftoa+0x1d0>
100034c4:	981e      	ldr	r0, [sp, #120]	@ 0x78
100034c6:	991f      	ldr	r1, [sp, #124]	@ 0x7c
100034c8:	2200      	movs	r2, #0
100034ca:	4bb9      	ldr	r3, [pc, #740]	@ (100037b0 <_ftoa+0x350>)
100034cc:	f7ff fa84 	bl	100029d8 <__wrap___aeabi_dcmplt>
100034d0:	2800      	cmp	r0, #0
100034d2:	d000      	beq.n	100034d6 <_ftoa+0x76>
100034d4:	e0ac      	b.n	10003630 <_ftoa+0x1d0>
100034d6:	981e      	ldr	r0, [sp, #120]	@ 0x78
100034d8:	991f      	ldr	r1, [sp, #124]	@ 0x7c
100034da:	2200      	movs	r2, #0
100034dc:	2300      	movs	r3, #0
100034de:	f7ff fa7b 	bl	100029d8 <__wrap___aeabi_dcmplt>
100034e2:	2800      	cmp	r0, #0
100034e4:	d000      	beq.n	100034e8 <_ftoa+0x88>
100034e6:	e0d1      	b.n	1000368c <_ftoa+0x22c>
100034e8:	2300      	movs	r3, #0
100034ea:	930b      	str	r3, [sp, #44]	@ 0x2c
100034ec:	9b22      	ldr	r3, [sp, #136]	@ 0x88
100034ee:	055b      	lsls	r3, r3, #21
100034f0:	d400      	bmi.n	100034f4 <_ftoa+0x94>
100034f2:	2606      	movs	r6, #6
100034f4:	2400      	movs	r4, #0
100034f6:	2330      	movs	r3, #48	@ 0x30
100034f8:	e006      	b.n	10003508 <_ftoa+0xa8>
100034fa:	aa06      	add	r2, sp, #24
100034fc:	3401      	adds	r4, #1
100034fe:	3217      	adds	r2, #23
10003500:	5513      	strb	r3, [r2, r4]
10003502:	3e01      	subs	r6, #1
10003504:	2c20      	cmp	r4, #32
10003506:	d001      	beq.n	1000350c <_ftoa+0xac>
10003508:	2e09      	cmp	r6, #9
1000350a:	d8f6      	bhi.n	100034fa <_ftoa+0x9a>
1000350c:	981e      	ldr	r0, [sp, #120]	@ 0x78
1000350e:	991f      	ldr	r1, [sp, #124]	@ 0x7c
10003510:	f7ff faa6 	bl	10002a60 <__wrap___aeabi_d2iz>
10003514:	4ba7      	ldr	r3, [pc, #668]	@ (100037b4 <_ftoa+0x354>)
10003516:	00f2      	lsls	r2, r6, #3
10003518:	189b      	adds	r3, r3, r2
1000351a:	cb0c      	ldmia	r3, {r2, r3}
1000351c:	0005      	movs	r5, r0
1000351e:	9208      	str	r2, [sp, #32]
10003520:	9309      	str	r3, [sp, #36]	@ 0x24
10003522:	f7ff fa85 	bl	10002a30 <__wrap___aeabi_i2d>
10003526:	0002      	movs	r2, r0
10003528:	000b      	movs	r3, r1
1000352a:	981e      	ldr	r0, [sp, #120]	@ 0x78
1000352c:	991f      	ldr	r1, [sp, #124]	@ 0x7c
1000352e:	f7ff f9e0 	bl	100028f2 <__wrap___aeabi_dsub>
10003532:	9a08      	ldr	r2, [sp, #32]
10003534:	9b09      	ldr	r3, [sp, #36]	@ 0x24
10003536:	f7ff fa0c 	bl	10002952 <__wrap___aeabi_dmul>
1000353a:	9006      	str	r0, [sp, #24]
1000353c:	9107      	str	r1, [sp, #28]
1000353e:	f7ff fab3 	bl	10002aa8 <__wrap___aeabi_d2uiz>
10003542:	0007      	movs	r7, r0
10003544:	f7ff fa70 	bl	10002a28 <__wrap___aeabi_ui2d>
10003548:	0002      	movs	r2, r0
1000354a:	000b      	movs	r3, r1
1000354c:	9806      	ldr	r0, [sp, #24]
1000354e:	9907      	ldr	r1, [sp, #28]
10003550:	f7ff f9cf 	bl	100028f2 <__wrap___aeabi_dsub>
10003554:	2200      	movs	r2, #0
10003556:	4b98      	ldr	r3, [pc, #608]	@ (100037b8 <_ftoa+0x358>)
10003558:	9006      	str	r0, [sp, #24]
1000355a:	9107      	str	r1, [sp, #28]
1000355c:	f7ff fa52 	bl	10002a04 <__wrap___aeabi_dcmpgt>
10003560:	2800      	cmp	r0, #0
10003562:	d100      	bne.n	10003566 <_ftoa+0x106>
10003564:	e0e9      	b.n	1000373a <_ftoa+0x2da>
10003566:	3701      	adds	r7, #1
10003568:	0038      	movs	r0, r7
1000356a:	f7ff fa5d 	bl	10002a28 <__wrap___aeabi_ui2d>
1000356e:	0002      	movs	r2, r0
10003570:	000b      	movs	r3, r1
10003572:	9808      	ldr	r0, [sp, #32]
10003574:	9909      	ldr	r1, [sp, #36]	@ 0x24
10003576:	f7ff fa35 	bl	100029e4 <__wrap___aeabi_dcmple>
1000357a:	2800      	cmp	r0, #0
1000357c:	d001      	beq.n	10003582 <_ftoa+0x122>
1000357e:	2700      	movs	r7, #0
10003580:	3501      	adds	r5, #1
10003582:	2e00      	cmp	r6, #0
10003584:	d100      	bne.n	10003588 <_ftoa+0x128>
10003586:	e0b7      	b.n	100036f8 <_ftoa+0x298>
10003588:	9506      	str	r5, [sp, #24]
1000358a:	e013      	b.n	100035b4 <_ftoa+0x154>
1000358c:	2317      	movs	r3, #23
1000358e:	aa06      	add	r2, sp, #24
10003590:	189b      	adds	r3, r3, r2
10003592:	210a      	movs	r1, #10
10003594:	0038      	movs	r0, r7
10003596:	3401      	adds	r4, #1
10003598:	191d      	adds	r5, r3, r4
1000359a:	f7fe ff6f 	bl	1000247c <__wrap___aeabi_uidiv>
1000359e:	3130      	adds	r1, #48	@ 0x30
100035a0:	7029      	strb	r1, [r5, #0]
100035a2:	0038      	movs	r0, r7
100035a4:	210a      	movs	r1, #10
100035a6:	3e01      	subs	r6, #1
100035a8:	f7fe ff68 	bl	1000247c <__wrap___aeabi_uidiv>
100035ac:	2f09      	cmp	r7, #9
100035ae:	d800      	bhi.n	100035b2 <_ftoa+0x152>
100035b0:	e0e1      	b.n	10003776 <_ftoa+0x316>
100035b2:	0007      	movs	r7, r0
100035b4:	2c20      	cmp	r4, #32
100035b6:	d1e9      	bne.n	1000358c <_ftoa+0x12c>
100035b8:	9d06      	ldr	r5, [sp, #24]
100035ba:	2420      	movs	r4, #32
100035bc:	ab0c      	add	r3, sp, #48	@ 0x30
100035be:	9306      	str	r3, [sp, #24]
100035c0:	2717      	movs	r7, #23
100035c2:	ab06      	add	r3, sp, #24
100035c4:	18ff      	adds	r7, r7, r3
100035c6:	e00d      	b.n	100035e4 <_ftoa+0x184>
100035c8:	0028      	movs	r0, r5
100035ca:	210a      	movs	r1, #10
100035cc:	f7fe ff2e 	bl	1000242c <__wrap___aeabi_idiv>
100035d0:	3401      	adds	r4, #1
100035d2:	3130      	adds	r1, #48	@ 0x30
100035d4:	0028      	movs	r0, r5
100035d6:	5539      	strb	r1, [r7, r4]
100035d8:	210a      	movs	r1, #10
100035da:	f7fe ff27 	bl	1000242c <__wrap___aeabi_idiv>
100035de:	1e05      	subs	r5, r0, #0
100035e0:	d100      	bne.n	100035e4 <_ftoa+0x184>
100035e2:	e0b7      	b.n	10003754 <_ftoa+0x2f4>
100035e4:	2c20      	cmp	r4, #32
100035e6:	d1ef      	bne.n	100035c8 <_ftoa+0x168>
100035e8:	2303      	movs	r3, #3
100035ea:	9a22      	ldr	r2, [sp, #136]	@ 0x88
100035ec:	4013      	ands	r3, r2
100035ee:	2b01      	cmp	r3, #1
100035f0:	d117      	bne.n	10003622 <_ftoa+0x1c2>
100035f2:	9b21      	ldr	r3, [sp, #132]	@ 0x84
100035f4:	2b00      	cmp	r3, #0
100035f6:	d014      	beq.n	10003622 <_ftoa+0x1c2>
100035f8:	9b0b      	ldr	r3, [sp, #44]	@ 0x2c
100035fa:	2b00      	cmp	r3, #0
100035fc:	d100      	bne.n	10003600 <_ftoa+0x1a0>
100035fe:	e0e3      	b.n	100037c8 <_ftoa+0x368>
10003600:	9b21      	ldr	r3, [sp, #132]	@ 0x84
10003602:	3b01      	subs	r3, #1
10003604:	9321      	str	r3, [sp, #132]	@ 0x84
10003606:	2b20      	cmp	r3, #32
10003608:	d90b      	bls.n	10003622 <_ftoa+0x1c2>
1000360a:	2330      	movs	r3, #48	@ 0x30
1000360c:	9a21      	ldr	r2, [sp, #132]	@ 0x84
1000360e:	e006      	b.n	1000361e <_ftoa+0x1be>
10003610:	a906      	add	r1, sp, #24
10003612:	3401      	adds	r4, #1
10003614:	3117      	adds	r1, #23
10003616:	550b      	strb	r3, [r1, r4]
10003618:	4294      	cmp	r4, r2
1000361a:	d300      	bcc.n	1000361e <_ftoa+0x1be>
1000361c:	e0a0      	b.n	10003760 <_ftoa+0x300>
1000361e:	2c20      	cmp	r4, #32
10003620:	d1f6      	bne.n	10003610 <_ftoa+0x1b0>
10003622:	9b22      	ldr	r3, [sp, #136]	@ 0x88
10003624:	9401      	str	r4, [sp, #4]
10003626:	9303      	str	r3, [sp, #12]
10003628:	9b21      	ldr	r3, [sp, #132]	@ 0x84
1000362a:	9302      	str	r3, [sp, #8]
1000362c:	9b06      	ldr	r3, [sp, #24]
1000362e:	e021      	b.n	10003674 <_ftoa+0x214>
10003630:	9b22      	ldr	r3, [sp, #136]	@ 0x88
10003632:	4652      	mov	r2, sl
10003634:	9304      	str	r3, [sp, #16]
10003636:	9b21      	ldr	r3, [sp, #132]	@ 0x84
10003638:	4649      	mov	r1, r9
1000363a:	9303      	str	r3, [sp, #12]
1000363c:	4658      	mov	r0, fp
1000363e:	9b1e      	ldr	r3, [sp, #120]	@ 0x78
10003640:	9c1f      	ldr	r4, [sp, #124]	@ 0x7c
10003642:	9602      	str	r6, [sp, #8]
10003644:	9300      	str	r3, [sp, #0]
10003646:	9401      	str	r4, [sp, #4]
10003648:	4643      	mov	r3, r8
1000364a:	f000 f943 	bl	100038d4 <_etoa>
1000364e:	0004      	movs	r4, r0
10003650:	0020      	movs	r0, r4
10003652:	b015      	add	sp, #84	@ 0x54
10003654:	bcf0      	pop	{r4, r5, r6, r7}
10003656:	46bb      	mov	fp, r7
10003658:	46b2      	mov	sl, r6
1000365a:	46a9      	mov	r9, r5
1000365c:	46a0      	mov	r8, r4
1000365e:	bdf0      	pop	{r4, r5, r6, r7, pc}
10003660:	9b22      	ldr	r3, [sp, #136]	@ 0x88
10003662:	075b      	lsls	r3, r3, #29
10003664:	d40f      	bmi.n	10003686 <_ftoa+0x226>
10003666:	2203      	movs	r2, #3
10003668:	4b54      	ldr	r3, [pc, #336]	@ (100037bc <_ftoa+0x35c>)
1000366a:	9922      	ldr	r1, [sp, #136]	@ 0x88
1000366c:	9201      	str	r2, [sp, #4]
1000366e:	9103      	str	r1, [sp, #12]
10003670:	9921      	ldr	r1, [sp, #132]	@ 0x84
10003672:	9102      	str	r1, [sp, #8]
10003674:	9300      	str	r3, [sp, #0]
10003676:	4652      	mov	r2, sl
10003678:	4643      	mov	r3, r8
1000367a:	4649      	mov	r1, r9
1000367c:	4658      	mov	r0, fp
1000367e:	f7ff fd9f 	bl	100031c0 <_out_rev>
10003682:	0004      	movs	r4, r0
10003684:	e7e4      	b.n	10003650 <_ftoa+0x1f0>
10003686:	2204      	movs	r2, #4
10003688:	4b4d      	ldr	r3, [pc, #308]	@ (100037c0 <_ftoa+0x360>)
1000368a:	e7ee      	b.n	1000366a <_ftoa+0x20a>
1000368c:	9a1e      	ldr	r2, [sp, #120]	@ 0x78
1000368e:	9b1f      	ldr	r3, [sp, #124]	@ 0x7c
10003690:	2000      	movs	r0, #0
10003692:	2100      	movs	r1, #0
10003694:	f7ff f92d 	bl	100028f2 <__wrap___aeabi_dsub>
10003698:	2301      	movs	r3, #1
1000369a:	901e      	str	r0, [sp, #120]	@ 0x78
1000369c:	911f      	str	r1, [sp, #124]	@ 0x7c
1000369e:	930b      	str	r3, [sp, #44]	@ 0x2c
100036a0:	e724      	b.n	100034ec <_ftoa+0x8c>
100036a2:	2302      	movs	r3, #2
100036a4:	9a22      	ldr	r2, [sp, #136]	@ 0x88
100036a6:	4654      	mov	r4, sl
100036a8:	401a      	ands	r2, r3
100036aa:	9b22      	ldr	r3, [sp, #136]	@ 0x88
100036ac:	9206      	str	r2, [sp, #24]
100036ae:	079b      	lsls	r3, r3, #30
100036b0:	d100      	bne.n	100036b4 <_ftoa+0x254>
100036b2:	e0ac      	b.n	1000380e <_ftoa+0x3ae>
100036b4:	0026      	movs	r6, r4
100036b6:	4d43      	ldr	r5, [pc, #268]	@ (100037c4 <_ftoa+0x364>)
100036b8:	9408      	str	r4, [sp, #32]
100036ba:	1f2f      	subs	r7, r5, #4
100036bc:	0032      	movs	r2, r6
100036be:	78e8      	ldrb	r0, [r5, #3]
100036c0:	4643      	mov	r3, r8
100036c2:	4649      	mov	r1, r9
100036c4:	3d01      	subs	r5, #1
100036c6:	47d8      	blx	fp
100036c8:	3601      	adds	r6, #1
100036ca:	42bd      	cmp	r5, r7
100036cc:	d1f6      	bne.n	100036bc <_ftoa+0x25c>
100036ce:	9c08      	ldr	r4, [sp, #32]
100036d0:	9b06      	ldr	r3, [sp, #24]
100036d2:	3404      	adds	r4, #4
100036d4:	2b00      	cmp	r3, #0
100036d6:	d0bb      	beq.n	10003650 <_ftoa+0x1f0>
100036d8:	4657      	mov	r7, sl
100036da:	9a21      	ldr	r2, [sp, #132]	@ 0x84
100036dc:	1be3      	subs	r3, r4, r7
100036de:	429a      	cmp	r2, r3
100036e0:	d9b6      	bls.n	10003650 <_ftoa+0x1f0>
100036e2:	0015      	movs	r5, r2
100036e4:	0022      	movs	r2, r4
100036e6:	4643      	mov	r3, r8
100036e8:	4649      	mov	r1, r9
100036ea:	2020      	movs	r0, #32
100036ec:	3401      	adds	r4, #1
100036ee:	47d8      	blx	fp
100036f0:	1be3      	subs	r3, r4, r7
100036f2:	42ab      	cmp	r3, r5
100036f4:	d3f6      	bcc.n	100036e4 <_ftoa+0x284>
100036f6:	e7ab      	b.n	10003650 <_ftoa+0x1f0>
100036f8:	0028      	movs	r0, r5
100036fa:	f7ff f999 	bl	10002a30 <__wrap___aeabi_i2d>
100036fe:	0002      	movs	r2, r0
10003700:	000b      	movs	r3, r1
10003702:	981e      	ldr	r0, [sp, #120]	@ 0x78
10003704:	991f      	ldr	r1, [sp, #124]	@ 0x7c
10003706:	f7ff f8f4 	bl	100028f2 <__wrap___aeabi_dsub>
1000370a:	4b2b      	ldr	r3, [pc, #172]	@ (100037b8 <_ftoa+0x358>)
1000370c:	2200      	movs	r2, #0
1000370e:	0006      	movs	r6, r0
10003710:	000f      	movs	r7, r1
10003712:	f7ff f961 	bl	100029d8 <__wrap___aeabi_dcmplt>
10003716:	ab0c      	add	r3, sp, #48	@ 0x30
10003718:	9306      	str	r3, [sp, #24]
1000371a:	2800      	cmp	r0, #0
1000371c:	d000      	beq.n	10003720 <_ftoa+0x2c0>
1000371e:	e74f      	b.n	100035c0 <_ftoa+0x160>
10003720:	2200      	movs	r2, #0
10003722:	0030      	movs	r0, r6
10003724:	0039      	movs	r1, r7
10003726:	4b24      	ldr	r3, [pc, #144]	@ (100037b8 <_ftoa+0x358>)
10003728:	f7ff f96c 	bl	10002a04 <__wrap___aeabi_dcmpgt>
1000372c:	2800      	cmp	r0, #0
1000372e:	d000      	beq.n	10003732 <_ftoa+0x2d2>
10003730:	e746      	b.n	100035c0 <_ftoa+0x160>
10003732:	2301      	movs	r3, #1
10003734:	3501      	adds	r5, #1
10003736:	439d      	bics	r5, r3
10003738:	e742      	b.n	100035c0 <_ftoa+0x160>
1000373a:	2200      	movs	r2, #0
1000373c:	9806      	ldr	r0, [sp, #24]
1000373e:	9907      	ldr	r1, [sp, #28]
10003740:	4b1d      	ldr	r3, [pc, #116]	@ (100037b8 <_ftoa+0x358>)
10003742:	f7ff f949 	bl	100029d8 <__wrap___aeabi_dcmplt>
10003746:	2800      	cmp	r0, #0
10003748:	d000      	beq.n	1000374c <_ftoa+0x2ec>
1000374a:	e71a      	b.n	10003582 <_ftoa+0x122>
1000374c:	2f00      	cmp	r7, #0
1000374e:	d159      	bne.n	10003804 <_ftoa+0x3a4>
10003750:	3701      	adds	r7, #1
10003752:	e716      	b.n	10003582 <_ftoa+0x122>
10003754:	2303      	movs	r3, #3
10003756:	9a22      	ldr	r2, [sp, #136]	@ 0x88
10003758:	4013      	ands	r3, r2
1000375a:	2b01      	cmp	r3, #1
1000375c:	d100      	bne.n	10003760 <_ftoa+0x300>
1000375e:	e0a6      	b.n	100038ae <_ftoa+0x44e>
10003760:	2c20      	cmp	r4, #32
10003762:	d100      	bne.n	10003766 <_ftoa+0x306>
10003764:	e75d      	b.n	10003622 <_ftoa+0x1c2>
10003766:	9b0b      	ldr	r3, [sp, #44]	@ 0x2c
10003768:	2b00      	cmp	r3, #0
1000376a:	d03a      	beq.n	100037e2 <_ftoa+0x382>
1000376c:	232d      	movs	r3, #45	@ 0x2d
1000376e:	9a06      	ldr	r2, [sp, #24]
10003770:	5513      	strb	r3, [r2, r4]
10003772:	3401      	adds	r4, #1
10003774:	e755      	b.n	10003622 <_ftoa+0x1c2>
10003776:	9d06      	ldr	r5, [sp, #24]
10003778:	2c20      	cmp	r4, #32
1000377a:	d100      	bne.n	1000377e <_ftoa+0x31e>
1000377c:	e71d      	b.n	100035ba <_ftoa+0x15a>
1000377e:	2330      	movs	r3, #48	@ 0x30
10003780:	1936      	adds	r6, r6, r4
10003782:	e006      	b.n	10003792 <_ftoa+0x332>
10003784:	aa06      	add	r2, sp, #24
10003786:	3401      	adds	r4, #1
10003788:	3217      	adds	r2, #23
1000378a:	5513      	strb	r3, [r2, r4]
1000378c:	2c20      	cmp	r4, #32
1000378e:	d100      	bne.n	10003792 <_ftoa+0x332>
10003790:	e713      	b.n	100035ba <_ftoa+0x15a>
10003792:	42a6      	cmp	r6, r4
10003794:	d1f6      	bne.n	10003784 <_ftoa+0x324>
10003796:	232e      	movs	r3, #46	@ 0x2e
10003798:	aa0c      	add	r2, sp, #48	@ 0x30
1000379a:	3401      	adds	r4, #1
1000379c:	9206      	str	r2, [sp, #24]
1000379e:	5593      	strb	r3, [r2, r6]
100037a0:	e70e      	b.n	100035c0 <_ftoa+0x160>
100037a2:	46c0      	nop			@ (mov r8, r8)
100037a4:	ffefffff 	.word	0xffefffff
100037a8:	7fefffff 	.word	0x7fefffff
100037ac:	41cdcd65 	.word	0x41cdcd65
100037b0:	c1cdcd65 	.word	0xc1cdcd65
100037b4:	100081a0 	.word	0x100081a0
100037b8:	3fe00000 	.word	0x3fe00000
100037bc:	10007e6c 	.word	0x10007e6c
100037c0:	10007e64 	.word	0x10007e64
100037c4:	10007e74 	.word	0x10007e74
100037c8:	230c      	movs	r3, #12
100037ca:	9a22      	ldr	r2, [sp, #136]	@ 0x88
100037cc:	4213      	tst	r3, r2
100037ce:	d057      	beq.n	10003880 <_ftoa+0x420>
100037d0:	9b21      	ldr	r3, [sp, #132]	@ 0x84
100037d2:	3b01      	subs	r3, #1
100037d4:	9321      	str	r3, [sp, #132]	@ 0x84
100037d6:	42a3      	cmp	r3, r4
100037d8:	d900      	bls.n	100037dc <_ftoa+0x37c>
100037da:	e716      	b.n	1000360a <_ftoa+0x1aa>
100037dc:	2c20      	cmp	r4, #32
100037de:	d100      	bne.n	100037e2 <_ftoa+0x382>
100037e0:	e71f      	b.n	10003622 <_ftoa+0x1c2>
100037e2:	9b22      	ldr	r3, [sp, #136]	@ 0x88
100037e4:	075b      	lsls	r3, r3, #29
100037e6:	d504      	bpl.n	100037f2 <_ftoa+0x392>
100037e8:	232b      	movs	r3, #43	@ 0x2b
100037ea:	9a06      	ldr	r2, [sp, #24]
100037ec:	5513      	strb	r3, [r2, r4]
100037ee:	3401      	adds	r4, #1
100037f0:	e717      	b.n	10003622 <_ftoa+0x1c2>
100037f2:	9b22      	ldr	r3, [sp, #136]	@ 0x88
100037f4:	071b      	lsls	r3, r3, #28
100037f6:	d400      	bmi.n	100037fa <_ftoa+0x39a>
100037f8:	e713      	b.n	10003622 <_ftoa+0x1c2>
100037fa:	2320      	movs	r3, #32
100037fc:	9a06      	ldr	r2, [sp, #24]
100037fe:	5513      	strb	r3, [r2, r4]
10003800:	3401      	adds	r4, #1
10003802:	e70e      	b.n	10003622 <_ftoa+0x1c2>
10003804:	07fb      	lsls	r3, r7, #31
10003806:	d400      	bmi.n	1000380a <_ftoa+0x3aa>
10003808:	e6bb      	b.n	10003582 <_ftoa+0x122>
1000380a:	3701      	adds	r7, #1
1000380c:	e6b9      	b.n	10003582 <_ftoa+0x122>
1000380e:	9b21      	ldr	r3, [sp, #132]	@ 0x84
10003810:	2b04      	cmp	r3, #4
10003812:	d800      	bhi.n	10003816 <_ftoa+0x3b6>
10003814:	e74e      	b.n	100036b4 <_ftoa+0x254>
10003816:	4655      	mov	r5, sl
10003818:	464f      	mov	r7, r9
1000381a:	3c04      	subs	r4, #4
1000381c:	18e4      	adds	r4, r4, r3
1000381e:	002a      	movs	r2, r5
10003820:	4643      	mov	r3, r8
10003822:	3501      	adds	r5, #1
10003824:	0039      	movs	r1, r7
10003826:	2020      	movs	r0, #32
10003828:	47d8      	blx	fp
1000382a:	42ac      	cmp	r4, r5
1000382c:	d1f7      	bne.n	1000381e <_ftoa+0x3be>
1000382e:	e741      	b.n	100036b4 <_ftoa+0x254>
10003830:	2702      	movs	r7, #2
10003832:	9b22      	ldr	r3, [sp, #136]	@ 0x88
10003834:	4655      	mov	r5, sl
10003836:	401f      	ands	r7, r3
10003838:	079b      	lsls	r3, r3, #30
1000383a:	d026      	beq.n	1000388a <_ftoa+0x42a>
1000383c:	9706      	str	r7, [sp, #24]
1000383e:	465f      	mov	r7, fp
10003840:	4e23      	ldr	r6, [pc, #140]	@ (100038d0 <_ftoa+0x470>)
10003842:	1cec      	adds	r4, r5, #3
10003844:	002a      	movs	r2, r5
10003846:	78b0      	ldrb	r0, [r6, #2]
10003848:	4643      	mov	r3, r8
1000384a:	4649      	mov	r1, r9
1000384c:	3501      	adds	r5, #1
1000384e:	47b8      	blx	r7
10003850:	3e01      	subs	r6, #1
10003852:	42ac      	cmp	r4, r5
10003854:	d1f6      	bne.n	10003844 <_ftoa+0x3e4>
10003856:	9f06      	ldr	r7, [sp, #24]
10003858:	2f00      	cmp	r7, #0
1000385a:	d100      	bne.n	1000385e <_ftoa+0x3fe>
1000385c:	e6f8      	b.n	10003650 <_ftoa+0x1f0>
1000385e:	4657      	mov	r7, sl
10003860:	9a21      	ldr	r2, [sp, #132]	@ 0x84
10003862:	1be3      	subs	r3, r4, r7
10003864:	429a      	cmp	r2, r3
10003866:	d800      	bhi.n	1000386a <_ftoa+0x40a>
10003868:	e6f2      	b.n	10003650 <_ftoa+0x1f0>
1000386a:	0015      	movs	r5, r2
1000386c:	0022      	movs	r2, r4
1000386e:	4643      	mov	r3, r8
10003870:	4649      	mov	r1, r9
10003872:	2020      	movs	r0, #32
10003874:	3401      	adds	r4, #1
10003876:	47d8      	blx	fp
10003878:	1be3      	subs	r3, r4, r7
1000387a:	42ab      	cmp	r3, r5
1000387c:	d3f6      	bcc.n	1000386c <_ftoa+0x40c>
1000387e:	e6e7      	b.n	10003650 <_ftoa+0x1f0>
10003880:	9b21      	ldr	r3, [sp, #132]	@ 0x84
10003882:	42a3      	cmp	r3, r4
10003884:	d900      	bls.n	10003888 <_ftoa+0x428>
10003886:	e6c0      	b.n	1000360a <_ftoa+0x1aa>
10003888:	e6cb      	b.n	10003622 <_ftoa+0x1c2>
1000388a:	9b21      	ldr	r3, [sp, #132]	@ 0x84
1000388c:	2b03      	cmp	r3, #3
1000388e:	d9d5      	bls.n	1000383c <_ftoa+0x3dc>
10003890:	9706      	str	r7, [sp, #24]
10003892:	4654      	mov	r4, sl
10003894:	464f      	mov	r7, r9
10003896:	3d03      	subs	r5, #3
10003898:	18ed      	adds	r5, r5, r3
1000389a:	0022      	movs	r2, r4
1000389c:	4643      	mov	r3, r8
1000389e:	3401      	adds	r4, #1
100038a0:	0039      	movs	r1, r7
100038a2:	2020      	movs	r0, #32
100038a4:	47d8      	blx	fp
100038a6:	42a5      	cmp	r5, r4
100038a8:	d1f7      	bne.n	1000389a <_ftoa+0x43a>
100038aa:	9f06      	ldr	r7, [sp, #24]
100038ac:	e7c6      	b.n	1000383c <_ftoa+0x3dc>
100038ae:	9b21      	ldr	r3, [sp, #132]	@ 0x84
100038b0:	2b00      	cmp	r3, #0
100038b2:	d100      	bne.n	100038b6 <_ftoa+0x456>
100038b4:	e754      	b.n	10003760 <_ftoa+0x300>
100038b6:	9b0b      	ldr	r3, [sp, #44]	@ 0x2c
100038b8:	2b00      	cmp	r3, #0
100038ba:	d085      	beq.n	100037c8 <_ftoa+0x368>
100038bc:	9b21      	ldr	r3, [sp, #132]	@ 0x84
100038be:	3b01      	subs	r3, #1
100038c0:	9321      	str	r3, [sp, #132]	@ 0x84
100038c2:	429c      	cmp	r4, r3
100038c4:	d200      	bcs.n	100038c8 <_ftoa+0x468>
100038c6:	e6a0      	b.n	1000360a <_ftoa+0x1aa>
100038c8:	2c20      	cmp	r4, #32
100038ca:	d000      	beq.n	100038ce <_ftoa+0x46e>
100038cc:	e74e      	b.n	1000376c <_ftoa+0x30c>
100038ce:	e6a8      	b.n	10003622 <_ftoa+0x1c2>
100038d0:	10007e70 	.word	0x10007e70

100038d4 <_etoa>:
100038d4:	b5f0      	push	{r4, r5, r6, r7, lr}
100038d6:	4645      	mov	r5, r8
100038d8:	46de      	mov	lr, fp
100038da:	4657      	mov	r7, sl
100038dc:	464e      	mov	r6, r9
100038de:	b5e0      	push	{r5, r6, r7, lr}
100038e0:	b09b      	sub	sp, #108	@ 0x6c
100038e2:	9c24      	ldr	r4, [sp, #144]	@ 0x90
100038e4:	9d25      	ldr	r5, [sp, #148]	@ 0x94
100038e6:	4682      	mov	sl, r0
100038e8:	4688      	mov	r8, r1
100038ea:	4693      	mov	fp, r2
100038ec:	4699      	mov	r9, r3
100038ee:	0022      	movs	r2, r4
100038f0:	002b      	movs	r3, r5
100038f2:	0020      	movs	r0, r4
100038f4:	0029      	movs	r1, r5
100038f6:	f7ff f88a 	bl	10002a0e <__wrap___aeabi_dcmpun>
100038fa:	2800      	cmp	r0, #0
100038fc:	d000      	beq.n	10003900 <_etoa+0x2c>
100038fe:	e0c1      	b.n	10003a84 <_etoa+0x1b0>
10003900:	2201      	movs	r2, #1
10003902:	0020      	movs	r0, r4
10003904:	0029      	movs	r1, r5
10003906:	4b7c      	ldr	r3, [pc, #496]	@ (10003af8 <_etoa+0x224>)
10003908:	4252      	negs	r2, r2
1000390a:	f7ff f87b 	bl	10002a04 <__wrap___aeabi_dcmpgt>
1000390e:	2800      	cmp	r0, #0
10003910:	d000      	beq.n	10003914 <_etoa+0x40>
10003912:	e0b7      	b.n	10003a84 <_etoa+0x1b0>
10003914:	2201      	movs	r2, #1
10003916:	0020      	movs	r0, r4
10003918:	0029      	movs	r1, r5
1000391a:	4b78      	ldr	r3, [pc, #480]	@ (10003afc <_etoa+0x228>)
1000391c:	4252      	negs	r2, r2
1000391e:	f7ff f85b 	bl	100029d8 <__wrap___aeabi_dcmplt>
10003922:	2800      	cmp	r0, #0
10003924:	d000      	beq.n	10003928 <_etoa+0x54>
10003926:	e0ad      	b.n	10003a84 <_etoa+0x1b0>
10003928:	2200      	movs	r2, #0
1000392a:	2300      	movs	r3, #0
1000392c:	0020      	movs	r0, r4
1000392e:	0029      	movs	r1, r5
10003930:	f7ff f852 	bl	100029d8 <__wrap___aeabi_dcmplt>
10003934:	2800      	cmp	r0, #0
10003936:	d000      	beq.n	1000393a <_etoa+0x66>
10003938:	e1bb      	b.n	10003cb2 <_etoa+0x3de>
1000393a:	9408      	str	r4, [sp, #32]
1000393c:	9509      	str	r5, [sp, #36]	@ 0x24
1000393e:	9808      	ldr	r0, [sp, #32]
10003940:	9909      	ldr	r1, [sp, #36]	@ 0x24
10003942:	2380      	movs	r3, #128	@ 0x80
10003944:	9a28      	ldr	r2, [sp, #160]	@ 0xa0
10003946:	00db      	lsls	r3, r3, #3
10003948:	401a      	ands	r2, r3
1000394a:	920f      	str	r2, [sp, #60]	@ 0x3c
1000394c:	2280      	movs	r2, #128	@ 0x80
1000394e:	9e28      	ldr	r6, [sp, #160]	@ 0xa0
10003950:	0112      	lsls	r2, r2, #4
10003952:	4016      	ands	r6, r2
10003954:	0032      	movs	r2, r6
10003956:	960e      	str	r6, [sp, #56]	@ 0x38
10003958:	9e28      	ldr	r6, [sp, #160]	@ 0xa0
1000395a:	000f      	movs	r7, r1
1000395c:	900a      	str	r0, [sp, #40]	@ 0x28
1000395e:	421e      	tst	r6, r3
10003960:	d000      	beq.n	10003964 <_etoa+0x90>
10003962:	e0a4      	b.n	10003aae <_etoa+0x1da>
10003964:	000b      	movs	r3, r1
10003966:	4303      	orrs	r3, r0
10003968:	d000      	beq.n	1000396c <_etoa+0x98>
1000396a:	e0cb      	b.n	10003b04 <_etoa+0x230>
1000396c:	2a00      	cmp	r2, #0
1000396e:	d000      	beq.n	10003972 <_etoa+0x9e>
10003970:	e212      	b.n	10003d98 <_etoa+0x4c4>
10003972:	0032      	movs	r2, r6
10003974:	3306      	adds	r3, #6
10003976:	9326      	str	r3, [sp, #152]	@ 0x98
10003978:	2302      	movs	r3, #2
1000397a:	4013      	ands	r3, r2
1000397c:	930c      	str	r3, [sp, #48]	@ 0x30
1000397e:	2302      	movs	r3, #2
10003980:	4213      	tst	r3, r2
10003982:	d000      	beq.n	10003986 <_etoa+0xb2>
10003984:	e20a      	b.n	10003d9c <_etoa+0x4c8>
10003986:	9b27      	ldr	r3, [sp, #156]	@ 0x9c
10003988:	2b04      	cmp	r3, #4
1000398a:	d200      	bcs.n	1000398e <_etoa+0xba>
1000398c:	e215      	b.n	10003dba <_etoa+0x4e6>
1000398e:	2700      	movs	r7, #0
10003990:	2604      	movs	r6, #4
10003992:	3b04      	subs	r3, #4
10003994:	930e      	str	r3, [sp, #56]	@ 0x38
10003996:	2200      	movs	r2, #0
10003998:	2300      	movs	r3, #0
1000399a:	0020      	movs	r0, r4
1000399c:	0029      	movs	r1, r5
1000399e:	f7ff f81b 	bl	100029d8 <__wrap___aeabi_dcmplt>
100039a2:	2800      	cmp	r0, #0
100039a4:	d000      	beq.n	100039a8 <_etoa+0xd4>
100039a6:	e1c8      	b.n	10003d3a <_etoa+0x466>
100039a8:	4b55      	ldr	r3, [pc, #340]	@ (10003b00 <_etoa+0x22c>)
100039aa:	9a28      	ldr	r2, [sp, #160]	@ 0xa0
100039ac:	4013      	ands	r3, r2
100039ae:	9304      	str	r3, [sp, #16]
100039b0:	9b0e      	ldr	r3, [sp, #56]	@ 0x38
100039b2:	9303      	str	r3, [sp, #12]
100039b4:	9b26      	ldr	r3, [sp, #152]	@ 0x98
100039b6:	9302      	str	r3, [sp, #8]
100039b8:	9b08      	ldr	r3, [sp, #32]
100039ba:	9c09      	ldr	r4, [sp, #36]	@ 0x24
100039bc:	9300      	str	r3, [sp, #0]
100039be:	9401      	str	r4, [sp, #4]
100039c0:	4641      	mov	r1, r8
100039c2:	464b      	mov	r3, r9
100039c4:	465a      	mov	r2, fp
100039c6:	4650      	mov	r0, sl
100039c8:	f7ff fd4a 	bl	10003460 <_ftoa>
100039cc:	0002      	movs	r2, r0
100039ce:	2020      	movs	r0, #32
100039d0:	9b28      	ldr	r3, [sp, #160]	@ 0xa0
100039d2:	2500      	movs	r5, #0
100039d4:	4003      	ands	r3, r0
100039d6:	4259      	negs	r1, r3
100039d8:	414b      	adcs	r3, r1
100039da:	425b      	negs	r3, r3
100039dc:	4018      	ands	r0, r3
100039de:	1c53      	adds	r3, r2, #1
100039e0:	9308      	str	r3, [sp, #32]
100039e2:	4641      	mov	r1, r8
100039e4:	464b      	mov	r3, r9
100039e6:	3045      	adds	r0, #69	@ 0x45
100039e8:	47d0      	blx	sl
100039ea:	17fb      	asrs	r3, r7, #31
100039ec:	18fc      	adds	r4, r7, r3
100039ee:	405c      	eors	r4, r3
100039f0:	0ffb      	lsrs	r3, r7, #31
100039f2:	271f      	movs	r7, #31
100039f4:	930a      	str	r3, [sp, #40]	@ 0x28
100039f6:	1e73      	subs	r3, r6, #1
100039f8:	930e      	str	r3, [sp, #56]	@ 0x38
100039fa:	ab0a      	add	r3, sp, #40	@ 0x28
100039fc:	18ff      	adds	r7, r7, r3
100039fe:	e006      	b.n	10003a0e <_etoa+0x13a>
10003a00:	0020      	movs	r0, r4
10003a02:	210a      	movs	r1, #10
10003a04:	f7fe fd3a 	bl	1000247c <__wrap___aeabi_uidiv>
10003a08:	0004      	movs	r4, r0
10003a0a:	2d20      	cmp	r5, #32
10003a0c:	d008      	beq.n	10003a20 <_etoa+0x14c>
10003a0e:	210a      	movs	r1, #10
10003a10:	0020      	movs	r0, r4
10003a12:	f7fe fd33 	bl	1000247c <__wrap___aeabi_uidiv>
10003a16:	3501      	adds	r5, #1
10003a18:	3130      	adds	r1, #48	@ 0x30
10003a1a:	5579      	strb	r1, [r7, r5]
10003a1c:	2c09      	cmp	r4, #9
10003a1e:	d8ef      	bhi.n	10003a00 <_etoa+0x12c>
10003a20:	2305      	movs	r3, #5
10003a22:	9306      	str	r3, [sp, #24]
10003a24:	9b0e      	ldr	r3, [sp, #56]	@ 0x38
10003a26:	4656      	mov	r6, sl
10003a28:	9305      	str	r3, [sp, #20]
10003a2a:	2300      	movs	r3, #0
10003a2c:	9304      	str	r3, [sp, #16]
10003a2e:	330a      	adds	r3, #10
10003a30:	9303      	str	r3, [sp, #12]
10003a32:	9b0a      	ldr	r3, [sp, #40]	@ 0x28
10003a34:	4641      	mov	r1, r8
10003a36:	9302      	str	r3, [sp, #8]
10003a38:	ab12      	add	r3, sp, #72	@ 0x48
10003a3a:	9300      	str	r3, [sp, #0]
10003a3c:	0030      	movs	r0, r6
10003a3e:	464b      	mov	r3, r9
10003a40:	9a08      	ldr	r2, [sp, #32]
10003a42:	9501      	str	r5, [sp, #4]
10003a44:	f7ff fc10 	bl	10003268 <_ntoa_format>
10003a48:	9b0c      	ldr	r3, [sp, #48]	@ 0x30
10003a4a:	2b00      	cmp	r3, #0
10003a4c:	d028      	beq.n	10003aa0 <_etoa+0x1cc>
10003a4e:	465f      	mov	r7, fp
10003a50:	9b27      	ldr	r3, [sp, #156]	@ 0x9c
10003a52:	1bc4      	subs	r4, r0, r7
10003a54:	42a3      	cmp	r3, r4
10003a56:	d923      	bls.n	10003aa0 <_etoa+0x1cc>
10003a58:	4682      	mov	sl, r0
10003a5a:	001d      	movs	r5, r3
10003a5c:	193a      	adds	r2, r7, r4
10003a5e:	464b      	mov	r3, r9
10003a60:	4641      	mov	r1, r8
10003a62:	2020      	movs	r0, #32
10003a64:	3401      	adds	r4, #1
10003a66:	47b0      	blx	r6
10003a68:	42a5      	cmp	r5, r4
10003a6a:	d8f7      	bhi.n	10003a5c <_etoa+0x188>
10003a6c:	4650      	mov	r0, sl
10003a6e:	4659      	mov	r1, fp
10003a70:	9c27      	ldr	r4, [sp, #156]	@ 0x9c
10003a72:	1a42      	subs	r2, r0, r1
10003a74:	3201      	adds	r2, #1
10003a76:	2300      	movs	r3, #0
10003a78:	4294      	cmp	r4, r2
10003a7a:	d300      	bcc.n	10003a7e <_etoa+0x1aa>
10003a7c:	e195      	b.n	10003daa <_etoa+0x4d6>
10003a7e:	3001      	adds	r0, #1
10003a80:	1818      	adds	r0, r3, r0
10003a82:	e00d      	b.n	10003aa0 <_etoa+0x1cc>
10003a84:	9b28      	ldr	r3, [sp, #160]	@ 0xa0
10003a86:	9400      	str	r4, [sp, #0]
10003a88:	9501      	str	r5, [sp, #4]
10003a8a:	9304      	str	r3, [sp, #16]
10003a8c:	9b27      	ldr	r3, [sp, #156]	@ 0x9c
10003a8e:	9303      	str	r3, [sp, #12]
10003a90:	9b26      	ldr	r3, [sp, #152]	@ 0x98
10003a92:	9302      	str	r3, [sp, #8]
10003a94:	464b      	mov	r3, r9
10003a96:	465a      	mov	r2, fp
10003a98:	4641      	mov	r1, r8
10003a9a:	4650      	mov	r0, sl
10003a9c:	f7ff fce0 	bl	10003460 <_ftoa>
10003aa0:	b01b      	add	sp, #108	@ 0x6c
10003aa2:	bcf0      	pop	{r4, r5, r6, r7}
10003aa4:	46bb      	mov	fp, r7
10003aa6:	46b2      	mov	sl, r6
10003aa8:	46a9      	mov	r9, r5
10003aaa:	46a0      	mov	r8, r4
10003aac:	bdf0      	pop	{r4, r5, r6, r7, pc}
10003aae:	4301      	orrs	r1, r0
10003ab0:	d12a      	bne.n	10003b08 <_etoa+0x234>
10003ab2:	9b0e      	ldr	r3, [sp, #56]	@ 0x38
10003ab4:	0032      	movs	r2, r6
10003ab6:	2b00      	cmp	r3, #0
10003ab8:	d100      	bne.n	10003abc <_etoa+0x1e8>
10003aba:	e75d      	b.n	10003978 <_etoa+0xa4>
10003abc:	2700      	movs	r7, #0
10003abe:	9b26      	ldr	r3, [sp, #152]	@ 0x98
10003ac0:	2600      	movs	r6, #0
10003ac2:	42bb      	cmp	r3, r7
10003ac4:	dd00      	ble.n	10003ac8 <_etoa+0x1f4>
10003ac6:	e182      	b.n	10003dce <_etoa+0x4fa>
10003ac8:	2200      	movs	r2, #0
10003aca:	2300      	movs	r3, #0
10003acc:	0020      	movs	r0, r4
10003ace:	0029      	movs	r1, r5
10003ad0:	f7fe ff82 	bl	100029d8 <__wrap___aeabi_dcmplt>
10003ad4:	2800      	cmp	r0, #0
10003ad6:	d000      	beq.n	10003ada <_etoa+0x206>
10003ad8:	e14b      	b.n	10003d72 <_etoa+0x49e>
10003ada:	9b28      	ldr	r3, [sp, #160]	@ 0xa0
10003adc:	4a08      	ldr	r2, [pc, #32]	@ (10003b00 <_etoa+0x22c>)
10003ade:	9602      	str	r6, [sp, #8]
10003ae0:	401a      	ands	r2, r3
10003ae2:	2380      	movs	r3, #128	@ 0x80
10003ae4:	00db      	lsls	r3, r3, #3
10003ae6:	4313      	orrs	r3, r2
10003ae8:	9304      	str	r3, [sp, #16]
10003aea:	9b27      	ldr	r3, [sp, #156]	@ 0x9c
10003aec:	9303      	str	r3, [sp, #12]
10003aee:	9b08      	ldr	r3, [sp, #32]
10003af0:	9c09      	ldr	r4, [sp, #36]	@ 0x24
10003af2:	9300      	str	r3, [sp, #0]
10003af4:	9401      	str	r4, [sp, #4]
10003af6:	e7cd      	b.n	10003a94 <_etoa+0x1c0>
10003af8:	7fefffff 	.word	0x7fefffff
10003afc:	ffefffff 	.word	0xffefffff
10003b00:	fffff7ff 	.word	0xfffff7ff
10003b04:	2306      	movs	r3, #6
10003b06:	9326      	str	r3, [sp, #152]	@ 0x98
10003b08:	4bb2      	ldr	r3, [pc, #712]	@ (10003dd4 <_etoa+0x500>)
10003b0a:	0078      	lsls	r0, r7, #1
10003b0c:	0d40      	lsrs	r0, r0, #21
10003b0e:	18c0      	adds	r0, r0, r3
10003b10:	f7fe ff8e 	bl	10002a30 <__wrap___aeabi_i2d>
10003b14:	4ab0      	ldr	r2, [pc, #704]	@ (10003dd8 <_etoa+0x504>)
10003b16:	4bb1      	ldr	r3, [pc, #708]	@ (10003ddc <_etoa+0x508>)
10003b18:	f7fe ff1b 	bl	10002952 <__wrap___aeabi_dmul>
10003b1c:	4ab0      	ldr	r2, [pc, #704]	@ (10003de0 <_etoa+0x50c>)
10003b1e:	4bb1      	ldr	r3, [pc, #708]	@ (10003de4 <_etoa+0x510>)
10003b20:	f7fe fef0 	bl	10002904 <__wrap___aeabi_dadd>
10003b24:	033f      	lsls	r7, r7, #12
10003b26:	4bb0      	ldr	r3, [pc, #704]	@ (10003de8 <_etoa+0x514>)
10003b28:	0b3f      	lsrs	r7, r7, #12
10003b2a:	433b      	orrs	r3, r7
10003b2c:	900c      	str	r0, [sp, #48]	@ 0x30
10003b2e:	910d      	str	r1, [sp, #52]	@ 0x34
10003b30:	2200      	movs	r2, #0
10003b32:	980a      	ldr	r0, [sp, #40]	@ 0x28
10003b34:	0019      	movs	r1, r3
10003b36:	4bad      	ldr	r3, [pc, #692]	@ (10003dec <_etoa+0x518>)
10003b38:	f7fe fedb 	bl	100028f2 <__wrap___aeabi_dsub>
10003b3c:	4aac      	ldr	r2, [pc, #688]	@ (10003df0 <_etoa+0x51c>)
10003b3e:	4bad      	ldr	r3, [pc, #692]	@ (10003df4 <_etoa+0x520>)
10003b40:	f7fe ff07 	bl	10002952 <__wrap___aeabi_dmul>
10003b44:	0002      	movs	r2, r0
10003b46:	000b      	movs	r3, r1
10003b48:	980c      	ldr	r0, [sp, #48]	@ 0x30
10003b4a:	990d      	ldr	r1, [sp, #52]	@ 0x34
10003b4c:	f7fe feda 	bl	10002904 <__wrap___aeabi_dadd>
10003b50:	f7fe ff86 	bl	10002a60 <__wrap___aeabi_d2iz>
10003b54:	0007      	movs	r7, r0
10003b56:	f7fe ff6b 	bl	10002a30 <__wrap___aeabi_i2d>
10003b5a:	4aa7      	ldr	r2, [pc, #668]	@ (10003df8 <_etoa+0x524>)
10003b5c:	4ba7      	ldr	r3, [pc, #668]	@ (10003dfc <_etoa+0x528>)
10003b5e:	900a      	str	r0, [sp, #40]	@ 0x28
10003b60:	910b      	str	r1, [sp, #44]	@ 0x2c
10003b62:	f7fe fef6 	bl	10002952 <__wrap___aeabi_dmul>
10003b66:	2200      	movs	r2, #0
10003b68:	4ba5      	ldr	r3, [pc, #660]	@ (10003e00 <_etoa+0x52c>)
10003b6a:	f7fe fecb 	bl	10002904 <__wrap___aeabi_dadd>
10003b6e:	f7fe ff77 	bl	10002a60 <__wrap___aeabi_d2iz>
10003b72:	4aa4      	ldr	r2, [pc, #656]	@ (10003e04 <_etoa+0x530>)
10003b74:	0006      	movs	r6, r0
10003b76:	980a      	ldr	r0, [sp, #40]	@ 0x28
10003b78:	990b      	ldr	r1, [sp, #44]	@ 0x2c
10003b7a:	4ba3      	ldr	r3, [pc, #652]	@ (10003e08 <_etoa+0x534>)
10003b7c:	f7fe fee9 	bl	10002952 <__wrap___aeabi_dmul>
10003b80:	900a      	str	r0, [sp, #40]	@ 0x28
10003b82:	910b      	str	r1, [sp, #44]	@ 0x2c
10003b84:	0030      	movs	r0, r6
10003b86:	f7fe ff53 	bl	10002a30 <__wrap___aeabi_i2d>
10003b8a:	4aa0      	ldr	r2, [pc, #640]	@ (10003e0c <_etoa+0x538>)
10003b8c:	4ba0      	ldr	r3, [pc, #640]	@ (10003e10 <_etoa+0x53c>)
10003b8e:	f7fe fee0 	bl	10002952 <__wrap___aeabi_dmul>
10003b92:	0002      	movs	r2, r0
10003b94:	000b      	movs	r3, r1
10003b96:	980a      	ldr	r0, [sp, #40]	@ 0x28
10003b98:	990b      	ldr	r1, [sp, #44]	@ 0x2c
10003b9a:	f7fe feaa 	bl	100028f2 <__wrap___aeabi_dsub>
10003b9e:	0002      	movs	r2, r0
10003ba0:	000b      	movs	r3, r1
10003ba2:	900a      	str	r0, [sp, #40]	@ 0x28
10003ba4:	910b      	str	r1, [sp, #44]	@ 0x2c
10003ba6:	f7fe fed4 	bl	10002952 <__wrap___aeabi_dmul>
10003baa:	900c      	str	r0, [sp, #48]	@ 0x30
10003bac:	910d      	str	r1, [sp, #52]	@ 0x34
10003bae:	980a      	ldr	r0, [sp, #40]	@ 0x28
10003bb0:	990b      	ldr	r1, [sp, #44]	@ 0x2c
10003bb2:	0002      	movs	r2, r0
10003bb4:	000b      	movs	r3, r1
10003bb6:	f7fe fea5 	bl	10002904 <__wrap___aeabi_dadd>
10003bba:	2200      	movs	r2, #0
10003bbc:	9010      	str	r0, [sp, #64]	@ 0x40
10003bbe:	9111      	str	r1, [sp, #68]	@ 0x44
10003bc0:	980c      	ldr	r0, [sp, #48]	@ 0x30
10003bc2:	990d      	ldr	r1, [sp, #52]	@ 0x34
10003bc4:	4b93      	ldr	r3, [pc, #588]	@ (10003e14 <_etoa+0x540>)
10003bc6:	f7fe fea6 	bl	10002916 <__wrap___aeabi_ddiv>
10003bca:	2200      	movs	r2, #0
10003bcc:	4b92      	ldr	r3, [pc, #584]	@ (10003e18 <_etoa+0x544>)
10003bce:	f7fe fe99 	bl	10002904 <__wrap___aeabi_dadd>
10003bd2:	0002      	movs	r2, r0
10003bd4:	000b      	movs	r3, r1
10003bd6:	980c      	ldr	r0, [sp, #48]	@ 0x30
10003bd8:	990d      	ldr	r1, [sp, #52]	@ 0x34
10003bda:	f7fe fe9c 	bl	10002916 <__wrap___aeabi_ddiv>
10003bde:	2200      	movs	r2, #0
10003be0:	4b8e      	ldr	r3, [pc, #568]	@ (10003e1c <_etoa+0x548>)
10003be2:	f7fe fe8f 	bl	10002904 <__wrap___aeabi_dadd>
10003be6:	0002      	movs	r2, r0
10003be8:	000b      	movs	r3, r1
10003bea:	980c      	ldr	r0, [sp, #48]	@ 0x30
10003bec:	990d      	ldr	r1, [sp, #52]	@ 0x34
10003bee:	f7fe fe92 	bl	10002916 <__wrap___aeabi_ddiv>
10003bf2:	9a0a      	ldr	r2, [sp, #40]	@ 0x28
10003bf4:	9b0b      	ldr	r3, [sp, #44]	@ 0x2c
10003bf6:	900c      	str	r0, [sp, #48]	@ 0x30
10003bf8:	910d      	str	r1, [sp, #52]	@ 0x34
10003bfa:	2180      	movs	r1, #128	@ 0x80
10003bfc:	2000      	movs	r0, #0
10003bfe:	05c9      	lsls	r1, r1, #23
10003c00:	f7fe fe77 	bl	100028f2 <__wrap___aeabi_dsub>
10003c04:	0002      	movs	r2, r0
10003c06:	000b      	movs	r3, r1
10003c08:	980c      	ldr	r0, [sp, #48]	@ 0x30
10003c0a:	990d      	ldr	r1, [sp, #52]	@ 0x34
10003c0c:	f7fe fe7a 	bl	10002904 <__wrap___aeabi_dadd>
10003c10:	0002      	movs	r2, r0
10003c12:	000b      	movs	r3, r1
10003c14:	9810      	ldr	r0, [sp, #64]	@ 0x40
10003c16:	9911      	ldr	r1, [sp, #68]	@ 0x44
10003c18:	f7fe fe7d 	bl	10002916 <__wrap___aeabi_ddiv>
10003c1c:	2200      	movs	r2, #0
10003c1e:	4b72      	ldr	r3, [pc, #456]	@ (10003de8 <_etoa+0x514>)
10003c20:	f7fe fe70 	bl	10002904 <__wrap___aeabi_dadd>
10003c24:	4b7e      	ldr	r3, [pc, #504]	@ (10003e20 <_etoa+0x54c>)
10003c26:	2200      	movs	r2, #0
10003c28:	18f6      	adds	r6, r6, r3
10003c2a:	0533      	lsls	r3, r6, #20
10003c2c:	f7fe fe91 	bl	10002952 <__wrap___aeabi_dmul>
10003c30:	0002      	movs	r2, r0
10003c32:	000b      	movs	r3, r1
10003c34:	900a      	str	r0, [sp, #40]	@ 0x28
10003c36:	910b      	str	r1, [sp, #44]	@ 0x2c
10003c38:	9808      	ldr	r0, [sp, #32]
10003c3a:	9909      	ldr	r1, [sp, #36]	@ 0x24
10003c3c:	f7fe fecc 	bl	100029d8 <__wrap___aeabi_dcmplt>
10003c40:	2800      	cmp	r0, #0
10003c42:	d008      	beq.n	10003c56 <_etoa+0x382>
10003c44:	980a      	ldr	r0, [sp, #40]	@ 0x28
10003c46:	990b      	ldr	r1, [sp, #44]	@ 0x2c
10003c48:	2200      	movs	r2, #0
10003c4a:	4b73      	ldr	r3, [pc, #460]	@ (10003e18 <_etoa+0x544>)
10003c4c:	f7fe fe63 	bl	10002916 <__wrap___aeabi_ddiv>
10003c50:	900a      	str	r0, [sp, #40]	@ 0x28
10003c52:	910b      	str	r1, [sp, #44]	@ 0x2c
10003c54:	3f01      	subs	r7, #1
10003c56:	990a      	ldr	r1, [sp, #40]	@ 0x28
10003c58:	9a0b      	ldr	r2, [sp, #44]	@ 0x2c
10003c5a:	000b      	movs	r3, r1
10003c5c:	0011      	movs	r1, r2
10003c5e:	003a      	movs	r2, r7
10003c60:	3263      	adds	r2, #99	@ 0x63
10003c62:	2ac6      	cmp	r2, #198	@ 0xc6
10003c64:	d812      	bhi.n	10003c8c <_etoa+0x3b8>
10003c66:	2202      	movs	r2, #2
10003c68:	9828      	ldr	r0, [sp, #160]	@ 0xa0
10003c6a:	2604      	movs	r6, #4
10003c6c:	4010      	ands	r0, r2
10003c6e:	9a0e      	ldr	r2, [sp, #56]	@ 0x38
10003c70:	900c      	str	r0, [sp, #48]	@ 0x30
10003c72:	2a00      	cmp	r2, #0
10003c74:	d126      	bne.n	10003cc4 <_etoa+0x3f0>
10003c76:	9b27      	ldr	r3, [sp, #156]	@ 0x9c
10003c78:	2b04      	cmp	r3, #4
10003c7a:	d905      	bls.n	10003c88 <_etoa+0x3b4>
10003c7c:	2800      	cmp	r0, #0
10003c7e:	d000      	beq.n	10003c82 <_etoa+0x3ae>
10003c80:	e0a1      	b.n	10003dc6 <_etoa+0x4f2>
10003c82:	9b27      	ldr	r3, [sp, #156]	@ 0x9c
10003c84:	3b04      	subs	r3, #4
10003c86:	930e      	str	r3, [sp, #56]	@ 0x38
10003c88:	2604      	movs	r6, #4
10003c8a:	e042      	b.n	10003d12 <_etoa+0x43e>
10003c8c:	2202      	movs	r2, #2
10003c8e:	9828      	ldr	r0, [sp, #160]	@ 0xa0
10003c90:	4010      	ands	r0, r2
10003c92:	9a0e      	ldr	r2, [sp, #56]	@ 0x38
10003c94:	900c      	str	r0, [sp, #48]	@ 0x30
10003c96:	2a00      	cmp	r2, #0
10003c98:	d113      	bne.n	10003cc2 <_etoa+0x3ee>
10003c9a:	9b27      	ldr	r3, [sp, #156]	@ 0x9c
10003c9c:	2b05      	cmp	r3, #5
10003c9e:	d800      	bhi.n	10003ca2 <_etoa+0x3ce>
10003ca0:	e089      	b.n	10003db6 <_etoa+0x4e2>
10003ca2:	2800      	cmp	r0, #0
10003ca4:	d000      	beq.n	10003ca8 <_etoa+0x3d4>
10003ca6:	e084      	b.n	10003db2 <_etoa+0x4de>
10003ca8:	9b27      	ldr	r3, [sp, #156]	@ 0x9c
10003caa:	2605      	movs	r6, #5
10003cac:	3b05      	subs	r3, #5
10003cae:	930e      	str	r3, [sp, #56]	@ 0x38
10003cb0:	e032      	b.n	10003d18 <_etoa+0x444>
10003cb2:	2380      	movs	r3, #128	@ 0x80
10003cb4:	061b      	lsls	r3, r3, #24
10003cb6:	469c      	mov	ip, r3
10003cb8:	44ac      	add	ip, r5
10003cba:	4663      	mov	r3, ip
10003cbc:	9408      	str	r4, [sp, #32]
10003cbe:	9309      	str	r3, [sp, #36]	@ 0x24
10003cc0:	e63d      	b.n	1000393e <_etoa+0x6a>
10003cc2:	2605      	movs	r6, #5
10003cc4:	430b      	orrs	r3, r1
10003cc6:	d100      	bne.n	10003cca <_etoa+0x3f6>
10003cc8:	e6f9      	b.n	10003abe <_etoa+0x1ea>
10003cca:	9808      	ldr	r0, [sp, #32]
10003ccc:	9909      	ldr	r1, [sp, #36]	@ 0x24
10003cce:	4a55      	ldr	r2, [pc, #340]	@ (10003e24 <_etoa+0x550>)
10003cd0:	4b55      	ldr	r3, [pc, #340]	@ (10003e28 <_etoa+0x554>)
10003cd2:	f7fe fe8f 	bl	100029f4 <__wrap___aeabi_dcmpge>
10003cd6:	2800      	cmp	r0, #0
10003cd8:	d008      	beq.n	10003cec <_etoa+0x418>
10003cda:	9808      	ldr	r0, [sp, #32]
10003cdc:	9909      	ldr	r1, [sp, #36]	@ 0x24
10003cde:	2200      	movs	r2, #0
10003ce0:	4b52      	ldr	r3, [pc, #328]	@ (10003e2c <_etoa+0x558>)
10003ce2:	f7fe fe79 	bl	100029d8 <__wrap___aeabi_dcmplt>
10003ce6:	2800      	cmp	r0, #0
10003ce8:	d000      	beq.n	10003cec <_etoa+0x418>
10003cea:	e6e8      	b.n	10003abe <_etoa+0x1ea>
10003cec:	9b26      	ldr	r3, [sp, #152]	@ 0x98
10003cee:	2b00      	cmp	r3, #0
10003cf0:	d034      	beq.n	10003d5c <_etoa+0x488>
10003cf2:	9b0f      	ldr	r3, [sp, #60]	@ 0x3c
10003cf4:	2b00      	cmp	r3, #0
10003cf6:	d031      	beq.n	10003d5c <_etoa+0x488>
10003cf8:	9b26      	ldr	r3, [sp, #152]	@ 0x98
10003cfa:	3b01      	subs	r3, #1
10003cfc:	9326      	str	r3, [sp, #152]	@ 0x98
10003cfe:	9b27      	ldr	r3, [sp, #156]	@ 0x9c
10003d00:	42b3      	cmp	r3, r6
10003d02:	d904      	bls.n	10003d0e <_etoa+0x43a>
10003d04:	9b0c      	ldr	r3, [sp, #48]	@ 0x30
10003d06:	2b00      	cmp	r3, #0
10003d08:	d059      	beq.n	10003dbe <_etoa+0x4ea>
10003d0a:	2302      	movs	r3, #2
10003d0c:	930c      	str	r3, [sp, #48]	@ 0x30
10003d0e:	2300      	movs	r3, #0
10003d10:	930e      	str	r3, [sp, #56]	@ 0x38
10003d12:	2f00      	cmp	r7, #0
10003d14:	d100      	bne.n	10003d18 <_etoa+0x444>
10003d16:	e63e      	b.n	10003996 <_etoa+0xc2>
10003d18:	9a0a      	ldr	r2, [sp, #40]	@ 0x28
10003d1a:	9b0b      	ldr	r3, [sp, #44]	@ 0x2c
10003d1c:	9808      	ldr	r0, [sp, #32]
10003d1e:	9909      	ldr	r1, [sp, #36]	@ 0x24
10003d20:	f7fe fdf9 	bl	10002916 <__wrap___aeabi_ddiv>
10003d24:	2200      	movs	r2, #0
10003d26:	9008      	str	r0, [sp, #32]
10003d28:	9109      	str	r1, [sp, #36]	@ 0x24
10003d2a:	2300      	movs	r3, #0
10003d2c:	0020      	movs	r0, r4
10003d2e:	0029      	movs	r1, r5
10003d30:	f7fe fe52 	bl	100029d8 <__wrap___aeabi_dcmplt>
10003d34:	2800      	cmp	r0, #0
10003d36:	d100      	bne.n	10003d3a <_etoa+0x466>
10003d38:	e636      	b.n	100039a8 <_etoa+0xd4>
10003d3a:	9c08      	ldr	r4, [sp, #32]
10003d3c:	9d09      	ldr	r5, [sp, #36]	@ 0x24
10003d3e:	9a28      	ldr	r2, [sp, #160]	@ 0xa0
10003d40:	2080      	movs	r0, #128	@ 0x80
10003d42:	4b3b      	ldr	r3, [pc, #236]	@ (10003e30 <_etoa+0x55c>)
10003d44:	0600      	lsls	r0, r0, #24
10003d46:	4013      	ands	r3, r2
10003d48:	0022      	movs	r2, r4
10003d4a:	9304      	str	r3, [sp, #16]
10003d4c:	9b0e      	ldr	r3, [sp, #56]	@ 0x38
10003d4e:	9303      	str	r3, [sp, #12]
10003d50:	9b26      	ldr	r3, [sp, #152]	@ 0x98
10003d52:	9302      	str	r3, [sp, #8]
10003d54:	182b      	adds	r3, r5, r0
10003d56:	9200      	str	r2, [sp, #0]
10003d58:	9301      	str	r3, [sp, #4]
10003d5a:	e631      	b.n	100039c0 <_etoa+0xec>
10003d5c:	9b27      	ldr	r3, [sp, #156]	@ 0x9c
10003d5e:	42b3      	cmp	r3, r6
10003d60:	d9d5      	bls.n	10003d0e <_etoa+0x43a>
10003d62:	9b0c      	ldr	r3, [sp, #48]	@ 0x30
10003d64:	2b00      	cmp	r3, #0
10003d66:	d02a      	beq.n	10003dbe <_etoa+0x4ea>
10003d68:	2300      	movs	r3, #0
10003d6a:	930e      	str	r3, [sp, #56]	@ 0x38
10003d6c:	3302      	adds	r3, #2
10003d6e:	930c      	str	r3, [sp, #48]	@ 0x30
10003d70:	e7cf      	b.n	10003d12 <_etoa+0x43e>
10003d72:	9b28      	ldr	r3, [sp, #160]	@ 0xa0
10003d74:	4a2e      	ldr	r2, [pc, #184]	@ (10003e30 <_etoa+0x55c>)
10003d76:	2080      	movs	r0, #128	@ 0x80
10003d78:	9c08      	ldr	r4, [sp, #32]
10003d7a:	9d09      	ldr	r5, [sp, #36]	@ 0x24
10003d7c:	401a      	ands	r2, r3
10003d7e:	2380      	movs	r3, #128	@ 0x80
10003d80:	00db      	lsls	r3, r3, #3
10003d82:	4313      	orrs	r3, r2
10003d84:	0022      	movs	r2, r4
10003d86:	9304      	str	r3, [sp, #16]
10003d88:	9b27      	ldr	r3, [sp, #156]	@ 0x9c
10003d8a:	0600      	lsls	r0, r0, #24
10003d8c:	9303      	str	r3, [sp, #12]
10003d8e:	182b      	adds	r3, r5, r0
10003d90:	9200      	str	r2, [sp, #0]
10003d92:	9301      	str	r3, [sp, #4]
10003d94:	9602      	str	r6, [sp, #8]
10003d96:	e67d      	b.n	10003a94 <_etoa+0x1c0>
10003d98:	2605      	movs	r6, #5
10003d9a:	e695      	b.n	10003ac8 <_etoa+0x1f4>
10003d9c:	2300      	movs	r3, #0
10003d9e:	930e      	str	r3, [sp, #56]	@ 0x38
10003da0:	3302      	adds	r3, #2
10003da2:	2700      	movs	r7, #0
10003da4:	2604      	movs	r6, #4
10003da6:	930c      	str	r3, [sp, #48]	@ 0x30
10003da8:	e5f5      	b.n	10003996 <_etoa+0xc2>
10003daa:	1e4b      	subs	r3, r1, #1
10003dac:	191b      	adds	r3, r3, r4
10003dae:	1a1b      	subs	r3, r3, r0
10003db0:	e665      	b.n	10003a7e <_etoa+0x1aa>
10003db2:	2302      	movs	r3, #2
10003db4:	930c      	str	r3, [sp, #48]	@ 0x30
10003db6:	2605      	movs	r6, #5
10003db8:	e7ae      	b.n	10003d18 <_etoa+0x444>
10003dba:	2304      	movs	r3, #4
10003dbc:	e5e7      	b.n	1000398e <_etoa+0xba>
10003dbe:	9b27      	ldr	r3, [sp, #156]	@ 0x9c
10003dc0:	1b9b      	subs	r3, r3, r6
10003dc2:	930e      	str	r3, [sp, #56]	@ 0x38
10003dc4:	e7a5      	b.n	10003d12 <_etoa+0x43e>
10003dc6:	2302      	movs	r3, #2
10003dc8:	2604      	movs	r6, #4
10003dca:	930c      	str	r3, [sp, #48]	@ 0x30
10003dcc:	e7a1      	b.n	10003d12 <_etoa+0x43e>
10003dce:	1bdb      	subs	r3, r3, r7
10003dd0:	1e5e      	subs	r6, r3, #1
10003dd2:	e679      	b.n	10003ac8 <_etoa+0x1f4>
10003dd4:	fffffc01 	.word	0xfffffc01
10003dd8:	509f79fb 	.word	0x509f79fb
10003ddc:	3fd34413 	.word	0x3fd34413
10003de0:	8b60c8b3 	.word	0x8b60c8b3
10003de4:	3fc68a28 	.word	0x3fc68a28
10003de8:	3ff00000 	.word	0x3ff00000
10003dec:	3ff80000 	.word	0x3ff80000
10003df0:	636f4361 	.word	0x636f4361
10003df4:	3fd287a7 	.word	0x3fd287a7
10003df8:	0979a371 	.word	0x0979a371
10003dfc:	400a934f 	.word	0x400a934f
10003e00:	3fe00000 	.word	0x3fe00000
10003e04:	bbb55516 	.word	0xbbb55516
10003e08:	40026bb1 	.word	0x40026bb1
10003e0c:	fefa39ef 	.word	0xfefa39ef
10003e10:	3fe62e42 	.word	0x3fe62e42
10003e14:	402c0000 	.word	0x402c0000
10003e18:	40240000 	.word	0x40240000
10003e1c:	40180000 	.word	0x40180000
10003e20:	000003ff 	.word	0x000003ff
10003e24:	eb1c432d 	.word	0xeb1c432d
10003e28:	3f1a36e2 	.word	0x3f1a36e2
10003e2c:	412e8480 	.word	0x412e8480
10003e30:	fffff7ff 	.word	0xfffff7ff

10003e34 <_vsnprintf>:
10003e34:	b5f0      	push	{r4, r5, r6, r7, lr}
10003e36:	4657      	mov	r7, sl
10003e38:	46de      	mov	lr, fp
10003e3a:	464e      	mov	r6, r9
10003e3c:	4645      	mov	r5, r8
10003e3e:	b5e0      	push	{r5, r6, r7, lr}
10003e40:	b0a3      	sub	sp, #140	@ 0x8c
10003e42:	001f      	movs	r7, r3
10003e44:	9b2c      	ldr	r3, [sp, #176]	@ 0xb0
10003e46:	4692      	mov	sl, r2
10003e48:	930c      	str	r3, [sp, #48]	@ 0x30
10003e4a:	4ac9      	ldr	r2, [pc, #804]	@ (10004170 <_vsnprintf+0x33c>)
10003e4c:	4bc9      	ldr	r3, [pc, #804]	@ (10004174 <_vsnprintf+0x340>)
10003e4e:	468b      	mov	fp, r1
10003e50:	900b      	str	r0, [sp, #44]	@ 0x2c
10003e52:	601a      	str	r2, [r3, #0]
10003e54:	2900      	cmp	r1, #0
10003e56:	d100      	bne.n	10003e5a <_vsnprintf+0x26>
10003e58:	e1bf      	b.n	100041da <_vsnprintf+0x3a6>
10003e5a:	2300      	movs	r3, #0
10003e5c:	7838      	ldrb	r0, [r7, #0]
10003e5e:	4699      	mov	r9, r3
10003e60:	2800      	cmp	r0, #0
10003e62:	d100      	bne.n	10003e66 <_vsnprintf+0x32>
10003e64:	e1c1      	b.n	100041ea <_vsnprintf+0x3b6>
10003e66:	4bc4      	ldr	r3, [pc, #784]	@ (10004178 <_vsnprintf+0x344>)
10003e68:	464c      	mov	r4, r9
10003e6a:	9309      	str	r3, [sp, #36]	@ 0x24
10003e6c:	4bc3      	ldr	r3, [pc, #780]	@ (1000417c <_vsnprintf+0x348>)
10003e6e:	930e      	str	r3, [sp, #56]	@ 0x38
10003e70:	465b      	mov	r3, fp
10003e72:	930a      	str	r3, [sp, #40]	@ 0x28
10003e74:	e008      	b.n	10003e88 <_vsnprintf+0x54>
10003e76:	0022      	movs	r2, r4
10003e78:	4653      	mov	r3, sl
10003e7a:	990a      	ldr	r1, [sp, #40]	@ 0x28
10003e7c:	9d0b      	ldr	r5, [sp, #44]	@ 0x2c
10003e7e:	47a8      	blx	r5
10003e80:	3401      	adds	r4, #1
10003e82:	7838      	ldrb	r0, [r7, #0]
10003e84:	2800      	cmp	r0, #0
10003e86:	d076      	beq.n	10003f76 <_vsnprintf+0x142>
10003e88:	3701      	adds	r7, #1
10003e8a:	2825      	cmp	r0, #37	@ 0x25
10003e8c:	d1f3      	bne.n	10003e76 <_vsnprintf+0x42>
10003e8e:	2310      	movs	r3, #16
10003e90:	469b      	mov	fp, r3
10003e92:	3b08      	subs	r3, #8
10003e94:	4699      	mov	r9, r3
10003e96:	3b04      	subs	r3, #4
10003e98:	4698      	mov	r8, r3
10003e9a:	3b03      	subs	r3, #3
10003e9c:	2600      	movs	r6, #0
10003e9e:	2502      	movs	r5, #2
10003ea0:	469c      	mov	ip, r3
10003ea2:	7838      	ldrb	r0, [r7, #0]
10003ea4:	1c79      	adds	r1, r7, #1
10003ea6:	0003      	movs	r3, r0
10003ea8:	3b20      	subs	r3, #32
10003eaa:	b2db      	uxtb	r3, r3
10003eac:	2b10      	cmp	r3, #16
10003eae:	d803      	bhi.n	10003eb8 <_vsnprintf+0x84>
10003eb0:	9a09      	ldr	r2, [sp, #36]	@ 0x24
10003eb2:	009b      	lsls	r3, r3, #2
10003eb4:	58d3      	ldr	r3, [r2, r3]
10003eb6:	469f      	mov	pc, r3
10003eb8:	0003      	movs	r3, r0
10003eba:	3b30      	subs	r3, #48	@ 0x30
10003ebc:	2b09      	cmp	r3, #9
10003ebe:	d936      	bls.n	10003f2e <_vsnprintf+0xfa>
10003ec0:	2500      	movs	r5, #0
10003ec2:	282a      	cmp	r0, #42	@ 0x2a
10003ec4:	d100      	bne.n	10003ec8 <_vsnprintf+0x94>
10003ec6:	e0a7      	b.n	10004018 <_vsnprintf+0x1e4>
10003ec8:	2300      	movs	r3, #0
10003eca:	930d      	str	r3, [sp, #52]	@ 0x34
10003ecc:	282e      	cmp	r0, #46	@ 0x2e
10003ece:	d03f      	beq.n	10003f50 <_vsnprintf+0x11c>
10003ed0:	0003      	movs	r3, r0
10003ed2:	3b68      	subs	r3, #104	@ 0x68
10003ed4:	b2db      	uxtb	r3, r3
10003ed6:	2b12      	cmp	r3, #18
10003ed8:	d81b      	bhi.n	10003f12 <_vsnprintf+0xde>
10003eda:	9a0e      	ldr	r2, [sp, #56]	@ 0x38
10003edc:	009b      	lsls	r3, r3, #2
10003ede:	58d3      	ldr	r3, [r2, r3]
10003ee0:	469f      	mov	pc, r3
10003ee2:	4663      	mov	r3, ip
10003ee4:	000f      	movs	r7, r1
10003ee6:	431e      	orrs	r6, r3
10003ee8:	e7db      	b.n	10003ea2 <_vsnprintf+0x6e>
10003eea:	000f      	movs	r7, r1
10003eec:	432e      	orrs	r6, r5
10003eee:	e7d8      	b.n	10003ea2 <_vsnprintf+0x6e>
10003ef0:	4643      	mov	r3, r8
10003ef2:	000f      	movs	r7, r1
10003ef4:	431e      	orrs	r6, r3
10003ef6:	e7d4      	b.n	10003ea2 <_vsnprintf+0x6e>
10003ef8:	465b      	mov	r3, fp
10003efa:	000f      	movs	r7, r1
10003efc:	431e      	orrs	r6, r3
10003efe:	e7d0      	b.n	10003ea2 <_vsnprintf+0x6e>
10003f00:	464b      	mov	r3, r9
10003f02:	000f      	movs	r7, r1
10003f04:	431e      	orrs	r6, r3
10003f06:	e7cc      	b.n	10003ea2 <_vsnprintf+0x6e>
10003f08:	2380      	movs	r3, #128	@ 0x80
10003f0a:	7878      	ldrb	r0, [r7, #1]
10003f0c:	005b      	lsls	r3, r3, #1
10003f0e:	431e      	orrs	r6, r3
10003f10:	3101      	adds	r1, #1
10003f12:	000f      	movs	r7, r1
10003f14:	2867      	cmp	r0, #103	@ 0x67
10003f16:	d845      	bhi.n	10003fa4 <_vsnprintf+0x170>
10003f18:	2824      	cmp	r0, #36	@ 0x24
10003f1a:	d9ac      	bls.n	10003e76 <_vsnprintf+0x42>
10003f1c:	0003      	movs	r3, r0
10003f1e:	3b25      	subs	r3, #37	@ 0x25
10003f20:	b2db      	uxtb	r3, r3
10003f22:	2b42      	cmp	r3, #66	@ 0x42
10003f24:	d8a7      	bhi.n	10003e76 <_vsnprintf+0x42>
10003f26:	4996      	ldr	r1, [pc, #600]	@ (10004180 <_vsnprintf+0x34c>)
10003f28:	009b      	lsls	r3, r3, #2
10003f2a:	58cb      	ldr	r3, [r1, r3]
10003f2c:	469f      	mov	pc, r3
10003f2e:	2500      	movs	r5, #0
10003f30:	00ab      	lsls	r3, r5, #2
10003f32:	195d      	adds	r5, r3, r5
10003f34:	006d      	lsls	r5, r5, #1
10003f36:	182d      	adds	r5, r5, r0
10003f38:	7808      	ldrb	r0, [r1, #0]
10003f3a:	000f      	movs	r7, r1
10003f3c:	0003      	movs	r3, r0
10003f3e:	3b30      	subs	r3, #48	@ 0x30
10003f40:	3d30      	subs	r5, #48	@ 0x30
10003f42:	3101      	adds	r1, #1
10003f44:	2b09      	cmp	r3, #9
10003f46:	d9f3      	bls.n	10003f30 <_vsnprintf+0xfc>
10003f48:	2300      	movs	r3, #0
10003f4a:	930d      	str	r3, [sp, #52]	@ 0x34
10003f4c:	282e      	cmp	r0, #46	@ 0x2e
10003f4e:	d1bf      	bne.n	10003ed0 <_vsnprintf+0x9c>
10003f50:	2230      	movs	r2, #48	@ 0x30
10003f52:	2080      	movs	r0, #128	@ 0x80
10003f54:	4252      	negs	r2, r2
10003f56:	4690      	mov	r8, r2
10003f58:	00c0      	lsls	r0, r0, #3
10003f5a:	4306      	orrs	r6, r0
10003f5c:	7878      	ldrb	r0, [r7, #1]
10003f5e:	000b      	movs	r3, r1
10003f60:	4480      	add	r8, r0
10003f62:	4642      	mov	r2, r8
10003f64:	2a09      	cmp	r2, #9
10003f66:	d800      	bhi.n	10003f6a <_vsnprintf+0x136>
10003f68:	e151      	b.n	1000420e <_vsnprintf+0x3da>
10003f6a:	282a      	cmp	r0, #42	@ 0x2a
10003f6c:	d100      	bne.n	10003f70 <_vsnprintf+0x13c>
10003f6e:	e15e      	b.n	1000422e <_vsnprintf+0x3fa>
10003f70:	000f      	movs	r7, r1
10003f72:	3101      	adds	r1, #1
10003f74:	e7ac      	b.n	10003ed0 <_vsnprintf+0x9c>
10003f76:	9b0a      	ldr	r3, [sp, #40]	@ 0x28
10003f78:	46a1      	mov	r9, r4
10003f7a:	469b      	mov	fp, r3
10003f7c:	45ca      	cmp	sl, r9
10003f7e:	d803      	bhi.n	10003f88 <_vsnprintf+0x154>
10003f80:	2301      	movs	r3, #1
10003f82:	425b      	negs	r3, r3
10003f84:	4453      	add	r3, sl
10003f86:	4699      	mov	r9, r3
10003f88:	4653      	mov	r3, sl
10003f8a:	464a      	mov	r2, r9
10003f8c:	4659      	mov	r1, fp
10003f8e:	2000      	movs	r0, #0
10003f90:	9d0b      	ldr	r5, [sp, #44]	@ 0x2c
10003f92:	47a8      	blx	r5
10003f94:	0020      	movs	r0, r4
10003f96:	b023      	add	sp, #140	@ 0x8c
10003f98:	bcf0      	pop	{r4, r5, r6, r7}
10003f9a:	46bb      	mov	fp, r7
10003f9c:	46b2      	mov	sl, r6
10003f9e:	46a9      	mov	r9, r5
10003fa0:	46a0      	mov	r8, r4
10003fa2:	bdf0      	pop	{r4, r5, r6, r7, pc}
10003fa4:	0003      	movs	r3, r0
10003fa6:	3b69      	subs	r3, #105	@ 0x69
10003fa8:	b2db      	uxtb	r3, r3
10003faa:	2b0f      	cmp	r3, #15
10003fac:	d900      	bls.n	10003fb0 <_vsnprintf+0x17c>
10003fae:	e762      	b.n	10003e76 <_vsnprintf+0x42>
10003fb0:	2101      	movs	r1, #1
10003fb2:	4099      	lsls	r1, r3
10003fb4:	4688      	mov	r8, r1
10003fb6:	4a73      	ldr	r2, [pc, #460]	@ (10004184 <_vsnprintf+0x350>)
10003fb8:	4011      	ands	r1, r2
10003fba:	468b      	mov	fp, r1
10003fbc:	0011      	movs	r1, r2
10003fbe:	4642      	mov	r2, r8
10003fc0:	420a      	tst	r2, r1
10003fc2:	d000      	beq.n	10003fc6 <_vsnprintf+0x192>
10003fc4:	e113      	b.n	100041ee <_vsnprintf+0x3ba>
10003fc6:	2b0a      	cmp	r3, #10
10003fc8:	d02f      	beq.n	1000402a <_vsnprintf+0x1f6>
10003fca:	2b07      	cmp	r3, #7
10003fcc:	d000      	beq.n	10003fd0 <_vsnprintf+0x19c>
10003fce:	e752      	b.n	10003e76 <_vsnprintf+0x42>
10003fd0:	9d0c      	ldr	r5, [sp, #48]	@ 0x30
10003fd2:	cd01      	ldmia	r5!, {r0}
10003fd4:	2800      	cmp	r0, #0
10003fd6:	d100      	bne.n	10003fda <_vsnprintf+0x1a6>
10003fd8:	e134      	b.n	10004244 <_vsnprintf+0x410>
10003fda:	2321      	movs	r3, #33	@ 0x21
10003fdc:	431e      	orrs	r6, r3
10003fde:	46b0      	mov	r8, r6
10003fe0:	261f      	movs	r6, #31
10003fe2:	9a0d      	ldr	r2, [sp, #52]	@ 0x34
10003fe4:	ab12      	add	r3, sp, #72	@ 0x48
10003fe6:	18f6      	adds	r6, r6, r3
10003fe8:	46a1      	mov	r9, r4
10003fea:	4694      	mov	ip, r2
10003fec:	4659      	mov	r1, fp
10003fee:	0034      	movs	r4, r6
10003ff0:	e002      	b.n	10003ff8 <_vsnprintf+0x1c4>
10003ff2:	0900      	lsrs	r0, r0, #4
10003ff4:	2920      	cmp	r1, #32
10003ff6:	d00a      	beq.n	1000400e <_vsnprintf+0x1da>
10003ff8:	260f      	movs	r6, #15
10003ffa:	4006      	ands	r6, r0
10003ffc:	0032      	movs	r2, r6
10003ffe:	3237      	adds	r2, #55	@ 0x37
10004000:	2e09      	cmp	r6, #9
10004002:	d800      	bhi.n	10004006 <_vsnprintf+0x1d2>
10004004:	3a07      	subs	r2, #7
10004006:	3101      	adds	r1, #1
10004008:	5462      	strb	r2, [r4, r1]
1000400a:	280f      	cmp	r0, #15
1000400c:	d8f1      	bhi.n	10003ff2 <_vsnprintf+0x1be>
1000400e:	4663      	mov	r3, ip
10004010:	464c      	mov	r4, r9
10004012:	468b      	mov	fp, r1
10004014:	930d      	str	r3, [sp, #52]	@ 0x34
10004016:	e122      	b.n	1000425e <_vsnprintf+0x42a>
10004018:	9b0c      	ldr	r3, [sp, #48]	@ 0x30
1000401a:	cb20      	ldmia	r3!, {r5}
1000401c:	2d00      	cmp	r5, #0
1000401e:	db52      	blt.n	100040c6 <_vsnprintf+0x292>
10004020:	7878      	ldrb	r0, [r7, #1]
10004022:	930c      	str	r3, [sp, #48]	@ 0x30
10004024:	000f      	movs	r7, r1
10004026:	3101      	adds	r1, #1
10004028:	e74e      	b.n	10003ec8 <_vsnprintf+0x94>
1000402a:	9b0c      	ldr	r3, [sp, #48]	@ 0x30
1000402c:	990d      	ldr	r1, [sp, #52]	@ 0x34
1000402e:	cb04      	ldmia	r3!, {r2}
10004030:	4690      	mov	r8, r2
10004032:	469b      	mov	fp, r3
10004034:	2900      	cmp	r1, #0
10004036:	d100      	bne.n	1000403a <_vsnprintf+0x206>
10004038:	e128      	b.n	1000428c <_vsnprintf+0x458>
1000403a:	4643      	mov	r3, r8
1000403c:	7818      	ldrb	r0, [r3, #0]
1000403e:	4441      	add	r1, r8
10004040:	2800      	cmp	r0, #0
10004042:	d101      	bne.n	10004048 <_vsnprintf+0x214>
10004044:	f000 fc29 	bl	1000489a <_vsnprintf+0xa66>
10004048:	9a0d      	ldr	r2, [sp, #52]	@ 0x34
1000404a:	4694      	mov	ip, r2
1000404c:	000a      	movs	r2, r1
1000404e:	e004      	b.n	1000405a <_vsnprintf+0x226>
10004050:	7859      	ldrb	r1, [r3, #1]
10004052:	3301      	adds	r3, #1
10004054:	2900      	cmp	r1, #0
10004056:	d100      	bne.n	1000405a <_vsnprintf+0x226>
10004058:	e195      	b.n	10004386 <_vsnprintf+0x552>
1000405a:	429a      	cmp	r2, r3
1000405c:	d1f8      	bne.n	10004050 <_vsnprintf+0x21c>
1000405e:	4663      	mov	r3, ip
10004060:	930d      	str	r3, [sp, #52]	@ 0x34
10004062:	4643      	mov	r3, r8
10004064:	1ad3      	subs	r3, r2, r3
10004066:	930f      	str	r3, [sp, #60]	@ 0x3c
10004068:	0573      	lsls	r3, r6, #21
1000406a:	d400      	bmi.n	1000406e <_vsnprintf+0x23a>
1000406c:	e16c      	b.n	10004348 <_vsnprintf+0x514>
1000406e:	9b0f      	ldr	r3, [sp, #60]	@ 0x3c
10004070:	9a0d      	ldr	r2, [sp, #52]	@ 0x34
10004072:	4293      	cmp	r3, r2
10004074:	d900      	bls.n	10004078 <_vsnprintf+0x244>
10004076:	920f      	str	r2, [sp, #60]	@ 0x3c
10004078:	2302      	movs	r3, #2
1000407a:	001a      	movs	r2, r3
1000407c:	4032      	ands	r2, r6
1000407e:	920c      	str	r2, [sp, #48]	@ 0x30
10004080:	4233      	tst	r3, r6
10004082:	d100      	bne.n	10004086 <_vsnprintf+0x252>
10004084:	e291      	b.n	100045aa <_vsnprintf+0x776>
10004086:	930c      	str	r3, [sp, #48]	@ 0x30
10004088:	9b0d      	ldr	r3, [sp, #52]	@ 0x34
1000408a:	46b9      	mov	r9, r7
1000408c:	191e      	adds	r6, r3, r4
1000408e:	4643      	mov	r3, r8
10004090:	1b1b      	subs	r3, r3, r4
10004092:	46a8      	mov	r8, r5
10004094:	0022      	movs	r2, r4
10004096:	001f      	movs	r7, r3
10004098:	9d0b      	ldr	r5, [sp, #44]	@ 0x2c
1000409a:	e008      	b.n	100040ae <_vsnprintf+0x27a>
1000409c:	1c54      	adds	r4, r2, #1
1000409e:	4653      	mov	r3, sl
100040a0:	990a      	ldr	r1, [sp, #40]	@ 0x28
100040a2:	47a8      	blx	r5
100040a4:	5d38      	ldrb	r0, [r7, r4]
100040a6:	2800      	cmp	r0, #0
100040a8:	d100      	bne.n	100040ac <_vsnprintf+0x278>
100040aa:	e163      	b.n	10004374 <_vsnprintf+0x540>
100040ac:	0022      	movs	r2, r4
100040ae:	4296      	cmp	r6, r2
100040b0:	d1f4      	bne.n	1000409c <_vsnprintf+0x268>
100040b2:	4645      	mov	r5, r8
100040b4:	464f      	mov	r7, r9
100040b6:	0034      	movs	r4, r6
100040b8:	9b0c      	ldr	r3, [sp, #48]	@ 0x30
100040ba:	2b00      	cmp	r3, #0
100040bc:	d000      	beq.n	100040c0 <_vsnprintf+0x28c>
100040be:	e197      	b.n	100043f0 <_vsnprintf+0x5bc>
100040c0:	465b      	mov	r3, fp
100040c2:	930c      	str	r3, [sp, #48]	@ 0x30
100040c4:	e6dd      	b.n	10003e82 <_vsnprintf+0x4e>
100040c6:	2202      	movs	r2, #2
100040c8:	7878      	ldrb	r0, [r7, #1]
100040ca:	4316      	orrs	r6, r2
100040cc:	000f      	movs	r7, r1
100040ce:	426d      	negs	r5, r5
100040d0:	930c      	str	r3, [sp, #48]	@ 0x30
100040d2:	3101      	adds	r1, #1
100040d4:	e6f8      	b.n	10003ec8 <_vsnprintf+0x94>
100040d6:	7878      	ldrb	r0, [r7, #1]
100040d8:	286c      	cmp	r0, #108	@ 0x6c
100040da:	d100      	bne.n	100040de <_vsnprintf+0x2aa>
100040dc:	e159      	b.n	10004392 <_vsnprintf+0x55e>
100040de:	2380      	movs	r3, #128	@ 0x80
100040e0:	005b      	lsls	r3, r3, #1
100040e2:	431e      	orrs	r6, r3
100040e4:	3101      	adds	r1, #1
100040e6:	e714      	b.n	10003f12 <_vsnprintf+0xde>
100040e8:	2380      	movs	r3, #128	@ 0x80
100040ea:	009b      	lsls	r3, r3, #2
100040ec:	7878      	ldrb	r0, [r7, #1]
100040ee:	431e      	orrs	r6, r3
100040f0:	3101      	adds	r1, #1
100040f2:	e70e      	b.n	10003f12 <_vsnprintf+0xde>
100040f4:	7878      	ldrb	r0, [r7, #1]
100040f6:	2868      	cmp	r0, #104	@ 0x68
100040f8:	d100      	bne.n	100040fc <_vsnprintf+0x2c8>
100040fa:	e150      	b.n	1000439e <_vsnprintf+0x56a>
100040fc:	2380      	movs	r3, #128	@ 0x80
100040fe:	3101      	adds	r1, #1
10004100:	431e      	orrs	r6, r3
10004102:	e706      	b.n	10003f12 <_vsnprintf+0xde>
10004104:	2867      	cmp	r0, #103	@ 0x67
10004106:	d100      	bne.n	1000410a <_vsnprintf+0x2d6>
10004108:	e0c2      	b.n	10004290 <_vsnprintf+0x45c>
1000410a:	2847      	cmp	r0, #71	@ 0x47
1000410c:	d100      	bne.n	10004110 <_vsnprintf+0x2dc>
1000410e:	e134      	b.n	1000437a <_vsnprintf+0x546>
10004110:	2845      	cmp	r0, #69	@ 0x45
10004112:	d100      	bne.n	10004116 <_vsnprintf+0x2e2>
10004114:	e134      	b.n	10004380 <_vsnprintf+0x54c>
10004116:	2107      	movs	r1, #7
10004118:	9b0c      	ldr	r3, [sp, #48]	@ 0x30
1000411a:	9a0d      	ldr	r2, [sp, #52]	@ 0x34
1000411c:	3307      	adds	r3, #7
1000411e:	438b      	bics	r3, r1
10004120:	0019      	movs	r1, r3
10004122:	9604      	str	r6, [sp, #16]
10004124:	9503      	str	r5, [sp, #12]
10004126:	9202      	str	r2, [sp, #8]
10004128:	c90c      	ldmia	r1!, {r2, r3}
1000412a:	980b      	ldr	r0, [sp, #44]	@ 0x2c
1000412c:	9200      	str	r2, [sp, #0]
1000412e:	9301      	str	r3, [sp, #4]
10004130:	910c      	str	r1, [sp, #48]	@ 0x30
10004132:	0022      	movs	r2, r4
10004134:	4653      	mov	r3, sl
10004136:	990a      	ldr	r1, [sp, #40]	@ 0x28
10004138:	f7ff fbcc 	bl	100038d4 <_etoa>
1000413c:	0004      	movs	r4, r0
1000413e:	e6a0      	b.n	10003e82 <_vsnprintf+0x4e>
10004140:	2846      	cmp	r0, #70	@ 0x46
10004142:	d100      	bne.n	10004146 <_vsnprintf+0x312>
10004144:	e0a8      	b.n	10004298 <_vsnprintf+0x464>
10004146:	2107      	movs	r1, #7
10004148:	9b0c      	ldr	r3, [sp, #48]	@ 0x30
1000414a:	9a0d      	ldr	r2, [sp, #52]	@ 0x34
1000414c:	3307      	adds	r3, #7
1000414e:	438b      	bics	r3, r1
10004150:	0019      	movs	r1, r3
10004152:	9604      	str	r6, [sp, #16]
10004154:	9503      	str	r5, [sp, #12]
10004156:	9202      	str	r2, [sp, #8]
10004158:	c90c      	ldmia	r1!, {r2, r3}
1000415a:	980b      	ldr	r0, [sp, #44]	@ 0x2c
1000415c:	9200      	str	r2, [sp, #0]
1000415e:	9301      	str	r3, [sp, #4]
10004160:	910c      	str	r1, [sp, #48]	@ 0x30
10004162:	0022      	movs	r2, r4
10004164:	4653      	mov	r3, sl
10004166:	990a      	ldr	r1, [sp, #40]	@ 0x28
10004168:	f7ff f97a 	bl	10003460 <_ftoa>
1000416c:	0004      	movs	r4, r0
1000416e:	e688      	b.n	10003e82 <_vsnprintf+0x4e>
10004170:	10003e35 	.word	0x10003e35
10004174:	20002990 	.word	0x20002990
10004178:	10008004 	.word	0x10008004
1000417c:	10008048 	.word	0x10008048
10004180:	10008094 	.word	0x10008094
10004184:	00009041 	.word	0x00009041
10004188:	0022      	movs	r2, r4
1000418a:	4653      	mov	r3, sl
1000418c:	2025      	movs	r0, #37	@ 0x25
1000418e:	990a      	ldr	r1, [sp, #40]	@ 0x28
10004190:	9d0b      	ldr	r5, [sp, #44]	@ 0x2c
10004192:	47a8      	blx	r5
10004194:	3401      	adds	r4, #1
10004196:	e674      	b.n	10003e82 <_vsnprintf+0x4e>
10004198:	9b0c      	ldr	r3, [sp, #48]	@ 0x30
1000419a:	3304      	adds	r3, #4
1000419c:	469b      	mov	fp, r3
1000419e:	1c63      	adds	r3, r4, #1
100041a0:	4698      	mov	r8, r3
100041a2:	07b6      	lsls	r6, r6, #30
100041a4:	d400      	bmi.n	100041a8 <_vsnprintf+0x374>
100041a6:	e0ff      	b.n	100043a8 <_vsnprintf+0x574>
100041a8:	9b0c      	ldr	r3, [sp, #48]	@ 0x30
100041aa:	0022      	movs	r2, r4
100041ac:	7818      	ldrb	r0, [r3, #0]
100041ae:	990a      	ldr	r1, [sp, #40]	@ 0x28
100041b0:	4653      	mov	r3, sl
100041b2:	9e0b      	ldr	r6, [sp, #44]	@ 0x2c
100041b4:	47b0      	blx	r6
100041b6:	1964      	adds	r4, r4, r5
100041b8:	2d01      	cmp	r5, #1
100041ba:	d800      	bhi.n	100041be <_vsnprintf+0x38a>
100041bc:	e249      	b.n	10004652 <_vsnprintf+0x81e>
100041be:	4645      	mov	r5, r8
100041c0:	9e0b      	ldr	r6, [sp, #44]	@ 0x2c
100041c2:	46b8      	mov	r8, r7
100041c4:	9f0a      	ldr	r7, [sp, #40]	@ 0x28
100041c6:	002a      	movs	r2, r5
100041c8:	4653      	mov	r3, sl
100041ca:	3501      	adds	r5, #1
100041cc:	0039      	movs	r1, r7
100041ce:	2020      	movs	r0, #32
100041d0:	47b0      	blx	r6
100041d2:	42a5      	cmp	r5, r4
100041d4:	d1f7      	bne.n	100041c6 <_vsnprintf+0x392>
100041d6:	4647      	mov	r7, r8
100041d8:	e772      	b.n	100040c0 <_vsnprintf+0x28c>
100041da:	4bdb      	ldr	r3, [pc, #876]	@ (10004548 <_vsnprintf+0x714>)
100041dc:	7838      	ldrb	r0, [r7, #0]
100041de:	930b      	str	r3, [sp, #44]	@ 0x2c
100041e0:	2300      	movs	r3, #0
100041e2:	4699      	mov	r9, r3
100041e4:	2800      	cmp	r0, #0
100041e6:	d000      	beq.n	100041ea <_vsnprintf+0x3b6>
100041e8:	e63d      	b.n	10003e66 <_vsnprintf+0x32>
100041ea:	2400      	movs	r4, #0
100041ec:	e6c6      	b.n	10003f7c <_vsnprintf+0x148>
100041ee:	286f      	cmp	r0, #111	@ 0x6f
100041f0:	d055      	beq.n	1000429e <_vsnprintf+0x46a>
100041f2:	d800      	bhi.n	100041f6 <_vsnprintf+0x3c2>
100041f4:	e2bc      	b.n	10004770 <_vsnprintf+0x93c>
100041f6:	2310      	movs	r3, #16
100041f8:	2878      	cmp	r0, #120	@ 0x78
100041fa:	d100      	bne.n	100041fe <_vsnprintf+0x3ca>
100041fc:	e09e      	b.n	1000433c <_vsnprintf+0x508>
100041fe:	439e      	bics	r6, r3
10004200:	230a      	movs	r3, #10
10004202:	469c      	mov	ip, r3
10004204:	2300      	movs	r3, #0
10004206:	930f      	str	r3, [sp, #60]	@ 0x3c
10004208:	330a      	adds	r3, #10
1000420a:	469b      	mov	fp, r3
1000420c:	e04d      	b.n	100042aa <_vsnprintf+0x476>
1000420e:	2100      	movs	r1, #0
10004210:	008a      	lsls	r2, r1, #2
10004212:	1852      	adds	r2, r2, r1
10004214:	0052      	lsls	r2, r2, #1
10004216:	3301      	adds	r3, #1
10004218:	1811      	adds	r1, r2, r0
1000421a:	7818      	ldrb	r0, [r3, #0]
1000421c:	3930      	subs	r1, #48	@ 0x30
1000421e:	0002      	movs	r2, r0
10004220:	3a30      	subs	r2, #48	@ 0x30
10004222:	2a09      	cmp	r2, #9
10004224:	d9f4      	bls.n	10004210 <_vsnprintf+0x3dc>
10004226:	910d      	str	r1, [sp, #52]	@ 0x34
10004228:	001f      	movs	r7, r3
1000422a:	1c59      	adds	r1, r3, #1
1000422c:	e650      	b.n	10003ed0 <_vsnprintf+0x9c>
1000422e:	9b0c      	ldr	r3, [sp, #48]	@ 0x30
10004230:	78b8      	ldrb	r0, [r7, #2]
10004232:	cb04      	ldmia	r3!, {r2}
10004234:	3702      	adds	r7, #2
10004236:	43d1      	mvns	r1, r2
10004238:	17c9      	asrs	r1, r1, #31
1000423a:	400a      	ands	r2, r1
1000423c:	920d      	str	r2, [sp, #52]	@ 0x34
1000423e:	930c      	str	r3, [sp, #48]	@ 0x30
10004240:	1c79      	adds	r1, r7, #1
10004242:	e645      	b.n	10003ed0 <_vsnprintf+0x9c>
10004244:	2310      	movs	r3, #16
10004246:	0030      	movs	r0, r6
10004248:	4398      	bics	r0, r3
1000424a:	3311      	adds	r3, #17
1000424c:	4318      	orrs	r0, r3
1000424e:	2380      	movs	r3, #128	@ 0x80
10004250:	4680      	mov	r8, r0
10004252:	0030      	movs	r0, r6
10004254:	00db      	lsls	r3, r3, #3
10004256:	4018      	ands	r0, r3
10004258:	421e      	tst	r6, r3
1000425a:	d100      	bne.n	1000425e <_vsnprintf+0x42a>
1000425c:	e6c0      	b.n	10003fe0 <_vsnprintf+0x1ac>
1000425e:	4643      	mov	r3, r8
10004260:	9306      	str	r3, [sp, #24]
10004262:	2308      	movs	r3, #8
10004264:	9305      	str	r3, [sp, #20]
10004266:	9b0d      	ldr	r3, [sp, #52]	@ 0x34
10004268:	0022      	movs	r2, r4
1000426a:	9304      	str	r3, [sp, #16]
1000426c:	2310      	movs	r3, #16
1000426e:	9303      	str	r3, [sp, #12]
10004270:	2300      	movs	r3, #0
10004272:	9302      	str	r3, [sp, #8]
10004274:	465b      	mov	r3, fp
10004276:	9301      	str	r3, [sp, #4]
10004278:	ab1a      	add	r3, sp, #104	@ 0x68
1000427a:	9300      	str	r3, [sp, #0]
1000427c:	990a      	ldr	r1, [sp, #40]	@ 0x28
1000427e:	4653      	mov	r3, sl
10004280:	980b      	ldr	r0, [sp, #44]	@ 0x2c
10004282:	f7fe fff1 	bl	10003268 <_ntoa_format>
10004286:	950c      	str	r5, [sp, #48]	@ 0x30
10004288:	0004      	movs	r4, r0
1000428a:	e5fa      	b.n	10003e82 <_vsnprintf+0x4e>
1000428c:	3901      	subs	r1, #1
1000428e:	e6d4      	b.n	1000403a <_vsnprintf+0x206>
10004290:	2380      	movs	r3, #128	@ 0x80
10004292:	011b      	lsls	r3, r3, #4
10004294:	431e      	orrs	r6, r3
10004296:	e73e      	b.n	10004116 <_vsnprintf+0x2e2>
10004298:	2320      	movs	r3, #32
1000429a:	431e      	orrs	r6, r3
1000429c:	e753      	b.n	10004146 <_vsnprintf+0x312>
1000429e:	2308      	movs	r3, #8
100042a0:	469c      	mov	ip, r3
100042a2:	2300      	movs	r3, #0
100042a4:	930f      	str	r3, [sp, #60]	@ 0x3c
100042a6:	3308      	adds	r3, #8
100042a8:	469b      	mov	fp, r3
100042aa:	2380      	movs	r3, #128	@ 0x80
100042ac:	0030      	movs	r0, r6
100042ae:	00db      	lsls	r3, r3, #3
100042b0:	4018      	ands	r0, r3
100042b2:	421e      	tst	r6, r3
100042b4:	d100      	bne.n	100042b8 <_vsnprintf+0x484>
100042b6:	e11a      	b.n	100044ee <_vsnprintf+0x6ba>
100042b8:	230d      	movs	r3, #13
100042ba:	0031      	movs	r1, r6
100042bc:	4399      	bics	r1, r3
100042be:	2380      	movs	r3, #128	@ 0x80
100042c0:	000a      	movs	r2, r1
100042c2:	009b      	lsls	r3, r3, #2
100042c4:	401a      	ands	r2, r3
100042c6:	4691      	mov	r9, r2
100042c8:	4219      	tst	r1, r3
100042ca:	d000      	beq.n	100042ce <_vsnprintf+0x49a>
100042cc:	e1c3      	b.n	10004656 <_vsnprintf+0x822>
100042ce:	2380      	movs	r3, #128	@ 0x80
100042d0:	000a      	movs	r2, r1
100042d2:	005b      	lsls	r3, r3, #1
100042d4:	401a      	ands	r2, r3
100042d6:	4690      	mov	r8, r2
100042d8:	9a0c      	ldr	r2, [sp, #48]	@ 0x30
100042da:	3204      	adds	r2, #4
100042dc:	920f      	str	r2, [sp, #60]	@ 0x3c
100042de:	4219      	tst	r1, r3
100042e0:	d000      	beq.n	100042e4 <_vsnprintf+0x4b0>
100042e2:	e28f      	b.n	10004804 <_vsnprintf+0x9d0>
100042e4:	064b      	lsls	r3, r1, #25
100042e6:	d500      	bpl.n	100042ea <_vsnprintf+0x4b6>
100042e8:	e197      	b.n	1000461a <_vsnprintf+0x7e6>
100042ea:	060b      	lsls	r3, r1, #24
100042ec:	d400      	bmi.n	100042f0 <_vsnprintf+0x4bc>
100042ee:	e2e5      	b.n	100048bc <_vsnprintf+0xa88>
100042f0:	9b0c      	ldr	r3, [sp, #48]	@ 0x30
100042f2:	881b      	ldrh	r3, [r3, #0]
100042f4:	4699      	mov	r9, r3
100042f6:	464b      	mov	r3, r9
100042f8:	2b00      	cmp	r3, #0
100042fa:	d000      	beq.n	100042fe <_vsnprintf+0x4ca>
100042fc:	e205      	b.n	1000470a <_vsnprintf+0x8d6>
100042fe:	3310      	adds	r3, #16
10004300:	4399      	bics	r1, r3
10004302:	2800      	cmp	r0, #0
10004304:	d100      	bne.n	10004308 <_vsnprintf+0x4d4>
10004306:	e200      	b.n	1000470a <_vsnprintf+0x8d6>
10004308:	2300      	movs	r3, #0
1000430a:	4698      	mov	r8, r3
1000430c:	9b0d      	ldr	r3, [sp, #52]	@ 0x34
1000430e:	9106      	str	r1, [sp, #24]
10004310:	9304      	str	r3, [sp, #16]
10004312:	465b      	mov	r3, fp
10004314:	9303      	str	r3, [sp, #12]
10004316:	2300      	movs	r3, #0
10004318:	9505      	str	r5, [sp, #20]
1000431a:	9302      	str	r3, [sp, #8]
1000431c:	4643      	mov	r3, r8
1000431e:	e0d9      	b.n	100044d4 <_vsnprintf+0x6a0>
10004320:	2858      	cmp	r0, #88	@ 0x58
10004322:	d008      	beq.n	10004336 <_vsnprintf+0x502>
10004324:	2862      	cmp	r0, #98	@ 0x62
10004326:	d178      	bne.n	1000441a <_vsnprintf+0x5e6>
10004328:	2302      	movs	r3, #2
1000432a:	469c      	mov	ip, r3
1000432c:	2300      	movs	r3, #0
1000432e:	930f      	str	r3, [sp, #60]	@ 0x3c
10004330:	3302      	adds	r3, #2
10004332:	469b      	mov	fp, r3
10004334:	e7b9      	b.n	100042aa <_vsnprintf+0x476>
10004336:	2320      	movs	r3, #32
10004338:	431e      	orrs	r6, r3
1000433a:	3b10      	subs	r3, #16
1000433c:	469c      	mov	ip, r3
1000433e:	2300      	movs	r3, #0
10004340:	930f      	str	r3, [sp, #60]	@ 0x3c
10004342:	3310      	adds	r3, #16
10004344:	469b      	mov	fp, r3
10004346:	e7b0      	b.n	100042aa <_vsnprintf+0x476>
10004348:	2302      	movs	r3, #2
1000434a:	001a      	movs	r2, r3
1000434c:	4032      	ands	r2, r6
1000434e:	920c      	str	r2, [sp, #48]	@ 0x30
10004350:	4233      	tst	r3, r6
10004352:	d100      	bne.n	10004356 <_vsnprintf+0x522>
10004354:	e205      	b.n	10004762 <_vsnprintf+0x92e>
10004356:	930c      	str	r3, [sp, #48]	@ 0x30
10004358:	4643      	mov	r3, r8
1000435a:	46b9      	mov	r9, r7
1000435c:	9e0b      	ldr	r6, [sp, #44]	@ 0x2c
1000435e:	9f0a      	ldr	r7, [sp, #40]	@ 0x28
10004360:	46a8      	mov	r8, r5
10004362:	1b1d      	subs	r5, r3, r4
10004364:	0022      	movs	r2, r4
10004366:	4653      	mov	r3, sl
10004368:	0039      	movs	r1, r7
1000436a:	3401      	adds	r4, #1
1000436c:	47b0      	blx	r6
1000436e:	5d28      	ldrb	r0, [r5, r4]
10004370:	2800      	cmp	r0, #0
10004372:	d1f7      	bne.n	10004364 <_vsnprintf+0x530>
10004374:	4645      	mov	r5, r8
10004376:	464f      	mov	r7, r9
10004378:	e69e      	b.n	100040b8 <_vsnprintf+0x284>
1000437a:	2380      	movs	r3, #128	@ 0x80
1000437c:	011b      	lsls	r3, r3, #4
1000437e:	431e      	orrs	r6, r3
10004380:	2320      	movs	r3, #32
10004382:	431e      	orrs	r6, r3
10004384:	e6c7      	b.n	10004116 <_vsnprintf+0x2e2>
10004386:	4662      	mov	r2, ip
10004388:	920d      	str	r2, [sp, #52]	@ 0x34
1000438a:	4642      	mov	r2, r8
1000438c:	1a9b      	subs	r3, r3, r2
1000438e:	930f      	str	r3, [sp, #60]	@ 0x3c
10004390:	e66a      	b.n	10004068 <_vsnprintf+0x234>
10004392:	23c0      	movs	r3, #192	@ 0xc0
10004394:	009b      	lsls	r3, r3, #2
10004396:	78b8      	ldrb	r0, [r7, #2]
10004398:	431e      	orrs	r6, r3
1000439a:	1cf9      	adds	r1, r7, #3
1000439c:	e5b9      	b.n	10003f12 <_vsnprintf+0xde>
1000439e:	23c0      	movs	r3, #192	@ 0xc0
100043a0:	78b8      	ldrb	r0, [r7, #2]
100043a2:	431e      	orrs	r6, r3
100043a4:	1cf9      	adds	r1, r7, #3
100043a6:	e5b4      	b.n	10003f12 <_vsnprintf+0xde>
100043a8:	2d01      	cmp	r5, #1
100043aa:	d800      	bhi.n	100043ae <_vsnprintf+0x57a>
100043ac:	e14a      	b.n	10004644 <_vsnprintf+0x810>
100043ae:	1e63      	subs	r3, r4, #1
100043b0:	4699      	mov	r9, r3
100043b2:	44a9      	add	r9, r5
100043b4:	464b      	mov	r3, r9
100043b6:	4652      	mov	r2, sl
100043b8:	0026      	movs	r6, r4
100043ba:	46a1      	mov	r9, r4
100043bc:	46ba      	mov	sl, r7
100043be:	001c      	movs	r4, r3
100043c0:	0017      	movs	r7, r2
100043c2:	46a8      	mov	r8, r5
100043c4:	9d0b      	ldr	r5, [sp, #44]	@ 0x2c
100043c6:	0032      	movs	r2, r6
100043c8:	003b      	movs	r3, r7
100043ca:	3601      	adds	r6, #1
100043cc:	2020      	movs	r0, #32
100043ce:	990a      	ldr	r1, [sp, #40]	@ 0x28
100043d0:	47a8      	blx	r5
100043d2:	42a6      	cmp	r6, r4
100043d4:	d1f7      	bne.n	100043c6 <_vsnprintf+0x592>
100043d6:	003b      	movs	r3, r7
100043d8:	4657      	mov	r7, sl
100043da:	469a      	mov	sl, r3
100043dc:	464c      	mov	r4, r9
100043de:	9b0c      	ldr	r3, [sp, #48]	@ 0x30
100043e0:	0032      	movs	r2, r6
100043e2:	7818      	ldrb	r0, [r3, #0]
100043e4:	990a      	ldr	r1, [sp, #40]	@ 0x28
100043e6:	4653      	mov	r3, sl
100043e8:	9d0b      	ldr	r5, [sp, #44]	@ 0x2c
100043ea:	4444      	add	r4, r8
100043ec:	47a8      	blx	r5
100043ee:	e667      	b.n	100040c0 <_vsnprintf+0x28c>
100043f0:	46a0      	mov	r8, r4
100043f2:	9b0f      	ldr	r3, [sp, #60]	@ 0x3c
100043f4:	429d      	cmp	r5, r3
100043f6:	d800      	bhi.n	100043fa <_vsnprintf+0x5c6>
100043f8:	e662      	b.n	100040c0 <_vsnprintf+0x28c>
100043fa:	192c      	adds	r4, r5, r4
100043fc:	9e0b      	ldr	r6, [sp, #44]	@ 0x2c
100043fe:	4645      	mov	r5, r8
10004400:	46b8      	mov	r8, r7
10004402:	9f0a      	ldr	r7, [sp, #40]	@ 0x28
10004404:	1ae4      	subs	r4, r4, r3
10004406:	002a      	movs	r2, r5
10004408:	4653      	mov	r3, sl
1000440a:	3501      	adds	r5, #1
1000440c:	0039      	movs	r1, r7
1000440e:	2020      	movs	r0, #32
10004410:	47b0      	blx	r6
10004412:	42a5      	cmp	r5, r4
10004414:	d1f7      	bne.n	10004406 <_vsnprintf+0x5d2>
10004416:	4647      	mov	r7, r8
10004418:	e652      	b.n	100040c0 <_vsnprintf+0x28c>
1000441a:	2380      	movs	r3, #128	@ 0x80
1000441c:	0032      	movs	r2, r6
1000441e:	00db      	lsls	r3, r3, #3
10004420:	401a      	ands	r2, r3
10004422:	4690      	mov	r8, r2
10004424:	421e      	tst	r6, r3
10004426:	d100      	bne.n	1000442a <_vsnprintf+0x5f6>
10004428:	e0f3      	b.n	10004612 <_vsnprintf+0x7de>
1000442a:	2111      	movs	r1, #17
1000442c:	438e      	bics	r6, r1
1000442e:	46b4      	mov	ip, r6
10004430:	4698      	mov	r8, r3
10004432:	2380      	movs	r3, #128	@ 0x80
10004434:	4662      	mov	r2, ip
10004436:	009b      	lsls	r3, r3, #2
10004438:	401a      	ands	r2, r3
1000443a:	4693      	mov	fp, r2
1000443c:	4662      	mov	r2, ip
1000443e:	421a      	tst	r2, r3
10004440:	d159      	bne.n	100044f6 <_vsnprintf+0x6c2>
10004442:	2380      	movs	r3, #128	@ 0x80
10004444:	005b      	lsls	r3, r3, #1
10004446:	401a      	ands	r2, r3
10004448:	4691      	mov	r9, r2
1000444a:	9a0c      	ldr	r2, [sp, #48]	@ 0x30
1000444c:	3204      	adds	r2, #4
1000444e:	920f      	str	r2, [sp, #60]	@ 0x3c
10004450:	4662      	mov	r2, ip
10004452:	421a      	tst	r2, r3
10004454:	d000      	beq.n	10004458 <_vsnprintf+0x624>
10004456:	e1a0      	b.n	1000479a <_vsnprintf+0x966>
10004458:	4663      	mov	r3, ip
1000445a:	065b      	lsls	r3, r3, #25
1000445c:	d500      	bpl.n	10004460 <_vsnprintf+0x62c>
1000445e:	e0d4      	b.n	1000460a <_vsnprintf+0x7d6>
10004460:	4663      	mov	r3, ip
10004462:	061b      	lsls	r3, r3, #24
10004464:	d400      	bmi.n	10004468 <_vsnprintf+0x634>
10004466:	e212      	b.n	1000488e <_vsnprintf+0xa5a>
10004468:	9b0c      	ldr	r3, [sp, #48]	@ 0x30
1000446a:	2200      	movs	r2, #0
1000446c:	5e9b      	ldrsh	r3, [r3, r2]
1000446e:	17d8      	asrs	r0, r3, #31
10004470:	1819      	adds	r1, r3, r0
10004472:	4041      	eors	r1, r0
10004474:	b289      	uxth	r1, r1
10004476:	0fda      	lsrs	r2, r3, #31
10004478:	920c      	str	r2, [sp, #48]	@ 0x30
1000447a:	2b00      	cmp	r3, #0
1000447c:	d100      	bne.n	10004480 <_vsnprintf+0x64c>
1000447e:	e187      	b.n	10004790 <_vsnprintf+0x95c>
10004480:	4688      	mov	r8, r1
10004482:	261f      	movs	r6, #31
10004484:	ab12      	add	r3, sp, #72	@ 0x48
10004486:	46bb      	mov	fp, r7
10004488:	9514      	str	r5, [sp, #80]	@ 0x50
1000448a:	18f7      	adds	r7, r6, r3
1000448c:	4645      	mov	r5, r8
1000448e:	464e      	mov	r6, r9
10004490:	46e0      	mov	r8, ip
10004492:	46a1      	mov	r9, r4
10004494:	e006      	b.n	100044a4 <_vsnprintf+0x670>
10004496:	0028      	movs	r0, r5
10004498:	210a      	movs	r1, #10
1000449a:	f7fd ffef 	bl	1000247c <__wrap___aeabi_uidiv>
1000449e:	0005      	movs	r5, r0
100044a0:	2e20      	cmp	r6, #32
100044a2:	d008      	beq.n	100044b6 <_vsnprintf+0x682>
100044a4:	210a      	movs	r1, #10
100044a6:	0028      	movs	r0, r5
100044a8:	f7fd ffe8 	bl	1000247c <__wrap___aeabi_uidiv>
100044ac:	3601      	adds	r6, #1
100044ae:	3130      	adds	r1, #48	@ 0x30
100044b0:	55b9      	strb	r1, [r7, r6]
100044b2:	2d09      	cmp	r5, #9
100044b4:	d8ef      	bhi.n	10004496 <_vsnprintf+0x662>
100044b6:	464c      	mov	r4, r9
100044b8:	46c4      	mov	ip, r8
100044ba:	46b1      	mov	r9, r6
100044bc:	465f      	mov	r7, fp
100044be:	9d14      	ldr	r5, [sp, #80]	@ 0x50
100044c0:	4663      	mov	r3, ip
100044c2:	9306      	str	r3, [sp, #24]
100044c4:	9b0d      	ldr	r3, [sp, #52]	@ 0x34
100044c6:	9505      	str	r5, [sp, #20]
100044c8:	9304      	str	r3, [sp, #16]
100044ca:	230a      	movs	r3, #10
100044cc:	9303      	str	r3, [sp, #12]
100044ce:	9b0c      	ldr	r3, [sp, #48]	@ 0x30
100044d0:	9302      	str	r3, [sp, #8]
100044d2:	464b      	mov	r3, r9
100044d4:	9301      	str	r3, [sp, #4]
100044d6:	ab1a      	add	r3, sp, #104	@ 0x68
100044d8:	0022      	movs	r2, r4
100044da:	9300      	str	r3, [sp, #0]
100044dc:	990a      	ldr	r1, [sp, #40]	@ 0x28
100044de:	4653      	mov	r3, sl
100044e0:	980b      	ldr	r0, [sp, #44]	@ 0x2c
100044e2:	f7fe fec1 	bl	10003268 <_ntoa_format>
100044e6:	9b0f      	ldr	r3, [sp, #60]	@ 0x3c
100044e8:	0004      	movs	r4, r0
100044ea:	930c      	str	r3, [sp, #48]	@ 0x30
100044ec:	e4c9      	b.n	10003e82 <_vsnprintf+0x4e>
100044ee:	230c      	movs	r3, #12
100044f0:	0031      	movs	r1, r6
100044f2:	4399      	bics	r1, r3
100044f4:	e6e3      	b.n	100042be <_vsnprintf+0x48a>
100044f6:	2208      	movs	r2, #8
100044f8:	2107      	movs	r1, #7
100044fa:	4691      	mov	r9, r2
100044fc:	9b0c      	ldr	r3, [sp, #48]	@ 0x30
100044fe:	3307      	adds	r3, #7
10004500:	438b      	bics	r3, r1
10004502:	4499      	add	r9, r3
10004504:	464a      	mov	r2, r9
10004506:	cb0a      	ldmia	r3, {r1, r3}
10004508:	0008      	movs	r0, r1
1000450a:	920c      	str	r2, [sp, #48]	@ 0x30
1000450c:	0fda      	lsrs	r2, r3, #31
1000450e:	4693      	mov	fp, r2
10004510:	4318      	orrs	r0, r3
10004512:	d000      	beq.n	10004516 <_vsnprintf+0x6e2>
10004514:	e085      	b.n	10004622 <_vsnprintf+0x7ee>
10004516:	2300      	movs	r3, #0
10004518:	4699      	mov	r9, r3
1000451a:	4643      	mov	r3, r8
1000451c:	2b00      	cmp	r3, #0
1000451e:	d12f      	bne.n	10004580 <_vsnprintf+0x74c>
10004520:	2200      	movs	r2, #0
10004522:	2300      	movs	r3, #0
10004524:	9210      	str	r2, [sp, #64]	@ 0x40
10004526:	9311      	str	r3, [sp, #68]	@ 0x44
10004528:	2300      	movs	r3, #0
1000452a:	261f      	movs	r6, #31
1000452c:	4699      	mov	r9, r3
1000452e:	ab12      	add	r3, sp, #72	@ 0x48
10004530:	18f6      	adds	r6, r6, r3
10004532:	465b      	mov	r3, fp
10004534:	9514      	str	r5, [sp, #80]	@ 0x50
10004536:	46bb      	mov	fp, r7
10004538:	46e0      	mov	r8, ip
1000453a:	0037      	movs	r7, r6
1000453c:	930f      	str	r3, [sp, #60]	@ 0x3c
1000453e:	464e      	mov	r6, r9
10004540:	46a1      	mov	r9, r4
10004542:	9c10      	ldr	r4, [sp, #64]	@ 0x40
10004544:	9d11      	ldr	r5, [sp, #68]	@ 0x44
10004546:	e005      	b.n	10004554 <_vsnprintf+0x720>
10004548:	100031bd 	.word	0x100031bd
1000454c:	0004      	movs	r4, r0
1000454e:	000d      	movs	r5, r1
10004550:	2e20      	cmp	r6, #32
10004552:	d00c      	beq.n	1000456e <_vsnprintf+0x73a>
10004554:	220a      	movs	r2, #10
10004556:	2300      	movs	r3, #0
10004558:	0020      	movs	r0, r4
1000455a:	0029      	movs	r1, r5
1000455c:	f7fd ffcc 	bl	100024f8 <__wrap___aeabi_uldivmod>
10004560:	3601      	adds	r6, #1
10004562:	3230      	adds	r2, #48	@ 0x30
10004564:	55ba      	strb	r2, [r7, r6]
10004566:	2d00      	cmp	r5, #0
10004568:	d1f0      	bne.n	1000454c <_vsnprintf+0x718>
1000456a:	2c09      	cmp	r4, #9
1000456c:	d8ee      	bhi.n	1000454c <_vsnprintf+0x718>
1000456e:	9b0f      	ldr	r3, [sp, #60]	@ 0x3c
10004570:	9410      	str	r4, [sp, #64]	@ 0x40
10004572:	9511      	str	r5, [sp, #68]	@ 0x44
10004574:	465f      	mov	r7, fp
10004576:	464c      	mov	r4, r9
10004578:	46c4      	mov	ip, r8
1000457a:	46b1      	mov	r9, r6
1000457c:	469b      	mov	fp, r3
1000457e:	9d14      	ldr	r5, [sp, #80]	@ 0x50
10004580:	4663      	mov	r3, ip
10004582:	9306      	str	r3, [sp, #24]
10004584:	9b0d      	ldr	r3, [sp, #52]	@ 0x34
10004586:	9505      	str	r5, [sp, #20]
10004588:	9304      	str	r3, [sp, #16]
1000458a:	230a      	movs	r3, #10
1000458c:	9303      	str	r3, [sp, #12]
1000458e:	465b      	mov	r3, fp
10004590:	9302      	str	r3, [sp, #8]
10004592:	464b      	mov	r3, r9
10004594:	9301      	str	r3, [sp, #4]
10004596:	ab1a      	add	r3, sp, #104	@ 0x68
10004598:	0022      	movs	r2, r4
1000459a:	9300      	str	r3, [sp, #0]
1000459c:	990a      	ldr	r1, [sp, #40]	@ 0x28
1000459e:	4653      	mov	r3, sl
100045a0:	980b      	ldr	r0, [sp, #44]	@ 0x2c
100045a2:	f7fe fe61 	bl	10003268 <_ntoa_format>
100045a6:	0004      	movs	r4, r0
100045a8:	e46b      	b.n	10003e82 <_vsnprintf+0x4e>
100045aa:	9b0f      	ldr	r3, [sp, #60]	@ 0x3c
100045ac:	429d      	cmp	r5, r3
100045ae:	d800      	bhi.n	100045b2 <_vsnprintf+0x77e>
100045b0:	e196      	b.n	100048e0 <_vsnprintf+0xaac>
100045b2:	2380      	movs	r3, #128	@ 0x80
100045b4:	00db      	lsls	r3, r3, #3
100045b6:	930c      	str	r3, [sp, #48]	@ 0x30
100045b8:	9b0f      	ldr	r3, [sp, #60]	@ 0x3c
100045ba:	192e      	adds	r6, r5, r4
100045bc:	1af6      	subs	r6, r6, r3
100045be:	4643      	mov	r3, r8
100045c0:	930f      	str	r3, [sp, #60]	@ 0x3c
100045c2:	9b0d      	ldr	r3, [sp, #52]	@ 0x34
100045c4:	46a8      	mov	r8, r5
100045c6:	4699      	mov	r9, r3
100045c8:	4653      	mov	r3, sl
100045ca:	46ba      	mov	sl, r7
100045cc:	001f      	movs	r7, r3
100045ce:	9d0b      	ldr	r5, [sp, #44]	@ 0x2c
100045d0:	0022      	movs	r2, r4
100045d2:	003b      	movs	r3, r7
100045d4:	3401      	adds	r4, #1
100045d6:	2020      	movs	r0, #32
100045d8:	990a      	ldr	r1, [sp, #40]	@ 0x28
100045da:	47a8      	blx	r5
100045dc:	42b4      	cmp	r4, r6
100045de:	d1f7      	bne.n	100045d0 <_vsnprintf+0x79c>
100045e0:	9b0f      	ldr	r3, [sp, #60]	@ 0x3c
100045e2:	4645      	mov	r5, r8
100045e4:	4698      	mov	r8, r3
100045e6:	464b      	mov	r3, r9
100045e8:	930d      	str	r3, [sp, #52]	@ 0x34
100045ea:	003b      	movs	r3, r7
100045ec:	4657      	mov	r7, sl
100045ee:	469a      	mov	sl, r3
100045f0:	4643      	mov	r3, r8
100045f2:	7818      	ldrb	r0, [r3, #0]
100045f4:	2800      	cmp	r0, #0
100045f6:	d100      	bne.n	100045fa <_vsnprintf+0x7c6>
100045f8:	e562      	b.n	100040c0 <_vsnprintf+0x28c>
100045fa:	1c6b      	adds	r3, r5, #1
100045fc:	930f      	str	r3, [sp, #60]	@ 0x3c
100045fe:	9b0c      	ldr	r3, [sp, #48]	@ 0x30
10004600:	2b00      	cmp	r3, #0
10004602:	d100      	bne.n	10004606 <_vsnprintf+0x7d2>
10004604:	e6a8      	b.n	10004358 <_vsnprintf+0x524>
10004606:	2300      	movs	r3, #0
10004608:	e53d      	b.n	10004086 <_vsnprintf+0x252>
1000460a:	9b0c      	ldr	r3, [sp, #48]	@ 0x30
1000460c:	781b      	ldrb	r3, [r3, #0]
1000460e:	0019      	movs	r1, r3
10004610:	e731      	b.n	10004476 <_vsnprintf+0x642>
10004612:	2310      	movs	r3, #16
10004614:	439e      	bics	r6, r3
10004616:	46b4      	mov	ip, r6
10004618:	e70b      	b.n	10004432 <_vsnprintf+0x5fe>
1000461a:	9b0c      	ldr	r3, [sp, #48]	@ 0x30
1000461c:	781b      	ldrb	r3, [r3, #0]
1000461e:	4699      	mov	r9, r3
10004620:	e669      	b.n	100042f6 <_vsnprintf+0x4c2>
10004622:	17da      	asrs	r2, r3, #31
10004624:	9212      	str	r2, [sp, #72]	@ 0x48
10004626:	9213      	str	r2, [sp, #76]	@ 0x4c
10004628:	404a      	eors	r2, r1
1000462a:	9210      	str	r2, [sp, #64]	@ 0x40
1000462c:	9812      	ldr	r0, [sp, #72]	@ 0x48
1000462e:	9913      	ldr	r1, [sp, #76]	@ 0x4c
10004630:	000a      	movs	r2, r1
10004632:	405a      	eors	r2, r3
10004634:	9211      	str	r2, [sp, #68]	@ 0x44
10004636:	9a10      	ldr	r2, [sp, #64]	@ 0x40
10004638:	9b11      	ldr	r3, [sp, #68]	@ 0x44
1000463a:	1a12      	subs	r2, r2, r0
1000463c:	418b      	sbcs	r3, r1
1000463e:	9210      	str	r2, [sp, #64]	@ 0x40
10004640:	9311      	str	r3, [sp, #68]	@ 0x44
10004642:	e771      	b.n	10004528 <_vsnprintf+0x6f4>
10004644:	9b0c      	ldr	r3, [sp, #48]	@ 0x30
10004646:	0022      	movs	r2, r4
10004648:	7818      	ldrb	r0, [r3, #0]
1000464a:	990a      	ldr	r1, [sp, #40]	@ 0x28
1000464c:	4653      	mov	r3, sl
1000464e:	9c0b      	ldr	r4, [sp, #44]	@ 0x2c
10004650:	47a0      	blx	r4
10004652:	4644      	mov	r4, r8
10004654:	e534      	b.n	100040c0 <_vsnprintf+0x28c>
10004656:	2208      	movs	r2, #8
10004658:	2607      	movs	r6, #7
1000465a:	4690      	mov	r8, r2
1000465c:	9b0c      	ldr	r3, [sp, #48]	@ 0x30
1000465e:	3307      	adds	r3, #7
10004660:	43b3      	bics	r3, r6
10004662:	4498      	add	r8, r3
10004664:	4642      	mov	r2, r8
10004666:	920c      	str	r2, [sp, #48]	@ 0x30
10004668:	681a      	ldr	r2, [r3, #0]
1000466a:	685b      	ldr	r3, [r3, #4]
1000466c:	9214      	str	r2, [sp, #80]	@ 0x50
1000466e:	9308      	str	r3, [sp, #32]
10004670:	0013      	movs	r3, r2
10004672:	9a08      	ldr	r2, [sp, #32]
10004674:	4313      	orrs	r3, r2
10004676:	d105      	bne.n	10004684 <_vsnprintf+0x850>
10004678:	3310      	adds	r3, #16
1000467a:	4399      	bics	r1, r3
1000467c:	2300      	movs	r3, #0
1000467e:	4698      	mov	r8, r3
10004680:	2800      	cmp	r0, #0
10004682:	d138      	bne.n	100046f6 <_vsnprintf+0x8c2>
10004684:	2061      	movs	r0, #97	@ 0x61
10004686:	068b      	lsls	r3, r1, #26
10004688:	d500      	bpl.n	1000468c <_vsnprintf+0x858>
1000468a:	2041      	movs	r0, #65	@ 0x41
1000468c:	2300      	movs	r3, #0
1000468e:	261f      	movs	r6, #31
10004690:	4698      	mov	r8, r3
10004692:	465a      	mov	r2, fp
10004694:	ab12      	add	r3, sp, #72	@ 0x48
10004696:	18f6      	adds	r6, r6, r3
10004698:	0003      	movs	r3, r0
1000469a:	9218      	str	r2, [sp, #96]	@ 0x60
1000469c:	9a0f      	ldr	r2, [sp, #60]	@ 0x3c
1000469e:	3b0a      	subs	r3, #10
100046a0:	46b1      	mov	r9, r6
100046a2:	9516      	str	r5, [sp, #88]	@ 0x58
100046a4:	9417      	str	r4, [sp, #92]	@ 0x5c
100046a6:	9719      	str	r7, [sp, #100]	@ 0x64
100046a8:	4644      	mov	r4, r8
100046aa:	4666      	mov	r6, ip
100046ac:	4690      	mov	r8, r2
100046ae:	469b      	mov	fp, r3
100046b0:	9f14      	ldr	r7, [sp, #80]	@ 0x50
100046b2:	9d08      	ldr	r5, [sp, #32]
100046b4:	9115      	str	r1, [sp, #84]	@ 0x54
100046b6:	e003      	b.n	100046c0 <_vsnprintf+0x88c>
100046b8:	0007      	movs	r7, r0
100046ba:	000d      	movs	r5, r1
100046bc:	2c20      	cmp	r4, #32
100046be:	d013      	beq.n	100046e8 <_vsnprintf+0x8b4>
100046c0:	0032      	movs	r2, r6
100046c2:	2300      	movs	r3, #0
100046c4:	0038      	movs	r0, r7
100046c6:	0029      	movs	r1, r5
100046c8:	f7fd ff16 	bl	100024f8 <__wrap___aeabi_uldivmod>
100046cc:	465b      	mov	r3, fp
100046ce:	b2d2      	uxtb	r2, r2
100046d0:	18d3      	adds	r3, r2, r3
100046d2:	2a09      	cmp	r2, #9
100046d4:	d801      	bhi.n	100046da <_vsnprintf+0x8a6>
100046d6:	0013      	movs	r3, r2
100046d8:	3330      	adds	r3, #48	@ 0x30
100046da:	464a      	mov	r2, r9
100046dc:	3401      	adds	r4, #1
100046de:	5513      	strb	r3, [r2, r4]
100046e0:	45a8      	cmp	r8, r5
100046e2:	d1e9      	bne.n	100046b8 <_vsnprintf+0x884>
100046e4:	42be      	cmp	r6, r7
100046e6:	d9e7      	bls.n	100046b8 <_vsnprintf+0x884>
100046e8:	9b18      	ldr	r3, [sp, #96]	@ 0x60
100046ea:	46a0      	mov	r8, r4
100046ec:	469b      	mov	fp, r3
100046ee:	9915      	ldr	r1, [sp, #84]	@ 0x54
100046f0:	9d16      	ldr	r5, [sp, #88]	@ 0x58
100046f2:	9c17      	ldr	r4, [sp, #92]	@ 0x5c
100046f4:	9f19      	ldr	r7, [sp, #100]	@ 0x64
100046f6:	9b0d      	ldr	r3, [sp, #52]	@ 0x34
100046f8:	9106      	str	r1, [sp, #24]
100046fa:	9304      	str	r3, [sp, #16]
100046fc:	465b      	mov	r3, fp
100046fe:	9303      	str	r3, [sp, #12]
10004700:	2300      	movs	r3, #0
10004702:	9505      	str	r5, [sp, #20]
10004704:	9302      	str	r3, [sp, #8]
10004706:	4643      	mov	r3, r8
10004708:	e744      	b.n	10004594 <_vsnprintf+0x760>
1000470a:	2061      	movs	r0, #97	@ 0x61
1000470c:	068b      	lsls	r3, r1, #26
1000470e:	d500      	bpl.n	10004712 <_vsnprintf+0x8de>
10004710:	2041      	movs	r0, #65	@ 0x41
10004712:	261f      	movs	r6, #31
10004714:	ab12      	add	r3, sp, #72	@ 0x48
10004716:	18f2      	adds	r2, r6, r3
10004718:	0003      	movs	r3, r0
1000471a:	3b0a      	subs	r3, #10
1000471c:	930c      	str	r3, [sp, #48]	@ 0x30
1000471e:	464b      	mov	r3, r9
10004720:	4646      	mov	r6, r8
10004722:	46a1      	mov	r9, r4
10004724:	46a8      	mov	r8, r5
10004726:	001c      	movs	r4, r3
10004728:	465d      	mov	r5, fp
1000472a:	9114      	str	r1, [sp, #80]	@ 0x50
1000472c:	46bb      	mov	fp, r7
1000472e:	0017      	movs	r7, r2
10004730:	e002      	b.n	10004738 <_vsnprintf+0x904>
10004732:	0004      	movs	r4, r0
10004734:	2e20      	cmp	r6, #32
10004736:	d00d      	beq.n	10004754 <_vsnprintf+0x920>
10004738:	0029      	movs	r1, r5
1000473a:	0020      	movs	r0, r4
1000473c:	f7fd fe9e 	bl	1000247c <__wrap___aeabi_uidiv>
10004740:	9b0c      	ldr	r3, [sp, #48]	@ 0x30
10004742:	18cb      	adds	r3, r1, r3
10004744:	2909      	cmp	r1, #9
10004746:	d801      	bhi.n	1000474c <_vsnprintf+0x918>
10004748:	000b      	movs	r3, r1
1000474a:	3330      	adds	r3, #48	@ 0x30
1000474c:	3601      	adds	r6, #1
1000474e:	55bb      	strb	r3, [r7, r6]
10004750:	42ac      	cmp	r4, r5
10004752:	d2ee      	bcs.n	10004732 <_vsnprintf+0x8fe>
10004754:	465f      	mov	r7, fp
10004756:	464c      	mov	r4, r9
10004758:	46ab      	mov	fp, r5
1000475a:	9914      	ldr	r1, [sp, #80]	@ 0x50
1000475c:	4645      	mov	r5, r8
1000475e:	46b0      	mov	r8, r6
10004760:	e5d4      	b.n	1000430c <_vsnprintf+0x4d8>
10004762:	9b0f      	ldr	r3, [sp, #60]	@ 0x3c
10004764:	429d      	cmp	r5, r3
10004766:	d900      	bls.n	1000476a <_vsnprintf+0x936>
10004768:	e726      	b.n	100045b8 <_vsnprintf+0x784>
1000476a:	3301      	adds	r3, #1
1000476c:	930f      	str	r3, [sp, #60]	@ 0x3c
1000476e:	e5f3      	b.n	10004358 <_vsnprintf+0x524>
10004770:	2310      	movs	r3, #16
10004772:	0032      	movs	r2, r6
10004774:	439a      	bics	r2, r3
10004776:	4694      	mov	ip, r2
10004778:	2869      	cmp	r0, #105	@ 0x69
1000477a:	d000      	beq.n	1000477e <_vsnprintf+0x94a>
1000477c:	e0a2      	b.n	100048c4 <_vsnprintf+0xa90>
1000477e:	2380      	movs	r3, #128	@ 0x80
10004780:	0032      	movs	r2, r6
10004782:	00db      	lsls	r3, r3, #3
10004784:	401a      	ands	r2, r3
10004786:	4690      	mov	r8, r2
10004788:	421e      	tst	r6, r3
1000478a:	d100      	bne.n	1000478e <_vsnprintf+0x95a>
1000478c:	e651      	b.n	10004432 <_vsnprintf+0x5fe>
1000478e:	e64c      	b.n	1000442a <_vsnprintf+0x5f6>
10004790:	4643      	mov	r3, r8
10004792:	2b00      	cmp	r3, #0
10004794:	d000      	beq.n	10004798 <_vsnprintf+0x964>
10004796:	e693      	b.n	100044c0 <_vsnprintf+0x68c>
10004798:	e673      	b.n	10004482 <_vsnprintf+0x64e>
1000479a:	9b0c      	ldr	r3, [sp, #48]	@ 0x30
1000479c:	681b      	ldr	r3, [r3, #0]
1000479e:	0fda      	lsrs	r2, r3, #31
100047a0:	2b00      	cmp	r3, #0
100047a2:	d070      	beq.n	10004886 <_vsnprintf+0xa52>
100047a4:	17d9      	asrs	r1, r3, #31
100047a6:	185b      	adds	r3, r3, r1
100047a8:	404b      	eors	r3, r1
100047aa:	4698      	mov	r8, r3
100047ac:	261f      	movs	r6, #31
100047ae:	ab12      	add	r3, sp, #72	@ 0x48
100047b0:	18f6      	adds	r6, r6, r3
100047b2:	46a1      	mov	r9, r4
100047b4:	9514      	str	r5, [sp, #80]	@ 0x50
100047b6:	465c      	mov	r4, fp
100047b8:	4645      	mov	r5, r8
100047ba:	46bb      	mov	fp, r7
100047bc:	46e0      	mov	r8, ip
100047be:	0037      	movs	r7, r6
100047c0:	920c      	str	r2, [sp, #48]	@ 0x30
100047c2:	e006      	b.n	100047d2 <_vsnprintf+0x99e>
100047c4:	0028      	movs	r0, r5
100047c6:	210a      	movs	r1, #10
100047c8:	f7fd fe58 	bl	1000247c <__wrap___aeabi_uidiv>
100047cc:	0005      	movs	r5, r0
100047ce:	2c20      	cmp	r4, #32
100047d0:	d008      	beq.n	100047e4 <_vsnprintf+0x9b0>
100047d2:	210a      	movs	r1, #10
100047d4:	0028      	movs	r0, r5
100047d6:	f7fd fe51 	bl	1000247c <__wrap___aeabi_uidiv>
100047da:	3401      	adds	r4, #1
100047dc:	3130      	adds	r1, #48	@ 0x30
100047de:	5539      	strb	r1, [r7, r4]
100047e0:	2d09      	cmp	r5, #9
100047e2:	d8ef      	bhi.n	100047c4 <_vsnprintf+0x990>
100047e4:	465f      	mov	r7, fp
100047e6:	46c4      	mov	ip, r8
100047e8:	46a3      	mov	fp, r4
100047ea:	464c      	mov	r4, r9
100047ec:	9d14      	ldr	r5, [sp, #80]	@ 0x50
100047ee:	9a0c      	ldr	r2, [sp, #48]	@ 0x30
100047f0:	4663      	mov	r3, ip
100047f2:	9306      	str	r3, [sp, #24]
100047f4:	9b0d      	ldr	r3, [sp, #52]	@ 0x34
100047f6:	9505      	str	r5, [sp, #20]
100047f8:	9304      	str	r3, [sp, #16]
100047fa:	230a      	movs	r3, #10
100047fc:	9202      	str	r2, [sp, #8]
100047fe:	9303      	str	r3, [sp, #12]
10004800:	465b      	mov	r3, fp
10004802:	e667      	b.n	100044d4 <_vsnprintf+0x6a0>
10004804:	9b0c      	ldr	r3, [sp, #48]	@ 0x30
10004806:	681b      	ldr	r3, [r3, #0]
10004808:	4698      	mov	r8, r3
1000480a:	2b00      	cmp	r3, #0
1000480c:	d103      	bne.n	10004816 <_vsnprintf+0x9e2>
1000480e:	3310      	adds	r3, #16
10004810:	4399      	bics	r1, r3
10004812:	2800      	cmp	r0, #0
10004814:	d12d      	bne.n	10004872 <_vsnprintf+0xa3e>
10004816:	2061      	movs	r0, #97	@ 0x61
10004818:	068b      	lsls	r3, r1, #26
1000481a:	d500      	bpl.n	1000481e <_vsnprintf+0x9ea>
1000481c:	2041      	movs	r0, #65	@ 0x41
1000481e:	261f      	movs	r6, #31
10004820:	ab12      	add	r3, sp, #72	@ 0x48
10004822:	18f6      	adds	r6, r6, r3
10004824:	0003      	movs	r3, r0
10004826:	3b0a      	subs	r3, #10
10004828:	464a      	mov	r2, r9
1000482a:	930c      	str	r3, [sp, #48]	@ 0x30
1000482c:	9114      	str	r1, [sp, #80]	@ 0x50
1000482e:	4643      	mov	r3, r8
10004830:	0031      	movs	r1, r6
10004832:	46a8      	mov	r8, r5
10004834:	46a1      	mov	r9, r4
10004836:	465e      	mov	r6, fp
10004838:	0014      	movs	r4, r2
1000483a:	46bb      	mov	fp, r7
1000483c:	001d      	movs	r5, r3
1000483e:	000f      	movs	r7, r1
10004840:	e002      	b.n	10004848 <_vsnprintf+0xa14>
10004842:	0005      	movs	r5, r0
10004844:	2c20      	cmp	r4, #32
10004846:	d00d      	beq.n	10004864 <_vsnprintf+0xa30>
10004848:	0031      	movs	r1, r6
1000484a:	0028      	movs	r0, r5
1000484c:	f7fd fe16 	bl	1000247c <__wrap___aeabi_uidiv>
10004850:	9b0c      	ldr	r3, [sp, #48]	@ 0x30
10004852:	18cb      	adds	r3, r1, r3
10004854:	2909      	cmp	r1, #9
10004856:	d801      	bhi.n	1000485c <_vsnprintf+0xa28>
10004858:	000b      	movs	r3, r1
1000485a:	3330      	adds	r3, #48	@ 0x30
1000485c:	3401      	adds	r4, #1
1000485e:	553b      	strb	r3, [r7, r4]
10004860:	42b5      	cmp	r5, r6
10004862:	d2ee      	bcs.n	10004842 <_vsnprintf+0xa0e>
10004864:	0023      	movs	r3, r4
10004866:	465f      	mov	r7, fp
10004868:	464c      	mov	r4, r9
1000486a:	4645      	mov	r5, r8
1000486c:	46b3      	mov	fp, r6
1000486e:	4699      	mov	r9, r3
10004870:	9914      	ldr	r1, [sp, #80]	@ 0x50
10004872:	9b0d      	ldr	r3, [sp, #52]	@ 0x34
10004874:	9106      	str	r1, [sp, #24]
10004876:	9304      	str	r3, [sp, #16]
10004878:	465b      	mov	r3, fp
1000487a:	9303      	str	r3, [sp, #12]
1000487c:	2300      	movs	r3, #0
1000487e:	9505      	str	r5, [sp, #20]
10004880:	9302      	str	r3, [sp, #8]
10004882:	464b      	mov	r3, r9
10004884:	e626      	b.n	100044d4 <_vsnprintf+0x6a0>
10004886:	4643      	mov	r3, r8
10004888:	2b00      	cmp	r3, #0
1000488a:	d1b1      	bne.n	100047f0 <_vsnprintf+0x9bc>
1000488c:	e78e      	b.n	100047ac <_vsnprintf+0x978>
1000488e:	9b0c      	ldr	r3, [sp, #48]	@ 0x30
10004890:	681b      	ldr	r3, [r3, #0]
10004892:	17d8      	asrs	r0, r3, #31
10004894:	1819      	adds	r1, r3, r0
10004896:	4041      	eors	r1, r0
10004898:	e5ed      	b.n	10004476 <_vsnprintf+0x642>
1000489a:	2380      	movs	r3, #128	@ 0x80
1000489c:	0032      	movs	r2, r6
1000489e:	00db      	lsls	r3, r3, #3
100048a0:	401a      	ands	r2, r3
100048a2:	920f      	str	r2, [sp, #60]	@ 0x3c
100048a4:	421e      	tst	r6, r3
100048a6:	d00f      	beq.n	100048c8 <_vsnprintf+0xa94>
100048a8:	3002      	adds	r0, #2
100048aa:	0002      	movs	r2, r0
100048ac:	4032      	ands	r2, r6
100048ae:	920f      	str	r2, [sp, #60]	@ 0x3c
100048b0:	4230      	tst	r0, r6
100048b2:	d019      	beq.n	100048e8 <_vsnprintf+0xab4>
100048b4:	2300      	movs	r3, #0
100048b6:	46a0      	mov	r8, r4
100048b8:	930f      	str	r3, [sp, #60]	@ 0x3c
100048ba:	e59a      	b.n	100043f2 <_vsnprintf+0x5be>
100048bc:	9b0c      	ldr	r3, [sp, #48]	@ 0x30
100048be:	681b      	ldr	r3, [r3, #0]
100048c0:	4699      	mov	r9, r3
100048c2:	e518      	b.n	100042f6 <_vsnprintf+0x4c2>
100048c4:	0016      	movs	r6, r2
100048c6:	e49b      	b.n	10004200 <_vsnprintf+0x3cc>
100048c8:	2302      	movs	r3, #2
100048ca:	001a      	movs	r2, r3
100048cc:	4032      	ands	r2, r6
100048ce:	920c      	str	r2, [sp, #48]	@ 0x30
100048d0:	4233      	tst	r3, r6
100048d2:	d000      	beq.n	100048d6 <_vsnprintf+0xaa2>
100048d4:	e58c      	b.n	100043f0 <_vsnprintf+0x5bc>
100048d6:	2d00      	cmp	r5, #0
100048d8:	d000      	beq.n	100048dc <_vsnprintf+0xaa8>
100048da:	e66d      	b.n	100045b8 <_vsnprintf+0x784>
100048dc:	f7ff fbf0 	bl	100040c0 <_vsnprintf+0x28c>
100048e0:	3301      	adds	r3, #1
100048e2:	930f      	str	r3, [sp, #60]	@ 0x3c
100048e4:	f7ff fbd0 	bl	10004088 <_vsnprintf+0x254>
100048e8:	930c      	str	r3, [sp, #48]	@ 0x30
100048ea:	e7f4      	b.n	100048d6 <_vsnprintf+0xaa2>

100048ec <__wrap_sprintf>:
100048ec:	b40e      	push	{r1, r2, r3}
100048ee:	b510      	push	{r4, lr}
100048f0:	2401      	movs	r4, #1
100048f2:	b085      	sub	sp, #20
100048f4:	aa07      	add	r2, sp, #28
100048f6:	ca08      	ldmia	r2!, {r3}
100048f8:	0001      	movs	r1, r0
100048fa:	9203      	str	r2, [sp, #12]
100048fc:	9200      	str	r2, [sp, #0]
100048fe:	4804      	ldr	r0, [pc, #16]	@ (10004910 <__wrap_sprintf+0x24>)
10004900:	4262      	negs	r2, r4
10004902:	f7ff fa97 	bl	10003e34 <_vsnprintf>
10004906:	b005      	add	sp, #20
10004908:	bc10      	pop	{r4}
1000490a:	bc08      	pop	{r3}
1000490c:	b003      	add	sp, #12
1000490e:	4718      	bx	r3
10004910:	100031b5 	.word	0x100031b5

10004914 <vfctprintf>:
10004914:	b500      	push	{lr}
10004916:	b085      	sub	sp, #20
10004918:	9103      	str	r1, [sp, #12]
1000491a:	2101      	movs	r1, #1
1000491c:	9002      	str	r0, [sp, #8]
1000491e:	9300      	str	r3, [sp, #0]
10004920:	4803      	ldr	r0, [pc, #12]	@ (10004930 <vfctprintf+0x1c>)
10004922:	0013      	movs	r3, r2
10004924:	424a      	negs	r2, r1
10004926:	a902      	add	r1, sp, #8
10004928:	f7ff fa84 	bl	10003e34 <_vsnprintf>
1000492c:	b005      	add	sp, #20
1000492e:	bd00      	pop	{pc}
10004930:	10003451 	.word	0x10003451

10004934 <weak_raw_vprintf>:
10004934:	b510      	push	{r4, lr}
10004936:	4a09      	ldr	r2, [pc, #36]	@ (1000495c <weak_raw_vprintf+0x28>)
10004938:	0003      	movs	r3, r0
1000493a:	6814      	ldr	r4, [r2, #0]
1000493c:	b084      	sub	sp, #16
1000493e:	2c00      	cmp	r4, #0
10004940:	d008      	beq.n	10004954 <weak_raw_vprintf+0x20>
10004942:	2201      	movs	r2, #1
10004944:	9100      	str	r1, [sp, #0]
10004946:	4806      	ldr	r0, [pc, #24]	@ (10004960 <weak_raw_vprintf+0x2c>)
10004948:	4252      	negs	r2, r2
1000494a:	a903      	add	r1, sp, #12
1000494c:	47a0      	blx	r4
1000494e:	2001      	movs	r0, #1
10004950:	b004      	add	sp, #16
10004952:	bd10      	pop	{r4, pc}
10004954:	f000 f9e8 	bl	10004d28 <__wrap_puts>
10004958:	2000      	movs	r0, #0
1000495a:	e7f9      	b.n	10004950 <weak_raw_vprintf+0x1c>
1000495c:	20002990 	.word	0x20002990
10004960:	10003441 	.word	0x10003441

10004964 <_exit>:
10004964:	be00      	bkpt	0x0000
10004966:	e7fd      	b.n	10004964 <_exit>

10004968 <exit>:
10004968:	b510      	push	{r4, lr}
1000496a:	f7ff fffb 	bl	10004964 <_exit>
1000496e:	46c0      	nop			@ (mov r8, r8)

10004970 <runtime_init>:
10004970:	b570      	push	{r4, r5, r6, lr}
10004972:	f7fd fc6f 	bl	10002254 <runtime_run_initializers>
10004976:	4d07      	ldr	r5, [pc, #28]	@ (10004994 <runtime_init+0x24>)
10004978:	4e07      	ldr	r6, [pc, #28]	@ (10004998 <runtime_init+0x28>)
1000497a:	42b5      	cmp	r5, r6
1000497c:	d209      	bcs.n	10004992 <runtime_init+0x22>
1000497e:	2400      	movs	r4, #0
10004980:	3e01      	subs	r6, #1
10004982:	1b76      	subs	r6, r6, r5
10004984:	08b6      	lsrs	r6, r6, #2
10004986:	3601      	adds	r6, #1
10004988:	cd08      	ldmia	r5!, {r3}
1000498a:	3401      	adds	r4, #1
1000498c:	4798      	blx	r3
1000498e:	42b4      	cmp	r4, r6
10004990:	d1fa      	bne.n	10004988 <runtime_init+0x18>
10004992:	bd70      	pop	{r4, r5, r6, pc}
10004994:	10007b24 	.word	0x10007b24
10004998:	10007b30 	.word	0x10007b30

1000499c <stdio_out_chars_no_crlf>:
1000499c:	0003      	movs	r3, r0
1000499e:	b510      	push	{r4, lr}
100049a0:	0008      	movs	r0, r1
100049a2:	0011      	movs	r1, r2
100049a4:	681b      	ldr	r3, [r3, #0]
100049a6:	4798      	blx	r3
100049a8:	bd10      	pop	{r4, pc}
100049aa:	46c0      	nop			@ (mov r8, r8)

100049ac <stdio_out_chars_crlf>:
100049ac:	b5f8      	push	{r3, r4, r5, r6, r7, lr}
100049ae:	7d43      	ldrb	r3, [r0, #21]
100049b0:	0007      	movs	r7, r0
100049b2:	000d      	movs	r5, r1
100049b4:	0016      	movs	r6, r2
100049b6:	2b00      	cmp	r3, #0
100049b8:	d038      	beq.n	10004a2c <stdio_out_chars_crlf+0x80>
100049ba:	2a00      	cmp	r2, #0
100049bc:	dd1a      	ble.n	100049f4 <stdio_out_chars_crlf+0x48>
100049be:	780b      	ldrb	r3, [r1, #0]
100049c0:	2b0a      	cmp	r3, #10
100049c2:	d018      	beq.n	100049f6 <stdio_out_chars_crlf+0x4a>
100049c4:	2000      	movs	r0, #0
100049c6:	2e01      	cmp	r6, #1
100049c8:	d009      	beq.n	100049de <stdio_out_chars_crlf+0x32>
100049ca:	2401      	movs	r4, #1
100049cc:	0021      	movs	r1, r4
100049ce:	5c6b      	ldrb	r3, [r5, r1]
100049d0:	3401      	adds	r4, #1
100049d2:	2b0a      	cmp	r3, #10
100049d4:	d01a      	beq.n	10004a0c <stdio_out_chars_crlf+0x60>
100049d6:	42b4      	cmp	r4, r6
100049d8:	d1f8      	bne.n	100049cc <stdio_out_chars_crlf+0x20>
100049da:	4286      	cmp	r6, r0
100049dc:	dd03      	ble.n	100049e6 <stdio_out_chars_crlf+0x3a>
100049de:	1a31      	subs	r1, r6, r0
100049e0:	683b      	ldr	r3, [r7, #0]
100049e2:	1828      	adds	r0, r5, r0
100049e4:	4798      	blx	r3
100049e6:	19ad      	adds	r5, r5, r6
100049e8:	3d01      	subs	r5, #1
100049ea:	782b      	ldrb	r3, [r5, #0]
100049ec:	3b0d      	subs	r3, #13
100049ee:	425a      	negs	r2, r3
100049f0:	4153      	adcs	r3, r2
100049f2:	753b      	strb	r3, [r7, #20]
100049f4:	bdf8      	pop	{r3, r4, r5, r6, r7, pc}
100049f6:	7d03      	ldrb	r3, [r0, #20]
100049f8:	2b00      	cmp	r3, #0
100049fa:	d1e3      	bne.n	100049c4 <stdio_out_chars_crlf+0x18>
100049fc:	2102      	movs	r1, #2
100049fe:	480e      	ldr	r0, [pc, #56]	@ (10004a38 <stdio_out_chars_crlf+0x8c>)
10004a00:	683b      	ldr	r3, [r7, #0]
10004a02:	4798      	blx	r3
10004a04:	2e01      	cmp	r6, #1
10004a06:	d0ee      	beq.n	100049e6 <stdio_out_chars_crlf+0x3a>
10004a08:	2001      	movs	r0, #1
10004a0a:	e7de      	b.n	100049ca <stdio_out_chars_crlf+0x1e>
10004a0c:	1e6b      	subs	r3, r5, #1
10004a0e:	5c5b      	ldrb	r3, [r3, r1]
10004a10:	2b0d      	cmp	r3, #13
10004a12:	d0e0      	beq.n	100049d6 <stdio_out_chars_crlf+0x2a>
10004a14:	4288      	cmp	r0, r1
10004a16:	da03      	bge.n	10004a20 <stdio_out_chars_crlf+0x74>
10004a18:	1a09      	subs	r1, r1, r0
10004a1a:	683b      	ldr	r3, [r7, #0]
10004a1c:	1828      	adds	r0, r5, r0
10004a1e:	4798      	blx	r3
10004a20:	4805      	ldr	r0, [pc, #20]	@ (10004a38 <stdio_out_chars_crlf+0x8c>)
10004a22:	2102      	movs	r1, #2
10004a24:	683b      	ldr	r3, [r7, #0]
10004a26:	4798      	blx	r3
10004a28:	0020      	movs	r0, r4
10004a2a:	e7d4      	b.n	100049d6 <stdio_out_chars_crlf+0x2a>
10004a2c:	6803      	ldr	r3, [r0, #0]
10004a2e:	0011      	movs	r1, r2
10004a30:	0028      	movs	r0, r5
10004a32:	4798      	blx	r3
10004a34:	e7de      	b.n	100049f4 <stdio_out_chars_crlf+0x48>
10004a36:	46c0      	nop			@ (mov r8, r8)
10004a38:	100081f0 	.word	0x100081f0

10004a3c <stdio_buffered_printer>:
10004a3c:	b5f0      	push	{r4, r5, r6, r7, lr}
10004a3e:	46c6      	mov	lr, r8
10004a40:	680b      	ldr	r3, [r1, #0]
10004a42:	0007      	movs	r7, r0
10004a44:	000d      	movs	r5, r1
10004a46:	b500      	push	{lr}
10004a48:	2b80      	cmp	r3, #128	@ 0x80
10004a4a:	d006      	beq.n	10004a5a <stdio_buffered_printer+0x1e>
10004a4c:	1c5a      	adds	r2, r3, #1
10004a4e:	602a      	str	r2, [r5, #0]
10004a50:	18ed      	adds	r5, r5, r3
10004a52:	712f      	strb	r7, [r5, #4]
10004a54:	bc80      	pop	{r7}
10004a56:	46b8      	mov	r8, r7
10004a58:	bdf0      	pop	{r4, r5, r6, r7, pc}
10004a5a:	4b0f      	ldr	r3, [pc, #60]	@ (10004a98 <stdio_buffered_printer+0x5c>)
10004a5c:	681c      	ldr	r4, [r3, #0]
10004a5e:	2c00      	cmp	r4, #0
10004a60:	d016      	beq.n	10004a90 <stdio_buffered_printer+0x54>
10004a62:	1d0b      	adds	r3, r1, #4
10004a64:	4698      	mov	r8, r3
10004a66:	4e0d      	ldr	r6, [pc, #52]	@ (10004a9c <stdio_buffered_printer+0x60>)
10004a68:	e002      	b.n	10004a70 <stdio_buffered_printer+0x34>
10004a6a:	6924      	ldr	r4, [r4, #16]
10004a6c:	2c00      	cmp	r4, #0
10004a6e:	d00f      	beq.n	10004a90 <stdio_buffered_printer+0x54>
10004a70:	6823      	ldr	r3, [r4, #0]
10004a72:	2b00      	cmp	r3, #0
10004a74:	d0f9      	beq.n	10004a6a <stdio_buffered_printer+0x2e>
10004a76:	6833      	ldr	r3, [r6, #0]
10004a78:	2b00      	cmp	r3, #0
10004a7a:	d001      	beq.n	10004a80 <stdio_buffered_printer+0x44>
10004a7c:	42a3      	cmp	r3, r4
10004a7e:	d1f4      	bne.n	10004a6a <stdio_buffered_printer+0x2e>
10004a80:	0020      	movs	r0, r4
10004a82:	4641      	mov	r1, r8
10004a84:	682a      	ldr	r2, [r5, #0]
10004a86:	f7ff ff91 	bl	100049ac <stdio_out_chars_crlf>
10004a8a:	6924      	ldr	r4, [r4, #16]
10004a8c:	2c00      	cmp	r4, #0
10004a8e:	d1ef      	bne.n	10004a70 <stdio_buffered_printer+0x34>
10004a90:	2201      	movs	r2, #1
10004a92:	2300      	movs	r3, #0
10004a94:	e7db      	b.n	10004a4e <stdio_buffered_printer+0x12>
10004a96:	46c0      	nop			@ (mov r8, r8)
10004a98:	20002580 	.word	0x20002580
10004a9c:	20002588 	.word	0x20002588

10004aa0 <stdio_put_string>:
10004aa0:	b5f0      	push	{r4, r5, r6, r7, lr}
10004aa2:	4646      	mov	r6, r8
10004aa4:	46d6      	mov	lr, sl
10004aa6:	464f      	mov	r7, r9
10004aa8:	b5c0      	push	{r6, r7, lr}
10004aaa:	b082      	sub	sp, #8
10004aac:	4690      	mov	r8, r2
10004aae:	001c      	movs	r4, r3
10004ab0:	0006      	movs	r6, r0
10004ab2:	000d      	movs	r5, r1
10004ab4:	f7fc feda 	bl	1000186c <time_us_64>
10004ab8:	2300      	movs	r3, #0
10004aba:	4a2f      	ldr	r2, [pc, #188]	@ (10004b78 <stdio_put_string+0xd8>)
10004abc:	1812      	adds	r2, r2, r0
10004abe:	414b      	adcs	r3, r1
10004ac0:	2b00      	cmp	r3, #0
10004ac2:	da02      	bge.n	10004aca <stdio_put_string+0x2a>
10004ac4:	2201      	movs	r2, #1
10004ac6:	4b2d      	ldr	r3, [pc, #180]	@ (10004b7c <stdio_put_string+0xdc>)
10004ac8:	4252      	negs	r2, r2
10004aca:	492d      	ldr	r1, [pc, #180]	@ (10004b80 <stdio_put_string+0xe0>)
10004acc:	0008      	movs	r0, r1
10004ace:	468a      	mov	sl, r1
10004ad0:	f002 ffea 	bl	10007aa8 <__mutex_try_enter_block_until_veneer>
10004ad4:	4681      	mov	r9, r0
10004ad6:	1c6b      	adds	r3, r5, #1
10004ad8:	d103      	bne.n	10004ae2 <stdio_put_string+0x42>
10004ada:	0030      	movs	r0, r6
10004adc:	f002 ff1a 	bl	10007914 <strlen>
10004ae0:	0005      	movs	r5, r0
10004ae2:	2c00      	cmp	r4, #0
10004ae4:	d027      	beq.n	10004b36 <stdio_put_string+0x96>
10004ae6:	4f27      	ldr	r7, [pc, #156]	@ (10004b84 <stdio_put_string+0xe4>)
10004ae8:	4b27      	ldr	r3, [pc, #156]	@ (10004b88 <stdio_put_string+0xe8>)
10004aea:	681c      	ldr	r4, [r3, #0]
10004aec:	2c00      	cmp	r4, #0
10004aee:	d018      	beq.n	10004b22 <stdio_put_string+0x82>
10004af0:	4643      	mov	r3, r8
10004af2:	2b00      	cmp	r3, #0
10004af4:	d121      	bne.n	10004b3a <stdio_put_string+0x9a>
10004af6:	4b25      	ldr	r3, [pc, #148]	@ (10004b8c <stdio_put_string+0xec>)
10004af8:	4698      	mov	r8, r3
10004afa:	e002      	b.n	10004b02 <stdio_put_string+0x62>
10004afc:	6924      	ldr	r4, [r4, #16]
10004afe:	2c00      	cmp	r4, #0
10004b00:	d00f      	beq.n	10004b22 <stdio_put_string+0x82>
10004b02:	6823      	ldr	r3, [r4, #0]
10004b04:	2b00      	cmp	r3, #0
10004b06:	d0f9      	beq.n	10004afc <stdio_put_string+0x5c>
10004b08:	4643      	mov	r3, r8
10004b0a:	681b      	ldr	r3, [r3, #0]
10004b0c:	2b00      	cmp	r3, #0
10004b0e:	d001      	beq.n	10004b14 <stdio_put_string+0x74>
10004b10:	429c      	cmp	r4, r3
10004b12:	d1f3      	bne.n	10004afc <stdio_put_string+0x5c>
10004b14:	0020      	movs	r0, r4
10004b16:	002a      	movs	r2, r5
10004b18:	0031      	movs	r1, r6
10004b1a:	47b8      	blx	r7
10004b1c:	6924      	ldr	r4, [r4, #16]
10004b1e:	2c00      	cmp	r4, #0
10004b20:	d1ef      	bne.n	10004b02 <stdio_put_string+0x62>
10004b22:	464b      	mov	r3, r9
10004b24:	2b00      	cmp	r3, #0
10004b26:	d123      	bne.n	10004b70 <stdio_put_string+0xd0>
10004b28:	0028      	movs	r0, r5
10004b2a:	b002      	add	sp, #8
10004b2c:	bce0      	pop	{r5, r6, r7}
10004b2e:	46ba      	mov	sl, r7
10004b30:	46b1      	mov	r9, r6
10004b32:	46a8      	mov	r8, r5
10004b34:	bdf0      	pop	{r4, r5, r6, r7, pc}
10004b36:	4f16      	ldr	r7, [pc, #88]	@ (10004b90 <stdio_put_string+0xf0>)
10004b38:	e7d6      	b.n	10004ae8 <stdio_put_string+0x48>
10004b3a:	4b14      	ldr	r3, [pc, #80]	@ (10004b8c <stdio_put_string+0xec>)
10004b3c:	4698      	mov	r8, r3
10004b3e:	e002      	b.n	10004b46 <stdio_put_string+0xa6>
10004b40:	6924      	ldr	r4, [r4, #16]
10004b42:	2c00      	cmp	r4, #0
10004b44:	d0ed      	beq.n	10004b22 <stdio_put_string+0x82>
10004b46:	6823      	ldr	r3, [r4, #0]
10004b48:	2b00      	cmp	r3, #0
10004b4a:	d0f9      	beq.n	10004b40 <stdio_put_string+0xa0>
10004b4c:	4643      	mov	r3, r8
10004b4e:	681b      	ldr	r3, [r3, #0]
10004b50:	2b00      	cmp	r3, #0
10004b52:	d001      	beq.n	10004b58 <stdio_put_string+0xb8>
10004b54:	42a3      	cmp	r3, r4
10004b56:	d1f3      	bne.n	10004b40 <stdio_put_string+0xa0>
10004b58:	002a      	movs	r2, r5
10004b5a:	0031      	movs	r1, r6
10004b5c:	0020      	movs	r0, r4
10004b5e:	47b8      	blx	r7
10004b60:	466b      	mov	r3, sp
10004b62:	220a      	movs	r2, #10
10004b64:	0020      	movs	r0, r4
10004b66:	71da      	strb	r2, [r3, #7]
10004b68:	1dd9      	adds	r1, r3, #7
10004b6a:	3a09      	subs	r2, #9
10004b6c:	47b8      	blx	r7
10004b6e:	e7e7      	b.n	10004b40 <stdio_put_string+0xa0>
10004b70:	4650      	mov	r0, sl
10004b72:	f002 ff61 	bl	10007a38 <__mutex_exit_veneer>
10004b76:	e7d7      	b.n	10004b28 <stdio_put_string+0x88>
10004b78:	000f4240 	.word	0x000f4240
10004b7c:	7fffffff 	.word	0x7fffffff
10004b80:	2000193c 	.word	0x2000193c
10004b84:	100049ad 	.word	0x100049ad
10004b88:	20002580 	.word	0x20002580
10004b8c:	20002588 	.word	0x20002588
10004b90:	1000499d 	.word	0x1000499d

10004b94 <stdio_set_driver_enabled>:
10004b94:	4a0a      	ldr	r2, [pc, #40]	@ (10004bc0 <stdio_set_driver_enabled+0x2c>)
10004b96:	6813      	ldr	r3, [r2, #0]
10004b98:	2b00      	cmp	r3, #0
10004b9a:	d105      	bne.n	10004ba8 <stdio_set_driver_enabled+0x14>
10004b9c:	e00c      	b.n	10004bb8 <stdio_set_driver_enabled+0x24>
10004b9e:	001a      	movs	r2, r3
10004ba0:	691b      	ldr	r3, [r3, #16]
10004ba2:	3210      	adds	r2, #16
10004ba4:	2b00      	cmp	r3, #0
10004ba6:	d007      	beq.n	10004bb8 <stdio_set_driver_enabled+0x24>
10004ba8:	4283      	cmp	r3, r0
10004baa:	d1f8      	bne.n	10004b9e <stdio_set_driver_enabled+0xa>
10004bac:	2900      	cmp	r1, #0
10004bae:	d102      	bne.n	10004bb6 <stdio_set_driver_enabled+0x22>
10004bb0:	6918      	ldr	r0, [r3, #16]
10004bb2:	6010      	str	r0, [r2, #0]
10004bb4:	6119      	str	r1, [r3, #16]
10004bb6:	4770      	bx	lr
10004bb8:	2900      	cmp	r1, #0
10004bba:	d0fc      	beq.n	10004bb6 <stdio_set_driver_enabled+0x22>
10004bbc:	6010      	str	r0, [r2, #0]
10004bbe:	e7fa      	b.n	10004bb6 <stdio_set_driver_enabled+0x22>
10004bc0:	20002580 	.word	0x20002580

10004bc4 <stdio_flush>:
10004bc4:	4b08      	ldr	r3, [pc, #32]	@ (10004be8 <stdio_flush+0x24>)
10004bc6:	b510      	push	{r4, lr}
10004bc8:	681c      	ldr	r4, [r3, #0]
10004bca:	2c00      	cmp	r4, #0
10004bcc:	d006      	beq.n	10004bdc <stdio_flush+0x18>
10004bce:	6863      	ldr	r3, [r4, #4]
10004bd0:	2b00      	cmp	r3, #0
10004bd2:	d004      	beq.n	10004bde <stdio_flush+0x1a>
10004bd4:	4798      	blx	r3
10004bd6:	6924      	ldr	r4, [r4, #16]
10004bd8:	2c00      	cmp	r4, #0
10004bda:	d1f8      	bne.n	10004bce <stdio_flush+0xa>
10004bdc:	bd10      	pop	{r4, pc}
10004bde:	6924      	ldr	r4, [r4, #16]
10004be0:	2c00      	cmp	r4, #0
10004be2:	d1f4      	bne.n	10004bce <stdio_flush+0xa>
10004be4:	e7fa      	b.n	10004bdc <stdio_flush+0x18>
10004be6:	46c0      	nop			@ (mov r8, r8)
10004be8:	20002580 	.word	0x20002580

10004bec <stdio_init_all>:
10004bec:	b510      	push	{r4, lr}
10004bee:	f000 f9f5 	bl	10004fdc <stdio_uart_init>
10004bf2:	f000 fc2d 	bl	10005450 <stdio_usb_init>
10004bf6:	2001      	movs	r0, #1
10004bf8:	bd10      	pop	{r4, pc}
10004bfa:	46c0      	nop			@ (mov r8, r8)

10004bfc <stdio_getchar_timeout_us>:
10004bfc:	b5f0      	push	{r4, r5, r6, r7, lr}
10004bfe:	46ce      	mov	lr, r9
10004c00:	4647      	mov	r7, r8
10004c02:	0004      	movs	r4, r0
10004c04:	b580      	push	{r7, lr}
10004c06:	b083      	sub	sp, #12
10004c08:	f7fc fe30 	bl	1000186c <time_us_64>
10004c0c:	0026      	movs	r6, r4
10004c0e:	2700      	movs	r7, #0
10004c10:	1836      	adds	r6, r6, r0
10004c12:	414f      	adcs	r7, r1
10004c14:	2f00      	cmp	r7, #0
10004c16:	da02      	bge.n	10004c1e <stdio_getchar_timeout_us+0x22>
10004c18:	2601      	movs	r6, #1
10004c1a:	4f1a      	ldr	r7, [pc, #104]	@ (10004c84 <stdio_getchar_timeout_us+0x88>)
10004c1c:	4276      	negs	r6, r6
10004c1e:	4b1a      	ldr	r3, [pc, #104]	@ (10004c88 <stdio_getchar_timeout_us+0x8c>)
10004c20:	4d1a      	ldr	r5, [pc, #104]	@ (10004c8c <stdio_getchar_timeout_us+0x90>)
10004c22:	4699      	mov	r9, r3
10004c24:	ab01      	add	r3, sp, #4
10004c26:	4698      	mov	r8, r3
10004c28:	464b      	mov	r3, r9
10004c2a:	681c      	ldr	r4, [r3, #0]
10004c2c:	2c00      	cmp	r4, #0
10004c2e:	d103      	bne.n	10004c38 <stdio_getchar_timeout_us+0x3c>
10004c30:	e016      	b.n	10004c60 <stdio_getchar_timeout_us+0x64>
10004c32:	6924      	ldr	r4, [r4, #16]
10004c34:	2c00      	cmp	r4, #0
10004c36:	d013      	beq.n	10004c60 <stdio_getchar_timeout_us+0x64>
10004c38:	682b      	ldr	r3, [r5, #0]
10004c3a:	2b00      	cmp	r3, #0
10004c3c:	d001      	beq.n	10004c42 <stdio_getchar_timeout_us+0x46>
10004c3e:	429c      	cmp	r4, r3
10004c40:	d1f7      	bne.n	10004c32 <stdio_getchar_timeout_us+0x36>
10004c42:	68a3      	ldr	r3, [r4, #8]
10004c44:	2b00      	cmp	r3, #0
10004c46:	d0f4      	beq.n	10004c32 <stdio_getchar_timeout_us+0x36>
10004c48:	2101      	movs	r1, #1
10004c4a:	4640      	mov	r0, r8
10004c4c:	4798      	blx	r3
10004c4e:	2800      	cmp	r0, #0
10004c50:	ddef      	ble.n	10004c32 <stdio_getchar_timeout_us+0x36>
10004c52:	4643      	mov	r3, r8
10004c54:	7818      	ldrb	r0, [r3, #0]
10004c56:	b003      	add	sp, #12
10004c58:	bcc0      	pop	{r6, r7}
10004c5a:	46b9      	mov	r9, r7
10004c5c:	46b0      	mov	r8, r6
10004c5e:	bdf0      	pop	{r4, r5, r6, r7, pc}
10004c60:	4b0b      	ldr	r3, [pc, #44]	@ (10004c90 <stdio_getchar_timeout_us+0x94>)
10004c62:	6a5a      	ldr	r2, [r3, #36]	@ 0x24
10004c64:	4297      	cmp	r7, r2
10004c66:	d807      	bhi.n	10004c78 <stdio_getchar_timeout_us+0x7c>
10004c68:	6a9b      	ldr	r3, [r3, #40]	@ 0x28
10004c6a:	42b3      	cmp	r3, r6
10004c6c:	d302      	bcc.n	10004c74 <stdio_getchar_timeout_us+0x78>
10004c6e:	2002      	movs	r0, #2
10004c70:	4240      	negs	r0, r0
10004c72:	e7f0      	b.n	10004c56 <stdio_getchar_timeout_us+0x5a>
10004c74:	4297      	cmp	r7, r2
10004c76:	d1fa      	bne.n	10004c6e <stdio_getchar_timeout_us+0x72>
10004c78:	2001      	movs	r0, #1
10004c7a:	2100      	movs	r1, #0
10004c7c:	f7fc fe00 	bl	10001880 <busy_wait_us>
10004c80:	e7d2      	b.n	10004c28 <stdio_getchar_timeout_us+0x2c>
10004c82:	46c0      	nop			@ (mov r8, r8)
10004c84:	7fffffff 	.word	0x7fffffff
10004c88:	20002580 	.word	0x20002580
10004c8c:	20002588 	.word	0x20002588
10004c90:	40054000 	.word	0x40054000

10004c94 <__wrap_putchar>:
10004c94:	b5f0      	push	{r4, r5, r6, r7, lr}
10004c96:	46ce      	mov	lr, r9
10004c98:	4647      	mov	r7, r8
10004c9a:	b580      	push	{r7, lr}
10004c9c:	b083      	sub	sp, #12
10004c9e:	466b      	mov	r3, sp
10004ca0:	0006      	movs	r6, r0
10004ca2:	1ddd      	adds	r5, r3, #7
10004ca4:	7028      	strb	r0, [r5, #0]
10004ca6:	f7fc fde1 	bl	1000186c <time_us_64>
10004caa:	2300      	movs	r3, #0
10004cac:	4a19      	ldr	r2, [pc, #100]	@ (10004d14 <__wrap_putchar+0x80>)
10004cae:	1812      	adds	r2, r2, r0
10004cb0:	414b      	adcs	r3, r1
10004cb2:	2b00      	cmp	r3, #0
10004cb4:	da02      	bge.n	10004cbc <__wrap_putchar+0x28>
10004cb6:	2201      	movs	r2, #1
10004cb8:	4b17      	ldr	r3, [pc, #92]	@ (10004d18 <__wrap_putchar+0x84>)
10004cba:	4252      	negs	r2, r2
10004cbc:	4917      	ldr	r1, [pc, #92]	@ (10004d1c <__wrap_putchar+0x88>)
10004cbe:	0008      	movs	r0, r1
10004cc0:	4689      	mov	r9, r1
10004cc2:	f002 fef1 	bl	10007aa8 <__mutex_try_enter_block_until_veneer>
10004cc6:	4b16      	ldr	r3, [pc, #88]	@ (10004d20 <__wrap_putchar+0x8c>)
10004cc8:	4680      	mov	r8, r0
10004cca:	681c      	ldr	r4, [r3, #0]
10004ccc:	2c00      	cmp	r4, #0
10004cce:	d014      	beq.n	10004cfa <__wrap_putchar+0x66>
10004cd0:	4f14      	ldr	r7, [pc, #80]	@ (10004d24 <__wrap_putchar+0x90>)
10004cd2:	e002      	b.n	10004cda <__wrap_putchar+0x46>
10004cd4:	6924      	ldr	r4, [r4, #16]
10004cd6:	2c00      	cmp	r4, #0
10004cd8:	d00f      	beq.n	10004cfa <__wrap_putchar+0x66>
10004cda:	6823      	ldr	r3, [r4, #0]
10004cdc:	2b00      	cmp	r3, #0
10004cde:	d0f9      	beq.n	10004cd4 <__wrap_putchar+0x40>
10004ce0:	683b      	ldr	r3, [r7, #0]
10004ce2:	2b00      	cmp	r3, #0
10004ce4:	d001      	beq.n	10004cea <__wrap_putchar+0x56>
10004ce6:	429c      	cmp	r4, r3
10004ce8:	d1f4      	bne.n	10004cd4 <__wrap_putchar+0x40>
10004cea:	0020      	movs	r0, r4
10004cec:	2201      	movs	r2, #1
10004cee:	0029      	movs	r1, r5
10004cf0:	f7ff fe5c 	bl	100049ac <stdio_out_chars_crlf>
10004cf4:	6924      	ldr	r4, [r4, #16]
10004cf6:	2c00      	cmp	r4, #0
10004cf8:	d1ef      	bne.n	10004cda <__wrap_putchar+0x46>
10004cfa:	4643      	mov	r3, r8
10004cfc:	2b00      	cmp	r3, #0
10004cfe:	d105      	bne.n	10004d0c <__wrap_putchar+0x78>
10004d00:	0030      	movs	r0, r6
10004d02:	b003      	add	sp, #12
10004d04:	bcc0      	pop	{r6, r7}
10004d06:	46b9      	mov	r9, r7
10004d08:	46b0      	mov	r8, r6
10004d0a:	bdf0      	pop	{r4, r5, r6, r7, pc}
10004d0c:	4648      	mov	r0, r9
10004d0e:	f002 fe93 	bl	10007a38 <__mutex_exit_veneer>
10004d12:	e7f5      	b.n	10004d00 <__wrap_putchar+0x6c>
10004d14:	000f4240 	.word	0x000f4240
10004d18:	7fffffff 	.word	0x7fffffff
10004d1c:	2000193c 	.word	0x2000193c
10004d20:	20002580 	.word	0x20002580
10004d24:	20002588 	.word	0x20002588

10004d28 <__wrap_puts>:
10004d28:	b570      	push	{r4, r5, r6, lr}
10004d2a:	0004      	movs	r4, r0
10004d2c:	f002 fdf2 	bl	10007914 <strlen>
10004d30:	2301      	movs	r3, #1
10004d32:	0001      	movs	r1, r0
10004d34:	0005      	movs	r5, r0
10004d36:	2201      	movs	r2, #1
10004d38:	0020      	movs	r0, r4
10004d3a:	f7ff feb1 	bl	10004aa0 <stdio_put_string>
10004d3e:	4b08      	ldr	r3, [pc, #32]	@ (10004d60 <__wrap_puts+0x38>)
10004d40:	681c      	ldr	r4, [r3, #0]
10004d42:	2c00      	cmp	r4, #0
10004d44:	d006      	beq.n	10004d54 <__wrap_puts+0x2c>
10004d46:	6863      	ldr	r3, [r4, #4]
10004d48:	2b00      	cmp	r3, #0
10004d4a:	d005      	beq.n	10004d58 <__wrap_puts+0x30>
10004d4c:	4798      	blx	r3
10004d4e:	6924      	ldr	r4, [r4, #16]
10004d50:	2c00      	cmp	r4, #0
10004d52:	d1f8      	bne.n	10004d46 <__wrap_puts+0x1e>
10004d54:	0028      	movs	r0, r5
10004d56:	bd70      	pop	{r4, r5, r6, pc}
10004d58:	6924      	ldr	r4, [r4, #16]
10004d5a:	2c00      	cmp	r4, #0
10004d5c:	d1f3      	bne.n	10004d46 <__wrap_puts+0x1e>
10004d5e:	e7f9      	b.n	10004d54 <__wrap_puts+0x2c>
10004d60:	20002580 	.word	0x20002580

10004d64 <__wrap_vprintf>:
10004d64:	b5f0      	push	{r4, r5, r6, r7, lr}
10004d66:	46ce      	mov	lr, r9
10004d68:	4647      	mov	r7, r8
10004d6a:	b580      	push	{r7, lr}
10004d6c:	b0a3      	sub	sp, #140	@ 0x8c
10004d6e:	0004      	movs	r4, r0
10004d70:	000e      	movs	r6, r1
10004d72:	f7fc fd7b 	bl	1000186c <time_us_64>
10004d76:	2300      	movs	r3, #0
10004d78:	4a26      	ldr	r2, [pc, #152]	@ (10004e14 <__wrap_vprintf+0xb0>)
10004d7a:	1812      	adds	r2, r2, r0
10004d7c:	414b      	adcs	r3, r1
10004d7e:	2b00      	cmp	r3, #0
10004d80:	da02      	bge.n	10004d88 <__wrap_vprintf+0x24>
10004d82:	2201      	movs	r2, #1
10004d84:	4b24      	ldr	r3, [pc, #144]	@ (10004e18 <__wrap_vprintf+0xb4>)
10004d86:	4252      	negs	r2, r2
10004d88:	4824      	ldr	r0, [pc, #144]	@ (10004e1c <__wrap_vprintf+0xb8>)
10004d8a:	f002 fe8d 	bl	10007aa8 <__mutex_try_enter_block_until_veneer>
10004d8e:	2300      	movs	r3, #0
10004d90:	0022      	movs	r2, r4
10004d92:	9301      	str	r3, [sp, #4]
10004d94:	4680      	mov	r8, r0
10004d96:	0033      	movs	r3, r6
10004d98:	4821      	ldr	r0, [pc, #132]	@ (10004e20 <__wrap_vprintf+0xbc>)
10004d9a:	a901      	add	r1, sp, #4
10004d9c:	f7ff fdba 	bl	10004914 <vfctprintf>
10004da0:	4f20      	ldr	r7, [pc, #128]	@ (10004e24 <__wrap_vprintf+0xc0>)
10004da2:	9b01      	ldr	r3, [sp, #4]
10004da4:	4681      	mov	r9, r0
10004da6:	683c      	ldr	r4, [r7, #0]
10004da8:	2b00      	cmp	r3, #0
10004daa:	d019      	beq.n	10004de0 <__wrap_vprintf+0x7c>
10004dac:	2c00      	cmp	r4, #0
10004dae:	d02f      	beq.n	10004e10 <__wrap_vprintf+0xac>
10004db0:	4e1d      	ldr	r6, [pc, #116]	@ (10004e28 <__wrap_vprintf+0xc4>)
10004db2:	e002      	b.n	10004dba <__wrap_vprintf+0x56>
10004db4:	6924      	ldr	r4, [r4, #16]
10004db6:	2c00      	cmp	r4, #0
10004db8:	d00f      	beq.n	10004dda <__wrap_vprintf+0x76>
10004dba:	6823      	ldr	r3, [r4, #0]
10004dbc:	2b00      	cmp	r3, #0
10004dbe:	d0f9      	beq.n	10004db4 <__wrap_vprintf+0x50>
10004dc0:	6833      	ldr	r3, [r6, #0]
10004dc2:	2b00      	cmp	r3, #0
10004dc4:	d001      	beq.n	10004dca <__wrap_vprintf+0x66>
10004dc6:	42a3      	cmp	r3, r4
10004dc8:	d1f4      	bne.n	10004db4 <__wrap_vprintf+0x50>
10004dca:	0020      	movs	r0, r4
10004dcc:	9a01      	ldr	r2, [sp, #4]
10004dce:	a902      	add	r1, sp, #8
10004dd0:	f7ff fdec 	bl	100049ac <stdio_out_chars_crlf>
10004dd4:	6924      	ldr	r4, [r4, #16]
10004dd6:	2c00      	cmp	r4, #0
10004dd8:	d1ef      	bne.n	10004dba <__wrap_vprintf+0x56>
10004dda:	2300      	movs	r3, #0
10004ddc:	683c      	ldr	r4, [r7, #0]
10004dde:	9301      	str	r3, [sp, #4]
10004de0:	2c00      	cmp	r4, #0
10004de2:	d006      	beq.n	10004df2 <__wrap_vprintf+0x8e>
10004de4:	6863      	ldr	r3, [r4, #4]
10004de6:	2b00      	cmp	r3, #0
10004de8:	d00c      	beq.n	10004e04 <__wrap_vprintf+0xa0>
10004dea:	4798      	blx	r3
10004dec:	6924      	ldr	r4, [r4, #16]
10004dee:	2c00      	cmp	r4, #0
10004df0:	d1f8      	bne.n	10004de4 <__wrap_vprintf+0x80>
10004df2:	4643      	mov	r3, r8
10004df4:	2b00      	cmp	r3, #0
10004df6:	d107      	bne.n	10004e08 <__wrap_vprintf+0xa4>
10004df8:	4648      	mov	r0, r9
10004dfa:	b023      	add	sp, #140	@ 0x8c
10004dfc:	bcc0      	pop	{r6, r7}
10004dfe:	46b9      	mov	r9, r7
10004e00:	46b0      	mov	r8, r6
10004e02:	bdf0      	pop	{r4, r5, r6, r7, pc}
10004e04:	6924      	ldr	r4, [r4, #16]
10004e06:	e7eb      	b.n	10004de0 <__wrap_vprintf+0x7c>
10004e08:	4804      	ldr	r0, [pc, #16]	@ (10004e1c <__wrap_vprintf+0xb8>)
10004e0a:	f002 fe15 	bl	10007a38 <__mutex_exit_veneer>
10004e0e:	e7f3      	b.n	10004df8 <__wrap_vprintf+0x94>
10004e10:	9401      	str	r4, [sp, #4]
10004e12:	e7ee      	b.n	10004df2 <__wrap_vprintf+0x8e>
10004e14:	000f4240 	.word	0x000f4240
10004e18:	7fffffff 	.word	0x7fffffff
10004e1c:	2000193c 	.word	0x2000193c
10004e20:	10004a3d 	.word	0x10004a3d
10004e24:	20002580 	.word	0x20002580
10004e28:	20002588 	.word	0x20002588

10004e2c <__wrap_printf>:
10004e2c:	b40f      	push	{r0, r1, r2, r3}
10004e2e:	b500      	push	{lr}
10004e30:	b083      	sub	sp, #12
10004e32:	a904      	add	r1, sp, #16
10004e34:	c901      	ldmia	r1!, {r0}
10004e36:	9101      	str	r1, [sp, #4]
10004e38:	f7ff ff94 	bl	10004d64 <__wrap_vprintf>
10004e3c:	b003      	add	sp, #12
10004e3e:	bc08      	pop	{r3}
10004e40:	b004      	add	sp, #16
10004e42:	4718      	bx	r3

10004e44 <stdio_uart_out_chars>:
10004e44:	b5f0      	push	{r4, r5, r6, r7, lr}
10004e46:	2900      	cmp	r1, #0
10004e48:	dd15      	ble.n	10004e76 <stdio_uart_out_chars+0x32>
10004e4a:	4b0e      	ldr	r3, [pc, #56]	@ (10004e84 <stdio_uart_out_chars+0x40>)
10004e4c:	270d      	movs	r7, #13
10004e4e:	681a      	ldr	r2, [r3, #0]
10004e50:	4b0d      	ldr	r3, [pc, #52]	@ (10004e88 <stdio_uart_out_chars+0x44>)
10004e52:	4c0e      	ldr	r4, [pc, #56]	@ (10004e8c <stdio_uart_out_chars+0x48>)
10004e54:	18d3      	adds	r3, r2, r3
10004e56:	425d      	negs	r5, r3
10004e58:	416b      	adcs	r3, r5
10004e5a:	1845      	adds	r5, r0, r1
10004e5c:	2120      	movs	r1, #32
10004e5e:	005b      	lsls	r3, r3, #1
10004e60:	5f1e      	ldrsh	r6, [r3, r4]
10004e62:	7804      	ldrb	r4, [r0, #0]
10004e64:	42a6      	cmp	r6, r4
10004e66:	d007      	beq.n	10004e78 <stdio_uart_out_chars+0x34>
10004e68:	6993      	ldr	r3, [r2, #24]
10004e6a:	4219      	tst	r1, r3
10004e6c:	d1fc      	bne.n	10004e68 <stdio_uart_out_chars+0x24>
10004e6e:	3001      	adds	r0, #1
10004e70:	6014      	str	r4, [r2, #0]
10004e72:	42a8      	cmp	r0, r5
10004e74:	d1f5      	bne.n	10004e62 <stdio_uart_out_chars+0x1e>
10004e76:	bdf0      	pop	{r4, r5, r6, r7, pc}
10004e78:	6993      	ldr	r3, [r2, #24]
10004e7a:	4219      	tst	r1, r3
10004e7c:	d1fc      	bne.n	10004e78 <stdio_uart_out_chars+0x34>
10004e7e:	6017      	str	r7, [r2, #0]
10004e80:	e7f2      	b.n	10004e68 <stdio_uart_out_chars+0x24>
10004e82:	46c0      	nop			@ (mov r8, r8)
10004e84:	20002c0c 	.word	0x20002c0c
10004e88:	bffc8000 	.word	0xbffc8000
10004e8c:	20002c08 	.word	0x20002c08

10004e90 <stdio_uart_in_chars>:
10004e90:	4b1f      	ldr	r3, [pc, #124]	@ (10004f10 <stdio_uart_in_chars+0x80>)
10004e92:	b530      	push	{r4, r5, lr}
10004e94:	681b      	ldr	r3, [r3, #0]
10004e96:	1e0d      	subs	r5, r1, #0
10004e98:	469c      	mov	ip, r3
10004e9a:	dd2a      	ble.n	10004ef2 <stdio_uart_in_chars+0x62>
10004e9c:	1e44      	subs	r4, r0, #1
10004e9e:	2110      	movs	r1, #16
10004ea0:	2000      	movs	r0, #0
10004ea2:	4b1c      	ldr	r3, [pc, #112]	@ (10004f14 <stdio_uart_in_chars+0x84>)
10004ea4:	681a      	ldr	r2, [r3, #0]
10004ea6:	6993      	ldr	r3, [r2, #24]
10004ea8:	4219      	tst	r1, r3
10004eaa:	d114      	bne.n	10004ed6 <stdio_uart_in_chars+0x46>
10004eac:	3001      	adds	r0, #1
10004eae:	6993      	ldr	r3, [r2, #24]
10004eb0:	4219      	tst	r1, r3
10004eb2:	d1fc      	bne.n	10004eae <stdio_uart_in_chars+0x1e>
10004eb4:	6813      	ldr	r3, [r2, #0]
10004eb6:	5423      	strb	r3, [r4, r0]
10004eb8:	4285      	cmp	r5, r0
10004eba:	d1f4      	bne.n	10004ea6 <stdio_uart_in_chars+0x16>
10004ebc:	4663      	mov	r3, ip
10004ebe:	2b00      	cmp	r3, #0
10004ec0:	d007      	beq.n	10004ed2 <stdio_uart_in_chars+0x42>
10004ec2:	2350      	movs	r3, #80	@ 0x50
10004ec4:	6393      	str	r3, [r2, #56]	@ 0x38
10004ec6:	6b51      	ldr	r1, [r2, #52]	@ 0x34
10004ec8:	3b18      	subs	r3, #24
10004eca:	400b      	ands	r3, r1
10004ecc:	4912      	ldr	r1, [pc, #72]	@ (10004f18 <stdio_uart_in_chars+0x88>)
10004ece:	1852      	adds	r2, r2, r1
10004ed0:	6013      	str	r3, [r2, #0]
10004ed2:	0028      	movs	r0, r5
10004ed4:	bd30      	pop	{r4, r5, pc}
10004ed6:	4663      	mov	r3, ip
10004ed8:	2b00      	cmp	r3, #0
10004eda:	d007      	beq.n	10004eec <stdio_uart_in_chars+0x5c>
10004edc:	2350      	movs	r3, #80	@ 0x50
10004ede:	6393      	str	r3, [r2, #56]	@ 0x38
10004ee0:	6b51      	ldr	r1, [r2, #52]	@ 0x34
10004ee2:	3b18      	subs	r3, #24
10004ee4:	400b      	ands	r3, r1
10004ee6:	490c      	ldr	r1, [pc, #48]	@ (10004f18 <stdio_uart_in_chars+0x88>)
10004ee8:	1852      	adds	r2, r2, r1
10004eea:	6013      	str	r3, [r2, #0]
10004eec:	2800      	cmp	r0, #0
10004eee:	d1f1      	bne.n	10004ed4 <stdio_uart_in_chars+0x44>
10004ef0:	e00b      	b.n	10004f0a <stdio_uart_in_chars+0x7a>
10004ef2:	2b00      	cmp	r3, #0
10004ef4:	d009      	beq.n	10004f0a <stdio_uart_in_chars+0x7a>
10004ef6:	2250      	movs	r2, #80	@ 0x50
10004ef8:	4b06      	ldr	r3, [pc, #24]	@ (10004f14 <stdio_uart_in_chars+0x84>)
10004efa:	681b      	ldr	r3, [r3, #0]
10004efc:	639a      	str	r2, [r3, #56]	@ 0x38
10004efe:	6b59      	ldr	r1, [r3, #52]	@ 0x34
10004f00:	3a18      	subs	r2, #24
10004f02:	400a      	ands	r2, r1
10004f04:	4904      	ldr	r1, [pc, #16]	@ (10004f18 <stdio_uart_in_chars+0x88>)
10004f06:	185b      	adds	r3, r3, r1
10004f08:	601a      	str	r2, [r3, #0]
10004f0a:	2003      	movs	r0, #3
10004f0c:	4240      	negs	r0, r0
10004f0e:	e7e1      	b.n	10004ed4 <stdio_uart_in_chars+0x44>
10004f10:	20002518 	.word	0x20002518
10004f14:	20002c0c 	.word	0x20002c0c
10004f18:	00001034 	.word	0x00001034

10004f1c <on_uart_rx>:
10004f1c:	4b06      	ldr	r3, [pc, #24]	@ (10004f38 <on_uart_rx+0x1c>)
10004f1e:	b510      	push	{r4, lr}
10004f20:	681b      	ldr	r3, [r3, #0]
10004f22:	2b00      	cmp	r3, #0
10004f24:	d006      	beq.n	10004f34 <on_uart_rx+0x18>
10004f26:	2100      	movs	r1, #0
10004f28:	4a04      	ldr	r2, [pc, #16]	@ (10004f3c <on_uart_rx+0x20>)
10004f2a:	6812      	ldr	r2, [r2, #0]
10004f2c:	6391      	str	r1, [r2, #56]	@ 0x38
10004f2e:	4a04      	ldr	r2, [pc, #16]	@ (10004f40 <on_uart_rx+0x24>)
10004f30:	6810      	ldr	r0, [r2, #0]
10004f32:	4798      	blx	r3
10004f34:	bd10      	pop	{r4, pc}
10004f36:	46c0      	nop			@ (mov r8, r8)
10004f38:	20002518 	.word	0x20002518
10004f3c:	20002c0c 	.word	0x20002c0c
10004f40:	20002520 	.word	0x20002520

10004f44 <stdio_uart_out_flush>:
10004f44:	2208      	movs	r2, #8
10004f46:	4b03      	ldr	r3, [pc, #12]	@ (10004f54 <stdio_uart_out_flush+0x10>)
10004f48:	6819      	ldr	r1, [r3, #0]
10004f4a:	698b      	ldr	r3, [r1, #24]
10004f4c:	421a      	tst	r2, r3
10004f4e:	d1fc      	bne.n	10004f4a <stdio_uart_out_flush+0x6>
10004f50:	4770      	bx	lr
10004f52:	46c0      	nop			@ (mov r8, r8)
10004f54:	20002c0c 	.word	0x20002c0c

10004f58 <stdio_uart_set_chars_available_callback>:
10004f58:	b570      	push	{r4, r5, r6, lr}
10004f5a:	4e1a      	ldr	r6, [pc, #104]	@ (10004fc4 <stdio_uart_set_chars_available_callback+0x6c>)
10004f5c:	4b1a      	ldr	r3, [pc, #104]	@ (10004fc8 <stdio_uart_set_chars_available_callback+0x70>)
10004f5e:	6832      	ldr	r2, [r6, #0]
10004f60:	0004      	movs	r4, r0
10004f62:	18d3      	adds	r3, r2, r3
10004f64:	4258      	negs	r0, r3
10004f66:	4143      	adcs	r3, r0
10004f68:	4d18      	ldr	r5, [pc, #96]	@ (10004fcc <stdio_uart_set_chars_available_callback+0x74>)
10004f6a:	3314      	adds	r3, #20
10004f6c:	0018      	movs	r0, r3
10004f6e:	682b      	ldr	r3, [r5, #0]
10004f70:	2c00      	cmp	r4, #0
10004f72:	d002      	beq.n	10004f7a <stdio_uart_set_chars_available_callback+0x22>
10004f74:	2b00      	cmp	r3, #0
10004f76:	d00f      	beq.n	10004f98 <stdio_uart_set_chars_available_callback+0x40>
10004f78:	bd70      	pop	{r4, r5, r6, pc}
10004f7a:	2b00      	cmp	r3, #0
10004f7c:	d0fc      	beq.n	10004f78 <stdio_uart_set_chars_available_callback+0x20>
10004f7e:	0006      	movs	r6, r0
10004f80:	2100      	movs	r1, #0
10004f82:	6394      	str	r4, [r2, #56]	@ 0x38
10004f84:	f7fb fde2 	bl	10000b4c <irq_set_enabled>
10004f88:	0030      	movs	r0, r6
10004f8a:	4911      	ldr	r1, [pc, #68]	@ (10004fd0 <stdio_uart_set_chars_available_callback+0x78>)
10004f8c:	f7fb ff32 	bl	10000df4 <irq_remove_handler>
10004f90:	4b10      	ldr	r3, [pc, #64]	@ (10004fd4 <stdio_uart_set_chars_available_callback+0x7c>)
10004f92:	602c      	str	r4, [r5, #0]
10004f94:	601c      	str	r4, [r3, #0]
10004f96:	e7ef      	b.n	10004f78 <stdio_uart_set_chars_available_callback+0x20>
10004f98:	602c      	str	r4, [r5, #0]
10004f9a:	0004      	movs	r4, r0
10004f9c:	4b0d      	ldr	r3, [pc, #52]	@ (10004fd4 <stdio_uart_set_chars_available_callback+0x7c>)
10004f9e:	6019      	str	r1, [r3, #0]
10004fa0:	490b      	ldr	r1, [pc, #44]	@ (10004fd0 <stdio_uart_set_chars_available_callback+0x78>)
10004fa2:	f7fb fe17 	bl	10000bd4 <irq_set_exclusive_handler>
10004fa6:	2101      	movs	r1, #1
10004fa8:	0020      	movs	r0, r4
10004faa:	f7fb fdcf 	bl	10000b4c <irq_set_enabled>
10004fae:	2250      	movs	r2, #80	@ 0x50
10004fb0:	6833      	ldr	r3, [r6, #0]
10004fb2:	639a      	str	r2, [r3, #56]	@ 0x38
10004fb4:	6b59      	ldr	r1, [r3, #52]	@ 0x34
10004fb6:	3a18      	subs	r2, #24
10004fb8:	400a      	ands	r2, r1
10004fba:	4907      	ldr	r1, [pc, #28]	@ (10004fd8 <stdio_uart_set_chars_available_callback+0x80>)
10004fbc:	185b      	adds	r3, r3, r1
10004fbe:	601a      	str	r2, [r3, #0]
10004fc0:	e7da      	b.n	10004f78 <stdio_uart_set_chars_available_callback+0x20>
10004fc2:	46c0      	nop			@ (mov r8, r8)
10004fc4:	20002c0c 	.word	0x20002c0c
10004fc8:	bffc8000 	.word	0xbffc8000
10004fcc:	20002518 	.word	0x20002518
10004fd0:	10004f1d 	.word	0x10004f1d
10004fd4:	20002520 	.word	0x20002520
10004fd8:	00001034 	.word	0x00001034

10004fdc <stdio_uart_init>:
10004fdc:	4b0d      	ldr	r3, [pc, #52]	@ (10005014 <stdio_uart_init+0x38>)
10004fde:	b510      	push	{r4, lr}
10004fe0:	781b      	ldrb	r3, [r3, #0]
10004fe2:	4b0d      	ldr	r3, [pc, #52]	@ (10005018 <stdio_uart_init+0x3c>)
10004fe4:	4c0d      	ldr	r4, [pc, #52]	@ (1000501c <stdio_uart_init+0x40>)
10004fe6:	781b      	ldrb	r3, [r3, #0]
10004fe8:	4b0d      	ldr	r3, [pc, #52]	@ (10005020 <stdio_uart_init+0x44>)
10004fea:	2102      	movs	r1, #2
10004fec:	781b      	ldrb	r3, [r3, #0]
10004fee:	4b0d      	ldr	r3, [pc, #52]	@ (10005024 <stdio_uart_init+0x48>)
10004ff0:	2000      	movs	r0, #0
10004ff2:	6023      	str	r3, [r4, #0]
10004ff4:	f7fb fc9c 	bl	10000930 <gpio_set_function>
10004ff8:	2102      	movs	r1, #2
10004ffa:	2001      	movs	r0, #1
10004ffc:	f7fb fc98 	bl	10000930 <gpio_set_function>
10005000:	21e1      	movs	r1, #225	@ 0xe1
10005002:	6820      	ldr	r0, [r4, #0]
10005004:	0249      	lsls	r1, r1, #9
10005006:	f7fc fc71 	bl	100018ec <uart_init>
1000500a:	2101      	movs	r1, #1
1000500c:	4806      	ldr	r0, [pc, #24]	@ (10005028 <stdio_uart_init+0x4c>)
1000500e:	f7ff fdc1 	bl	10004b94 <stdio_set_driver_enabled>
10005012:	bd10      	pop	{r4, pc}
10005014:	1000859c 	.word	0x1000859c
10005018:	10008598 	.word	0x10008598
1000501c:	20002c0c 	.word	0x20002c0c
10005020:	10008594 	.word	0x10008594
10005024:	40034000 	.word	0x40034000
10005028:	200018e0 	.word	0x200018e0

1000502c <resetd_init>:
1000502c:	4770      	bx	lr
1000502e:	46c0      	nop			@ (mov r8, r8)

10005030 <resetd_reset>:
10005030:	2200      	movs	r2, #0
10005032:	4b01      	ldr	r3, [pc, #4]	@ (10005038 <resetd_reset+0x8>)
10005034:	701a      	strb	r2, [r3, #0]
10005036:	4770      	bx	lr
10005038:	20002c26 	.word	0x20002c26

1000503c <resetd_open>:
1000503c:	794b      	ldrb	r3, [r1, #5]
1000503e:	2000      	movs	r0, #0
10005040:	2bff      	cmp	r3, #255	@ 0xff
10005042:	d10b      	bne.n	1000505c <resetd_open+0x20>
10005044:	798b      	ldrb	r3, [r1, #6]
10005046:	2b00      	cmp	r3, #0
10005048:	d108      	bne.n	1000505c <resetd_open+0x20>
1000504a:	79cb      	ldrb	r3, [r1, #7]
1000504c:	2b01      	cmp	r3, #1
1000504e:	d105      	bne.n	1000505c <resetd_open+0x20>
10005050:	2a08      	cmp	r2, #8
10005052:	d903      	bls.n	1000505c <resetd_open+0x20>
10005054:	4b02      	ldr	r3, [pc, #8]	@ (10005060 <resetd_open+0x24>)
10005056:	788a      	ldrb	r2, [r1, #2]
10005058:	3009      	adds	r0, #9
1000505a:	701a      	strb	r2, [r3, #0]
1000505c:	4770      	bx	lr
1000505e:	46c0      	nop			@ (mov r8, r8)
10005060:	20002c26 	.word	0x20002c26

10005064 <resetd_xfer_cb>:
10005064:	2001      	movs	r0, #1
10005066:	4770      	bx	lr

10005068 <resetd_control_xfer_cb>:
10005068:	b510      	push	{r4, lr}
1000506a:	2901      	cmp	r1, #1
1000506c:	d113      	bne.n	10005096 <resetd_control_xfer_cb+0x2e>
1000506e:	4912      	ldr	r1, [pc, #72]	@ (100050b8 <resetd_control_xfer_cb+0x50>)
10005070:	7953      	ldrb	r3, [r2, #5]
10005072:	7910      	ldrb	r0, [r2, #4]
10005074:	7809      	ldrb	r1, [r1, #0]
10005076:	021b      	lsls	r3, r3, #8
10005078:	4303      	orrs	r3, r0
1000507a:	2000      	movs	r0, #0
1000507c:	4299      	cmp	r1, r3
1000507e:	d000      	beq.n	10005082 <resetd_control_xfer_cb+0x1a>
10005080:	bd10      	pop	{r4, pc}
10005082:	7853      	ldrb	r3, [r2, #1]
10005084:	2b01      	cmp	r3, #1
10005086:	d008      	beq.n	1000509a <resetd_control_xfer_cb+0x32>
10005088:	2b02      	cmp	r3, #2
1000508a:	d1f9      	bne.n	10005080 <resetd_control_xfer_cb+0x18>
1000508c:	2264      	movs	r2, #100	@ 0x64
1000508e:	2100      	movs	r1, #0
10005090:	2000      	movs	r0, #0
10005092:	f7fd f81b 	bl	100020cc <watchdog_reboot>
10005096:	2001      	movs	r0, #1
10005098:	e7f2      	b.n	10005080 <resetd_control_xfer_cb+0x18>
1000509a:	78d3      	ldrb	r3, [r2, #3]
1000509c:	7891      	ldrb	r1, [r2, #2]
1000509e:	021b      	lsls	r3, r3, #8
100050a0:	4319      	orrs	r1, r3
100050a2:	0a48      	lsrs	r0, r1, #9
100050a4:	05db      	lsls	r3, r3, #23
100050a6:	d401      	bmi.n	100050ac <resetd_control_xfer_cb+0x44>
100050a8:	2001      	movs	r0, #1
100050aa:	4240      	negs	r0, r0
100050ac:	237f      	movs	r3, #127	@ 0x7f
100050ae:	058a      	lsls	r2, r1, #22
100050b0:	0fd2      	lsrs	r2, r2, #31
100050b2:	4019      	ands	r1, r3
100050b4:	f7fd f8a0 	bl	100021f8 <rom_reset_usb_boot_extra>
100050b8:	20002c26 	.word	0x20002c26

100050bc <tud_descriptor_bos_cb>:
100050bc:	4800      	ldr	r0, [pc, #0]	@ (100050c0 <tud_descriptor_bos_cb+0x4>)
100050be:	4770      	bx	lr
100050c0:	100082d8 	.word	0x100082d8

100050c4 <tud_vendor_control_xfer_cb>:
100050c4:	4694      	mov	ip, r2
100050c6:	2301      	movs	r3, #1
100050c8:	b510      	push	{r4, lr}
100050ca:	2901      	cmp	r1, #1
100050cc:	d10a      	bne.n	100050e4 <tud_vendor_control_xfer_cb+0x20>
100050ce:	7852      	ldrb	r2, [r2, #1]
100050d0:	2300      	movs	r3, #0
100050d2:	2a01      	cmp	r2, #1
100050d4:	d106      	bne.n	100050e4 <tud_vendor_control_xfer_cb+0x20>
100050d6:	4662      	mov	r2, ip
100050d8:	7911      	ldrb	r1, [r2, #4]
100050da:	7952      	ldrb	r2, [r2, #5]
100050dc:	0212      	lsls	r2, r2, #8
100050de:	430a      	orrs	r2, r1
100050e0:	2a07      	cmp	r2, #7
100050e2:	d001      	beq.n	100050e8 <tud_vendor_control_xfer_cb+0x24>
100050e4:	0018      	movs	r0, r3
100050e6:	bd10      	pop	{r4, pc}
100050e8:	33a6      	adds	r3, #166	@ 0xa6
100050ea:	4661      	mov	r1, ip
100050ec:	4a02      	ldr	r2, [pc, #8]	@ (100050f8 <tud_vendor_control_xfer_cb+0x34>)
100050ee:	f001 fa51 	bl	10006594 <tud_control_xfer>
100050f2:	0003      	movs	r3, r0
100050f4:	e7f6      	b.n	100050e4 <tud_vendor_control_xfer_cb+0x20>
100050f6:	46c0      	nop			@ (mov r8, r8)
100050f8:	10008230 	.word	0x10008230

100050fc <usbd_app_driver_get_cb>:
100050fc:	2301      	movs	r3, #1
100050fe:	7003      	strb	r3, [r0, #0]
10005100:	4800      	ldr	r0, [pc, #0]	@ (10005104 <usbd_app_driver_get_cb+0x8>)
10005102:	4770      	bx	lr
10005104:	10008210 	.word	0x10008210

10005108 <tud_cdc_line_coding_cb>:
10005108:	784b      	ldrb	r3, [r1, #1]
1000510a:	780a      	ldrb	r2, [r1, #0]
1000510c:	021b      	lsls	r3, r3, #8
1000510e:	4313      	orrs	r3, r2
10005110:	788a      	ldrb	r2, [r1, #2]
10005112:	b510      	push	{r4, lr}
10005114:	0412      	lsls	r2, r2, #16
10005116:	431a      	orrs	r2, r3
10005118:	78cb      	ldrb	r3, [r1, #3]
1000511a:	061b      	lsls	r3, r3, #24
1000511c:	4313      	orrs	r3, r2
1000511e:	2296      	movs	r2, #150	@ 0x96
10005120:	00d2      	lsls	r2, r2, #3
10005122:	4293      	cmp	r3, r2
10005124:	d000      	beq.n	10005128 <tud_cdc_line_coding_cb+0x20>
10005126:	bd10      	pop	{r4, pc}
10005128:	2200      	movs	r2, #0
1000512a:	2001      	movs	r0, #1
1000512c:	0011      	movs	r1, r2
1000512e:	4240      	negs	r0, r0
10005130:	f7fd f862 	bl	100021f8 <rom_reset_usb_boot_extra>

10005134 <stdio_usb_set_chars_available_callback>:
10005134:	4b02      	ldr	r3, [pc, #8]	@ (10005140 <stdio_usb_set_chars_available_callback+0xc>)
10005136:	6018      	str	r0, [r3, #0]
10005138:	4b02      	ldr	r3, [pc, #8]	@ (10005144 <stdio_usb_set_chars_available_callback+0x10>)
1000513a:	6019      	str	r1, [r3, #0]
1000513c:	4770      	bx	lr
1000513e:	46c0      	nop			@ (mov r8, r8)
10005140:	2000251c 	.word	0x2000251c
10005144:	20002524 	.word	0x20002524

10005148 <usb_irq>:
10005148:	b510      	push	{r4, lr}
1000514a:	4b02      	ldr	r3, [pc, #8]	@ (10005154 <usb_irq+0xc>)
1000514c:	7818      	ldrb	r0, [r3, #0]
1000514e:	f7fb fd29 	bl	10000ba4 <irq_set_pending>
10005152:	bd10      	pop	{r4, pc}
10005154:	20002c27 	.word	0x20002c27

10005158 <timer_task>:
10005158:	4b15      	ldr	r3, [pc, #84]	@ (100051b0 <timer_task+0x58>)
1000515a:	b570      	push	{r4, r5, r6, lr}
1000515c:	681a      	ldr	r2, [r3, #0]
1000515e:	2a00      	cmp	r2, #0
10005160:	d022      	beq.n	100051a8 <timer_task+0x50>
10005162:	f3ef 8110 	mrs	r1, PRIMASK
10005166:	b672      	cpsid	i
10005168:	6810      	ldr	r0, [r2, #0]
1000516a:	2800      	cmp	r0, #0
1000516c:	d0fc      	beq.n	10005168 <timer_task+0x10>
1000516e:	f3bf 8f5f 	dmb	sy
10005172:	2000      	movs	r0, #0
10005174:	4a0f      	ldr	r2, [pc, #60]	@ (100051b4 <timer_task+0x5c>)
10005176:	6059      	str	r1, [r3, #4]
10005178:	7010      	strb	r0, [r2, #0]
1000517a:	681b      	ldr	r3, [r3, #0]
1000517c:	f3bf 8f5f 	dmb	sy
10005180:	6018      	str	r0, [r3, #0]
10005182:	f381 8810 	msr	PRIMASK, r1
10005186:	2400      	movs	r4, #0
10005188:	2500      	movs	r5, #0
1000518a:	4e0b      	ldr	r6, [pc, #44]	@ (100051b8 <timer_task+0x60>)
1000518c:	7830      	ldrb	r0, [r6, #0]
1000518e:	f7fb fcef 	bl	10000b70 <irq_is_enabled>
10005192:	2800      	cmp	r0, #0
10005194:	d104      	bne.n	100051a0 <timer_task+0x48>
10005196:	2400      	movs	r4, #0
10005198:	2500      	movs	r5, #0
1000519a:	0029      	movs	r1, r5
1000519c:	0020      	movs	r0, r4
1000519e:	bd70      	pop	{r4, r5, r6, pc}
100051a0:	7830      	ldrb	r0, [r6, #0]
100051a2:	f7fb fcff 	bl	10000ba4 <irq_set_pending>
100051a6:	e7f8      	b.n	1000519a <timer_task+0x42>
100051a8:	24fa      	movs	r4, #250	@ 0xfa
100051aa:	2500      	movs	r5, #0
100051ac:	00a4      	lsls	r4, r4, #2
100051ae:	e7ec      	b.n	1000518a <timer_task+0x32>
100051b0:	200029a0 	.word	0x200029a0
100051b4:	20002c28 	.word	0x20002c28
100051b8:	20002c27 	.word	0x20002c27

100051bc <stdio_usb_in_chars>:
100051bc:	b570      	push	{r4, r5, r6, lr}
100051be:	0005      	movs	r5, r0
100051c0:	2000      	movs	r0, #0
100051c2:	000e      	movs	r6, r1
100051c4:	f001 faf6 	bl	100067b4 <tud_cdc_n_connected>
100051c8:	2800      	cmp	r0, #0
100051ca:	d034      	beq.n	10005236 <stdio_usb_in_chars+0x7a>
100051cc:	2000      	movs	r0, #0
100051ce:	f001 fb0b 	bl	100067e8 <tud_cdc_n_available>
100051d2:	2800      	cmp	r0, #0
100051d4:	d02f      	beq.n	10005236 <stdio_usb_in_chars+0x7a>
100051d6:	f7fc fb49 	bl	1000186c <time_us_64>
100051da:	2300      	movs	r3, #0
100051dc:	4a17      	ldr	r2, [pc, #92]	@ (1000523c <stdio_usb_in_chars+0x80>)
100051de:	1812      	adds	r2, r2, r0
100051e0:	414b      	adcs	r3, r1
100051e2:	2b00      	cmp	r3, #0
100051e4:	db16      	blt.n	10005214 <stdio_usb_in_chars+0x58>
100051e6:	4c16      	ldr	r4, [pc, #88]	@ (10005240 <stdio_usb_in_chars+0x84>)
100051e8:	0020      	movs	r0, r4
100051ea:	f002 fc5d 	bl	10007aa8 <__mutex_try_enter_block_until_veneer>
100051ee:	2800      	cmp	r0, #0
100051f0:	d021      	beq.n	10005236 <stdio_usb_in_chars+0x7a>
100051f2:	2000      	movs	r0, #0
100051f4:	f001 fade 	bl	100067b4 <tud_cdc_n_connected>
100051f8:	2800      	cmp	r0, #0
100051fa:	d10f      	bne.n	1000521c <stdio_usb_in_chars+0x60>
100051fc:	2001      	movs	r0, #1
100051fe:	2100      	movs	r1, #0
10005200:	4240      	negs	r0, r0
10005202:	f000 fcfd 	bl	10005c00 <tud_task_ext>
10005206:	2503      	movs	r5, #3
10005208:	426d      	negs	r5, r5
1000520a:	0020      	movs	r0, r4
1000520c:	f002 fc14 	bl	10007a38 <__mutex_exit_veneer>
10005210:	0028      	movs	r0, r5
10005212:	bd70      	pop	{r4, r5, r6, pc}
10005214:	2201      	movs	r2, #1
10005216:	4b0b      	ldr	r3, [pc, #44]	@ (10005244 <stdio_usb_in_chars+0x88>)
10005218:	4252      	negs	r2, r2
1000521a:	e7e4      	b.n	100051e6 <stdio_usb_in_chars+0x2a>
1000521c:	2000      	movs	r0, #0
1000521e:	f001 fae3 	bl	100067e8 <tud_cdc_n_available>
10005222:	2800      	cmp	r0, #0
10005224:	d0ea      	beq.n	100051fc <stdio_usb_in_chars+0x40>
10005226:	0029      	movs	r1, r5
10005228:	0032      	movs	r2, r6
1000522a:	2000      	movs	r0, #0
1000522c:	f001 faea 	bl	10006804 <tud_cdc_n_read>
10005230:	1e05      	subs	r5, r0, #0
10005232:	d1ea      	bne.n	1000520a <stdio_usb_in_chars+0x4e>
10005234:	e7e7      	b.n	10005206 <stdio_usb_in_chars+0x4a>
10005236:	2503      	movs	r5, #3
10005238:	426d      	negs	r5, r5
1000523a:	e7e9      	b.n	10005210 <stdio_usb_in_chars+0x54>
1000523c:	000f4240 	.word	0x000f4240
10005240:	200029cc 	.word	0x200029cc
10005244:	7fffffff 	.word	0x7fffffff

10005248 <stdio_usb_out_flush>:
10005248:	b510      	push	{r4, lr}
1000524a:	f7fc fb0f 	bl	1000186c <time_us_64>
1000524e:	2300      	movs	r3, #0
10005250:	4a0d      	ldr	r2, [pc, #52]	@ (10005288 <stdio_usb_out_flush+0x40>)
10005252:	1812      	adds	r2, r2, r0
10005254:	414b      	adcs	r3, r1
10005256:	2b00      	cmp	r3, #0
10005258:	da02      	bge.n	10005260 <stdio_usb_out_flush+0x18>
1000525a:	2201      	movs	r2, #1
1000525c:	4b0b      	ldr	r3, [pc, #44]	@ (1000528c <stdio_usb_out_flush+0x44>)
1000525e:	4252      	negs	r2, r2
10005260:	480b      	ldr	r0, [pc, #44]	@ (10005290 <stdio_usb_out_flush+0x48>)
10005262:	f002 fc21 	bl	10007aa8 <__mutex_try_enter_block_until_veneer>
10005266:	2800      	cmp	r0, #0
10005268:	d00c      	beq.n	10005284 <stdio_usb_out_flush+0x3c>
1000526a:	2001      	movs	r0, #1
1000526c:	2100      	movs	r1, #0
1000526e:	4240      	negs	r0, r0
10005270:	f000 fcc6 	bl	10005c00 <tud_task_ext>
10005274:	2000      	movs	r0, #0
10005276:	f001 fb13 	bl	100068a0 <tud_cdc_n_write_flush>
1000527a:	2800      	cmp	r0, #0
1000527c:	d1f5      	bne.n	1000526a <stdio_usb_out_flush+0x22>
1000527e:	4804      	ldr	r0, [pc, #16]	@ (10005290 <stdio_usb_out_flush+0x48>)
10005280:	f002 fbda 	bl	10007a38 <__mutex_exit_veneer>
10005284:	bd10      	pop	{r4, pc}
10005286:	46c0      	nop			@ (mov r8, r8)
10005288:	000f4240 	.word	0x000f4240
1000528c:	7fffffff 	.word	0x7fffffff
10005290:	200029cc 	.word	0x200029cc

10005294 <stdio_usb_out_chars>:
10005294:	b5f8      	push	{r3, r4, r5, r6, r7, lr}
10005296:	46ce      	mov	lr, r9
10005298:	4647      	mov	r7, r8
1000529a:	b580      	push	{r7, lr}
1000529c:	0005      	movs	r5, r0
1000529e:	000c      	movs	r4, r1
100052a0:	f7fc fae4 	bl	1000186c <time_us_64>
100052a4:	2300      	movs	r3, #0
100052a6:	4a34      	ldr	r2, [pc, #208]	@ (10005378 <stdio_usb_out_chars+0xe4>)
100052a8:	1812      	adds	r2, r2, r0
100052aa:	414b      	adcs	r3, r1
100052ac:	2b00      	cmp	r3, #0
100052ae:	da02      	bge.n	100052b6 <stdio_usb_out_chars+0x22>
100052b0:	2201      	movs	r2, #1
100052b2:	4b32      	ldr	r3, [pc, #200]	@ (1000537c <stdio_usb_out_chars+0xe8>)
100052b4:	4252      	negs	r2, r2
100052b6:	4932      	ldr	r1, [pc, #200]	@ (10005380 <stdio_usb_out_chars+0xec>)
100052b8:	0008      	movs	r0, r1
100052ba:	4688      	mov	r8, r1
100052bc:	f002 fbf4 	bl	10007aa8 <__mutex_try_enter_block_until_veneer>
100052c0:	2800      	cmp	r0, #0
100052c2:	d103      	bne.n	100052cc <stdio_usb_out_chars+0x38>
100052c4:	bcc0      	pop	{r6, r7}
100052c6:	46b9      	mov	r9, r7
100052c8:	46b0      	mov	r8, r6
100052ca:	bdf8      	pop	{r3, r4, r5, r6, r7, pc}
100052cc:	2000      	movs	r0, #0
100052ce:	f001 fa71 	bl	100067b4 <tud_cdc_n_connected>
100052d2:	2800      	cmp	r0, #0
100052d4:	d048      	beq.n	10005368 <stdio_usb_out_chars+0xd4>
100052d6:	2600      	movs	r6, #0
100052d8:	2c00      	cmp	r4, #0
100052da:	dd41      	ble.n	10005360 <stdio_usb_out_chars+0xcc>
100052dc:	4b29      	ldr	r3, [pc, #164]	@ (10005384 <stdio_usb_out_chars+0xf0>)
100052de:	4699      	mov	r9, r3
100052e0:	e013      	b.n	1000530a <stdio_usb_out_chars+0x76>
100052e2:	19a9      	adds	r1, r5, r6
100052e4:	2000      	movs	r0, #0
100052e6:	f001 fb19 	bl	1000691c <tud_cdc_n_write>
100052ea:	0007      	movs	r7, r0
100052ec:	2001      	movs	r0, #1
100052ee:	2100      	movs	r1, #0
100052f0:	4240      	negs	r0, r0
100052f2:	f000 fc85 	bl	10005c00 <tud_task_ext>
100052f6:	2000      	movs	r0, #0
100052f8:	f001 fad2 	bl	100068a0 <tud_cdc_n_write_flush>
100052fc:	f7fc fab6 	bl	1000186c <time_us_64>
10005300:	4b20      	ldr	r3, [pc, #128]	@ (10005384 <stdio_usb_out_chars+0xf0>)
10005302:	19f6      	adds	r6, r6, r7
10005304:	c303      	stmia	r3!, {r0, r1}
10005306:	42b4      	cmp	r4, r6
10005308:	dd2a      	ble.n	10005360 <stdio_usb_out_chars+0xcc>
1000530a:	2000      	movs	r0, #0
1000530c:	f001 fb28 	bl	10006960 <tud_cdc_n_write_available>
10005310:	1ba7      	subs	r7, r4, r6
10005312:	0002      	movs	r2, r0
10005314:	42b8      	cmp	r0, r7
10005316:	dd00      	ble.n	1000531a <stdio_usb_out_chars+0x86>
10005318:	003a      	movs	r2, r7
1000531a:	2a00      	cmp	r2, #0
1000531c:	d1e1      	bne.n	100052e2 <stdio_usb_out_chars+0x4e>
1000531e:	2001      	movs	r0, #1
10005320:	2100      	movs	r1, #0
10005322:	4240      	negs	r0, r0
10005324:	f000 fc6c 	bl	10005c00 <tud_task_ext>
10005328:	2000      	movs	r0, #0
1000532a:	f001 fab9 	bl	100068a0 <tud_cdc_n_write_flush>
1000532e:	2000      	movs	r0, #0
10005330:	f001 fa40 	bl	100067b4 <tud_cdc_n_connected>
10005334:	2800      	cmp	r0, #0
10005336:	d013      	beq.n	10005360 <stdio_usb_out_chars+0xcc>
10005338:	2000      	movs	r0, #0
1000533a:	f001 fb11 	bl	10006960 <tud_cdc_n_write_available>
1000533e:	2800      	cmp	r0, #0
10005340:	d1e1      	bne.n	10005306 <stdio_usb_out_chars+0x72>
10005342:	f7fc fa93 	bl	1000186c <time_us_64>
10005346:	464b      	mov	r3, r9
10005348:	000f      	movs	r7, r1
1000534a:	cb0c      	ldmia	r3, {r2, r3}
1000534c:	2100      	movs	r1, #0
1000534e:	4684      	mov	ip, r0
10005350:	480d      	ldr	r0, [pc, #52]	@ (10005388 <stdio_usb_out_chars+0xf4>)
10005352:	1812      	adds	r2, r2, r0
10005354:	414b      	adcs	r3, r1
10005356:	429f      	cmp	r7, r3
10005358:	d802      	bhi.n	10005360 <stdio_usb_out_chars+0xcc>
1000535a:	d1d4      	bne.n	10005306 <stdio_usb_out_chars+0x72>
1000535c:	4594      	cmp	ip, r2
1000535e:	d9d2      	bls.n	10005306 <stdio_usb_out_chars+0x72>
10005360:	4640      	mov	r0, r8
10005362:	f002 fb69 	bl	10007a38 <__mutex_exit_veneer>
10005366:	e7ad      	b.n	100052c4 <stdio_usb_out_chars+0x30>
10005368:	2000      	movs	r0, #0
1000536a:	2100      	movs	r1, #0
1000536c:	4b05      	ldr	r3, [pc, #20]	@ (10005384 <stdio_usb_out_chars+0xf0>)
1000536e:	c303      	stmia	r3!, {r0, r1}
10005370:	4640      	mov	r0, r8
10005372:	f002 fb61 	bl	10007a38 <__mutex_exit_veneer>
10005376:	e7a5      	b.n	100052c4 <stdio_usb_out_chars+0x30>
10005378:	000f4240 	.word	0x000f4240
1000537c:	7fffffff 	.word	0x7fffffff
10005380:	200029cc 	.word	0x200029cc
10005384:	20001c10 	.word	0x20001c10
10005388:	0007a120 	.word	0x0007a120

1000538c <low_priority_worker_irq>:
1000538c:	b530      	push	{r4, r5, lr}
1000538e:	2100      	movs	r1, #0
10005390:	b085      	sub	sp, #20
10005392:	4828      	ldr	r0, [pc, #160]	@ (10005434 <low_priority_worker_irq+0xa8>)
10005394:	f002 fb78 	bl	10007a88 <__mutex_try_enter_veneer>
10005398:	2800      	cmp	r0, #0
1000539a:	d11c      	bne.n	100053d6 <low_priority_worker_irq+0x4a>
1000539c:	4b26      	ldr	r3, [pc, #152]	@ (10005438 <low_priority_worker_irq+0xac>)
1000539e:	681a      	ldr	r2, [r3, #0]
100053a0:	2a00      	cmp	r2, #0
100053a2:	d016      	beq.n	100053d2 <low_priority_worker_irq+0x46>
100053a4:	f3ef 8110 	mrs	r1, PRIMASK
100053a8:	b672      	cpsid	i
100053aa:	6810      	ldr	r0, [r2, #0]
100053ac:	2800      	cmp	r0, #0
100053ae:	d0fc      	beq.n	100053aa <low_priority_worker_irq+0x1e>
100053b0:	f3bf 8f5f 	dmb	sy
100053b4:	2401      	movs	r4, #1
100053b6:	4821      	ldr	r0, [pc, #132]	@ (1000543c <low_priority_worker_irq+0xb0>)
100053b8:	6059      	str	r1, [r3, #4]
100053ba:	7802      	ldrb	r2, [r0, #0]
100053bc:	681b      	ldr	r3, [r3, #0]
100053be:	b2d2      	uxtb	r2, r2
100053c0:	7004      	strb	r4, [r0, #0]
100053c2:	f3bf 8f5f 	dmb	sy
100053c6:	2000      	movs	r0, #0
100053c8:	6018      	str	r0, [r3, #0]
100053ca:	f381 8810 	msr	PRIMASK, r1
100053ce:	2a00      	cmp	r2, #0
100053d0:	d017      	beq.n	10005402 <low_priority_worker_irq+0x76>
100053d2:	b005      	add	sp, #20
100053d4:	bd30      	pop	{r4, r5, pc}
100053d6:	2001      	movs	r0, #1
100053d8:	2100      	movs	r1, #0
100053da:	4240      	negs	r0, r0
100053dc:	f000 fc10 	bl	10005c00 <tud_task_ext>
100053e0:	2000      	movs	r0, #0
100053e2:	f001 fa01 	bl	100067e8 <tud_cdc_n_available>
100053e6:	0005      	movs	r5, r0
100053e8:	4812      	ldr	r0, [pc, #72]	@ (10005434 <low_priority_worker_irq+0xa8>)
100053ea:	f002 fb25 	bl	10007a38 <__mutex_exit_veneer>
100053ee:	2d00      	cmp	r5, #0
100053f0:	d0ef      	beq.n	100053d2 <low_priority_worker_irq+0x46>
100053f2:	4b13      	ldr	r3, [pc, #76]	@ (10005440 <low_priority_worker_irq+0xb4>)
100053f4:	681b      	ldr	r3, [r3, #0]
100053f6:	2b00      	cmp	r3, #0
100053f8:	d0eb      	beq.n	100053d2 <low_priority_worker_irq+0x46>
100053fa:	4a12      	ldr	r2, [pc, #72]	@ (10005444 <low_priority_worker_irq+0xb8>)
100053fc:	6810      	ldr	r0, [r2, #0]
100053fe:	4798      	blx	r3
10005400:	e7e7      	b.n	100053d2 <low_priority_worker_irq+0x46>
10005402:	f7fc f89d 	bl	10001540 <alarm_pool_get_default>
10005406:	0004      	movs	r4, r0
10005408:	f7fc fa30 	bl	1000186c <time_us_64>
1000540c:	22fa      	movs	r2, #250	@ 0xfa
1000540e:	2300      	movs	r3, #0
10005410:	0092      	lsls	r2, r2, #2
10005412:	1812      	adds	r2, r2, r0
10005414:	414b      	adcs	r3, r1
10005416:	2b00      	cmp	r3, #0
10005418:	da02      	bge.n	10005420 <low_priority_worker_irq+0x94>
1000541a:	2201      	movs	r2, #1
1000541c:	4b0a      	ldr	r3, [pc, #40]	@ (10005448 <low_priority_worker_irq+0xbc>)
1000541e:	4252      	negs	r2, r2
10005420:	2101      	movs	r1, #1
10005422:	9102      	str	r1, [sp, #8]
10005424:	2100      	movs	r1, #0
10005426:	9101      	str	r1, [sp, #4]
10005428:	4908      	ldr	r1, [pc, #32]	@ (1000544c <low_priority_worker_irq+0xc0>)
1000542a:	0020      	movs	r0, r4
1000542c:	9100      	str	r1, [sp, #0]
1000542e:	f7fc f88b 	bl	10001548 <alarm_pool_add_alarm_at>
10005432:	e7ce      	b.n	100053d2 <low_priority_worker_irq+0x46>
10005434:	200029cc 	.word	0x200029cc
10005438:	200029a0 	.word	0x200029a0
1000543c:	20002c28 	.word	0x20002c28
10005440:	2000251c 	.word	0x2000251c
10005444:	20002524 	.word	0x20002524
10005448:	7fffffff 	.word	0x7fffffff
1000544c:	10005159 	.word	0x10005159

10005450 <stdio_usb_init>:
10005450:	23d0      	movs	r3, #208	@ 0xd0
10005452:	b510      	push	{r4, lr}
10005454:	061b      	lsls	r3, r3, #24
10005456:	b084      	sub	sp, #16
10005458:	681c      	ldr	r4, [r3, #0]
1000545a:	f7fc f871 	bl	10001540 <alarm_pool_get_default>
1000545e:	f7fc f971 	bl	10001744 <alarm_pool_core_num>
10005462:	42a0      	cmp	r0, r4
10005464:	d002      	beq.n	1000546c <stdio_usb_init+0x1c>
10005466:	2000      	movs	r0, #0
10005468:	b004      	add	sp, #16
1000546a:	bd10      	pop	{r4, pc}
1000546c:	4b27      	ldr	r3, [pc, #156]	@ (1000550c <stdio_usb_init+0xbc>)
1000546e:	781b      	ldrb	r3, [r3, #0]
10005470:	f001 fd68 	bl	10006f44 <tusb_init>
10005474:	4826      	ldr	r0, [pc, #152]	@ (10005510 <stdio_usb_init+0xc0>)
10005476:	6803      	ldr	r3, [r0, #0]
10005478:	2b00      	cmp	r3, #0
1000547a:	d044      	beq.n	10005506 <stdio_usb_init+0xb6>
1000547c:	2001      	movs	r0, #1
1000547e:	f7fb fdf7 	bl	10001070 <user_irq_claim_unused>
10005482:	23ff      	movs	r3, #255	@ 0xff
10005484:	4c23      	ldr	r4, [pc, #140]	@ (10005514 <stdio_usb_init+0xc4>)
10005486:	4924      	ldr	r1, [pc, #144]	@ (10005518 <stdio_usb_init+0xc8>)
10005488:	7020      	strb	r0, [r4, #0]
1000548a:	4018      	ands	r0, r3
1000548c:	f7fb fba2 	bl	10000bd4 <irq_set_exclusive_handler>
10005490:	7820      	ldrb	r0, [r4, #0]
10005492:	2101      	movs	r1, #1
10005494:	f7fb fb5a 	bl	10000b4c <irq_set_enabled>
10005498:	2005      	movs	r0, #5
1000549a:	f7fb fb8b 	bl	10000bb4 <irq_has_shared_handler>
1000549e:	2800      	cmp	r0, #0
100054a0:	d124      	bne.n	100054ec <stdio_usb_init+0x9c>
100054a2:	2208      	movs	r2, #8
100054a4:	2100      	movs	r1, #0
100054a6:	481d      	ldr	r0, [pc, #116]	@ (1000551c <stdio_usb_init+0xcc>)
100054a8:	f7fd fe78 	bl	1000319c <__wrap_memset>
100054ac:	f7fc f848 	bl	10001540 <alarm_pool_get_default>
100054b0:	0004      	movs	r4, r0
100054b2:	f7fc f9db 	bl	1000186c <time_us_64>
100054b6:	22fa      	movs	r2, #250	@ 0xfa
100054b8:	2300      	movs	r3, #0
100054ba:	0092      	lsls	r2, r2, #2
100054bc:	1812      	adds	r2, r2, r0
100054be:	414b      	adcs	r3, r1
100054c0:	2b00      	cmp	r3, #0
100054c2:	da02      	bge.n	100054ca <stdio_usb_init+0x7a>
100054c4:	2201      	movs	r2, #1
100054c6:	4b16      	ldr	r3, [pc, #88]	@ (10005520 <stdio_usb_init+0xd0>)
100054c8:	4252      	negs	r2, r2
100054ca:	2101      	movs	r1, #1
100054cc:	9102      	str	r1, [sp, #8]
100054ce:	2100      	movs	r1, #0
100054d0:	9101      	str	r1, [sp, #4]
100054d2:	4914      	ldr	r1, [pc, #80]	@ (10005524 <stdio_usb_init+0xd4>)
100054d4:	0020      	movs	r0, r4
100054d6:	9100      	str	r1, [sp, #0]
100054d8:	f7fc f836 	bl	10001548 <alarm_pool_add_alarm_at>
100054dc:	2800      	cmp	r0, #0
100054de:	dbc2      	blt.n	10005466 <stdio_usb_init+0x16>
100054e0:	4811      	ldr	r0, [pc, #68]	@ (10005528 <stdio_usb_init+0xd8>)
100054e2:	2101      	movs	r1, #1
100054e4:	f7ff fb56 	bl	10004b94 <stdio_set_driver_enabled>
100054e8:	2001      	movs	r0, #1
100054ea:	e7bd      	b.n	10005468 <stdio_usb_init+0x18>
100054ec:	2001      	movs	r0, #1
100054ee:	f7fb faeb 	bl	10000ac8 <spin_lock_claim_unused>
100054f2:	0001      	movs	r1, r0
100054f4:	4809      	ldr	r0, [pc, #36]	@ (1000551c <stdio_usb_init+0xcc>)
100054f6:	f7fb fe1b 	bl	10001130 <critical_section_init_with_lock_num>
100054fa:	2200      	movs	r2, #0
100054fc:	2005      	movs	r0, #5
100054fe:	490b      	ldr	r1, [pc, #44]	@ (1000552c <stdio_usb_init+0xdc>)
10005500:	f7fb fb92 	bl	10000c28 <irq_add_shared_handler>
10005504:	e7ec      	b.n	100054e0 <stdio_usb_init+0x90>
10005506:	f7fb fdf7 	bl	100010f8 <mutex_init>
1000550a:	e7b7      	b.n	1000547c <stdio_usb_init+0x2c>
1000550c:	100085a0 	.word	0x100085a0
10005510:	200029cc 	.word	0x200029cc
10005514:	20002c27 	.word	0x20002c27
10005518:	1000538d 	.word	0x1000538d
1000551c:	200029a0 	.word	0x200029a0
10005520:	7fffffff 	.word	0x7fffffff
10005524:	10005159 	.word	0x10005159
10005528:	200018f8 	.word	0x200018f8
1000552c:	10005149 	.word	0x10005149

10005530 <tud_descriptor_device_cb>:
10005530:	4800      	ldr	r0, [pc, #0]	@ (10005534 <tud_descriptor_device_cb+0x4>)
10005532:	4770      	bx	lr
10005534:	10008374 	.word	0x10008374

10005538 <tud_descriptor_configuration_cb>:
10005538:	4800      	ldr	r0, [pc, #0]	@ (1000553c <tud_descriptor_configuration_cb+0x4>)
1000553a:	4770      	bx	lr
1000553c:	10008320 	.word	0x10008320

10005540 <tud_descriptor_string_cb>:
10005540:	b510      	push	{r4, lr}
10005542:	0004      	movs	r4, r0
10005544:	4816      	ldr	r0, [pc, #88]	@ (100055a0 <tud_descriptor_string_cb+0x60>)
10005546:	7803      	ldrb	r3, [r0, #0]
10005548:	2b00      	cmp	r3, #0
1000554a:	d020      	beq.n	1000558e <tud_descriptor_string_cb+0x4e>
1000554c:	2c00      	cmp	r4, #0
1000554e:	d106      	bne.n	1000555e <tud_descriptor_string_cb+0x1e>
10005550:	4b14      	ldr	r3, [pc, #80]	@ (100055a4 <tud_descriptor_string_cb+0x64>)
10005552:	4815      	ldr	r0, [pc, #84]	@ (100055a8 <tud_descriptor_string_cb+0x68>)
10005554:	8043      	strh	r3, [r0, #2]
10005556:	3b06      	subs	r3, #6
10005558:	3bff      	subs	r3, #255	@ 0xff
1000555a:	8003      	strh	r3, [r0, #0]
1000555c:	bd10      	pop	{r4, pc}
1000555e:	2c05      	cmp	r4, #5
10005560:	d81c      	bhi.n	1000559c <tud_descriptor_string_cb+0x5c>
10005562:	4b12      	ldr	r3, [pc, #72]	@ (100055ac <tud_descriptor_string_cb+0x6c>)
10005564:	00a4      	lsls	r4, r4, #2
10005566:	58e4      	ldr	r4, [r4, r3]
10005568:	480f      	ldr	r0, [pc, #60]	@ (100055a8 <tud_descriptor_string_cb+0x68>)
1000556a:	2301      	movs	r3, #1
1000556c:	1c81      	adds	r1, r0, #2
1000556e:	3c01      	subs	r4, #1
10005570:	e004      	b.n	1000557c <tud_descriptor_string_cb+0x3c>
10005572:	3301      	adds	r3, #1
10005574:	800a      	strh	r2, [r1, #0]
10005576:	3102      	adds	r1, #2
10005578:	2b14      	cmp	r3, #20
1000557a:	d00c      	beq.n	10005596 <tud_descriptor_string_cb+0x56>
1000557c:	5ce2      	ldrb	r2, [r4, r3]
1000557e:	2a00      	cmp	r2, #0
10005580:	d1f7      	bne.n	10005572 <tud_descriptor_string_cb+0x32>
10005582:	22c0      	movs	r2, #192	@ 0xc0
10005584:	b2db      	uxtb	r3, r3
10005586:	005b      	lsls	r3, r3, #1
10005588:	0092      	lsls	r2, r2, #2
1000558a:	4313      	orrs	r3, r2
1000558c:	e7e5      	b.n	1000555a <tud_descriptor_string_cb+0x1a>
1000558e:	2111      	movs	r1, #17
10005590:	f000 f816 	bl	100055c0 <pico_get_unique_board_id_string>
10005594:	e7da      	b.n	1000554c <tud_descriptor_string_cb+0xc>
10005596:	23ca      	movs	r3, #202	@ 0xca
10005598:	009b      	lsls	r3, r3, #2
1000559a:	e7de      	b.n	1000555a <tud_descriptor_string_cb+0x1a>
1000559c:	2000      	movs	r0, #0
1000559e:	e7dd      	b.n	1000555c <tud_descriptor_string_cb+0x1c>
100055a0:	20002c10 	.word	0x20002c10
100055a4:	00000409 	.word	0x00000409
100055a8:	20002558 	.word	0x20002558
100055ac:	10008308 	.word	0x10008308

100055b0 <_retrieve_unique_id_on_boot>:
100055b0:	b510      	push	{r4, lr}
100055b2:	4802      	ldr	r0, [pc, #8]	@ (100055bc <_retrieve_unique_id_on_boot+0xc>)
100055b4:	f000 f8f4 	bl	100057a0 <flash_get_unique_id>
100055b8:	bd10      	pop	{r4, pc}
100055ba:	46c0      	nop			@ (mov r8, r8)
100055bc:	200029bc 	.word	0x200029bc

100055c0 <pico_get_unique_board_id_string>:
100055c0:	b530      	push	{r4, r5, lr}
100055c2:	2901      	cmp	r1, #1
100055c4:	d100      	bne.n	100055c8 <pico_get_unique_board_id_string+0x8>
100055c6:	e0bb      	b.n	10005740 <pico_get_unique_board_id_string+0x180>
100055c8:	4b74      	ldr	r3, [pc, #464]	@ (1000579c <pico_get_unique_board_id_string+0x1dc>)
100055ca:	3901      	subs	r1, #1
100055cc:	781a      	ldrb	r2, [r3, #0]
100055ce:	1112      	asrs	r2, r2, #4
100055d0:	0014      	movs	r4, r2
100055d2:	3430      	adds	r4, #48	@ 0x30
100055d4:	2a09      	cmp	r2, #9
100055d6:	dd00      	ble.n	100055da <pico_get_unique_board_id_string+0x1a>
100055d8:	e0b5      	b.n	10005746 <pico_get_unique_board_id_string+0x186>
100055da:	7004      	strb	r4, [r0, #0]
100055dc:	2901      	cmp	r1, #1
100055de:	d100      	bne.n	100055e2 <pico_get_unique_board_id_string+0x22>
100055e0:	e0da      	b.n	10005798 <pico_get_unique_board_id_string+0x1d8>
100055e2:	220f      	movs	r2, #15
100055e4:	781c      	ldrb	r4, [r3, #0]
100055e6:	4022      	ands	r2, r4
100055e8:	0014      	movs	r4, r2
100055ea:	3430      	adds	r4, #48	@ 0x30
100055ec:	2a09      	cmp	r2, #9
100055ee:	d900      	bls.n	100055f2 <pico_get_unique_board_id_string+0x32>
100055f0:	e0ac      	b.n	1000574c <pico_get_unique_board_id_string+0x18c>
100055f2:	7044      	strb	r4, [r0, #1]
100055f4:	2902      	cmp	r1, #2
100055f6:	d100      	bne.n	100055fa <pico_get_unique_board_id_string+0x3a>
100055f8:	e0ce      	b.n	10005798 <pico_get_unique_board_id_string+0x1d8>
100055fa:	785a      	ldrb	r2, [r3, #1]
100055fc:	4694      	mov	ip, r2
100055fe:	1112      	asrs	r2, r2, #4
10005600:	0014      	movs	r4, r2
10005602:	3430      	adds	r4, #48	@ 0x30
10005604:	2a09      	cmp	r2, #9
10005606:	dd00      	ble.n	1000560a <pico_get_unique_board_id_string+0x4a>
10005608:	e0a3      	b.n	10005752 <pico_get_unique_board_id_string+0x192>
1000560a:	7084      	strb	r4, [r0, #2]
1000560c:	2903      	cmp	r1, #3
1000560e:	d100      	bne.n	10005612 <pico_get_unique_board_id_string+0x52>
10005610:	e0c2      	b.n	10005798 <pico_get_unique_board_id_string+0x1d8>
10005612:	4664      	mov	r4, ip
10005614:	220f      	movs	r2, #15
10005616:	4022      	ands	r2, r4
10005618:	0014      	movs	r4, r2
1000561a:	3430      	adds	r4, #48	@ 0x30
1000561c:	2a09      	cmp	r2, #9
1000561e:	d900      	bls.n	10005622 <pico_get_unique_board_id_string+0x62>
10005620:	e09a      	b.n	10005758 <pico_get_unique_board_id_string+0x198>
10005622:	70c4      	strb	r4, [r0, #3]
10005624:	2904      	cmp	r1, #4
10005626:	d100      	bne.n	1000562a <pico_get_unique_board_id_string+0x6a>
10005628:	e0b6      	b.n	10005798 <pico_get_unique_board_id_string+0x1d8>
1000562a:	789a      	ldrb	r2, [r3, #2]
1000562c:	4694      	mov	ip, r2
1000562e:	1112      	asrs	r2, r2, #4
10005630:	0014      	movs	r4, r2
10005632:	3430      	adds	r4, #48	@ 0x30
10005634:	2a09      	cmp	r2, #9
10005636:	dd00      	ble.n	1000563a <pico_get_unique_board_id_string+0x7a>
10005638:	e091      	b.n	1000575e <pico_get_unique_board_id_string+0x19e>
1000563a:	7104      	strb	r4, [r0, #4]
1000563c:	2905      	cmp	r1, #5
1000563e:	d100      	bne.n	10005642 <pico_get_unique_board_id_string+0x82>
10005640:	e0aa      	b.n	10005798 <pico_get_unique_board_id_string+0x1d8>
10005642:	4664      	mov	r4, ip
10005644:	220f      	movs	r2, #15
10005646:	4022      	ands	r2, r4
10005648:	0014      	movs	r4, r2
1000564a:	3430      	adds	r4, #48	@ 0x30
1000564c:	2a09      	cmp	r2, #9
1000564e:	d900      	bls.n	10005652 <pico_get_unique_board_id_string+0x92>
10005650:	e088      	b.n	10005764 <pico_get_unique_board_id_string+0x1a4>
10005652:	7144      	strb	r4, [r0, #5]
10005654:	2906      	cmp	r1, #6
10005656:	d100      	bne.n	1000565a <pico_get_unique_board_id_string+0x9a>
10005658:	e09e      	b.n	10005798 <pico_get_unique_board_id_string+0x1d8>
1000565a:	2530      	movs	r5, #48	@ 0x30
1000565c:	46ac      	mov	ip, r5
1000565e:	78dc      	ldrb	r4, [r3, #3]
10005660:	1122      	asrs	r2, r4, #4
10005662:	4494      	add	ip, r2
10005664:	2a09      	cmp	r2, #9
10005666:	dd00      	ble.n	1000566a <pico_get_unique_board_id_string+0xaa>
10005668:	e07f      	b.n	1000576a <pico_get_unique_board_id_string+0x1aa>
1000566a:	4662      	mov	r2, ip
1000566c:	7182      	strb	r2, [r0, #6]
1000566e:	2907      	cmp	r1, #7
10005670:	d100      	bne.n	10005674 <pico_get_unique_board_id_string+0xb4>
10005672:	e091      	b.n	10005798 <pico_get_unique_board_id_string+0x1d8>
10005674:	220f      	movs	r2, #15
10005676:	4022      	ands	r2, r4
10005678:	0014      	movs	r4, r2
1000567a:	3430      	adds	r4, #48	@ 0x30
1000567c:	2a09      	cmp	r2, #9
1000567e:	d900      	bls.n	10005682 <pico_get_unique_board_id_string+0xc2>
10005680:	e077      	b.n	10005772 <pico_get_unique_board_id_string+0x1b2>
10005682:	71c4      	strb	r4, [r0, #7]
10005684:	2908      	cmp	r1, #8
10005686:	d100      	bne.n	1000568a <pico_get_unique_board_id_string+0xca>
10005688:	e086      	b.n	10005798 <pico_get_unique_board_id_string+0x1d8>
1000568a:	2530      	movs	r5, #48	@ 0x30
1000568c:	46ac      	mov	ip, r5
1000568e:	791c      	ldrb	r4, [r3, #4]
10005690:	1122      	asrs	r2, r4, #4
10005692:	4494      	add	ip, r2
10005694:	2a09      	cmp	r2, #9
10005696:	dd00      	ble.n	1000569a <pico_get_unique_board_id_string+0xda>
10005698:	e06e      	b.n	10005778 <pico_get_unique_board_id_string+0x1b8>
1000569a:	4662      	mov	r2, ip
1000569c:	7202      	strb	r2, [r0, #8]
1000569e:	2909      	cmp	r1, #9
100056a0:	d100      	bne.n	100056a4 <pico_get_unique_board_id_string+0xe4>
100056a2:	e079      	b.n	10005798 <pico_get_unique_board_id_string+0x1d8>
100056a4:	220f      	movs	r2, #15
100056a6:	4022      	ands	r2, r4
100056a8:	0014      	movs	r4, r2
100056aa:	3430      	adds	r4, #48	@ 0x30
100056ac:	2a09      	cmp	r2, #9
100056ae:	d867      	bhi.n	10005780 <pico_get_unique_board_id_string+0x1c0>
100056b0:	7244      	strb	r4, [r0, #9]
100056b2:	290a      	cmp	r1, #10
100056b4:	d100      	bne.n	100056b8 <pico_get_unique_board_id_string+0xf8>
100056b6:	e06f      	b.n	10005798 <pico_get_unique_board_id_string+0x1d8>
100056b8:	2530      	movs	r5, #48	@ 0x30
100056ba:	46ac      	mov	ip, r5
100056bc:	795c      	ldrb	r4, [r3, #5]
100056be:	1122      	asrs	r2, r4, #4
100056c0:	4494      	add	ip, r2
100056c2:	2a09      	cmp	r2, #9
100056c4:	dc5f      	bgt.n	10005786 <pico_get_unique_board_id_string+0x1c6>
100056c6:	4662      	mov	r2, ip
100056c8:	7282      	strb	r2, [r0, #10]
100056ca:	290b      	cmp	r1, #11
100056cc:	d064      	beq.n	10005798 <pico_get_unique_board_id_string+0x1d8>
100056ce:	220f      	movs	r2, #15
100056d0:	4022      	ands	r2, r4
100056d2:	0014      	movs	r4, r2
100056d4:	3430      	adds	r4, #48	@ 0x30
100056d6:	2a09      	cmp	r2, #9
100056d8:	d859      	bhi.n	1000578e <pico_get_unique_board_id_string+0x1ce>
100056da:	72c4      	strb	r4, [r0, #11]
100056dc:	290c      	cmp	r1, #12
100056de:	d05b      	beq.n	10005798 <pico_get_unique_board_id_string+0x1d8>
100056e0:	2530      	movs	r5, #48	@ 0x30
100056e2:	46ac      	mov	ip, r5
100056e4:	799c      	ldrb	r4, [r3, #6]
100056e6:	1122      	asrs	r2, r4, #4
100056e8:	4494      	add	ip, r2
100056ea:	2a09      	cmp	r2, #9
100056ec:	dd02      	ble.n	100056f4 <pico_get_unique_board_id_string+0x134>
100056ee:	3507      	adds	r5, #7
100056f0:	46ac      	mov	ip, r5
100056f2:	4494      	add	ip, r2
100056f4:	4662      	mov	r2, ip
100056f6:	7302      	strb	r2, [r0, #12]
100056f8:	290d      	cmp	r1, #13
100056fa:	d04d      	beq.n	10005798 <pico_get_unique_board_id_string+0x1d8>
100056fc:	220f      	movs	r2, #15
100056fe:	4022      	ands	r2, r4
10005700:	0014      	movs	r4, r2
10005702:	3430      	adds	r4, #48	@ 0x30
10005704:	2a09      	cmp	r2, #9
10005706:	d901      	bls.n	1000570c <pico_get_unique_board_id_string+0x14c>
10005708:	3237      	adds	r2, #55	@ 0x37
1000570a:	0014      	movs	r4, r2
1000570c:	7344      	strb	r4, [r0, #13]
1000570e:	290e      	cmp	r1, #14
10005710:	d042      	beq.n	10005798 <pico_get_unique_board_id_string+0x1d8>
10005712:	79da      	ldrb	r2, [r3, #7]
10005714:	1113      	asrs	r3, r2, #4
10005716:	001c      	movs	r4, r3
10005718:	3430      	adds	r4, #48	@ 0x30
1000571a:	2b09      	cmp	r3, #9
1000571c:	dd01      	ble.n	10005722 <pico_get_unique_board_id_string+0x162>
1000571e:	3337      	adds	r3, #55	@ 0x37
10005720:	001c      	movs	r4, r3
10005722:	7384      	strb	r4, [r0, #14]
10005724:	290f      	cmp	r1, #15
10005726:	d037      	beq.n	10005798 <pico_get_unique_board_id_string+0x1d8>
10005728:	230f      	movs	r3, #15
1000572a:	4013      	ands	r3, r2
1000572c:	001a      	movs	r2, r3
1000572e:	3237      	adds	r2, #55	@ 0x37
10005730:	2b09      	cmp	r3, #9
10005732:	d801      	bhi.n	10005738 <pico_get_unique_board_id_string+0x178>
10005734:	3330      	adds	r3, #48	@ 0x30
10005736:	001a      	movs	r2, r3
10005738:	73c2      	strb	r2, [r0, #15]
1000573a:	2910      	cmp	r1, #16
1000573c:	d02c      	beq.n	10005798 <pico_get_unique_board_id_string+0x1d8>
1000573e:	3010      	adds	r0, #16
10005740:	2300      	movs	r3, #0
10005742:	7003      	strb	r3, [r0, #0]
10005744:	bd30      	pop	{r4, r5, pc}
10005746:	3237      	adds	r2, #55	@ 0x37
10005748:	0014      	movs	r4, r2
1000574a:	e746      	b.n	100055da <pico_get_unique_board_id_string+0x1a>
1000574c:	3237      	adds	r2, #55	@ 0x37
1000574e:	0014      	movs	r4, r2
10005750:	e74f      	b.n	100055f2 <pico_get_unique_board_id_string+0x32>
10005752:	3237      	adds	r2, #55	@ 0x37
10005754:	0014      	movs	r4, r2
10005756:	e758      	b.n	1000560a <pico_get_unique_board_id_string+0x4a>
10005758:	3237      	adds	r2, #55	@ 0x37
1000575a:	0014      	movs	r4, r2
1000575c:	e761      	b.n	10005622 <pico_get_unique_board_id_string+0x62>
1000575e:	3237      	adds	r2, #55	@ 0x37
10005760:	0014      	movs	r4, r2
10005762:	e76a      	b.n	1000563a <pico_get_unique_board_id_string+0x7a>
10005764:	3237      	adds	r2, #55	@ 0x37
10005766:	0014      	movs	r4, r2
10005768:	e773      	b.n	10005652 <pico_get_unique_board_id_string+0x92>
1000576a:	3507      	adds	r5, #7
1000576c:	46ac      	mov	ip, r5
1000576e:	4494      	add	ip, r2
10005770:	e77b      	b.n	1000566a <pico_get_unique_board_id_string+0xaa>
10005772:	3237      	adds	r2, #55	@ 0x37
10005774:	0014      	movs	r4, r2
10005776:	e784      	b.n	10005682 <pico_get_unique_board_id_string+0xc2>
10005778:	3507      	adds	r5, #7
1000577a:	46ac      	mov	ip, r5
1000577c:	4494      	add	ip, r2
1000577e:	e78c      	b.n	1000569a <pico_get_unique_board_id_string+0xda>
10005780:	3237      	adds	r2, #55	@ 0x37
10005782:	0014      	movs	r4, r2
10005784:	e794      	b.n	100056b0 <pico_get_unique_board_id_string+0xf0>
10005786:	3507      	adds	r5, #7
10005788:	46ac      	mov	ip, r5
1000578a:	4494      	add	ip, r2
1000578c:	e79b      	b.n	100056c6 <pico_get_unique_board_id_string+0x106>
1000578e:	3237      	adds	r2, #55	@ 0x37
10005790:	0014      	movs	r4, r2
10005792:	72c4      	strb	r4, [r0, #11]
10005794:	290c      	cmp	r1, #12
10005796:	d1a3      	bne.n	100056e0 <pico_get_unique_board_id_string+0x120>
10005798:	1840      	adds	r0, r0, r1
1000579a:	e7d1      	b.n	10005740 <pico_get_unique_board_id_string+0x180>
1000579c:	200029bc 	.word	0x200029bc

100057a0 <flash_get_unique_id>:
100057a0:	b510      	push	{r4, lr}
100057a2:	b088      	sub	sp, #32
100057a4:	0004      	movs	r4, r0
100057a6:	220d      	movs	r2, #13
100057a8:	2100      	movs	r1, #0
100057aa:	4668      	mov	r0, sp
100057ac:	f7fd fcf6 	bl	1000319c <__wrap_memset>
100057b0:	220d      	movs	r2, #13
100057b2:	2100      	movs	r1, #0
100057b4:	a804      	add	r0, sp, #16
100057b6:	f7fd fcf1 	bl	1000319c <__wrap_memset>
100057ba:	234b      	movs	r3, #75	@ 0x4b
100057bc:	466a      	mov	r2, sp
100057be:	4668      	mov	r0, sp
100057c0:	7013      	strb	r3, [r2, #0]
100057c2:	a904      	add	r1, sp, #16
100057c4:	220d      	movs	r2, #13
100057c6:	f002 f92f 	bl	10007a28 <__flash_do_cmd_veneer>
100057ca:	2115      	movs	r1, #21
100057cc:	2208      	movs	r2, #8
100057ce:	0020      	movs	r0, r4
100057d0:	4469      	add	r1, sp
100057d2:	f7fd fce9 	bl	100031a8 <__wrap___aeabi_memcpy>
100057d6:	b008      	add	sp, #32
100057d8:	bd10      	pop	{r4, pc}
100057da:	46c0      	nop			@ (mov r8, r8)

100057dc <dcd_init>:
100057dc:	b5f8      	push	{r3, r4, r5, r6, r7, lr}
100057de:	f000 f93f 	bl	10005a60 <rp2040_usb_init>
100057e2:	230c      	movs	r3, #12
100057e4:	4d18      	ldr	r5, [pc, #96]	@ (10005848 <dcd_init+0x6c>)
100057e6:	22ff      	movs	r2, #255	@ 0xff
100057e8:	67ab      	str	r3, [r5, #120]	@ 0x78
100057ea:	2005      	movs	r0, #5
100057ec:	4917      	ldr	r1, [pc, #92]	@ (1000584c <dcd_init+0x70>)
100057ee:	f7fb fa1b 	bl	10000c28 <irq_add_shared_handler>
100057f2:	4c17      	ldr	r4, [pc, #92]	@ (10005850 <dcd_init+0x74>)
100057f4:	2240      	movs	r2, #64	@ 0x40
100057f6:	2100      	movs	r1, #0
100057f8:	0020      	movs	r0, r4
100057fa:	f7fd fccf 	bl	1000319c <__wrap_memset>
100057fe:	2740      	movs	r7, #64	@ 0x40
10005800:	2300      	movs	r3, #0
10005802:	2601      	movs	r6, #1
10005804:	2121      	movs	r1, #33	@ 0x21
10005806:	4a13      	ldr	r2, [pc, #76]	@ (10005854 <dcd_init+0x78>)
10005808:	7066      	strb	r6, [r4, #1]
1000580a:	8327      	strh	r7, [r4, #24]
1000580c:	60a2      	str	r2, [r4, #8]
1000580e:	6013      	str	r3, [r2, #0]
10005810:	5463      	strb	r3, [r4, r1]
10005812:	315f      	adds	r1, #95	@ 0x5f
10005814:	8461      	strh	r1, [r4, #34]	@ 0x22
10005816:	3945      	subs	r1, #69	@ 0x45
10005818:	5463      	strb	r3, [r4, r1]
1000581a:	4a0f      	ldr	r2, [pc, #60]	@ (10005858 <dcd_init+0x7c>)
1000581c:	490f      	ldr	r1, [pc, #60]	@ (1000585c <dcd_init+0x80>)
1000581e:	6063      	str	r3, [r4, #4]
10005820:	60e2      	str	r2, [r4, #12]
10005822:	8727      	strh	r7, [r4, #56]	@ 0x38
10005824:	62a1      	str	r1, [r4, #40]	@ 0x28
10005826:	600b      	str	r3, [r1, #0]
10005828:	6263      	str	r3, [r4, #36]	@ 0x24
1000582a:	62e2      	str	r2, [r4, #44]	@ 0x2c
1000582c:	f002 f954 	bl	10007ad8 <__reset_non_control_endpoints_veneer>
10005830:	2380      	movs	r3, #128	@ 0x80
10005832:	059b      	lsls	r3, r3, #22
10005834:	642e      	str	r6, [r5, #64]	@ 0x40
10005836:	64eb      	str	r3, [r5, #76]	@ 0x4c
10005838:	2390      	movs	r3, #144	@ 0x90
1000583a:	4a09      	ldr	r2, [pc, #36]	@ (10005860 <dcd_init+0x84>)
1000583c:	50ea      	str	r2, [r5, r3]
1000583e:	2280      	movs	r2, #128	@ 0x80
10005840:	4b08      	ldr	r3, [pc, #32]	@ (10005864 <dcd_init+0x88>)
10005842:	0252      	lsls	r2, r2, #9
10005844:	64da      	str	r2, [r3, #76]	@ 0x4c
10005846:	bdf8      	pop	{r3, r4, r5, r6, r7, pc}
10005848:	50110000 	.word	0x50110000
1000584c:	200004dd 	.word	0x200004dd
10005850:	2000258c 	.word	0x2000258c
10005854:	50100084 	.word	0x50100084
10005858:	50100100 	.word	0x50100100
1000585c:	50100080 	.word	0x50100080
10005860:	0001d010 	.word	0x0001d010
10005864:	50112000 	.word	0x50112000

10005868 <dcd_int_enable>:
10005868:	b510      	push	{r4, lr}
1000586a:	2101      	movs	r1, #1
1000586c:	2005      	movs	r0, #5
1000586e:	f7fb f96d 	bl	10000b4c <irq_set_enabled>
10005872:	bd10      	pop	{r4, pc}

10005874 <dcd_set_address>:
10005874:	b510      	push	{r4, lr}
10005876:	2200      	movs	r2, #0
10005878:	2100      	movs	r1, #0
1000587a:	4802      	ldr	r0, [pc, #8]	@ (10005884 <dcd_set_address+0x10>)
1000587c:	f000 f910 	bl	10005aa0 <hw_endpoint_xfer_start>
10005880:	bd10      	pop	{r4, pc}
10005882:	46c0      	nop			@ (mov r8, r8)
10005884:	200025ac 	.word	0x200025ac

10005888 <dcd_sof_enable>:
10005888:	4b04      	ldr	r3, [pc, #16]	@ (1000589c <dcd_sof_enable+0x14>)
1000588a:	7019      	strb	r1, [r3, #0]
1000588c:	2900      	cmp	r1, #0
1000588e:	d004      	beq.n	1000589a <dcd_sof_enable+0x12>
10005890:	2180      	movs	r1, #128	@ 0x80
10005892:	2390      	movs	r3, #144	@ 0x90
10005894:	4a02      	ldr	r2, [pc, #8]	@ (100058a0 <dcd_sof_enable+0x18>)
10005896:	0289      	lsls	r1, r1, #10
10005898:	50d1      	str	r1, [r2, r3]
1000589a:	4770      	bx	lr
1000589c:	20002c22 	.word	0x20002c22
100058a0:	50112000 	.word	0x50112000

100058a4 <dcd_edpt0_status_complete>:
100058a4:	780b      	ldrb	r3, [r1, #0]
100058a6:	065b      	lsls	r3, r3, #25
100058a8:	d000      	beq.n	100058ac <dcd_edpt0_status_complete+0x8>
100058aa:	4770      	bx	lr
100058ac:	784b      	ldrb	r3, [r1, #1]
100058ae:	2b05      	cmp	r3, #5
100058b0:	d1fb      	bne.n	100058aa <dcd_edpt0_status_complete+0x6>
100058b2:	788a      	ldrb	r2, [r1, #2]
100058b4:	4b01      	ldr	r3, [pc, #4]	@ (100058bc <dcd_edpt0_status_complete+0x18>)
100058b6:	601a      	str	r2, [r3, #0]
100058b8:	e7f7      	b.n	100058aa <dcd_edpt0_status_complete+0x6>
100058ba:	46c0      	nop			@ (mov r8, r8)
100058bc:	50110000 	.word	0x50110000

100058c0 <dcd_edpt_open>:
100058c0:	b5f0      	push	{r4, r5, r6, r7, lr}
100058c2:	46c6      	mov	lr, r8
100058c4:	b500      	push	{lr}
100058c6:	78cc      	ldrb	r4, [r1, #3]
100058c8:	7888      	ldrb	r0, [r1, #2]
100058ca:	790a      	ldrb	r2, [r1, #4]
100058cc:	794b      	ldrb	r3, [r1, #5]
100058ce:	217f      	movs	r1, #127	@ 0x7f
100058d0:	07a4      	lsls	r4, r4, #30
100058d2:	4001      	ands	r1, r0
100058d4:	021b      	lsls	r3, r3, #8
100058d6:	09c5      	lsrs	r5, r0, #7
100058d8:	4313      	orrs	r3, r2
100058da:	004f      	lsls	r7, r1, #1
100058dc:	0fa2      	lsrs	r2, r4, #30
100058de:	0014      	movs	r4, r2
100058e0:	4e32      	ldr	r6, [pc, #200]	@ (100059ac <dcd_edpt_open+0xec>)
100058e2:	197a      	adds	r2, r7, r5
100058e4:	0152      	lsls	r2, r2, #5
100058e6:	18b2      	adds	r2, r6, r2
100058e8:	7090      	strb	r0, [r2, #2]
100058ea:	2001      	movs	r0, #1
100058ec:	4068      	eors	r0, r5
100058ee:	7050      	strb	r0, [r2, #1]
100058f0:	2000      	movs	r0, #0
100058f2:	055b      	lsls	r3, r3, #21
100058f4:	0d5b      	lsrs	r3, r3, #21
100058f6:	70d0      	strb	r0, [r2, #3]
100058f8:	8313      	strh	r3, [r2, #24]
100058fa:	76d4      	strb	r4, [r2, #27]
100058fc:	4680      	mov	r8, r0
100058fe:	00ca      	lsls	r2, r1, #3
10005900:	2d01      	cmp	r5, #1
10005902:	d030      	beq.n	10005966 <dcd_edpt_open+0xa6>
10005904:	482a      	ldr	r0, [pc, #168]	@ (100059b0 <dcd_edpt_open+0xf0>)
10005906:	1812      	adds	r2, r2, r0
10005908:	0188      	lsls	r0, r1, #6
1000590a:	4684      	mov	ip, r0
1000590c:	44b4      	add	ip, r6
1000590e:	4660      	mov	r0, ip
10005910:	6082      	str	r2, [r0, #8]
10005912:	4640      	mov	r0, r8
10005914:	6010      	str	r0, [r2, #0]
10005916:	2900      	cmp	r1, #0
10005918:	d030      	beq.n	1000597c <dcd_edpt_open+0xbc>
1000591a:	4a26      	ldr	r2, [pc, #152]	@ (100059b4 <dcd_edpt_open+0xf4>)
1000591c:	00c9      	lsls	r1, r1, #3
1000591e:	1889      	adds	r1, r1, r2
10005920:	4662      	mov	r2, ip
10005922:	333f      	adds	r3, #63	@ 0x3f
10005924:	6051      	str	r1, [r2, #4]
10005926:	099b      	lsrs	r3, r3, #6
10005928:	2c02      	cmp	r4, #2
1000592a:	d03a      	beq.n	100059a2 <dcd_edpt_open+0xe2>
1000592c:	019b      	lsls	r3, r3, #6
1000592e:	4822      	ldr	r0, [pc, #136]	@ (100059b8 <dcd_edpt_open+0xf8>)
10005930:	197a      	adds	r2, r7, r5
10005932:	6801      	ldr	r1, [r0, #0]
10005934:	0152      	lsls	r2, r2, #5
10005936:	18b2      	adds	r2, r6, r2
10005938:	60d1      	str	r1, [r2, #12]
1000593a:	4a20      	ldr	r2, [pc, #128]	@ (100059bc <dcd_edpt_open+0xfc>)
1000593c:	18cb      	adds	r3, r1, r3
1000593e:	6003      	str	r3, [r0, #0]
10005940:	4051      	eors	r1, r2
10005942:	405a      	eors	r2, r3
10005944:	2380      	movs	r3, #128	@ 0x80
10005946:	4688      	mov	r8, r1
10005948:	015b      	lsls	r3, r3, #5
1000594a:	429a      	cmp	r2, r3
1000594c:	d82b      	bhi.n	100059a6 <dcd_edpt_open+0xe6>
1000594e:	4643      	mov	r3, r8
10005950:	06a4      	lsls	r4, r4, #26
10005952:	431c      	orrs	r4, r3
10005954:	2380      	movs	r3, #128	@ 0x80
10005956:	197f      	adds	r7, r7, r5
10005958:	017f      	lsls	r7, r7, #5
1000595a:	19f6      	adds	r6, r6, r7
1000595c:	6872      	ldr	r2, [r6, #4]
1000595e:	061b      	lsls	r3, r3, #24
10005960:	4323      	orrs	r3, r4
10005962:	6013      	str	r3, [r2, #0]
10005964:	e010      	b.n	10005988 <dcd_edpt_open+0xc8>
10005966:	4816      	ldr	r0, [pc, #88]	@ (100059c0 <dcd_edpt_open+0x100>)
10005968:	1812      	adds	r2, r2, r0
1000596a:	0188      	lsls	r0, r1, #6
1000596c:	4684      	mov	ip, r0
1000596e:	44b4      	add	ip, r6
10005970:	4660      	mov	r0, ip
10005972:	6282      	str	r2, [r0, #40]	@ 0x28
10005974:	4640      	mov	r0, r8
10005976:	6010      	str	r0, [r2, #0]
10005978:	2900      	cmp	r1, #0
1000597a:	d109      	bne.n	10005990 <dcd_edpt_open+0xd0>
1000597c:	2300      	movs	r3, #0
1000597e:	016d      	lsls	r5, r5, #5
10005980:	1975      	adds	r5, r6, r5
10005982:	606b      	str	r3, [r5, #4]
10005984:	4b0f      	ldr	r3, [pc, #60]	@ (100059c4 <dcd_edpt_open+0x104>)
10005986:	60eb      	str	r3, [r5, #12]
10005988:	2001      	movs	r0, #1
1000598a:	bc80      	pop	{r7}
1000598c:	46b8      	mov	r8, r7
1000598e:	bdf0      	pop	{r4, r5, r6, r7, pc}
10005990:	4a0a      	ldr	r2, [pc, #40]	@ (100059bc <dcd_edpt_open+0xfc>)
10005992:	00c9      	lsls	r1, r1, #3
10005994:	1889      	adds	r1, r1, r2
10005996:	4662      	mov	r2, ip
10005998:	333f      	adds	r3, #63	@ 0x3f
1000599a:	6251      	str	r1, [r2, #36]	@ 0x24
1000599c:	099b      	lsrs	r3, r3, #6
1000599e:	2c02      	cmp	r4, #2
100059a0:	d1c4      	bne.n	1000592c <dcd_edpt_open+0x6c>
100059a2:	01db      	lsls	r3, r3, #7
100059a4:	e7c3      	b.n	1000592e <dcd_edpt_open+0x6e>
100059a6:	f7fc fc4f 	bl	10002248 <hard_assertion_failure>
100059aa:	e7d0      	b.n	1000594e <dcd_edpt_open+0x8e>
100059ac:	2000258c 	.word	0x2000258c
100059b0:	50100084 	.word	0x50100084
100059b4:	50100004 	.word	0x50100004
100059b8:	20002998 	.word	0x20002998
100059bc:	50100000 	.word	0x50100000
100059c0:	50100080 	.word	0x50100080
100059c4:	50100100 	.word	0x50100100

100059c8 <dcd_edpt_close_all>:
100059c8:	b510      	push	{r4, lr}
100059ca:	f002 f885 	bl	10007ad8 <__reset_non_control_endpoints_veneer>
100059ce:	bd10      	pop	{r4, pc}

100059d0 <dcd_edpt_xfer>:
100059d0:	207f      	movs	r0, #127	@ 0x7f
100059d2:	b510      	push	{r4, lr}
100059d4:	4008      	ands	r0, r1
100059d6:	0040      	lsls	r0, r0, #1
100059d8:	09c9      	lsrs	r1, r1, #7
100059da:	1840      	adds	r0, r0, r1
100059dc:	0011      	movs	r1, r2
100059de:	4a04      	ldr	r2, [pc, #16]	@ (100059f0 <dcd_edpt_xfer+0x20>)
100059e0:	0140      	lsls	r0, r0, #5
100059e2:	1880      	adds	r0, r0, r2
100059e4:	001a      	movs	r2, r3
100059e6:	f000 f85b 	bl	10005aa0 <hw_endpoint_xfer_start>
100059ea:	2001      	movs	r0, #1
100059ec:	bd10      	pop	{r4, pc}
100059ee:	46c0      	nop			@ (mov r8, r8)
100059f0:	2000258c 	.word	0x2000258c

100059f4 <dcd_edpt_stall>:
100059f4:	237f      	movs	r3, #127	@ 0x7f
100059f6:	0018      	movs	r0, r3
100059f8:	b500      	push	{lr}
100059fa:	4008      	ands	r0, r1
100059fc:	b083      	sub	sp, #12
100059fe:	420b      	tst	r3, r1
10005a00:	d104      	bne.n	10005a0c <dcd_edpt_stall+0x18>
10005a02:	424b      	negs	r3, r1
10005a04:	414b      	adcs	r3, r1
10005a06:	4a08      	ldr	r2, [pc, #32]	@ (10005a28 <dcd_edpt_stall+0x34>)
10005a08:	3301      	adds	r3, #1
10005a0a:	6693      	str	r3, [r2, #104]	@ 0x68
10005a0c:	2280      	movs	r2, #128	@ 0x80
10005a0e:	09c9      	lsrs	r1, r1, #7
10005a10:	0040      	lsls	r0, r0, #1
10005a12:	4b06      	ldr	r3, [pc, #24]	@ (10005a2c <dcd_edpt_stall+0x38>)
10005a14:	1840      	adds	r0, r0, r1
10005a16:	0140      	lsls	r0, r0, #5
10005a18:	2100      	movs	r1, #0
10005a1a:	18c0      	adds	r0, r0, r3
10005a1c:	0112      	lsls	r2, r2, #4
10005a1e:	f002 f853 	bl	10007ac8 <___hw_endpoint_buffer_control_update32_veneer>
10005a22:	b003      	add	sp, #12
10005a24:	bd00      	pop	{pc}
10005a26:	46c0      	nop			@ (mov r8, r8)
10005a28:	50112000 	.word	0x50112000
10005a2c:	2000258c 	.word	0x2000258c

10005a30 <dcd_edpt_clear_stall>:
10005a30:	227f      	movs	r2, #127	@ 0x7f
10005a32:	0013      	movs	r3, r2
10005a34:	b510      	push	{r4, lr}
10005a36:	400b      	ands	r3, r1
10005a38:	420a      	tst	r2, r1
10005a3a:	d100      	bne.n	10005a3e <dcd_edpt_clear_stall+0xe>
10005a3c:	bd10      	pop	{r4, pc}
10005a3e:	09c9      	lsrs	r1, r1, #7
10005a40:	005b      	lsls	r3, r3, #1
10005a42:	185b      	adds	r3, r3, r1
10005a44:	4804      	ldr	r0, [pc, #16]	@ (10005a58 <dcd_edpt_clear_stall+0x28>)
10005a46:	015b      	lsls	r3, r3, #5
10005a48:	18c0      	adds	r0, r0, r3
10005a4a:	2300      	movs	r3, #0
10005a4c:	2200      	movs	r2, #0
10005a4e:	4903      	ldr	r1, [pc, #12]	@ (10005a5c <dcd_edpt_clear_stall+0x2c>)
10005a50:	70c3      	strb	r3, [r0, #3]
10005a52:	f002 f839 	bl	10007ac8 <___hw_endpoint_buffer_control_update32_veneer>
10005a56:	e7f1      	b.n	10005a3c <dcd_edpt_clear_stall+0xc>
10005a58:	2000258c 	.word	0x2000258c
10005a5c:	fffff7ff 	.word	0xfffff7ff

10005a60 <rp2040_usb_init>:
10005a60:	2280      	movs	r2, #128	@ 0x80
10005a62:	4b0a      	ldr	r3, [pc, #40]	@ (10005a8c <rp2040_usb_init+0x2c>)
10005a64:	0452      	lsls	r2, r2, #17
10005a66:	b510      	push	{r4, lr}
10005a68:	601a      	str	r2, [r3, #0]
10005a6a:	4b09      	ldr	r3, [pc, #36]	@ (10005a90 <rp2040_usb_init+0x30>)
10005a6c:	4909      	ldr	r1, [pc, #36]	@ (10005a94 <rp2040_usb_init+0x34>)
10005a6e:	601a      	str	r2, [r3, #0]
10005a70:	0010      	movs	r0, r2
10005a72:	680b      	ldr	r3, [r1, #0]
10005a74:	4398      	bics	r0, r3
10005a76:	d1fb      	bne.n	10005a70 <rp2040_usb_init+0x10>
10005a78:	2280      	movs	r2, #128	@ 0x80
10005a7a:	2100      	movs	r1, #0
10005a7c:	0152      	lsls	r2, r2, #5
10005a7e:	4806      	ldr	r0, [pc, #24]	@ (10005a98 <rp2040_usb_init+0x38>)
10005a80:	f7fd fb8c 	bl	1000319c <__wrap_memset>
10005a84:	2209      	movs	r2, #9
10005a86:	4b05      	ldr	r3, [pc, #20]	@ (10005a9c <rp2040_usb_init+0x3c>)
10005a88:	675a      	str	r2, [r3, #116]	@ 0x74
10005a8a:	bd10      	pop	{r4, pc}
10005a8c:	4000e000 	.word	0x4000e000
10005a90:	4000f000 	.word	0x4000f000
10005a94:	4000c008 	.word	0x4000c008
10005a98:	50100000 	.word	0x50100000
10005a9c:	50110000 	.word	0x50110000

10005aa0 <hw_endpoint_xfer_start>:
10005aa0:	2300      	movs	r3, #0
10005aa2:	b510      	push	{r4, lr}
10005aa4:	82c3      	strh	r3, [r0, #22]
10005aa6:	3301      	adds	r3, #1
10005aa8:	8282      	strh	r2, [r0, #20]
10005aaa:	7683      	strb	r3, [r0, #26]
10005aac:	6101      	str	r1, [r0, #16]
10005aae:	0004      	movs	r4, r0
10005ab0:	f001 ffda 	bl	10007a68 <__e15_is_bulkin_ep_veneer>
10005ab4:	2800      	cmp	r0, #0
10005ab6:	d004      	beq.n	10005ac2 <hw_endpoint_xfer_start+0x22>
10005ab8:	2180      	movs	r1, #128	@ 0x80
10005aba:	2390      	movs	r3, #144	@ 0x90
10005abc:	4a07      	ldr	r2, [pc, #28]	@ (10005adc <hw_endpoint_xfer_start+0x3c>)
10005abe:	0289      	lsls	r1, r1, #10
10005ac0:	50d1      	str	r1, [r2, r3]
10005ac2:	0020      	movs	r0, r4
10005ac4:	f001 ffc8 	bl	10007a58 <__e15_is_critical_frame_period_veneer>
10005ac8:	2800      	cmp	r0, #0
10005aca:	d002      	beq.n	10005ad2 <hw_endpoint_xfer_start+0x32>
10005acc:	2301      	movs	r3, #1
10005ace:	7723      	strb	r3, [r4, #28]
10005ad0:	bd10      	pop	{r4, pc}
10005ad2:	0020      	movs	r0, r4
10005ad4:	f001 fff0 	bl	10007ab8 <__hw_endpoint_start_next_buffer_veneer>
10005ad8:	e7fa      	b.n	10005ad0 <hw_endpoint_xfer_start+0x30>
10005ada:	46c0      	nop			@ (mov r8, r8)
10005adc:	50112000 	.word	0x50112000

10005ae0 <tud_event_hook_cb>:
10005ae0:	4770      	bx	lr
10005ae2:	46c0      	nop			@ (mov r8, r8)

10005ae4 <tud_sof_cb>:
10005ae4:	4770      	bx	lr
10005ae6:	46c0      	nop			@ (mov r8, r8)

10005ae8 <tud_descriptor_device_qualifier_cb>:
10005ae8:	2000      	movs	r0, #0
10005aea:	4770      	bx	lr

10005aec <tud_descriptor_other_speed_configuration_cb>:
10005aec:	2000      	movs	r0, #0
10005aee:	4770      	bx	lr

10005af0 <tud_mount_cb>:
10005af0:	4770      	bx	lr
10005af2:	46c0      	nop			@ (mov r8, r8)

10005af4 <tud_umount_cb>:
10005af4:	4770      	bx	lr
10005af6:	46c0      	nop			@ (mov r8, r8)

10005af8 <tud_suspend_cb>:
10005af8:	4770      	bx	lr
10005afa:	46c0      	nop			@ (mov r8, r8)

10005afc <tud_resume_cb>:
10005afc:	4770      	bx	lr
10005afe:	46c0      	nop			@ (mov r8, r8)

10005b00 <tud_mounted>:
10005b00:	4b02      	ldr	r3, [pc, #8]	@ (10005b0c <tud_mounted+0xc>)
10005b02:	7858      	ldrb	r0, [r3, #1]
10005b04:	1e43      	subs	r3, r0, #1
10005b06:	4198      	sbcs	r0, r3
10005b08:	b2c0      	uxtb	r0, r0
10005b0a:	4770      	bx	lr
10005b0c:	20002030 	.word	0x20002030

10005b10 <tud_suspended>:
10005b10:	4b02      	ldr	r3, [pc, #8]	@ (10005b1c <tud_suspended+0xc>)
10005b12:	7818      	ldrb	r0, [r3, #0]
10005b14:	0740      	lsls	r0, r0, #29
10005b16:	0fc0      	lsrs	r0, r0, #31
10005b18:	4770      	bx	lr
10005b1a:	46c0      	nop			@ (mov r8, r8)
10005b1c:	20002030 	.word	0x20002030

10005b20 <tud_init>:
10005b20:	b5f8      	push	{r3, r4, r5, r6, r7, lr}
10005b22:	46ce      	mov	lr, r9
10005b24:	4647      	mov	r7, r8
10005b26:	b580      	push	{r7, lr}
10005b28:	4e2a      	ldr	r6, [pc, #168]	@ (10005bd4 <tud_init+0xb4>)
10005b2a:	4681      	mov	r9, r0
10005b2c:	7833      	ldrb	r3, [r6, #0]
10005b2e:	2bff      	cmp	r3, #255	@ 0xff
10005b30:	d004      	beq.n	10005b3c <tud_init+0x1c>
10005b32:	2001      	movs	r0, #1
10005b34:	bcc0      	pop	{r6, r7}
10005b36:	46b9      	mov	r9, r7
10005b38:	46b0      	mov	r8, r6
10005b3a:	bdf8      	pop	{r3, r4, r5, r6, r7, pc}
10005b3c:	2100      	movs	r1, #0
10005b3e:	2254      	movs	r2, #84	@ 0x54
10005b40:	4825      	ldr	r0, [pc, #148]	@ (10005bd8 <tud_init+0xb8>)
10005b42:	f7fd fb2b 	bl	1000319c <__wrap_memset>
10005b46:	2200      	movs	r2, #0
10005b48:	4c24      	ldr	r4, [pc, #144]	@ (10005bdc <tud_init+0xbc>)
10005b4a:	4b25      	ldr	r3, [pc, #148]	@ (10005be0 <tud_init+0xc0>)
10005b4c:	0020      	movs	r0, r4
10005b4e:	701a      	strb	r2, [r3, #0]
10005b50:	f7fb fad2 	bl	100010f8 <mutex_init>
10005b54:	4b23      	ldr	r3, [pc, #140]	@ (10005be4 <tud_init+0xc4>)
10005b56:	601c      	str	r4, [r3, #0]
10005b58:	4c23      	ldr	r4, [pc, #140]	@ (10005be8 <tud_init+0xc8>)
10005b5a:	0020      	movs	r0, r4
10005b5c:	3c14      	subs	r4, #20
10005b5e:	f7fb fad9 	bl	10001114 <critical_section_init>
10005b62:	0020      	movs	r0, r4
10005b64:	f001 fdca 	bl	100076fc <tu_fifo_clear>
10005b68:	4b20      	ldr	r3, [pc, #128]	@ (10005bec <tud_init+0xcc>)
10005b6a:	4d21      	ldr	r5, [pc, #132]	@ (10005bf0 <tud_init+0xd0>)
10005b6c:	601c      	str	r4, [r3, #0]
10005b6e:	4b21      	ldr	r3, [pc, #132]	@ (10005bf4 <tud_init+0xd4>)
10005b70:	2b00      	cmp	r3, #0
10005b72:	d004      	beq.n	10005b7e <tud_init+0x5e>
10005b74:	0028      	movs	r0, r5
10005b76:	f7ff fac1 	bl	100050fc <usbd_app_driver_get_cb>
10005b7a:	4b1f      	ldr	r3, [pc, #124]	@ (10005bf8 <tud_init+0xd8>)
10005b7c:	6018      	str	r0, [r3, #0]
10005b7e:	491f      	ldr	r1, [pc, #124]	@ (10005bfc <tud_init+0xdc>)
10005b80:	2400      	movs	r4, #0
10005b82:	2300      	movs	r3, #0
10005b84:	4688      	mov	r8, r1
10005b86:	782a      	ldrb	r2, [r5, #0]
10005b88:	4f1b      	ldr	r7, [pc, #108]	@ (10005bf8 <tud_init+0xd8>)
10005b8a:	e00f      	b.n	10005bac <tud_init+0x8c>
10005b8c:	683b      	ldr	r3, [r7, #0]
10005b8e:	0162      	lsls	r2, r4, #5
10005b90:	189b      	adds	r3, r3, r2
10005b92:	2b00      	cmp	r3, #0
10005b94:	d012      	beq.n	10005bbc <tud_init+0x9c>
10005b96:	685b      	ldr	r3, [r3, #4]
10005b98:	2b00      	cmp	r3, #0
10005b9a:	d00f      	beq.n	10005bbc <tud_init+0x9c>
10005b9c:	4798      	blx	r3
10005b9e:	782a      	ldrb	r2, [r5, #0]
10005ba0:	3401      	adds	r4, #1
10005ba2:	b2e4      	uxtb	r4, r4
10005ba4:	1c51      	adds	r1, r2, #1
10005ba6:	0023      	movs	r3, r4
10005ba8:	42a1      	cmp	r1, r4
10005baa:	db09      	blt.n	10005bc0 <tud_init+0xa0>
10005bac:	42a2      	cmp	r2, r4
10005bae:	d8ed      	bhi.n	10005b8c <tud_init+0x6c>
10005bb0:	1a9b      	subs	r3, r3, r2
10005bb2:	015b      	lsls	r3, r3, #5
10005bb4:	4443      	add	r3, r8
10005bb6:	685b      	ldr	r3, [r3, #4]
10005bb8:	2b00      	cmp	r3, #0
10005bba:	d1ef      	bne.n	10005b9c <tud_init+0x7c>
10005bbc:	2000      	movs	r0, #0
10005bbe:	e7b9      	b.n	10005b34 <tud_init+0x14>
10005bc0:	464b      	mov	r3, r9
10005bc2:	4648      	mov	r0, r9
10005bc4:	7033      	strb	r3, [r6, #0]
10005bc6:	f7ff fe09 	bl	100057dc <dcd_init>
10005bca:	4648      	mov	r0, r9
10005bcc:	f7ff fe4c 	bl	10005868 <dcd_int_enable>
10005bd0:	e7af      	b.n	10005b32 <tud_init+0x12>
10005bd2:	46c0      	nop			@ (mov r8, r8)
10005bd4:	2000192c 	.word	0x2000192c
10005bd8:	20002030 	.word	0x20002030
10005bdc:	20001fe8 	.word	0x20001fe8
10005be0:	20002c23 	.word	0x20002c23
10005be4:	20002084 	.word	0x20002084
10005be8:	20001924 	.word	0x20001924
10005bec:	20002088 	.word	0x20002088
10005bf0:	20002c21 	.word	0x20002c21
10005bf4:	100050fd 	.word	0x100050fd
10005bf8:	20001fcc 	.word	0x20001fcc
10005bfc:	10008430 	.word	0x10008430

10005c00 <tud_task_ext>:
10005c00:	b5f0      	push	{r4, r5, r6, r7, lr}
10005c02:	46de      	mov	lr, fp
10005c04:	4657      	mov	r7, sl
10005c06:	464e      	mov	r6, r9
10005c08:	4645      	mov	r5, r8
10005c0a:	b5e0      	push	{r5, r6, r7, lr}
10005c0c:	4bc6      	ldr	r3, [pc, #792]	@ (10005f28 <tud_task_ext+0x328>)
10005c0e:	b091      	sub	sp, #68	@ 0x44
10005c10:	9302      	str	r3, [sp, #8]
10005c12:	781b      	ldrb	r3, [r3, #0]
10005c14:	2bff      	cmp	r3, #255	@ 0xff
10005c16:	d100      	bne.n	10005c1a <tud_task_ext+0x1a>
10005c18:	e13b      	b.n	10005e92 <tud_task_ext+0x292>
10005c1a:	4bc4      	ldr	r3, [pc, #784]	@ (10005f2c <tud_task_ext+0x32c>)
10005c1c:	4ec4      	ldr	r6, [pc, #784]	@ (10005f30 <tud_task_ext+0x330>)
10005c1e:	001f      	movs	r7, r3
10005c20:	4bc4      	ldr	r3, [pc, #784]	@ (10005f34 <tud_task_ext+0x334>)
10005c22:	ac0d      	add	r4, sp, #52	@ 0x34
10005c24:	9301      	str	r3, [sp, #4]
10005c26:	4bc4      	ldr	r3, [pc, #784]	@ (10005f38 <tud_task_ext+0x338>)
10005c28:	9300      	str	r3, [sp, #0]
10005c2a:	6835      	ldr	r5, [r6, #0]
10005c2c:	696a      	ldr	r2, [r5, #20]
10005c2e:	f3ef 8110 	mrs	r1, PRIMASK
10005c32:	b672      	cpsid	i
10005c34:	6813      	ldr	r3, [r2, #0]
10005c36:	2b00      	cmp	r3, #0
10005c38:	d0fc      	beq.n	10005c34 <tud_task_ext+0x34>
10005c3a:	f3bf 8f5f 	dmb	sy
10005c3e:	61a9      	str	r1, [r5, #24]
10005c40:	0028      	movs	r0, r5
10005c42:	0021      	movs	r1, r4
10005c44:	f001 fb90 	bl	10007368 <tu_fifo_read>
10005c48:	696a      	ldr	r2, [r5, #20]
10005c4a:	69ab      	ldr	r3, [r5, #24]
10005c4c:	f3bf 8f5f 	dmb	sy
10005c50:	2100      	movs	r1, #0
10005c52:	6011      	str	r1, [r2, #0]
10005c54:	f383 8810 	msr	PRIMASK, r3
10005c58:	2800      	cmp	r0, #0
10005c5a:	d100      	bne.n	10005c5e <tud_task_ext+0x5e>
10005c5c:	e119      	b.n	10005e92 <tud_task_ext+0x292>
10005c5e:	7863      	ldrb	r3, [r4, #1]
10005c60:	2b08      	cmp	r3, #8
10005c62:	d8e2      	bhi.n	10005c2a <tud_task_ext+0x2a>
10005c64:	009b      	lsls	r3, r3, #2
10005c66:	58fb      	ldr	r3, [r7, r3]
10005c68:	469f      	mov	pc, r3
10005c6a:	6863      	ldr	r3, [r4, #4]
10005c6c:	2b00      	cmp	r3, #0
10005c6e:	d0dc      	beq.n	10005c2a <tud_task_ext+0x2a>
10005c70:	68a0      	ldr	r0, [r4, #8]
10005c72:	4798      	blx	r3
10005c74:	e7d9      	b.n	10005c2a <tud_task_ext+0x2a>
10005c76:	227f      	movs	r2, #127	@ 0x7f
10005c78:	7921      	ldrb	r1, [r4, #4]
10005c7a:	4dae      	ldr	r5, [pc, #696]	@ (10005f34 <tud_task_ext+0x334>)
10005c7c:	400a      	ands	r2, r1
10005c7e:	0053      	lsls	r3, r2, #1
10005c80:	18eb      	adds	r3, r5, r3
10005c82:	4698      	mov	r8, r3
10005c84:	09c8      	lsrs	r0, r1, #7
10005c86:	4480      	add	r8, r0
10005c88:	4640      	mov	r0, r8
10005c8a:	2301      	movs	r3, #1
10005c8c:	3030      	adds	r0, #48	@ 0x30
10005c8e:	7905      	ldrb	r5, [r0, #4]
10005c90:	439d      	bics	r5, r3
10005c92:	7105      	strb	r5, [r0, #4]
10005c94:	7905      	ldrb	r5, [r0, #4]
10005c96:	3303      	adds	r3, #3
10005c98:	439d      	bics	r5, r3
10005c9a:	7105      	strb	r5, [r0, #4]
10005c9c:	2a00      	cmp	r2, #0
10005c9e:	d100      	bne.n	10005ca2 <tud_task_ext+0xa2>
10005ca0:	e0fe      	b.n	10005ea0 <tud_task_ext+0x2a0>
10005ca2:	4643      	mov	r3, r8
10005ca4:	4aa5      	ldr	r2, [pc, #660]	@ (10005f3c <tud_task_ext+0x33c>)
10005ca6:	7d1b      	ldrb	r3, [r3, #20]
10005ca8:	7812      	ldrb	r2, [r2, #0]
10005caa:	4293      	cmp	r3, r2
10005cac:	d300      	bcc.n	10005cb0 <tud_task_ext+0xb0>
10005cae:	e0ed      	b.n	10005e8c <tud_task_ext+0x28c>
10005cb0:	4aa3      	ldr	r2, [pc, #652]	@ (10005f40 <tud_task_ext+0x340>)
10005cb2:	015b      	lsls	r3, r3, #5
10005cb4:	6815      	ldr	r5, [r2, #0]
10005cb6:	18ed      	adds	r5, r5, r3
10005cb8:	2d00      	cmp	r5, #0
10005cba:	d100      	bne.n	10005cbe <tud_task_ext+0xbe>
10005cbc:	e0e9      	b.n	10005e92 <tud_task_ext+0x292>
10005cbe:	68a3      	ldr	r3, [r4, #8]
10005cc0:	7962      	ldrb	r2, [r4, #5]
10005cc2:	7820      	ldrb	r0, [r4, #0]
10005cc4:	69ad      	ldr	r5, [r5, #24]
10005cc6:	47a8      	blx	r5
10005cc8:	e7af      	b.n	10005c2a <tud_task_ext+0x2a>
10005cca:	4b9e      	ldr	r3, [pc, #632]	@ (10005f44 <tud_task_ext+0x344>)
10005ccc:	781a      	ldrb	r2, [r3, #0]
10005cce:	2a00      	cmp	r2, #0
10005cd0:	d100      	bne.n	10005cd4 <tud_task_ext+0xd4>
10005cd2:	e0de      	b.n	10005e92 <tud_task_ext+0x292>
10005cd4:	781a      	ldrb	r2, [r3, #0]
10005cd6:	3a01      	subs	r2, #1
10005cd8:	701a      	strb	r2, [r3, #0]
10005cda:	781b      	ldrb	r3, [r3, #0]
10005cdc:	2b00      	cmp	r3, #0
10005cde:	d1a4      	bne.n	10005c2a <tud_task_ext+0x2a>
10005ce0:	2201      	movs	r2, #1
10005ce2:	4d94      	ldr	r5, [pc, #592]	@ (10005f34 <tud_task_ext+0x334>)
10005ce4:	2101      	movs	r1, #1
10005ce6:	782b      	ldrb	r3, [r5, #0]
10005ce8:	2004      	movs	r0, #4
10005cea:	4313      	orrs	r3, r2
10005cec:	702b      	strb	r3, [r5, #0]
10005cee:	2334      	movs	r3, #52	@ 0x34
10005cf0:	5cea      	ldrb	r2, [r5, r3]
10005cf2:	438a      	bics	r2, r1
10005cf4:	54ea      	strb	r2, [r5, r3]
10005cf6:	5cea      	ldrb	r2, [r5, r3]
10005cf8:	4382      	bics	r2, r0
10005cfa:	54ea      	strb	r2, [r5, r3]
10005cfc:	3301      	adds	r3, #1
10005cfe:	5cea      	ldrb	r2, [r5, r3]
10005d00:	438a      	bics	r2, r1
10005d02:	54ea      	strb	r2, [r5, r3]
10005d04:	5cea      	ldrb	r2, [r5, r3]
10005d06:	4382      	bics	r2, r0
10005d08:	54ea      	strb	r2, [r5, r3]
10005d0a:	7823      	ldrb	r3, [r4, #0]
10005d0c:	2000      	movs	r0, #0
10005d0e:	469b      	mov	fp, r3
10005d10:	f000 fc9a 	bl	10006648 <usbd_control_set_complete_callback>
10005d14:	2260      	movs	r2, #96	@ 0x60
10005d16:	7923      	ldrb	r3, [r4, #4]
10005d18:	401a      	ands	r2, r3
10005d1a:	2a60      	cmp	r2, #96	@ 0x60
10005d1c:	d100      	bne.n	10005d20 <tud_task_ext+0x120>
10005d1e:	e0ee      	b.n	10005efe <tud_task_ext+0x2fe>
10005d20:	2a40      	cmp	r2, #64	@ 0x40
10005d22:	d100      	bne.n	10005d26 <tud_task_ext+0x126>
10005d24:	e0f4      	b.n	10005f10 <tud_task_ext+0x310>
10005d26:	06db      	lsls	r3, r3, #27
10005d28:	0edb      	lsrs	r3, r3, #27
10005d2a:	2b01      	cmp	r3, #1
10005d2c:	d100      	bne.n	10005d30 <tud_task_ext+0x130>
10005d2e:	e111      	b.n	10005f54 <tud_task_ext+0x354>
10005d30:	2b02      	cmp	r3, #2
10005d32:	d100      	bne.n	10005d36 <tud_task_ext+0x136>
10005d34:	e0c6      	b.n	10005ec4 <tud_task_ext+0x2c4>
10005d36:	2b00      	cmp	r3, #0
10005d38:	d000      	beq.n	10005d3c <tud_task_ext+0x13c>
10005d3a:	e0e0      	b.n	10005efe <tud_task_ext+0x2fe>
10005d3c:	2a20      	cmp	r2, #32
10005d3e:	d100      	bne.n	10005d42 <tud_task_ext+0x142>
10005d40:	e21c      	b.n	1000617c <tud_task_ext+0x57c>
10005d42:	2a00      	cmp	r2, #0
10005d44:	d000      	beq.n	10005d48 <tud_task_ext+0x148>
10005d46:	e0da      	b.n	10005efe <tud_task_ext+0x2fe>
10005d48:	7963      	ldrb	r3, [r4, #5]
10005d4a:	2b09      	cmp	r3, #9
10005d4c:	d900      	bls.n	10005d50 <tud_task_ext+0x150>
10005d4e:	e0d6      	b.n	10005efe <tud_task_ext+0x2fe>
10005d50:	4a7d      	ldr	r2, [pc, #500]	@ (10005f48 <tud_task_ext+0x348>)
10005d52:	009b      	lsls	r3, r3, #2
10005d54:	58d3      	ldr	r3, [r2, r3]
10005d56:	469f      	mov	pc, r3
10005d58:	4d76      	ldr	r5, [pc, #472]	@ (10005f34 <tud_task_ext+0x334>)
10005d5a:	782b      	ldrb	r3, [r5, #0]
10005d5c:	07db      	lsls	r3, r3, #31
10005d5e:	d400      	bmi.n	10005d62 <tud_task_ext+0x162>
10005d60:	e763      	b.n	10005c2a <tud_task_ext+0x2a>
10005d62:	f7ff fecb 	bl	10005afc <tud_resume_cb>
10005d66:	e760      	b.n	10005c2a <tud_task_ext+0x2a>
10005d68:	9b01      	ldr	r3, [sp, #4]
10005d6a:	78db      	ldrb	r3, [r3, #3]
10005d6c:	07db      	lsls	r3, r3, #31
10005d6e:	d400      	bmi.n	10005d72 <tud_task_ext+0x172>
10005d70:	e75b      	b.n	10005c2a <tud_task_ext+0x2a>
10005d72:	6860      	ldr	r0, [r4, #4]
10005d74:	f7ff feb6 	bl	10005ae4 <tud_sof_cb>
10005d78:	e757      	b.n	10005c2a <tud_task_ext+0x2a>
10005d7a:	4d6e      	ldr	r5, [pc, #440]	@ (10005f34 <tud_task_ext+0x334>)
10005d7c:	782b      	ldrb	r3, [r5, #0]
10005d7e:	07db      	lsls	r3, r3, #31
10005d80:	d400      	bmi.n	10005d84 <tud_task_ext+0x184>
10005d82:	e752      	b.n	10005c2a <tud_task_ext+0x2a>
10005d84:	7828      	ldrb	r0, [r5, #0]
10005d86:	0700      	lsls	r0, r0, #28
10005d88:	0fc0      	lsrs	r0, r0, #31
10005d8a:	f7ff feb5 	bl	10005af8 <tud_suspend_cb>
10005d8e:	e74c      	b.n	10005c2a <tud_task_ext+0x2a>
10005d90:	7823      	ldrb	r3, [r4, #0]
10005d92:	4969      	ldr	r1, [pc, #420]	@ (10005f38 <tud_task_ext+0x338>)
10005d94:	4699      	mov	r9, r3
10005d96:	468b      	mov	fp, r1
10005d98:	4b68      	ldr	r3, [pc, #416]	@ (10005f3c <tud_task_ext+0x33c>)
10005d9a:	4969      	ldr	r1, [pc, #420]	@ (10005f40 <tud_task_ext+0x340>)
10005d9c:	4698      	mov	r8, r3
10005d9e:	468a      	mov	sl, r1
10005da0:	0039      	movs	r1, r7
10005da2:	781a      	ldrb	r2, [r3, #0]
10005da4:	4647      	mov	r7, r8
10005da6:	2300      	movs	r3, #0
10005da8:	46b0      	mov	r8, r6
10005daa:	2500      	movs	r5, #0
10005dac:	464e      	mov	r6, r9
10005dae:	4689      	mov	r9, r1
10005db0:	e010      	b.n	10005dd4 <tud_task_ext+0x1d4>
10005db2:	4653      	mov	r3, sl
10005db4:	681b      	ldr	r3, [r3, #0]
10005db6:	016a      	lsls	r2, r5, #5
10005db8:	189b      	adds	r3, r3, r2
10005dba:	2b00      	cmp	r3, #0
10005dbc:	d100      	bne.n	10005dc0 <tud_task_ext+0x1c0>
10005dbe:	e075      	b.n	10005eac <tud_task_ext+0x2ac>
10005dc0:	68db      	ldr	r3, [r3, #12]
10005dc2:	0030      	movs	r0, r6
10005dc4:	4798      	blx	r3
10005dc6:	783a      	ldrb	r2, [r7, #0]
10005dc8:	3501      	adds	r5, #1
10005dca:	b2ed      	uxtb	r5, r5
10005dcc:	1c51      	adds	r1, r2, #1
10005dce:	002b      	movs	r3, r5
10005dd0:	428d      	cmp	r5, r1
10005dd2:	dc43      	bgt.n	10005e5c <tud_task_ext+0x25c>
10005dd4:	4295      	cmp	r5, r2
10005dd6:	d3ec      	bcc.n	10005db2 <tud_task_ext+0x1b2>
10005dd8:	1a9b      	subs	r3, r3, r2
10005dda:	015b      	lsls	r3, r3, #5
10005ddc:	445b      	add	r3, fp
10005dde:	e7ef      	b.n	10005dc0 <tud_task_ext+0x1c0>
10005de0:	7823      	ldrb	r3, [r4, #0]
10005de2:	4957      	ldr	r1, [pc, #348]	@ (10005f40 <tud_task_ext+0x340>)
10005de4:	4699      	mov	r9, r3
10005de6:	4b55      	ldr	r3, [pc, #340]	@ (10005f3c <tud_task_ext+0x33c>)
10005de8:	468a      	mov	sl, r1
10005dea:	4698      	mov	r8, r3
10005dec:	0031      	movs	r1, r6
10005dee:	46bb      	mov	fp, r7
10005df0:	464e      	mov	r6, r9
10005df2:	781a      	ldrb	r2, [r3, #0]
10005df4:	2500      	movs	r5, #0
10005df6:	2300      	movs	r3, #0
10005df8:	4647      	mov	r7, r8
10005dfa:	4689      	mov	r9, r1
10005dfc:	e00f      	b.n	10005e1e <tud_task_ext+0x21e>
10005dfe:	4653      	mov	r3, sl
10005e00:	681b      	ldr	r3, [r3, #0]
10005e02:	016a      	lsls	r2, r5, #5
10005e04:	189b      	adds	r3, r3, r2
10005e06:	2b00      	cmp	r3, #0
10005e08:	d054      	beq.n	10005eb4 <tud_task_ext+0x2b4>
10005e0a:	68db      	ldr	r3, [r3, #12]
10005e0c:	0030      	movs	r0, r6
10005e0e:	4798      	blx	r3
10005e10:	783a      	ldrb	r2, [r7, #0]
10005e12:	3501      	adds	r5, #1
10005e14:	b2ed      	uxtb	r5, r5
10005e16:	1c51      	adds	r1, r2, #1
10005e18:	002b      	movs	r3, r5
10005e1a:	428d      	cmp	r5, r1
10005e1c:	dc06      	bgt.n	10005e2c <tud_task_ext+0x22c>
10005e1e:	4295      	cmp	r5, r2
10005e20:	d3ed      	bcc.n	10005dfe <tud_task_ext+0x1fe>
10005e22:	1a9b      	subs	r3, r3, r2
10005e24:	9a00      	ldr	r2, [sp, #0]
10005e26:	015b      	lsls	r3, r3, #5
10005e28:	18d3      	adds	r3, r2, r3
10005e2a:	e7ee      	b.n	10005e0a <tud_task_ext+0x20a>
10005e2c:	9d01      	ldr	r5, [sp, #4]
10005e2e:	2254      	movs	r2, #84	@ 0x54
10005e30:	2100      	movs	r1, #0
10005e32:	0028      	movs	r0, r5
10005e34:	f7fd f9b2 	bl	1000319c <__wrap_memset>
10005e38:	2210      	movs	r2, #16
10005e3a:	21ff      	movs	r1, #255	@ 0xff
10005e3c:	4843      	ldr	r0, [pc, #268]	@ (10005f4c <tud_task_ext+0x34c>)
10005e3e:	f7fd f9ad 	bl	1000319c <__wrap_memset>
10005e42:	0028      	movs	r0, r5
10005e44:	2220      	movs	r2, #32
10005e46:	21ff      	movs	r1, #255	@ 0xff
10005e48:	3014      	adds	r0, #20
10005e4a:	464e      	mov	r6, r9
10005e4c:	465f      	mov	r7, fp
10005e4e:	f7fd f9a5 	bl	1000319c <__wrap_memset>
10005e52:	f000 fbef 	bl	10006634 <usbd_control_reset>
10005e56:	f7ff fe4d 	bl	10005af4 <tud_umount_cb>
10005e5a:	e6e6      	b.n	10005c2a <tud_task_ext+0x2a>
10005e5c:	4d35      	ldr	r5, [pc, #212]	@ (10005f34 <tud_task_ext+0x334>)
10005e5e:	2254      	movs	r2, #84	@ 0x54
10005e60:	2100      	movs	r1, #0
10005e62:	0028      	movs	r0, r5
10005e64:	f7fd f99a 	bl	1000319c <__wrap_memset>
10005e68:	2210      	movs	r2, #16
10005e6a:	21ff      	movs	r1, #255	@ 0xff
10005e6c:	1d28      	adds	r0, r5, #4
10005e6e:	f7fd f995 	bl	1000319c <__wrap_memset>
10005e72:	0028      	movs	r0, r5
10005e74:	2220      	movs	r2, #32
10005e76:	21ff      	movs	r1, #255	@ 0xff
10005e78:	3014      	adds	r0, #20
10005e7a:	4646      	mov	r6, r8
10005e7c:	464f      	mov	r7, r9
10005e7e:	f7fd f98d 	bl	1000319c <__wrap_memset>
10005e82:	f000 fbd7 	bl	10006634 <usbd_control_reset>
10005e86:	7923      	ldrb	r3, [r4, #4]
10005e88:	70ab      	strb	r3, [r5, #2]
10005e8a:	e6ce      	b.n	10005c2a <tud_task_ext+0x2a>
10005e8c:	1c50      	adds	r0, r2, #1
10005e8e:	4298      	cmp	r0, r3
10005e90:	da13      	bge.n	10005eba <tud_task_ext+0x2ba>
10005e92:	b011      	add	sp, #68	@ 0x44
10005e94:	bcf0      	pop	{r4, r5, r6, r7}
10005e96:	46bb      	mov	fp, r7
10005e98:	46b2      	mov	sl, r6
10005e9a:	46a9      	mov	r9, r5
10005e9c:	46a0      	mov	r8, r4
10005e9e:	bdf0      	pop	{r4, r5, r6, r7, pc}
10005ea0:	68a3      	ldr	r3, [r4, #8]
10005ea2:	7962      	ldrb	r2, [r4, #5]
10005ea4:	7820      	ldrb	r0, [r4, #0]
10005ea6:	f000 fbe3 	bl	10006670 <usbd_control_xfer_cb>
10005eaa:	e6be      	b.n	10005c2a <tud_task_ext+0x2a>
10005eac:	4646      	mov	r6, r8
10005eae:	464f      	mov	r7, r9
10005eb0:	4d20      	ldr	r5, [pc, #128]	@ (10005f34 <tud_task_ext+0x334>)
10005eb2:	e7e6      	b.n	10005e82 <tud_task_ext+0x282>
10005eb4:	464e      	mov	r6, r9
10005eb6:	465f      	mov	r7, fp
10005eb8:	e7cb      	b.n	10005e52 <tud_task_ext+0x252>
10005eba:	4d1f      	ldr	r5, [pc, #124]	@ (10005f38 <tud_task_ext+0x338>)
10005ebc:	1a9b      	subs	r3, r3, r2
10005ebe:	015b      	lsls	r3, r3, #5
10005ec0:	195d      	adds	r5, r3, r5
10005ec2:	e6fc      	b.n	10005cbe <tud_task_ext+0xbe>
10005ec4:	2370      	movs	r3, #112	@ 0x70
10005ec6:	7a21      	ldrb	r1, [r4, #8]
10005ec8:	420b      	tst	r3, r1
10005eca:	d118      	bne.n	10005efe <tud_task_ext+0x2fe>
10005ecc:	09c8      	lsrs	r0, r1, #7
10005ece:	4682      	mov	sl, r0
10005ed0:	330f      	adds	r3, #15
10005ed2:	400b      	ands	r3, r1
10005ed4:	005b      	lsls	r3, r3, #1
10005ed6:	4698      	mov	r8, r3
10005ed8:	4818      	ldr	r0, [pc, #96]	@ (10005f3c <tud_task_ext+0x33c>)
10005eda:	18eb      	adds	r3, r5, r3
10005edc:	4453      	add	r3, sl
10005ede:	7d1b      	ldrb	r3, [r3, #20]
10005ee0:	7800      	ldrb	r0, [r0, #0]
10005ee2:	4699      	mov	r9, r3
10005ee4:	4283      	cmp	r3, r0
10005ee6:	d268      	bcs.n	10005fba <tud_task_ext+0x3ba>
10005ee8:	4815      	ldr	r0, [pc, #84]	@ (10005f40 <tud_task_ext+0x340>)
10005eea:	015b      	lsls	r3, r3, #5
10005eec:	6800      	ldr	r0, [r0, #0]
10005eee:	4681      	mov	r9, r0
10005ef0:	4499      	add	r9, r3
10005ef2:	2a00      	cmp	r2, #0
10005ef4:	d100      	bne.n	10005ef8 <tud_task_ext+0x2f8>
10005ef6:	e163      	b.n	100061c0 <tud_task_ext+0x5c0>
10005ef8:	464b      	mov	r3, r9
10005efa:	2b00      	cmp	r3, #0
10005efc:	d16a      	bne.n	10005fd4 <tud_task_ext+0x3d4>
10005efe:	7820      	ldrb	r0, [r4, #0]
10005f00:	2100      	movs	r1, #0
10005f02:	f7ff fd77 	bl	100059f4 <dcd_edpt_stall>
10005f06:	2180      	movs	r1, #128	@ 0x80
10005f08:	7820      	ldrb	r0, [r4, #0]
10005f0a:	f7ff fd73 	bl	100059f4 <dcd_edpt_stall>
10005f0e:	e68c      	b.n	10005c2a <tud_task_ext+0x2a>
10005f10:	480f      	ldr	r0, [pc, #60]	@ (10005f50 <tud_task_ext+0x350>)
10005f12:	f000 fb99 	bl	10006648 <usbd_control_set_complete_callback>
10005f16:	2101      	movs	r1, #1
10005f18:	4658      	mov	r0, fp
10005f1a:	aa0e      	add	r2, sp, #56	@ 0x38
10005f1c:	f7ff f8d2 	bl	100050c4 <tud_vendor_control_xfer_cb>
10005f20:	2800      	cmp	r0, #0
10005f22:	d000      	beq.n	10005f26 <tud_task_ext+0x326>
10005f24:	e681      	b.n	10005c2a <tud_task_ext+0x2a>
10005f26:	e7ea      	b.n	10005efe <tud_task_ext+0x2fe>
10005f28:	2000192c 	.word	0x2000192c
10005f2c:	10008388 	.word	0x10008388
10005f30:	20002088 	.word	0x20002088
10005f34:	20002030 	.word	0x20002030
10005f38:	10008430 	.word	0x10008430
10005f3c:	20002c21 	.word	0x20002c21
10005f40:	20001fcc 	.word	0x20001fcc
10005f44:	20002c23 	.word	0x20002c23
10005f48:	100083ac 	.word	0x100083ac
10005f4c:	20002034 	.word	0x20002034
10005f50:	100050c5 	.word	0x100050c5
10005f54:	7a23      	ldrb	r3, [r4, #8]
10005f56:	8922      	ldrh	r2, [r4, #8]
10005f58:	2b0f      	cmp	r3, #15
10005f5a:	d8d0      	bhi.n	10005efe <tud_task_ext+0x2fe>
10005f5c:	23ff      	movs	r3, #255	@ 0xff
10005f5e:	4013      	ands	r3, r2
10005f60:	4acf      	ldr	r2, [pc, #828]	@ (100062a0 <tud_task_ext+0x6a0>)
10005f62:	18eb      	adds	r3, r5, r3
10005f64:	791b      	ldrb	r3, [r3, #4]
10005f66:	7815      	ldrb	r5, [r2, #0]
10005f68:	42ab      	cmp	r3, r5
10005f6a:	d33e      	bcc.n	10005fea <tud_task_ext+0x3ea>
10005f6c:	1c69      	adds	r1, r5, #1
10005f6e:	4299      	cmp	r1, r3
10005f70:	dbc5      	blt.n	10005efe <tud_task_ext+0x2fe>
10005f72:	1b5d      	subs	r5, r3, r5
10005f74:	4bcb      	ldr	r3, [pc, #812]	@ (100062a4 <tud_task_ext+0x6a4>)
10005f76:	016d      	lsls	r5, r5, #5
10005f78:	18ed      	adds	r5, r5, r3
10005f7a:	6968      	ldr	r0, [r5, #20]
10005f7c:	f000 fb64 	bl	10006648 <usbd_control_set_complete_callback>
10005f80:	2101      	movs	r1, #1
10005f82:	4658      	mov	r0, fp
10005f84:	696b      	ldr	r3, [r5, #20]
10005f86:	aa0e      	add	r2, sp, #56	@ 0x38
10005f88:	4798      	blx	r3
10005f8a:	2800      	cmp	r0, #0
10005f8c:	d000      	beq.n	10005f90 <tud_task_ext+0x390>
10005f8e:	e64c      	b.n	10005c2a <tud_task_ext+0x2a>
10005f90:	2260      	movs	r2, #96	@ 0x60
10005f92:	0015      	movs	r5, r2
10005f94:	7923      	ldrb	r3, [r4, #4]
10005f96:	401d      	ands	r5, r3
10005f98:	421a      	tst	r2, r3
10005f9a:	d1b0      	bne.n	10005efe <tud_task_ext+0x2fe>
10005f9c:	7963      	ldrb	r3, [r4, #5]
10005f9e:	3b0a      	subs	r3, #10
10005fa0:	2b01      	cmp	r3, #1
10005fa2:	d8ac      	bhi.n	10005efe <tud_task_ext+0x2fe>
10005fa4:	f000 fb50 	bl	10006648 <usbd_control_set_complete_callback>
10005fa8:	7963      	ldrb	r3, [r4, #5]
10005faa:	2b0a      	cmp	r3, #10
10005fac:	d100      	bne.n	10005fb0 <tud_task_ext+0x3b0>
10005fae:	e199      	b.n	100062e4 <tud_task_ext+0x6e4>
10005fb0:	4658      	mov	r0, fp
10005fb2:	a90e      	add	r1, sp, #56	@ 0x38
10005fb4:	f000 fad8 	bl	10006568 <tud_control_status>
10005fb8:	e637      	b.n	10005c2a <tud_task_ext+0x2a>
10005fba:	1c43      	adds	r3, r0, #1
10005fbc:	454b      	cmp	r3, r9
10005fbe:	da00      	bge.n	10005fc2 <tud_task_ext+0x3c2>
10005fc0:	e0f9      	b.n	100061b6 <tud_task_ext+0x5b6>
10005fc2:	464b      	mov	r3, r9
10005fc4:	1a1b      	subs	r3, r3, r0
10005fc6:	015b      	lsls	r3, r3, #5
10005fc8:	4699      	mov	r9, r3
10005fca:	48b6      	ldr	r0, [pc, #728]	@ (100062a4 <tud_task_ext+0x6a4>)
10005fcc:	4481      	add	r9, r0
10005fce:	2a00      	cmp	r2, #0
10005fd0:	d100      	bne.n	10005fd4 <tud_task_ext+0x3d4>
10005fd2:	e0f5      	b.n	100061c0 <tud_task_ext+0x5c0>
10005fd4:	464b      	mov	r3, r9
10005fd6:	6958      	ldr	r0, [r3, #20]
10005fd8:	f000 fb36 	bl	10006648 <usbd_control_set_complete_callback>
10005fdc:	464b      	mov	r3, r9
10005fde:	2101      	movs	r1, #1
10005fe0:	4658      	mov	r0, fp
10005fe2:	695b      	ldr	r3, [r3, #20]
10005fe4:	aa0e      	add	r2, sp, #56	@ 0x38
10005fe6:	4798      	blx	r3
10005fe8:	e79a      	b.n	10005f20 <tud_task_ext+0x320>
10005fea:	4aaf      	ldr	r2, [pc, #700]	@ (100062a8 <tud_task_ext+0x6a8>)
10005fec:	015b      	lsls	r3, r3, #5
10005fee:	6815      	ldr	r5, [r2, #0]
10005ff0:	18ed      	adds	r5, r5, r3
10005ff2:	2d00      	cmp	r5, #0
10005ff4:	d1c1      	bne.n	10005f7a <tud_task_ext+0x37a>
10005ff6:	e782      	b.n	10005efe <tud_task_ext+0x2fe>
10005ff8:	79a3      	ldrb	r3, [r4, #6]
10005ffa:	4699      	mov	r9, r3
10005ffc:	786b      	ldrb	r3, [r5, #1]
10005ffe:	4599      	cmp	r9, r3
10006000:	d0d6      	beq.n	10005fb0 <tud_task_ext+0x3b0>
10006002:	786b      	ldrb	r3, [r5, #1]
10006004:	2b00      	cmp	r3, #0
10006006:	d000      	beq.n	1000600a <tud_task_ext+0x40a>
10006008:	e135      	b.n	10006276 <tud_task_ext+0x676>
1000600a:	464b      	mov	r3, r9
1000600c:	706b      	strb	r3, [r5, #1]
1000600e:	2b00      	cmp	r3, #0
10006010:	d100      	bne.n	10006014 <tud_task_ext+0x414>
10006012:	e12d      	b.n	10006270 <tud_task_ext+0x670>
10006014:	4648      	mov	r0, r9
10006016:	3801      	subs	r0, #1
10006018:	b2c0      	uxtb	r0, r0
1000601a:	f7ff fa8d 	bl	10005538 <tud_descriptor_configuration_cb>
1000601e:	2800      	cmp	r0, #0
10006020:	d100      	bne.n	10006024 <tud_task_ext+0x424>
10006022:	e17e      	b.n	10006322 <tud_task_ext+0x722>
10006024:	7843      	ldrb	r3, [r0, #1]
10006026:	9307      	str	r3, [sp, #28]
10006028:	2b02      	cmp	r3, #2
1000602a:	d000      	beq.n	1000602e <tud_task_ext+0x42e>
1000602c:	e179      	b.n	10006322 <tud_task_ext+0x722>
1000602e:	2201      	movs	r2, #1
10006030:	79c1      	ldrb	r1, [r0, #7]
10006032:	46b1      	mov	r9, r6
10006034:	118b      	asrs	r3, r1, #6
10006036:	1149      	asrs	r1, r1, #5
10006038:	4013      	ands	r3, r2
1000603a:	400a      	ands	r2, r1
1000603c:	2130      	movs	r1, #48	@ 0x30
1000603e:	0112      	lsls	r2, r2, #4
10006040:	015b      	lsls	r3, r3, #5
10006042:	4313      	orrs	r3, r2
10006044:	782a      	ldrb	r2, [r5, #0]
10006046:	46a8      	mov	r8, r5
10006048:	438a      	bics	r2, r1
1000604a:	4313      	orrs	r3, r2
1000604c:	702b      	strb	r3, [r5, #0]
1000604e:	2309      	movs	r3, #9
10006050:	469a      	mov	sl, r3
10006052:	4482      	add	sl, r0
10006054:	4656      	mov	r6, sl
10006056:	46ba      	mov	sl, r7
10006058:	78c3      	ldrb	r3, [r0, #3]
1000605a:	7882      	ldrb	r2, [r0, #2]
1000605c:	021b      	lsls	r3, r3, #8
1000605e:	4313      	orrs	r3, r2
10006060:	18c3      	adds	r3, r0, r3
10006062:	9305      	str	r3, [sp, #20]
10006064:	4b8e      	ldr	r3, [pc, #568]	@ (100062a0 <tud_task_ext+0x6a0>)
10006066:	9304      	str	r3, [sp, #16]
10006068:	4b8e      	ldr	r3, [pc, #568]	@ (100062a4 <tud_task_ext+0x6a4>)
1000606a:	9308      	str	r3, [sp, #32]
1000606c:	4b8e      	ldr	r3, [pc, #568]	@ (100062a8 <tud_task_ext+0x6a8>)
1000606e:	9309      	str	r3, [sp, #36]	@ 0x24
10006070:	4b8e      	ldr	r3, [pc, #568]	@ (100062ac <tud_task_ext+0x6ac>)
10006072:	930a      	str	r3, [sp, #40]	@ 0x28
10006074:	9b05      	ldr	r3, [sp, #20]
10006076:	42b3      	cmp	r3, r6
10006078:	d800      	bhi.n	1000607c <tud_task_ext+0x47c>
1000607a:	e155      	b.n	10006328 <tud_task_ext+0x728>
1000607c:	7873      	ldrb	r3, [r6, #1]
1000607e:	2201      	movs	r2, #1
10006080:	2b0b      	cmp	r3, #11
10006082:	d103      	bne.n	1000608c <tud_task_ext+0x48c>
10006084:	7833      	ldrb	r3, [r6, #0]
10006086:	78f2      	ldrb	r2, [r6, #3]
10006088:	18f6      	adds	r6, r6, r3
1000608a:	7873      	ldrb	r3, [r6, #1]
1000608c:	2b04      	cmp	r3, #4
1000608e:	d000      	beq.n	10006092 <tud_task_ext+0x492>
10006090:	e144      	b.n	1000631c <tud_task_ext+0x71c>
10006092:	9b05      	ldr	r3, [sp, #20]
10006094:	2700      	movs	r7, #0
10006096:	1b9b      	subs	r3, r3, r6
10006098:	b29b      	uxth	r3, r3
1000609a:	9306      	str	r3, [sp, #24]
1000609c:	9b04      	ldr	r3, [sp, #16]
1000609e:	920b      	str	r2, [sp, #44]	@ 0x2c
100060a0:	781d      	ldrb	r5, [r3, #0]
100060a2:	2300      	movs	r3, #0
100060a4:	9303      	str	r3, [sp, #12]
100060a6:	e01b      	b.n	100060e0 <tud_task_ext+0x4e0>
100060a8:	9a09      	ldr	r2, [sp, #36]	@ 0x24
100060aa:	017b      	lsls	r3, r7, #5
100060ac:	6815      	ldr	r5, [r2, #0]
100060ae:	18ed      	adds	r5, r5, r3
100060b0:	2d00      	cmp	r5, #0
100060b2:	d100      	bne.n	100060b6 <tud_task_ext+0x4b6>
100060b4:	e132      	b.n	1000631c <tud_task_ext+0x71c>
100060b6:	0031      	movs	r1, r6
100060b8:	4658      	mov	r0, fp
100060ba:	692b      	ldr	r3, [r5, #16]
100060bc:	9a06      	ldr	r2, [sp, #24]
100060be:	4798      	blx	r3
100060c0:	4684      	mov	ip, r0
100060c2:	2808      	cmp	r0, #8
100060c4:	d903      	bls.n	100060ce <tud_task_ext+0x4ce>
100060c6:	9a06      	ldr	r2, [sp, #24]
100060c8:	4282      	cmp	r2, r0
100060ca:	d300      	bcc.n	100060ce <tud_task_ext+0x4ce>
100060cc:	e113      	b.n	100062f6 <tud_task_ext+0x6f6>
100060ce:	9b04      	ldr	r3, [sp, #16]
100060d0:	3701      	adds	r7, #1
100060d2:	781d      	ldrb	r5, [r3, #0]
100060d4:	b2ff      	uxtb	r7, r7
100060d6:	1c6b      	adds	r3, r5, #1
100060d8:	9703      	str	r7, [sp, #12]
100060da:	429f      	cmp	r7, r3
100060dc:	dd00      	ble.n	100060e0 <tud_task_ext+0x4e0>
100060de:	e11d      	b.n	1000631c <tud_task_ext+0x71c>
100060e0:	42bd      	cmp	r5, r7
100060e2:	d8e1      	bhi.n	100060a8 <tud_task_ext+0x4a8>
100060e4:	9b03      	ldr	r3, [sp, #12]
100060e6:	1b5d      	subs	r5, r3, r5
100060e8:	9b08      	ldr	r3, [sp, #32]
100060ea:	016d      	lsls	r5, r5, #5
100060ec:	195d      	adds	r5, r3, r5
100060ee:	e7e2      	b.n	100060b6 <tud_task_ext+0x4b6>
100060f0:	786b      	ldrb	r3, [r5, #1]
100060f2:	aa0c      	add	r2, sp, #48	@ 0x30
100060f4:	3202      	adds	r2, #2
100060f6:	7013      	strb	r3, [r2, #0]
100060f8:	4658      	mov	r0, fp
100060fa:	2301      	movs	r3, #1
100060fc:	a90e      	add	r1, sp, #56	@ 0x38
100060fe:	f000 fa49 	bl	10006594 <tud_control_xfer>
10006102:	e592      	b.n	10005c2a <tud_task_ext+0x2a>
10006104:	88e0      	ldrh	r0, [r4, #6]
10006106:	0a03      	lsrs	r3, r0, #8
10006108:	b2c0      	uxtb	r0, r0
1000610a:	2b0f      	cmp	r3, #15
1000610c:	d900      	bls.n	10006110 <tud_task_ext+0x510>
1000610e:	e6f6      	b.n	10005efe <tud_task_ext+0x2fe>
10006110:	4967      	ldr	r1, [pc, #412]	@ (100062b0 <tud_task_ext+0x6b0>)
10006112:	009a      	lsls	r2, r3, #2
10006114:	588a      	ldr	r2, [r1, r2]
10006116:	4697      	mov	pc, r2
10006118:	a80e      	add	r0, sp, #56	@ 0x38
1000611a:	f000 fa9b 	bl	10006654 <usbd_control_set_request>
1000611e:	4658      	mov	r0, fp
10006120:	79a1      	ldrb	r1, [r4, #6]
10006122:	f7ff fba7 	bl	10005874 <dcd_set_address>
10006126:	2202      	movs	r2, #2
10006128:	782b      	ldrb	r3, [r5, #0]
1000612a:	4313      	orrs	r3, r2
1000612c:	702b      	strb	r3, [r5, #0]
1000612e:	e57c      	b.n	10005c2a <tud_task_ext+0x2a>
10006130:	88e3      	ldrh	r3, [r4, #6]
10006132:	2b01      	cmp	r3, #1
10006134:	d000      	beq.n	10006138 <tud_task_ext+0x538>
10006136:	e6e2      	b.n	10005efe <tud_task_ext+0x2fe>
10006138:	2208      	movs	r2, #8
1000613a:	782b      	ldrb	r3, [r5, #0]
1000613c:	4658      	mov	r0, fp
1000613e:	4393      	bics	r3, r2
10006140:	a90e      	add	r1, sp, #56	@ 0x38
10006142:	702b      	strb	r3, [r5, #0]
10006144:	f000 fa10 	bl	10006568 <tud_control_status>
10006148:	e56f      	b.n	10005c2a <tud_task_ext+0x2a>
1000614a:	2002      	movs	r0, #2
1000614c:	7829      	ldrb	r1, [r5, #0]
1000614e:	ab0c      	add	r3, sp, #48	@ 0x30
10006150:	1c9a      	adds	r2, r3, #2
10006152:	068b      	lsls	r3, r1, #26
10006154:	0889      	lsrs	r1, r1, #2
10006156:	0fdb      	lsrs	r3, r3, #31
10006158:	4001      	ands	r1, r0
1000615a:	430b      	orrs	r3, r1
1000615c:	8013      	strh	r3, [r2, #0]
1000615e:	4658      	mov	r0, fp
10006160:	2302      	movs	r3, #2
10006162:	a90e      	add	r1, sp, #56	@ 0x38
10006164:	f000 fa16 	bl	10006594 <tud_control_xfer>
10006168:	e55f      	b.n	10005c2a <tud_task_ext+0x2a>
1000616a:	88e3      	ldrh	r3, [r4, #6]
1000616c:	2b01      	cmp	r3, #1
1000616e:	d000      	beq.n	10006172 <tud_task_ext+0x572>
10006170:	e6c5      	b.n	10005efe <tud_task_ext+0x2fe>
10006172:	2208      	movs	r2, #8
10006174:	782b      	ldrb	r3, [r5, #0]
10006176:	4313      	orrs	r3, r2
10006178:	702b      	strb	r3, [r5, #0]
1000617a:	e719      	b.n	10005fb0 <tud_task_ext+0x3b0>
1000617c:	7a23      	ldrb	r3, [r4, #8]
1000617e:	8922      	ldrh	r2, [r4, #8]
10006180:	2b0f      	cmp	r3, #15
10006182:	d900      	bls.n	10006186 <tud_task_ext+0x586>
10006184:	e6bb      	b.n	10005efe <tud_task_ext+0x2fe>
10006186:	23ff      	movs	r3, #255	@ 0xff
10006188:	4013      	ands	r3, r2
1000618a:	18eb      	adds	r3, r5, r3
1000618c:	791d      	ldrb	r5, [r3, #4]
1000618e:	4b44      	ldr	r3, [pc, #272]	@ (100062a0 <tud_task_ext+0x6a0>)
10006190:	781b      	ldrb	r3, [r3, #0]
10006192:	429d      	cmp	r5, r3
10006194:	d228      	bcs.n	100061e8 <tud_task_ext+0x5e8>
10006196:	4b44      	ldr	r3, [pc, #272]	@ (100062a8 <tud_task_ext+0x6a8>)
10006198:	016d      	lsls	r5, r5, #5
1000619a:	681b      	ldr	r3, [r3, #0]
1000619c:	195d      	adds	r5, r3, r5
1000619e:	2d00      	cmp	r5, #0
100061a0:	d100      	bne.n	100061a4 <tud_task_ext+0x5a4>
100061a2:	e6ac      	b.n	10005efe <tud_task_ext+0x2fe>
100061a4:	6968      	ldr	r0, [r5, #20]
100061a6:	f000 fa4f 	bl	10006648 <usbd_control_set_complete_callback>
100061aa:	2101      	movs	r1, #1
100061ac:	4658      	mov	r0, fp
100061ae:	696b      	ldr	r3, [r5, #20]
100061b0:	aa0e      	add	r2, sp, #56	@ 0x38
100061b2:	4798      	blx	r3
100061b4:	e6b4      	b.n	10005f20 <tud_task_ext+0x320>
100061b6:	2a00      	cmp	r2, #0
100061b8:	d000      	beq.n	100061bc <tud_task_ext+0x5bc>
100061ba:	e6a0      	b.n	10005efe <tud_task_ext+0x2fe>
100061bc:	2300      	movs	r3, #0
100061be:	4699      	mov	r9, r3
100061c0:	7962      	ldrb	r2, [r4, #5]
100061c2:	2002      	movs	r0, #2
100061c4:	0013      	movs	r3, r2
100061c6:	9203      	str	r2, [sp, #12]
100061c8:	4383      	bics	r3, r0
100061ca:	2b01      	cmp	r3, #1
100061cc:	d015      	beq.n	100061fa <tud_task_ext+0x5fa>
100061ce:	2a00      	cmp	r2, #0
100061d0:	d000      	beq.n	100061d4 <tud_task_ext+0x5d4>
100061d2:	e694      	b.n	10005efe <tud_task_ext+0x2fe>
100061d4:	002b      	movs	r3, r5
100061d6:	4443      	add	r3, r8
100061d8:	4453      	add	r3, sl
100061da:	3330      	adds	r3, #48	@ 0x30
100061dc:	791b      	ldrb	r3, [r3, #4]
100061de:	aa0c      	add	r2, sp, #48	@ 0x30
100061e0:	079b      	lsls	r3, r3, #30
100061e2:	0fdb      	lsrs	r3, r3, #31
100061e4:	3202      	adds	r2, #2
100061e6:	e7b9      	b.n	1000615c <tud_task_ext+0x55c>
100061e8:	1c5a      	adds	r2, r3, #1
100061ea:	42aa      	cmp	r2, r5
100061ec:	da00      	bge.n	100061f0 <tud_task_ext+0x5f0>
100061ee:	e686      	b.n	10005efe <tud_task_ext+0x2fe>
100061f0:	1aed      	subs	r5, r5, r3
100061f2:	4b2c      	ldr	r3, [pc, #176]	@ (100062a4 <tud_task_ext+0x6a4>)
100061f4:	016d      	lsls	r5, r5, #5
100061f6:	18ed      	adds	r5, r5, r3
100061f8:	e7d4      	b.n	100061a4 <tud_task_ext+0x5a4>
100061fa:	88e3      	ldrh	r3, [r4, #6]
100061fc:	2b00      	cmp	r3, #0
100061fe:	d112      	bne.n	10006226 <tud_task_ext+0x626>
10006200:	9b02      	ldr	r3, [sp, #8]
10006202:	7818      	ldrb	r0, [r3, #0]
10006204:	9b03      	ldr	r3, [sp, #12]
10006206:	2b01      	cmp	r3, #1
10006208:	d023      	beq.n	10006252 <tud_task_ext+0x652>
1000620a:	f7ff fbf3 	bl	100059f4 <dcd_edpt_stall>
1000620e:	4643      	mov	r3, r8
10006210:	2102      	movs	r1, #2
10006212:	18eb      	adds	r3, r5, r3
10006214:	4453      	add	r3, sl
10006216:	3330      	adds	r3, #48	@ 0x30
10006218:	791a      	ldrb	r2, [r3, #4]
1000621a:	430a      	orrs	r2, r1
1000621c:	2101      	movs	r1, #1
1000621e:	711a      	strb	r2, [r3, #4]
10006220:	791a      	ldrb	r2, [r3, #4]
10006222:	430a      	orrs	r2, r1
10006224:	711a      	strb	r2, [r3, #4]
10006226:	464b      	mov	r3, r9
10006228:	2b00      	cmp	r3, #0
1000622a:	d100      	bne.n	1000622e <tud_task_ext+0x62e>
1000622c:	e4fd      	b.n	10005c2a <tud_task_ext+0x2a>
1000622e:	6958      	ldr	r0, [r3, #20]
10006230:	f000 fa0a 	bl	10006648 <usbd_control_set_complete_callback>
10006234:	464b      	mov	r3, r9
10006236:	2101      	movs	r1, #1
10006238:	695b      	ldr	r3, [r3, #20]
1000623a:	aa0e      	add	r2, sp, #56	@ 0x38
1000623c:	4658      	mov	r0, fp
1000623e:	4798      	blx	r3
10006240:	2000      	movs	r0, #0
10006242:	f000 fa01 	bl	10006648 <usbd_control_set_complete_callback>
10006246:	2335      	movs	r3, #53	@ 0x35
10006248:	5ceb      	ldrb	r3, [r5, r3]
1000624a:	07db      	lsls	r3, r3, #31
1000624c:	d500      	bpl.n	10006250 <tud_task_ext+0x650>
1000624e:	e4ec      	b.n	10005c2a <tud_task_ext+0x2a>
10006250:	e6ae      	b.n	10005fb0 <tud_task_ext+0x3b0>
10006252:	f7ff fbed 	bl	10005a30 <dcd_edpt_clear_stall>
10006256:	4643      	mov	r3, r8
10006258:	2102      	movs	r1, #2
1000625a:	18eb      	adds	r3, r5, r3
1000625c:	4453      	add	r3, sl
1000625e:	3330      	adds	r3, #48	@ 0x30
10006260:	791a      	ldrb	r2, [r3, #4]
10006262:	438a      	bics	r2, r1
10006264:	711a      	strb	r2, [r3, #4]
10006266:	791a      	ldrb	r2, [r3, #4]
10006268:	9903      	ldr	r1, [sp, #12]
1000626a:	438a      	bics	r2, r1
1000626c:	711a      	strb	r2, [r3, #4]
1000626e:	e7da      	b.n	10006226 <tud_task_ext+0x626>
10006270:	f7ff fc40 	bl	10005af4 <tud_umount_cb>
10006274:	e69c      	b.n	10005fb0 <tud_task_ext+0x3b0>
10006276:	2100      	movs	r1, #0
10006278:	4658      	mov	r0, fp
1000627a:	f7ff fb05 	bl	10005888 <dcd_sof_enable>
1000627e:	4658      	mov	r0, fp
10006280:	f7ff fba2 	bl	100059c8 <dcd_edpt_close_all>
10006284:	78ab      	ldrb	r3, [r5, #2]
10006286:	4907      	ldr	r1, [pc, #28]	@ (100062a4 <tud_task_ext+0x6a4>)
10006288:	9303      	str	r3, [sp, #12]
1000628a:	4b05      	ldr	r3, [pc, #20]	@ (100062a0 <tud_task_ext+0x6a0>)
1000628c:	9104      	str	r1, [sp, #16]
1000628e:	4698      	mov	r8, r3
10006290:	781a      	ldrb	r2, [r3, #0]
10006292:	2300      	movs	r3, #0
10006294:	4904      	ldr	r1, [pc, #16]	@ (100062a8 <tud_task_ext+0x6a8>)
10006296:	46aa      	mov	sl, r5
10006298:	9105      	str	r1, [sp, #20]
1000629a:	001d      	movs	r5, r3
1000629c:	e01b      	b.n	100062d6 <tud_task_ext+0x6d6>
1000629e:	46c0      	nop			@ (mov r8, r8)
100062a0:	20002c21 	.word	0x20002c21
100062a4:	10008430 	.word	0x10008430
100062a8:	20001fcc 	.word	0x20001fcc
100062ac:	20002044 	.word	0x20002044
100062b0:	100083d4 	.word	0x100083d4
100062b4:	9b05      	ldr	r3, [sp, #20]
100062b6:	016a      	lsls	r2, r5, #5
100062b8:	681b      	ldr	r3, [r3, #0]
100062ba:	189b      	adds	r3, r3, r2
100062bc:	2b00      	cmp	r3, #0
100062be:	d04c      	beq.n	1000635a <tud_task_ext+0x75a>
100062c0:	68db      	ldr	r3, [r3, #12]
100062c2:	4658      	mov	r0, fp
100062c4:	4798      	blx	r3
100062c6:	4643      	mov	r3, r8
100062c8:	781a      	ldrb	r2, [r3, #0]
100062ca:	3501      	adds	r5, #1
100062cc:	b2ed      	uxtb	r5, r5
100062ce:	1c51      	adds	r1, r2, #1
100062d0:	002b      	movs	r3, r5
100062d2:	428d      	cmp	r5, r1
100062d4:	dc2d      	bgt.n	10006332 <tud_task_ext+0x732>
100062d6:	4295      	cmp	r5, r2
100062d8:	d3ec      	bcc.n	100062b4 <tud_task_ext+0x6b4>
100062da:	1a9b      	subs	r3, r3, r2
100062dc:	9a04      	ldr	r2, [sp, #16]
100062de:	015b      	lsls	r3, r3, #5
100062e0:	18d3      	adds	r3, r2, r3
100062e2:	e7ed      	b.n	100062c0 <tud_task_ext+0x6c0>
100062e4:	ab0c      	add	r3, sp, #48	@ 0x30
100062e6:	1c9a      	adds	r2, r3, #2
100062e8:	4658      	mov	r0, fp
100062ea:	2301      	movs	r3, #1
100062ec:	a90e      	add	r1, sp, #56	@ 0x38
100062ee:	7015      	strb	r5, [r2, #0]
100062f0:	f000 f950 	bl	10006594 <tud_control_xfer>
100062f4:	e499      	b.n	10005c2a <tud_task_ext+0x2a>
100062f6:	9a0b      	ldr	r2, [sp, #44]	@ 0x2c
100062f8:	2a01      	cmp	r2, #1
100062fa:	d04e      	beq.n	1000639a <tud_task_ext+0x79a>
100062fc:	2a00      	cmp	r2, #0
100062fe:	d03c      	beq.n	1000637a <tud_task_ext+0x77a>
10006300:	2300      	movs	r3, #0
10006302:	78b0      	ldrb	r0, [r6, #2]
10006304:	e004      	b.n	10006310 <tud_task_ext+0x710>
10006306:	3301      	adds	r3, #1
10006308:	b2db      	uxtb	r3, r3
1000630a:	710f      	strb	r7, [r1, #4]
1000630c:	4293      	cmp	r3, r2
1000630e:	d234      	bcs.n	1000637a <tud_task_ext+0x77a>
10006310:	18c1      	adds	r1, r0, r3
10006312:	b2c9      	uxtb	r1, r1
10006314:	4441      	add	r1, r8
10006316:	790d      	ldrb	r5, [r1, #4]
10006318:	2dff      	cmp	r5, #255	@ 0xff
1000631a:	d0f4      	beq.n	10006306 <tud_task_ext+0x706>
1000631c:	464e      	mov	r6, r9
1000631e:	4645      	mov	r5, r8
10006320:	4657      	mov	r7, sl
10006322:	2300      	movs	r3, #0
10006324:	706b      	strb	r3, [r5, #1]
10006326:	e5ea      	b.n	10005efe <tud_task_ext+0x2fe>
10006328:	464e      	mov	r6, r9
1000632a:	4657      	mov	r7, sl
1000632c:	f7ff fbe0 	bl	10005af0 <tud_mount_cb>
10006330:	e63e      	b.n	10005fb0 <tud_task_ext+0x3b0>
10006332:	4655      	mov	r5, sl
10006334:	2254      	movs	r2, #84	@ 0x54
10006336:	2100      	movs	r1, #0
10006338:	0028      	movs	r0, r5
1000633a:	f7fc ff2f 	bl	1000319c <__wrap_memset>
1000633e:	2210      	movs	r2, #16
10006340:	21ff      	movs	r1, #255	@ 0xff
10006342:	1d28      	adds	r0, r5, #4
10006344:	f7fc ff2a 	bl	1000319c <__wrap_memset>
10006348:	0028      	movs	r0, r5
1000634a:	2220      	movs	r2, #32
1000634c:	21ff      	movs	r1, #255	@ 0xff
1000634e:	3014      	adds	r0, #20
10006350:	f7fc ff24 	bl	1000319c <__wrap_memset>
10006354:	9b03      	ldr	r3, [sp, #12]
10006356:	70ab      	strb	r3, [r5, #2]
10006358:	e657      	b.n	1000600a <tud_task_ext+0x40a>
1000635a:	4655      	mov	r5, sl
1000635c:	e7fa      	b.n	10006354 <tud_task_ext+0x754>
1000635e:	f7fe fead 	bl	100050bc <tud_descriptor_bos_cb>
10006362:	1e02      	subs	r2, r0, #0
10006364:	d100      	bne.n	10006368 <tud_task_ext+0x768>
10006366:	e5ca      	b.n	10005efe <tud_task_ext+0x2fe>
10006368:	78d3      	ldrb	r3, [r2, #3]
1000636a:	7891      	ldrb	r1, [r2, #2]
1000636c:	021b      	lsls	r3, r3, #8
1000636e:	430b      	orrs	r3, r1
10006370:	4658      	mov	r0, fp
10006372:	a90e      	add	r1, sp, #56	@ 0x38
10006374:	f000 f90e 	bl	10006594 <tud_control_xfer>
10006378:	e5d2      	b.n	10005f20 <tud_task_ext+0x320>
1000637a:	4665      	mov	r5, ip
1000637c:	003b      	movs	r3, r7
1000637e:	002a      	movs	r2, r5
10006380:	0031      	movs	r1, r6
10006382:	980a      	ldr	r0, [sp, #40]	@ 0x28
10006384:	f000 fe62 	bl	1000704c <tu_edpt_bind_driver>
10006388:	9b04      	ldr	r3, [sp, #16]
1000638a:	9a03      	ldr	r2, [sp, #12]
1000638c:	781b      	ldrb	r3, [r3, #0]
1000638e:	1976      	adds	r6, r6, r5
10006390:	3301      	adds	r3, #1
10006392:	4293      	cmp	r3, r2
10006394:	db00      	blt.n	10006398 <tud_task_ext+0x798>
10006396:	e66d      	b.n	10006074 <tud_task_ext+0x474>
10006398:	e7c0      	b.n	1000631c <tud_task_ext+0x71c>
1000639a:	4b17      	ldr	r3, [pc, #92]	@ (100063f8 <tud_task_ext+0x7f8>)
1000639c:	6929      	ldr	r1, [r5, #16]
1000639e:	4299      	cmp	r1, r3
100063a0:	d1ae      	bne.n	10006300 <tud_task_ext+0x700>
100063a2:	9a07      	ldr	r2, [sp, #28]
100063a4:	e7ac      	b.n	10006300 <tud_task_ext+0x700>
100063a6:	f7ff fb9f 	bl	10005ae8 <tud_descriptor_device_qualifier_cb>
100063aa:	1e02      	subs	r2, r0, #0
100063ac:	d100      	bne.n	100063b0 <tud_task_ext+0x7b0>
100063ae:	e5a6      	b.n	10005efe <tud_task_ext+0x2fe>
100063b0:	4658      	mov	r0, fp
100063b2:	7813      	ldrb	r3, [r2, #0]
100063b4:	a90e      	add	r1, sp, #56	@ 0x38
100063b6:	f000 f8ed 	bl	10006594 <tud_control_xfer>
100063ba:	e5b1      	b.n	10005f20 <tud_task_ext+0x320>
100063bc:	8921      	ldrh	r1, [r4, #8]
100063be:	f7ff f8bf 	bl	10005540 <tud_descriptor_string_cb>
100063c2:	1e02      	subs	r2, r0, #0
100063c4:	d1f4      	bne.n	100063b0 <tud_task_ext+0x7b0>
100063c6:	e59a      	b.n	10005efe <tud_task_ext+0x2fe>
100063c8:	2b02      	cmp	r3, #2
100063ca:	d00f      	beq.n	100063ec <tud_task_ext+0x7ec>
100063cc:	f7ff fb8e 	bl	10005aec <tud_descriptor_other_speed_configuration_cb>
100063d0:	1e02      	subs	r2, r0, #0
100063d2:	d1c9      	bne.n	10006368 <tud_task_ext+0x768>
100063d4:	e593      	b.n	10005efe <tud_task_ext+0x2fe>
100063d6:	f7ff f8ab 	bl	10005530 <tud_descriptor_device_cb>
100063da:	1e02      	subs	r2, r0, #0
100063dc:	d100      	bne.n	100063e0 <tud_task_ext+0x7e0>
100063de:	e58e      	b.n	10005efe <tud_task_ext+0x2fe>
100063e0:	2312      	movs	r3, #18
100063e2:	4658      	mov	r0, fp
100063e4:	a90e      	add	r1, sp, #56	@ 0x38
100063e6:	f000 f8d5 	bl	10006594 <tud_control_xfer>
100063ea:	e599      	b.n	10005f20 <tud_task_ext+0x320>
100063ec:	f7ff f8a4 	bl	10005538 <tud_descriptor_configuration_cb>
100063f0:	1e02      	subs	r2, r0, #0
100063f2:	d1b9      	bne.n	10006368 <tud_task_ext+0x768>
100063f4:	e583      	b.n	10005efe <tud_task_ext+0x2fe>
100063f6:	46c0      	nop			@ (mov r8, r8)
100063f8:	10006a69 	.word	0x10006a69

100063fc <usbd_open_edpt_pair>:
100063fc:	b5f0      	push	{r4, r5, r6, r7, lr}
100063fe:	464f      	mov	r7, r9
10006400:	4646      	mov	r6, r8
10006402:	46d6      	mov	lr, sl
10006404:	b5c0      	push	{r6, r7, lr}
10006406:	000c      	movs	r4, r1
10006408:	0016      	movs	r6, r2
1000640a:	001f      	movs	r7, r3
1000640c:	b082      	sub	sp, #8
1000640e:	2a00      	cmp	r2, #0
10006410:	d03a      	beq.n	10006488 <usbd_open_edpt_pair+0x8c>
10006412:	2370      	movs	r3, #112	@ 0x70
10006414:	4698      	mov	r8, r3
10006416:	4b1d      	ldr	r3, [pc, #116]	@ (1000648c <usbd_open_edpt_pair+0x90>)
10006418:	2500      	movs	r5, #0
1000641a:	4699      	mov	r9, r3
1000641c:	4b1c      	ldr	r3, [pc, #112]	@ (10006490 <usbd_open_edpt_pair+0x94>)
1000641e:	469a      	mov	sl, r3
10006420:	e01a      	b.n	10006458 <usbd_open_edpt_pair+0x5c>
10006422:	464b      	mov	r3, r9
10006424:	781b      	ldrb	r3, [r3, #0]
10006426:	0020      	movs	r0, r4
10006428:	9301      	str	r3, [sp, #4]
1000642a:	4653      	mov	r3, sl
1000642c:	7899      	ldrb	r1, [r3, #2]
1000642e:	f000 fdd3 	bl	10006fd8 <tu_edpt_validate>
10006432:	2800      	cmp	r0, #0
10006434:	d01c      	beq.n	10006470 <usbd_open_edpt_pair+0x74>
10006436:	0021      	movs	r1, r4
10006438:	9801      	ldr	r0, [sp, #4]
1000643a:	f7ff fa41 	bl	100058c0 <dcd_edpt_open>
1000643e:	2800      	cmp	r0, #0
10006440:	d016      	beq.n	10006470 <usbd_open_edpt_pair+0x74>
10006442:	78a3      	ldrb	r3, [r4, #2]
10006444:	09da      	lsrs	r2, r3, #7
10006446:	2a01      	cmp	r2, #1
10006448:	d019      	beq.n	1000647e <usbd_open_edpt_pair+0x82>
1000644a:	9a0a      	ldr	r2, [sp, #40]	@ 0x28
1000644c:	3501      	adds	r5, #1
1000644e:	7013      	strb	r3, [r2, #0]
10006450:	42b5      	cmp	r5, r6
10006452:	da19      	bge.n	10006488 <usbd_open_edpt_pair+0x8c>
10006454:	7823      	ldrb	r3, [r4, #0]
10006456:	18e4      	adds	r4, r4, r3
10006458:	7863      	ldrb	r3, [r4, #1]
1000645a:	2b05      	cmp	r3, #5
1000645c:	d108      	bne.n	10006470 <usbd_open_edpt_pair+0x74>
1000645e:	78e3      	ldrb	r3, [r4, #3]
10006460:	079b      	lsls	r3, r3, #30
10006462:	0f9b      	lsrs	r3, r3, #30
10006464:	42bb      	cmp	r3, r7
10006466:	d103      	bne.n	10006470 <usbd_open_edpt_pair+0x74>
10006468:	4642      	mov	r2, r8
1000646a:	78a3      	ldrb	r3, [r4, #2]
1000646c:	421a      	tst	r2, r3
1000646e:	d0d8      	beq.n	10006422 <usbd_open_edpt_pair+0x26>
10006470:	2000      	movs	r0, #0
10006472:	b002      	add	sp, #8
10006474:	bce0      	pop	{r5, r6, r7}
10006476:	46ba      	mov	sl, r7
10006478:	46b1      	mov	r9, r6
1000647a:	46a8      	mov	r8, r5
1000647c:	bdf0      	pop	{r4, r5, r6, r7, pc}
1000647e:	9a0b      	ldr	r2, [sp, #44]	@ 0x2c
10006480:	3501      	adds	r5, #1
10006482:	7013      	strb	r3, [r2, #0]
10006484:	42b5      	cmp	r5, r6
10006486:	dbe5      	blt.n	10006454 <usbd_open_edpt_pair+0x58>
10006488:	2001      	movs	r0, #1
1000648a:	e7f2      	b.n	10006472 <usbd_open_edpt_pair+0x76>
1000648c:	2000192c 	.word	0x2000192c
10006490:	20002030 	.word	0x20002030

10006494 <usbd_edpt_open>:
10006494:	2270      	movs	r2, #112	@ 0x70
10006496:	b570      	push	{r4, r5, r6, lr}
10006498:	788b      	ldrb	r3, [r1, #2]
1000649a:	000c      	movs	r4, r1
1000649c:	421a      	tst	r2, r3
1000649e:	d001      	beq.n	100064a4 <usbd_edpt_open+0x10>
100064a0:	2000      	movs	r0, #0
100064a2:	bd70      	pop	{r4, r5, r6, pc}
100064a4:	4b06      	ldr	r3, [pc, #24]	@ (100064c0 <usbd_edpt_open+0x2c>)
100064a6:	0020      	movs	r0, r4
100064a8:	781d      	ldrb	r5, [r3, #0]
100064aa:	4b06      	ldr	r3, [pc, #24]	@ (100064c4 <usbd_edpt_open+0x30>)
100064ac:	7899      	ldrb	r1, [r3, #2]
100064ae:	f000 fd93 	bl	10006fd8 <tu_edpt_validate>
100064b2:	2800      	cmp	r0, #0
100064b4:	d0f4      	beq.n	100064a0 <usbd_edpt_open+0xc>
100064b6:	0021      	movs	r1, r4
100064b8:	0028      	movs	r0, r5
100064ba:	f7ff fa01 	bl	100058c0 <dcd_edpt_open>
100064be:	e7f0      	b.n	100064a2 <usbd_edpt_open+0xe>
100064c0:	2000192c 	.word	0x2000192c
100064c4:	20002030 	.word	0x20002030

100064c8 <usbd_edpt_claim>:
100064c8:	207f      	movs	r0, #127	@ 0x7f
100064ca:	4b07      	ldr	r3, [pc, #28]	@ (100064e8 <usbd_edpt_claim+0x20>)
100064cc:	b510      	push	{r4, lr}
100064ce:	681a      	ldr	r2, [r3, #0]
100064d0:	4008      	ands	r0, r1
100064d2:	09cb      	lsrs	r3, r1, #7
100064d4:	3334      	adds	r3, #52	@ 0x34
100064d6:	0040      	lsls	r0, r0, #1
100064d8:	18c0      	adds	r0, r0, r3
100064da:	4b04      	ldr	r3, [pc, #16]	@ (100064ec <usbd_edpt_claim+0x24>)
100064dc:	0011      	movs	r1, r2
100064de:	18c0      	adds	r0, r0, r3
100064e0:	f000 fd36 	bl	10006f50 <tu_edpt_claim>
100064e4:	bd10      	pop	{r4, pc}
100064e6:	46c0      	nop			@ (mov r8, r8)
100064e8:	20002084 	.word	0x20002084
100064ec:	20002030 	.word	0x20002030

100064f0 <usbd_edpt_release>:
100064f0:	207f      	movs	r0, #127	@ 0x7f
100064f2:	4b07      	ldr	r3, [pc, #28]	@ (10006510 <usbd_edpt_release+0x20>)
100064f4:	b510      	push	{r4, lr}
100064f6:	681a      	ldr	r2, [r3, #0]
100064f8:	4008      	ands	r0, r1
100064fa:	09cb      	lsrs	r3, r1, #7
100064fc:	3334      	adds	r3, #52	@ 0x34
100064fe:	0040      	lsls	r0, r0, #1
10006500:	18c0      	adds	r0, r0, r3
10006502:	4b04      	ldr	r3, [pc, #16]	@ (10006514 <usbd_edpt_release+0x24>)
10006504:	0011      	movs	r1, r2
10006506:	18c0      	adds	r0, r0, r3
10006508:	f000 fd4a 	bl	10006fa0 <tu_edpt_release>
1000650c:	bd10      	pop	{r4, pc}
1000650e:	46c0      	nop			@ (mov r8, r8)
10006510:	20002084 	.word	0x20002084
10006514:	20002030 	.word	0x20002030

10006518 <usbd_edpt_xfer>:
10006518:	b570      	push	{r4, r5, r6, lr}
1000651a:	247f      	movs	r4, #127	@ 0x7f
1000651c:	09c8      	lsrs	r0, r1, #7
1000651e:	4684      	mov	ip, r0
10006520:	400c      	ands	r4, r1
10006522:	480f      	ldr	r0, [pc, #60]	@ (10006560 <usbd_edpt_xfer+0x48>)
10006524:	0064      	lsls	r4, r4, #1
10006526:	1904      	adds	r4, r0, r4
10006528:	4464      	add	r4, ip
1000652a:	3430      	adds	r4, #48	@ 0x30
1000652c:	7920      	ldrb	r0, [r4, #4]
1000652e:	07c0      	lsls	r0, r0, #31
10006530:	d501      	bpl.n	10006536 <usbd_edpt_xfer+0x1e>
10006532:	2000      	movs	r0, #0
10006534:	bd70      	pop	{r4, r5, r6, pc}
10006536:	480b      	ldr	r0, [pc, #44]	@ (10006564 <usbd_edpt_xfer+0x4c>)
10006538:	2501      	movs	r5, #1
1000653a:	7800      	ldrb	r0, [r0, #0]
1000653c:	4684      	mov	ip, r0
1000653e:	7920      	ldrb	r0, [r4, #4]
10006540:	4328      	orrs	r0, r5
10006542:	7120      	strb	r0, [r4, #4]
10006544:	4660      	mov	r0, ip
10006546:	f7ff fa43 	bl	100059d0 <dcd_edpt_xfer>
1000654a:	2800      	cmp	r0, #0
1000654c:	d1f2      	bne.n	10006534 <usbd_edpt_xfer+0x1c>
1000654e:	2201      	movs	r2, #1
10006550:	7923      	ldrb	r3, [r4, #4]
10006552:	4393      	bics	r3, r2
10006554:	7123      	strb	r3, [r4, #4]
10006556:	7923      	ldrb	r3, [r4, #4]
10006558:	3203      	adds	r2, #3
1000655a:	4393      	bics	r3, r2
1000655c:	7123      	strb	r3, [r4, #4]
1000655e:	e7e8      	b.n	10006532 <usbd_edpt_xfer+0x1a>
10006560:	20002030 	.word	0x20002030
10006564:	2000192c 	.word	0x2000192c

10006568 <tud_control_status>:
10006568:	b570      	push	{r4, r5, r6, lr}
1000656a:	4c09      	ldr	r4, [pc, #36]	@ (10006590 <tud_control_status+0x28>)
1000656c:	0006      	movs	r6, r0
1000656e:	2208      	movs	r2, #8
10006570:	0020      	movs	r0, r4
10006572:	000d      	movs	r5, r1
10006574:	f7fc fe18 	bl	100031a8 <__wrap___aeabi_memcpy>
10006578:	2300      	movs	r3, #0
1000657a:	2180      	movs	r1, #128	@ 0x80
1000657c:	60e3      	str	r3, [r4, #12]
1000657e:	60a3      	str	r3, [r4, #8]
10006580:	782b      	ldrb	r3, [r5, #0]
10006582:	0030      	movs	r0, r6
10006584:	4399      	bics	r1, r3
10006586:	2200      	movs	r2, #0
10006588:	2300      	movs	r3, #0
1000658a:	f7ff ffc5 	bl	10006518 <usbd_edpt_xfer>
1000658e:	bd70      	pop	{r4, r5, r6, pc}
10006590:	20001fd4 	.word	0x20001fd4

10006594 <tud_control_xfer>:
10006594:	b5f0      	push	{r4, r5, r6, r7, lr}
10006596:	46c6      	mov	lr, r8
10006598:	4c24      	ldr	r4, [pc, #144]	@ (1000662c <tud_control_xfer+0x98>)
1000659a:	0017      	movs	r7, r2
1000659c:	4680      	mov	r8, r0
1000659e:	2208      	movs	r2, #8
100065a0:	0020      	movs	r0, r4
100065a2:	b500      	push	{lr}
100065a4:	000d      	movs	r5, r1
100065a6:	001e      	movs	r6, r3
100065a8:	f7fc fdfe 	bl	100031a8 <__wrap___aeabi_memcpy>
100065ac:	2300      	movs	r3, #0
100065ae:	60a7      	str	r7, [r4, #8]
100065b0:	81e3      	strh	r3, [r4, #14]
100065b2:	79eb      	ldrb	r3, [r5, #7]
100065b4:	79aa      	ldrb	r2, [r5, #6]
100065b6:	021b      	lsls	r3, r3, #8
100065b8:	4313      	orrs	r3, r2
100065ba:	1c1a      	adds	r2, r3, #0
100065bc:	42b3      	cmp	r3, r6
100065be:	d900      	bls.n	100065c2 <tud_control_xfer+0x2e>
100065c0:	1c32      	adds	r2, r6, #0
100065c2:	b296      	uxth	r6, r2
100065c4:	81a2      	strh	r2, [r4, #12]
100065c6:	2b00      	cmp	r3, #0
100065c8:	d00c      	beq.n	100065e4 <tud_control_xfer+0x50>
100065ca:	2e00      	cmp	r6, #0
100065cc:	d015      	beq.n	100065fa <tud_control_xfer+0x66>
100065ce:	2f00      	cmp	r7, #0
100065d0:	d02a      	beq.n	10006628 <tud_control_xfer+0x94>
100065d2:	2e40      	cmp	r6, #64	@ 0x40
100065d4:	d81a      	bhi.n	1000660c <tud_control_xfer+0x78>
100065d6:	7823      	ldrb	r3, [r4, #0]
100065d8:	b296      	uxth	r6, r2
100065da:	2b7f      	cmp	r3, #127	@ 0x7f
100065dc:	d81b      	bhi.n	10006616 <tud_control_xfer+0x82>
100065de:	2100      	movs	r1, #0
100065e0:	4a13      	ldr	r2, [pc, #76]	@ (10006630 <tud_control_xfer+0x9c>)
100065e2:	e00e      	b.n	10006602 <tud_control_xfer+0x6e>
100065e4:	2180      	movs	r1, #128	@ 0x80
100065e6:	782b      	ldrb	r3, [r5, #0]
100065e8:	2200      	movs	r2, #0
100065ea:	4399      	bics	r1, r3
100065ec:	4640      	mov	r0, r8
100065ee:	2300      	movs	r3, #0
100065f0:	f7ff ff92 	bl	10006518 <usbd_edpt_xfer>
100065f4:	bc80      	pop	{r7}
100065f6:	46b8      	mov	r8, r7
100065f8:	bdf0      	pop	{r4, r5, r6, r7, pc}
100065fa:	237f      	movs	r3, #127	@ 0x7f
100065fc:	2200      	movs	r2, #0
100065fe:	7821      	ldrb	r1, [r4, #0]
10006600:	4399      	bics	r1, r3
10006602:	0033      	movs	r3, r6
10006604:	4640      	mov	r0, r8
10006606:	f7ff ff87 	bl	10006518 <usbd_edpt_xfer>
1000660a:	e7f3      	b.n	100065f4 <tud_control_xfer+0x60>
1000660c:	2240      	movs	r2, #64	@ 0x40
1000660e:	7823      	ldrb	r3, [r4, #0]
10006610:	b296      	uxth	r6, r2
10006612:	2b7f      	cmp	r3, #127	@ 0x7f
10006614:	d9e3      	bls.n	100065de <tud_control_xfer+0x4a>
10006616:	4c06      	ldr	r4, [pc, #24]	@ (10006630 <tud_control_xfer+0x9c>)
10006618:	0032      	movs	r2, r6
1000661a:	0039      	movs	r1, r7
1000661c:	0020      	movs	r0, r4
1000661e:	f7fc fdc3 	bl	100031a8 <__wrap___aeabi_memcpy>
10006622:	2180      	movs	r1, #128	@ 0x80
10006624:	0022      	movs	r2, r4
10006626:	e7ec      	b.n	10006602 <tud_control_xfer+0x6e>
10006628:	2000      	movs	r0, #0
1000662a:	e7e3      	b.n	100065f4 <tud_control_xfer+0x60>
1000662c:	20001fd4 	.word	0x20001fd4
10006630:	20001ff0 	.word	0x20001ff0

10006634 <usbd_control_reset>:
10006634:	b510      	push	{r4, lr}
10006636:	2214      	movs	r2, #20
10006638:	2100      	movs	r1, #0
1000663a:	4802      	ldr	r0, [pc, #8]	@ (10006644 <usbd_control_reset+0x10>)
1000663c:	f7fc fdae 	bl	1000319c <__wrap_memset>
10006640:	bd10      	pop	{r4, pc}
10006642:	46c0      	nop			@ (mov r8, r8)
10006644:	20001fd4 	.word	0x20001fd4

10006648 <usbd_control_set_complete_callback>:
10006648:	4b01      	ldr	r3, [pc, #4]	@ (10006650 <usbd_control_set_complete_callback+0x8>)
1000664a:	6118      	str	r0, [r3, #16]
1000664c:	4770      	bx	lr
1000664e:	46c0      	nop			@ (mov r8, r8)
10006650:	20001fd4 	.word	0x20001fd4

10006654 <usbd_control_set_request>:
10006654:	b510      	push	{r4, lr}
10006656:	4c05      	ldr	r4, [pc, #20]	@ (1000666c <usbd_control_set_request+0x18>)
10006658:	0001      	movs	r1, r0
1000665a:	2208      	movs	r2, #8
1000665c:	0020      	movs	r0, r4
1000665e:	f7fc fda3 	bl	100031a8 <__wrap___aeabi_memcpy>
10006662:	2300      	movs	r3, #0
10006664:	60a3      	str	r3, [r4, #8]
10006666:	60e3      	str	r3, [r4, #12]
10006668:	bd10      	pop	{r4, pc}
1000666a:	46c0      	nop			@ (mov r8, r8)
1000666c:	20001fd4 	.word	0x20001fd4

10006670 <usbd_control_xfer_cb>:
10006670:	b570      	push	{r4, r5, r6, lr}
10006672:	4c37      	ldr	r4, [pc, #220]	@ (10006750 <usbd_control_xfer_cb+0xe0>)
10006674:	001d      	movs	r5, r3
10006676:	7823      	ldrb	r3, [r4, #0]
10006678:	0006      	movs	r6, r0
1000667a:	09da      	lsrs	r2, r3, #7
1000667c:	09c9      	lsrs	r1, r1, #7
1000667e:	428a      	cmp	r2, r1
10006680:	d010      	beq.n	100066a4 <usbd_control_xfer_cb+0x34>
10006682:	2000      	movs	r0, #0
10006684:	2d00      	cmp	r5, #0
10006686:	d000      	beq.n	1000668a <usbd_control_xfer_cb+0x1a>
10006688:	bd70      	pop	{r4, r5, r6, pc}
1000668a:	0021      	movs	r1, r4
1000668c:	0030      	movs	r0, r6
1000668e:	f7ff f909 	bl	100058a4 <dcd_edpt0_status_complete>
10006692:	6923      	ldr	r3, [r4, #16]
10006694:	2b00      	cmp	r3, #0
10006696:	d003      	beq.n	100066a0 <usbd_control_xfer_cb+0x30>
10006698:	0022      	movs	r2, r4
1000669a:	2103      	movs	r1, #3
1000669c:	0030      	movs	r0, r6
1000669e:	4798      	blx	r3
100066a0:	2001      	movs	r0, #1
100066a2:	e7f1      	b.n	10006688 <usbd_control_xfer_cb+0x18>
100066a4:	2b7f      	cmp	r3, #127	@ 0x7f
100066a6:	d806      	bhi.n	100066b6 <usbd_control_xfer_cb+0x46>
100066a8:	68a0      	ldr	r0, [r4, #8]
100066aa:	2800      	cmp	r0, #0
100066ac:	d0ec      	beq.n	10006688 <usbd_control_xfer_cb+0x18>
100066ae:	002a      	movs	r2, r5
100066b0:	4928      	ldr	r1, [pc, #160]	@ (10006754 <usbd_control_xfer_cb+0xe4>)
100066b2:	f7fc fd79 	bl	100031a8 <__wrap___aeabi_memcpy>
100066b6:	89e2      	ldrh	r2, [r4, #14]
100066b8:	68a1      	ldr	r1, [r4, #8]
100066ba:	1952      	adds	r2, r2, r5
100066bc:	88e3      	ldrh	r3, [r4, #6]
100066be:	b292      	uxth	r2, r2
100066c0:	1949      	adds	r1, r1, r5
100066c2:	81e2      	strh	r2, [r4, #14]
100066c4:	60a1      	str	r1, [r4, #8]
100066c6:	4293      	cmp	r3, r2
100066c8:	d014      	beq.n	100066f4 <usbd_control_xfer_cb+0x84>
100066ca:	2d3f      	cmp	r5, #63	@ 0x3f
100066cc:	d912      	bls.n	100066f4 <usbd_control_xfer_cb+0x84>
100066ce:	89a3      	ldrh	r3, [r4, #12]
100066d0:	1a98      	subs	r0, r3, r2
100066d2:	1c05      	adds	r5, r0, #0
100066d4:	b280      	uxth	r0, r0
100066d6:	2840      	cmp	r0, #64	@ 0x40
100066d8:	d828      	bhi.n	1000672c <usbd_control_xfer_cb+0xbc>
100066da:	7820      	ldrb	r0, [r4, #0]
100066dc:	b2ad      	uxth	r5, r5
100066de:	287f      	cmp	r0, #127	@ 0x7f
100066e0:	d826      	bhi.n	10006730 <usbd_control_xfer_cb+0xc0>
100066e2:	2100      	movs	r1, #0
100066e4:	429a      	cmp	r2, r3
100066e6:	d030      	beq.n	1000674a <usbd_control_xfer_cb+0xda>
100066e8:	4a1a      	ldr	r2, [pc, #104]	@ (10006754 <usbd_control_xfer_cb+0xe4>)
100066ea:	002b      	movs	r3, r5
100066ec:	0030      	movs	r0, r6
100066ee:	f7ff ff13 	bl	10006518 <usbd_edpt_xfer>
100066f2:	e7c9      	b.n	10006688 <usbd_control_xfer_cb+0x18>
100066f4:	6923      	ldr	r3, [r4, #16]
100066f6:	2b00      	cmp	r3, #0
100066f8:	d005      	beq.n	10006706 <usbd_control_xfer_cb+0x96>
100066fa:	0022      	movs	r2, r4
100066fc:	2102      	movs	r1, #2
100066fe:	0030      	movs	r0, r6
10006700:	4798      	blx	r3
10006702:	2800      	cmp	r0, #0
10006704:	d008      	beq.n	10006718 <usbd_control_xfer_cb+0xa8>
10006706:	2180      	movs	r1, #128	@ 0x80
10006708:	7823      	ldrb	r3, [r4, #0]
1000670a:	2200      	movs	r2, #0
1000670c:	4399      	bics	r1, r3
1000670e:	0030      	movs	r0, r6
10006710:	2300      	movs	r3, #0
10006712:	f7ff ff01 	bl	10006518 <usbd_edpt_xfer>
10006716:	e7b7      	b.n	10006688 <usbd_control_xfer_cb+0x18>
10006718:	2100      	movs	r1, #0
1000671a:	0030      	movs	r0, r6
1000671c:	f7ff f96a 	bl	100059f4 <dcd_edpt_stall>
10006720:	0030      	movs	r0, r6
10006722:	2180      	movs	r1, #128	@ 0x80
10006724:	f7ff f966 	bl	100059f4 <dcd_edpt_stall>
10006728:	2001      	movs	r0, #1
1000672a:	e7ad      	b.n	10006688 <usbd_control_xfer_cb+0x18>
1000672c:	2540      	movs	r5, #64	@ 0x40
1000672e:	e7d4      	b.n	100066da <usbd_control_xfer_cb+0x6a>
10006730:	429a      	cmp	r2, r3
10006732:	d007      	beq.n	10006744 <usbd_control_xfer_cb+0xd4>
10006734:	4c07      	ldr	r4, [pc, #28]	@ (10006754 <usbd_control_xfer_cb+0xe4>)
10006736:	002a      	movs	r2, r5
10006738:	0020      	movs	r0, r4
1000673a:	f7fc fd35 	bl	100031a8 <__wrap___aeabi_memcpy>
1000673e:	2180      	movs	r1, #128	@ 0x80
10006740:	0022      	movs	r2, r4
10006742:	e7d2      	b.n	100066ea <usbd_control_xfer_cb+0x7a>
10006744:	2180      	movs	r1, #128	@ 0x80
10006746:	2200      	movs	r2, #0
10006748:	e7cf      	b.n	100066ea <usbd_control_xfer_cb+0x7a>
1000674a:	2200      	movs	r2, #0
1000674c:	e7cd      	b.n	100066ea <usbd_control_xfer_cb+0x7a>
1000674e:	46c0      	nop			@ (mov r8, r8)
10006750:	20001fd4 	.word	0x20001fd4
10006754:	20001ff0 	.word	0x20001ff0

10006758 <_prep_out_transaction.isra.0>:
10006758:	b570      	push	{r4, r5, r6, lr}
1000675a:	0004      	movs	r4, r0
1000675c:	f7ff f9d0 	bl	10005b00 <tud_mounted>
10006760:	2800      	cmp	r0, #0
10006762:	d100      	bne.n	10006766 <_prep_out_transaction.isra.0+0xe>
10006764:	bd70      	pop	{r4, r5, r6, pc}
10006766:	f7ff f9d3 	bl	10005b10 <tud_suspended>
1000676a:	2800      	cmp	r0, #0
1000676c:	d1fa      	bne.n	10006764 <_prep_out_transaction.isra.0+0xc>
1000676e:	78e3      	ldrb	r3, [r4, #3]
10006770:	2b00      	cmp	r3, #0
10006772:	d0f7      	beq.n	10006764 <_prep_out_transaction.isra.0+0xc>
10006774:	0023      	movs	r3, r4
10006776:	3310      	adds	r3, #16
10006778:	0018      	movs	r0, r3
1000677a:	001d      	movs	r5, r3
1000677c:	f000 fdde 	bl	1000733c <tu_fifo_remaining>
10006780:	283f      	cmp	r0, #63	@ 0x3f
10006782:	d9ef      	bls.n	10006764 <_prep_out_transaction.isra.0+0xc>
10006784:	2000      	movs	r0, #0
10006786:	78e1      	ldrb	r1, [r4, #3]
10006788:	f7ff fe9e 	bl	100064c8 <usbd_edpt_claim>
1000678c:	2800      	cmp	r0, #0
1000678e:	d0e9      	beq.n	10006764 <_prep_out_transaction.isra.0+0xc>
10006790:	0028      	movs	r0, r5
10006792:	f000 fdd3 	bl	1000733c <tu_fifo_remaining>
10006796:	78e1      	ldrb	r1, [r4, #3]
10006798:	283f      	cmp	r0, #63	@ 0x3f
1000679a:	d906      	bls.n	100067aa <_prep_out_transaction.isra.0+0x52>
1000679c:	34c8      	adds	r4, #200	@ 0xc8
1000679e:	0022      	movs	r2, r4
100067a0:	2340      	movs	r3, #64	@ 0x40
100067a2:	2000      	movs	r0, #0
100067a4:	f7ff feb8 	bl	10006518 <usbd_edpt_xfer>
100067a8:	e7dc      	b.n	10006764 <_prep_out_transaction.isra.0+0xc>
100067aa:	2000      	movs	r0, #0
100067ac:	f7ff fea0 	bl	100064f0 <usbd_edpt_release>
100067b0:	e7d8      	b.n	10006764 <_prep_out_transaction.isra.0+0xc>
100067b2:	46c0      	nop			@ (mov r8, r8)

100067b4 <tud_cdc_n_connected>:
100067b4:	b510      	push	{r4, lr}
100067b6:	0004      	movs	r4, r0
100067b8:	f7ff f9a2 	bl	10005b00 <tud_mounted>
100067bc:	2800      	cmp	r0, #0
100067be:	d101      	bne.n	100067c4 <tud_cdc_n_connected+0x10>
100067c0:	2000      	movs	r0, #0
100067c2:	bd10      	pop	{r4, pc}
100067c4:	f7ff f9a4 	bl	10005b10 <tud_suspended>
100067c8:	2800      	cmp	r0, #0
100067ca:	d1f9      	bne.n	100067c0 <tud_cdc_n_connected+0xc>
100067cc:	00a0      	lsls	r0, r4, #2
100067ce:	1900      	adds	r0, r0, r4
100067d0:	00c0      	lsls	r0, r0, #3
100067d2:	4b04      	ldr	r3, [pc, #16]	@ (100067e4 <tud_cdc_n_connected+0x30>)
100067d4:	1900      	adds	r0, r0, r4
100067d6:	00c0      	lsls	r0, r0, #3
100067d8:	181b      	adds	r3, r3, r0
100067da:	2001      	movs	r0, #1
100067dc:	791b      	ldrb	r3, [r3, #4]
100067de:	4018      	ands	r0, r3
100067e0:	e7ef      	b.n	100067c2 <tud_cdc_n_connected+0xe>
100067e2:	46c0      	nop			@ (mov r8, r8)
100067e4:	20001948 	.word	0x20001948

100067e8 <tud_cdc_n_available>:
100067e8:	0083      	lsls	r3, r0, #2
100067ea:	b510      	push	{r4, lr}
100067ec:	181b      	adds	r3, r3, r0
100067ee:	00db      	lsls	r3, r3, #3
100067f0:	1818      	adds	r0, r3, r0
100067f2:	4b03      	ldr	r3, [pc, #12]	@ (10006800 <tud_cdc_n_available+0x18>)
100067f4:	00c0      	lsls	r0, r0, #3
100067f6:	18c0      	adds	r0, r0, r3
100067f8:	f000 fd82 	bl	10007300 <tu_fifo_count>
100067fc:	bd10      	pop	{r4, pc}
100067fe:	46c0      	nop			@ (mov r8, r8)
10006800:	20001958 	.word	0x20001958

10006804 <tud_cdc_n_read>:
10006804:	b5f8      	push	{r3, r4, r5, r6, r7, lr}
10006806:	0086      	lsls	r6, r0, #2
10006808:	1834      	adds	r4, r6, r0
1000680a:	00e4      	lsls	r4, r4, #3
1000680c:	1824      	adds	r4, r4, r0
1000680e:	4647      	mov	r7, r8
10006810:	46ce      	mov	lr, r9
10006812:	00e4      	lsls	r4, r4, #3
10006814:	0023      	movs	r3, r4
10006816:	b580      	push	{r7, lr}
10006818:	4f1f      	ldr	r7, [pc, #124]	@ (10006898 <tud_cdc_n_read+0x94>)
1000681a:	3310      	adds	r3, #16
1000681c:	18fb      	adds	r3, r7, r3
1000681e:	4698      	mov	r8, r3
10006820:	2380      	movs	r3, #128	@ 0x80
10006822:	0005      	movs	r5, r0
10006824:	025b      	lsls	r3, r3, #9
10006826:	429a      	cmp	r2, r3
10006828:	d300      	bcc.n	1000682c <tud_cdc_n_read+0x28>
1000682a:	4a1c      	ldr	r2, [pc, #112]	@ (1000689c <tud_cdc_n_read+0x98>)
1000682c:	4640      	mov	r0, r8
1000682e:	b292      	uxth	r2, r2
10006830:	f000 fde8 	bl	10007404 <tu_fifo_read_n>
10006834:	4681      	mov	r9, r0
10006836:	f7ff f963 	bl	10005b00 <tud_mounted>
1000683a:	2800      	cmp	r0, #0
1000683c:	d104      	bne.n	10006848 <tud_cdc_n_read+0x44>
1000683e:	4648      	mov	r0, r9
10006840:	bcc0      	pop	{r6, r7}
10006842:	46b9      	mov	r9, r7
10006844:	46b0      	mov	r8, r6
10006846:	bdf8      	pop	{r3, r4, r5, r6, r7, pc}
10006848:	f7ff f962 	bl	10005b10 <tud_suspended>
1000684c:	2800      	cmp	r0, #0
1000684e:	d1f6      	bne.n	1000683e <tud_cdc_n_read+0x3a>
10006850:	1976      	adds	r6, r6, r5
10006852:	00f6      	lsls	r6, r6, #3
10006854:	1975      	adds	r5, r6, r5
10006856:	00ed      	lsls	r5, r5, #3
10006858:	197d      	adds	r5, r7, r5
1000685a:	78eb      	ldrb	r3, [r5, #3]
1000685c:	2b00      	cmp	r3, #0
1000685e:	d0ee      	beq.n	1000683e <tud_cdc_n_read+0x3a>
10006860:	4640      	mov	r0, r8
10006862:	f000 fd6b 	bl	1000733c <tu_fifo_remaining>
10006866:	283f      	cmp	r0, #63	@ 0x3f
10006868:	d9e9      	bls.n	1000683e <tud_cdc_n_read+0x3a>
1000686a:	2000      	movs	r0, #0
1000686c:	78e9      	ldrb	r1, [r5, #3]
1000686e:	f7ff fe2b 	bl	100064c8 <usbd_edpt_claim>
10006872:	2800      	cmp	r0, #0
10006874:	d0e3      	beq.n	1000683e <tud_cdc_n_read+0x3a>
10006876:	4640      	mov	r0, r8
10006878:	f000 fd60 	bl	1000733c <tu_fifo_remaining>
1000687c:	78e9      	ldrb	r1, [r5, #3]
1000687e:	283f      	cmp	r0, #63	@ 0x3f
10006880:	d906      	bls.n	10006890 <tud_cdc_n_read+0x8c>
10006882:	34c8      	adds	r4, #200	@ 0xc8
10006884:	2340      	movs	r3, #64	@ 0x40
10006886:	193a      	adds	r2, r7, r4
10006888:	2000      	movs	r0, #0
1000688a:	f7ff fe45 	bl	10006518 <usbd_edpt_xfer>
1000688e:	e7d6      	b.n	1000683e <tud_cdc_n_read+0x3a>
10006890:	2000      	movs	r0, #0
10006892:	f7ff fe2d 	bl	100064f0 <usbd_edpt_release>
10006896:	e7d2      	b.n	1000683e <tud_cdc_n_read+0x3a>
10006898:	20001948 	.word	0x20001948
1000689c:	0000ffff 	.word	0x0000ffff

100068a0 <tud_cdc_n_write_flush>:
100068a0:	b5f8      	push	{r3, r4, r5, r6, r7, lr}
100068a2:	0004      	movs	r4, r0
100068a4:	f7ff f92c 	bl	10005b00 <tud_mounted>
100068a8:	2800      	cmp	r0, #0
100068aa:	d101      	bne.n	100068b0 <tud_cdc_n_write_flush+0x10>
100068ac:	2000      	movs	r0, #0
100068ae:	bdf8      	pop	{r3, r4, r5, r6, r7, pc}
100068b0:	f7ff f92e 	bl	10005b10 <tud_suspended>
100068b4:	2800      	cmp	r0, #0
100068b6:	d1f9      	bne.n	100068ac <tud_cdc_n_write_flush+0xc>
100068b8:	00a0      	lsls	r0, r4, #2
100068ba:	1900      	adds	r0, r0, r4
100068bc:	00c0      	lsls	r0, r0, #3
100068be:	1900      	adds	r0, r0, r4
100068c0:	00c4      	lsls	r4, r0, #3
100068c2:	0023      	movs	r3, r4
100068c4:	4e14      	ldr	r6, [pc, #80]	@ (10006918 <tud_cdc_n_write_flush+0x78>)
100068c6:	3324      	adds	r3, #36	@ 0x24
100068c8:	18f7      	adds	r7, r6, r3
100068ca:	0038      	movs	r0, r7
100068cc:	f000 fd18 	bl	10007300 <tu_fifo_count>
100068d0:	2800      	cmp	r0, #0
100068d2:	d0eb      	beq.n	100068ac <tud_cdc_n_write_flush+0xc>
100068d4:	1935      	adds	r5, r6, r4
100068d6:	2000      	movs	r0, #0
100068d8:	78a9      	ldrb	r1, [r5, #2]
100068da:	f7ff fdf5 	bl	100064c8 <usbd_edpt_claim>
100068de:	2800      	cmp	r0, #0
100068e0:	d0e4      	beq.n	100068ac <tud_cdc_n_write_flush+0xc>
100068e2:	46b4      	mov	ip, r6
100068e4:	3409      	adds	r4, #9
100068e6:	34ff      	adds	r4, #255	@ 0xff
100068e8:	44a4      	add	ip, r4
100068ea:	4664      	mov	r4, ip
100068ec:	2240      	movs	r2, #64	@ 0x40
100068ee:	0021      	movs	r1, r4
100068f0:	0038      	movs	r0, r7
100068f2:	f000 fd87 	bl	10007404 <tu_fifo_read_n>
100068f6:	78a9      	ldrb	r1, [r5, #2]
100068f8:	0003      	movs	r3, r0
100068fa:	1e05      	subs	r5, r0, #0
100068fc:	d007      	beq.n	1000690e <tud_cdc_n_write_flush+0x6e>
100068fe:	0022      	movs	r2, r4
10006900:	2000      	movs	r0, #0
10006902:	f7ff fe09 	bl	10006518 <usbd_edpt_xfer>
10006906:	2800      	cmp	r0, #0
10006908:	d0d0      	beq.n	100068ac <tud_cdc_n_write_flush+0xc>
1000690a:	0028      	movs	r0, r5
1000690c:	e7cf      	b.n	100068ae <tud_cdc_n_write_flush+0xe>
1000690e:	2000      	movs	r0, #0
10006910:	f7ff fdee 	bl	100064f0 <usbd_edpt_release>
10006914:	e7ca      	b.n	100068ac <tud_cdc_n_write_flush+0xc>
10006916:	46c0      	nop			@ (mov r8, r8)
10006918:	20001948 	.word	0x20001948

1000691c <tud_cdc_n_write>:
1000691c:	b570      	push	{r4, r5, r6, lr}
1000691e:	0084      	lsls	r4, r0, #2
10006920:	1824      	adds	r4, r4, r0
10006922:	00e4      	lsls	r4, r4, #3
10006924:	4b0c      	ldr	r3, [pc, #48]	@ (10006958 <tud_cdc_n_write+0x3c>)
10006926:	1824      	adds	r4, r4, r0
10006928:	00e4      	lsls	r4, r4, #3
1000692a:	18e4      	adds	r4, r4, r3
1000692c:	2380      	movs	r3, #128	@ 0x80
1000692e:	0005      	movs	r5, r0
10006930:	025b      	lsls	r3, r3, #9
10006932:	429a      	cmp	r2, r3
10006934:	d300      	bcc.n	10006938 <tud_cdc_n_write+0x1c>
10006936:	4a09      	ldr	r2, [pc, #36]	@ (1000695c <tud_cdc_n_write+0x40>)
10006938:	0020      	movs	r0, r4
1000693a:	b292      	uxth	r2, r2
1000693c:	f000 fe2a 	bl	10007594 <tu_fifo_write_n>
10006940:	0006      	movs	r6, r0
10006942:	0020      	movs	r0, r4
10006944:	f000 fcdc 	bl	10007300 <tu_fifo_count>
10006948:	283f      	cmp	r0, #63	@ 0x3f
1000694a:	d801      	bhi.n	10006950 <tud_cdc_n_write+0x34>
1000694c:	0030      	movs	r0, r6
1000694e:	bd70      	pop	{r4, r5, r6, pc}
10006950:	0028      	movs	r0, r5
10006952:	f7ff ffa5 	bl	100068a0 <tud_cdc_n_write_flush>
10006956:	e7f9      	b.n	1000694c <tud_cdc_n_write+0x30>
10006958:	2000196c 	.word	0x2000196c
1000695c:	0000ffff 	.word	0x0000ffff

10006960 <tud_cdc_n_write_available>:
10006960:	0083      	lsls	r3, r0, #2
10006962:	b510      	push	{r4, lr}
10006964:	181b      	adds	r3, r3, r0
10006966:	00db      	lsls	r3, r3, #3
10006968:	1818      	adds	r0, r3, r0
1000696a:	4b03      	ldr	r3, [pc, #12]	@ (10006978 <tud_cdc_n_write_available+0x18>)
1000696c:	00c0      	lsls	r0, r0, #3
1000696e:	18c0      	adds	r0, r0, r3
10006970:	f000 fce4 	bl	1000733c <tu_fifo_remaining>
10006974:	bd10      	pop	{r4, pc}
10006976:	46c0      	nop			@ (mov r8, r8)
10006978:	2000196c 	.word	0x2000196c

1000697c <cdcd_init>:
1000697c:	22a4      	movs	r2, #164	@ 0xa4
1000697e:	b5f0      	push	{r4, r5, r6, r7, lr}
10006980:	2500      	movs	r5, #0
10006982:	4c19      	ldr	r4, [pc, #100]	@ (100069e8 <cdcd_init+0x6c>)
10006984:	b083      	sub	sp, #12
10006986:	2100      	movs	r1, #0
10006988:	0020      	movs	r0, r4
1000698a:	0052      	lsls	r2, r2, #1
1000698c:	f7fc fc06 	bl	1000319c <__wrap_memset>
10006990:	4b16      	ldr	r3, [pc, #88]	@ (100069ec <cdcd_init+0x70>)
10006992:	0021      	movs	r1, r4
10006994:	701d      	strb	r5, [r3, #0]
10006996:	23ff      	movs	r3, #255	@ 0xff
10006998:	7163      	strb	r3, [r4, #5]
1000699a:	23e1      	movs	r3, #225	@ 0xe1
1000699c:	025b      	lsls	r3, r3, #9
1000699e:	60a3      	str	r3, [r4, #8]
100069a0:	0020      	movs	r0, r4
100069a2:	2308      	movs	r3, #8
100069a4:	2240      	movs	r2, #64	@ 0x40
100069a6:	73a3      	strb	r3, [r4, #14]
100069a8:	3138      	adds	r1, #56	@ 0x38
100069aa:	9500      	str	r5, [sp, #0]
100069ac:	3b07      	subs	r3, #7
100069ae:	3010      	adds	r0, #16
100069b0:	f000 fc70 	bl	10007294 <tu_fifo_config>
100069b4:	0027      	movs	r7, r4
100069b6:	2301      	movs	r3, #1
100069b8:	0021      	movs	r1, r4
100069ba:	0020      	movs	r0, r4
100069bc:	0026      	movs	r6, r4
100069be:	2240      	movs	r2, #64	@ 0x40
100069c0:	3178      	adds	r1, #120	@ 0x78
100069c2:	9300      	str	r3, [sp, #0]
100069c4:	37b8      	adds	r7, #184	@ 0xb8
100069c6:	3024      	adds	r0, #36	@ 0x24
100069c8:	f000 fc64 	bl	10007294 <tu_fifo_config>
100069cc:	36c0      	adds	r6, #192	@ 0xc0
100069ce:	0038      	movs	r0, r7
100069d0:	f7fa fb92 	bl	100010f8 <mutex_init>
100069d4:	0030      	movs	r0, r6
100069d6:	f7fa fb8f 	bl	100010f8 <mutex_init>
100069da:	61e5      	str	r5, [r4, #28]
100069dc:	6227      	str	r7, [r4, #32]
100069de:	6326      	str	r6, [r4, #48]	@ 0x30
100069e0:	6365      	str	r5, [r4, #52]	@ 0x34
100069e2:	b003      	add	sp, #12
100069e4:	bdf0      	pop	{r4, r5, r6, r7, pc}
100069e6:	46c0      	nop			@ (mov r8, r8)
100069e8:	20001948 	.word	0x20001948
100069ec:	20001fd0 	.word	0x20001fd0

100069f0 <cdcd_deinit>:
100069f0:	4b0a      	ldr	r3, [pc, #40]	@ (10006a1c <cdcd_deinit+0x2c>)
100069f2:	6b19      	ldr	r1, [r3, #48]	@ 0x30
100069f4:	6a1a      	ldr	r2, [r3, #32]
100069f6:	2900      	cmp	r1, #0
100069f8:	d00c      	beq.n	10006a14 <cdcd_deinit+0x24>
100069fa:	2a00      	cmp	r2, #0
100069fc:	d007      	beq.n	10006a0e <cdcd_deinit+0x1e>
100069fe:	2200      	movs	r2, #0
10006a00:	61da      	str	r2, [r3, #28]
10006a02:	635a      	str	r2, [r3, #52]	@ 0x34
10006a04:	631a      	str	r2, [r3, #48]	@ 0x30
10006a06:	2200      	movs	r2, #0
10006a08:	621a      	str	r2, [r3, #32]
10006a0a:	2001      	movs	r0, #1
10006a0c:	4770      	bx	lr
10006a0e:	635a      	str	r2, [r3, #52]	@ 0x34
10006a10:	631a      	str	r2, [r3, #48]	@ 0x30
10006a12:	e7fa      	b.n	10006a0a <cdcd_deinit+0x1a>
10006a14:	2a00      	cmp	r2, #0
10006a16:	d0f8      	beq.n	10006a0a <cdcd_deinit+0x1a>
10006a18:	61d9      	str	r1, [r3, #28]
10006a1a:	e7f4      	b.n	10006a06 <cdcd_deinit+0x16>
10006a1c:	20001948 	.word	0x20001948

10006a20 <cdcd_reset>:
10006a20:	b570      	push	{r4, r5, r6, lr}
10006a22:	2205      	movs	r2, #5
10006a24:	2100      	movs	r1, #0
10006a26:	480d      	ldr	r0, [pc, #52]	@ (10006a5c <cdcd_reset+0x3c>)
10006a28:	f7fc fbb8 	bl	1000319c <__wrap_memset>
10006a2c:	4d0c      	ldr	r5, [pc, #48]	@ (10006a60 <cdcd_reset+0x40>)
10006a2e:	782b      	ldrb	r3, [r5, #0]
10006a30:	07da      	lsls	r2, r3, #31
10006a32:	d507      	bpl.n	10006a44 <cdcd_reset+0x24>
10006a34:	4c0b      	ldr	r4, [pc, #44]	@ (10006a64 <cdcd_reset+0x44>)
10006a36:	079b      	lsls	r3, r3, #30
10006a38:	d50c      	bpl.n	10006a54 <cdcd_reset+0x34>
10006a3a:	2101      	movs	r1, #1
10006a3c:	0020      	movs	r0, r4
10006a3e:	f000 fe7d 	bl	1000773c <tu_fifo_set_overwritable>
10006a42:	bd70      	pop	{r4, r5, r6, pc}
10006a44:	4805      	ldr	r0, [pc, #20]	@ (10006a5c <cdcd_reset+0x3c>)
10006a46:	3010      	adds	r0, #16
10006a48:	f000 fe58 	bl	100076fc <tu_fifo_clear>
10006a4c:	782b      	ldrb	r3, [r5, #0]
10006a4e:	4c05      	ldr	r4, [pc, #20]	@ (10006a64 <cdcd_reset+0x44>)
10006a50:	079b      	lsls	r3, r3, #30
10006a52:	d4f2      	bmi.n	10006a3a <cdcd_reset+0x1a>
10006a54:	0020      	movs	r0, r4
10006a56:	f000 fe51 	bl	100076fc <tu_fifo_clear>
10006a5a:	e7ee      	b.n	10006a3a <cdcd_reset+0x1a>
10006a5c:	20001948 	.word	0x20001948
10006a60:	20001fd0 	.word	0x20001fd0
10006a64:	2000196c 	.word	0x2000196c

10006a68 <cdcd_open>:
10006a68:	b5f0      	push	{r4, r5, r6, r7, lr}
10006a6a:	46c6      	mov	lr, r8
10006a6c:	b500      	push	{lr}
10006a6e:	794b      	ldrb	r3, [r1, #5]
10006a70:	0007      	movs	r7, r0
10006a72:	b082      	sub	sp, #8
10006a74:	2b02      	cmp	r3, #2
10006a76:	d102      	bne.n	10006a7e <cdcd_open+0x16>
10006a78:	798b      	ldrb	r3, [r1, #6]
10006a7a:	2b02      	cmp	r3, #2
10006a7c:	d005      	beq.n	10006a8a <cdcd_open+0x22>
10006a7e:	2500      	movs	r5, #0
10006a80:	0028      	movs	r0, r5
10006a82:	b002      	add	sp, #8
10006a84:	bc80      	pop	{r7}
10006a86:	46b8      	mov	r8, r7
10006a88:	bdf0      	pop	{r4, r5, r6, r7, pc}
10006a8a:	4b22      	ldr	r3, [pc, #136]	@ (10006b14 <cdcd_open+0xac>)
10006a8c:	4698      	mov	r8, r3
10006a8e:	789b      	ldrb	r3, [r3, #2]
10006a90:	2b00      	cmp	r3, #0
10006a92:	d1f4      	bne.n	10006a7e <cdcd_open+0x16>
10006a94:	4640      	mov	r0, r8
10006a96:	788b      	ldrb	r3, [r1, #2]
10006a98:	2509      	movs	r5, #9
10006a9a:	7003      	strb	r3, [r0, #0]
10006a9c:	780c      	ldrb	r4, [r1, #0]
10006a9e:	190c      	adds	r4, r1, r4
10006aa0:	7863      	ldrb	r3, [r4, #1]
10006aa2:	2b24      	cmp	r3, #36	@ 0x24
10006aa4:	d007      	beq.n	10006ab6 <cdcd_open+0x4e>
10006aa6:	e00c      	b.n	10006ac2 <cdcd_open+0x5a>
10006aa8:	7823      	ldrb	r3, [r4, #0]
10006aaa:	18e4      	adds	r4, r4, r3
10006aac:	195d      	adds	r5, r3, r5
10006aae:	7863      	ldrb	r3, [r4, #1]
10006ab0:	b2ad      	uxth	r5, r5
10006ab2:	2b24      	cmp	r3, #36	@ 0x24
10006ab4:	d105      	bne.n	10006ac2 <cdcd_open+0x5a>
10006ab6:	4295      	cmp	r5, r2
10006ab8:	d9f6      	bls.n	10006aa8 <cdcd_open+0x40>
10006aba:	4640      	mov	r0, r8
10006abc:	f7ff fe4c 	bl	10006758 <_prep_out_transaction.isra.0>
10006ac0:	e7de      	b.n	10006a80 <cdcd_open+0x18>
10006ac2:	001a      	movs	r2, r3
10006ac4:	2b05      	cmp	r3, #5
10006ac6:	d015      	beq.n	10006af4 <cdcd_open+0x8c>
10006ac8:	2a04      	cmp	r2, #4
10006aca:	d1f6      	bne.n	10006aba <cdcd_open+0x52>
10006acc:	7963      	ldrb	r3, [r4, #5]
10006ace:	2b0a      	cmp	r3, #10
10006ad0:	d1f3      	bne.n	10006aba <cdcd_open+0x52>
10006ad2:	4b11      	ldr	r3, [pc, #68]	@ (10006b18 <cdcd_open+0xb0>)
10006ad4:	7826      	ldrb	r6, [r4, #0]
10006ad6:	9301      	str	r3, [sp, #4]
10006ad8:	3301      	adds	r3, #1
10006ada:	9300      	str	r3, [sp, #0]
10006adc:	0038      	movs	r0, r7
10006ade:	2302      	movs	r3, #2
10006ae0:	19a1      	adds	r1, r4, r6
10006ae2:	3a02      	subs	r2, #2
10006ae4:	f7ff fc8a 	bl	100063fc <usbd_open_edpt_pair>
10006ae8:	2800      	cmp	r0, #0
10006aea:	d0c8      	beq.n	10006a7e <cdcd_open+0x16>
10006aec:	350e      	adds	r5, #14
10006aee:	19ad      	adds	r5, r5, r6
10006af0:	b2ad      	uxth	r5, r5
10006af2:	e7e2      	b.n	10006aba <cdcd_open+0x52>
10006af4:	0021      	movs	r1, r4
10006af6:	0038      	movs	r0, r7
10006af8:	f7ff fccc 	bl	10006494 <usbd_edpt_open>
10006afc:	2800      	cmp	r0, #0
10006afe:	d0be      	beq.n	10006a7e <cdcd_open+0x16>
10006b00:	4642      	mov	r2, r8
10006b02:	78a3      	ldrb	r3, [r4, #2]
10006b04:	7053      	strb	r3, [r2, #1]
10006b06:	7823      	ldrb	r3, [r4, #0]
10006b08:	195d      	adds	r5, r3, r5
10006b0a:	18e4      	adds	r4, r4, r3
10006b0c:	7862      	ldrb	r2, [r4, #1]
10006b0e:	b2ad      	uxth	r5, r5
10006b10:	e7da      	b.n	10006ac8 <cdcd_open+0x60>
10006b12:	46c0      	nop			@ (mov r8, r8)
10006b14:	20001948 	.word	0x20001948
10006b18:	2000194a 	.word	0x2000194a

10006b1c <cdcd_control_xfer_cb>:
10006b1c:	2360      	movs	r3, #96	@ 0x60
10006b1e:	468c      	mov	ip, r1
10006b20:	0011      	movs	r1, r2
10006b22:	7812      	ldrb	r2, [r2, #0]
10006b24:	b570      	push	{r4, r5, r6, lr}
10006b26:	4013      	ands	r3, r2
10006b28:	2200      	movs	r2, #0
10006b2a:	2b20      	cmp	r3, #32
10006b2c:	d114      	bne.n	10006b58 <cdcd_control_xfer_cb+0x3c>
10006b2e:	4c31      	ldr	r4, [pc, #196]	@ (10006bf4 <cdcd_control_xfer_cb+0xd8>)
10006b30:	794b      	ldrb	r3, [r1, #5]
10006b32:	0026      	movs	r6, r4
10006b34:	790d      	ldrb	r5, [r1, #4]
10006b36:	7824      	ldrb	r4, [r4, #0]
10006b38:	021b      	lsls	r3, r3, #8
10006b3a:	432b      	orrs	r3, r5
10006b3c:	429c      	cmp	r4, r3
10006b3e:	d10b      	bne.n	10006b58 <cdcd_control_xfer_cb+0x3c>
10006b40:	784b      	ldrb	r3, [r1, #1]
10006b42:	2b22      	cmp	r3, #34	@ 0x22
10006b44:	d01d      	beq.n	10006b82 <cdcd_control_xfer_cb+0x66>
10006b46:	d809      	bhi.n	10006b5c <cdcd_control_xfer_cb+0x40>
10006b48:	2b20      	cmp	r3, #32
10006b4a:	d040      	beq.n	10006bce <cdcd_control_xfer_cb+0xb2>
10006b4c:	2b21      	cmp	r3, #33	@ 0x21
10006b4e:	d103      	bne.n	10006b58 <cdcd_control_xfer_cb+0x3c>
10006b50:	4663      	mov	r3, ip
10006b52:	2b01      	cmp	r3, #1
10006b54:	d035      	beq.n	10006bc2 <cdcd_control_xfer_cb+0xa6>
10006b56:	2201      	movs	r2, #1
10006b58:	0010      	movs	r0, r2
10006b5a:	bd70      	pop	{r4, r5, r6, pc}
10006b5c:	2b23      	cmp	r3, #35	@ 0x23
10006b5e:	d1fb      	bne.n	10006b58 <cdcd_control_xfer_cb+0x3c>
10006b60:	4663      	mov	r3, ip
10006b62:	2b01      	cmp	r3, #1
10006b64:	d042      	beq.n	10006bec <cdcd_control_xfer_cb+0xd0>
10006b66:	2b03      	cmp	r3, #3
10006b68:	d1f5      	bne.n	10006b56 <cdcd_control_xfer_cb+0x3a>
10006b6a:	4b23      	ldr	r3, [pc, #140]	@ (10006bf8 <cdcd_control_xfer_cb+0xdc>)
10006b6c:	2b00      	cmp	r3, #0
10006b6e:	d0f2      	beq.n	10006b56 <cdcd_control_xfer_cb+0x3a>
10006b70:	788b      	ldrb	r3, [r1, #2]
10006b72:	78c9      	ldrb	r1, [r1, #3]
10006b74:	2000      	movs	r0, #0
10006b76:	0209      	lsls	r1, r1, #8
10006b78:	4319      	orrs	r1, r3
10006b7a:	e000      	b.n	10006b7e <cdcd_control_xfer_cb+0x62>
10006b7c:	bf00      	nop
10006b7e:	2201      	movs	r2, #1
10006b80:	e7ea      	b.n	10006b58 <cdcd_control_xfer_cb+0x3c>
10006b82:	4663      	mov	r3, ip
10006b84:	2b01      	cmp	r3, #1
10006b86:	d031      	beq.n	10006bec <cdcd_control_xfer_cb+0xd0>
10006b88:	2b03      	cmp	r3, #3
10006b8a:	d1e4      	bne.n	10006b56 <cdcd_control_xfer_cb+0x3a>
10006b8c:	2501      	movs	r5, #1
10006b8e:	78cb      	ldrb	r3, [r1, #3]
10006b90:	788a      	ldrb	r2, [r1, #2]
10006b92:	021b      	lsls	r3, r3, #8
10006b94:	4313      	orrs	r3, r2
10006b96:	001c      	movs	r4, r3
10006b98:	401d      	ands	r5, r3
10006b9a:	0033      	movs	r3, r6
10006b9c:	2101      	movs	r1, #1
10006b9e:	3324      	adds	r3, #36	@ 0x24
10006ba0:	0018      	movs	r0, r3
10006ba2:	4069      	eors	r1, r5
10006ba4:	7134      	strb	r4, [r6, #4]
10006ba6:	f000 fdc9 	bl	1000773c <tu_fifo_set_overwritable>
10006baa:	4b14      	ldr	r3, [pc, #80]	@ (10006bfc <cdcd_control_xfer_cb+0xe0>)
10006bac:	2b00      	cmp	r3, #0
10006bae:	d0d2      	beq.n	10006b56 <cdcd_control_xfer_cb+0x3a>
10006bb0:	2301      	movs	r3, #1
10006bb2:	0862      	lsrs	r2, r4, #1
10006bb4:	401a      	ands	r2, r3
10006bb6:	0029      	movs	r1, r5
10006bb8:	2000      	movs	r0, #0
10006bba:	e000      	b.n	10006bbe <cdcd_control_xfer_cb+0xa2>
10006bbc:	bf00      	nop
10006bbe:	2201      	movs	r2, #1
10006bc0:	e7ca      	b.n	10006b58 <cdcd_control_xfer_cb+0x3c>
10006bc2:	4a0f      	ldr	r2, [pc, #60]	@ (10006c00 <cdcd_control_xfer_cb+0xe4>)
10006bc4:	2307      	movs	r3, #7
10006bc6:	f7ff fce5 	bl	10006594 <tud_control_xfer>
10006bca:	2201      	movs	r2, #1
10006bcc:	e7c4      	b.n	10006b58 <cdcd_control_xfer_cb+0x3c>
10006bce:	4663      	mov	r3, ip
10006bd0:	2b01      	cmp	r3, #1
10006bd2:	d0f6      	beq.n	10006bc2 <cdcd_control_xfer_cb+0xa6>
10006bd4:	2b03      	cmp	r3, #3
10006bd6:	d1be      	bne.n	10006b56 <cdcd_control_xfer_cb+0x3a>
10006bd8:	4b0a      	ldr	r3, [pc, #40]	@ (10006c04 <cdcd_control_xfer_cb+0xe8>)
10006bda:	2b00      	cmp	r3, #0
10006bdc:	d0bb      	beq.n	10006b56 <cdcd_control_xfer_cb+0x3a>
10006bde:	0031      	movs	r1, r6
10006be0:	2000      	movs	r0, #0
10006be2:	3108      	adds	r1, #8
10006be4:	f7fe fa90 	bl	10005108 <tud_cdc_line_coding_cb>
10006be8:	2201      	movs	r2, #1
10006bea:	e7b5      	b.n	10006b58 <cdcd_control_xfer_cb+0x3c>
10006bec:	f7ff fcbc 	bl	10006568 <tud_control_status>
10006bf0:	2201      	movs	r2, #1
10006bf2:	e7b1      	b.n	10006b58 <cdcd_control_xfer_cb+0x3c>
10006bf4:	20001948 	.word	0x20001948
	...
10006c00:	20001950 	.word	0x20001950
10006c04:	10005109 	.word	0x10005109

10006c08 <cdcd_xfer_cb>:
10006c08:	b5f8      	push	{r3, r4, r5, r6, r7, lr}
10006c0a:	4647      	mov	r7, r8
10006c0c:	46ce      	mov	lr, r9
10006c0e:	b580      	push	{r7, lr}
10006c10:	4c35      	ldr	r4, [pc, #212]	@ (10006ce8 <cdcd_xfer_cb+0xe0>)
10006c12:	001f      	movs	r7, r3
10006c14:	78e3      	ldrb	r3, [r4, #3]
10006c16:	4680      	mov	r8, r0
10006c18:	000d      	movs	r5, r1
10006c1a:	428b      	cmp	r3, r1
10006c1c:	d03b      	beq.n	10006c96 <cdcd_xfer_cb+0x8e>
10006c1e:	78a3      	ldrb	r3, [r4, #2]
10006c20:	2000      	movs	r0, #0
10006c22:	428b      	cmp	r3, r1
10006c24:	d011      	beq.n	10006c4a <cdcd_xfer_cb+0x42>
10006c26:	bcc0      	pop	{r6, r7}
10006c28:	46b9      	mov	r9, r7
10006c2a:	46b0      	mov	r8, r6
10006c2c:	bdf8      	pop	{r3, r4, r5, r6, r7, pc}
10006c2e:	4b2f      	ldr	r3, [pc, #188]	@ (10006cec <cdcd_xfer_cb+0xe4>)
10006c30:	2b00      	cmp	r3, #0
10006c32:	d004      	beq.n	10006c3e <cdcd_xfer_cb+0x36>
10006c34:	482e      	ldr	r0, [pc, #184]	@ (10006cf0 <cdcd_xfer_cb+0xe8>)
10006c36:	f000 fb79 	bl	1000732c <tu_fifo_empty>
10006c3a:	2800      	cmp	r0, #0
10006c3c:	d050      	beq.n	10006ce0 <cdcd_xfer_cb+0xd8>
10006c3e:	0020      	movs	r0, r4
10006c40:	f7ff fd8a 	bl	10006758 <_prep_out_transaction.isra.0>
10006c44:	78a3      	ldrb	r3, [r4, #2]
10006c46:	42ab      	cmp	r3, r5
10006c48:	d10a      	bne.n	10006c60 <cdcd_xfer_cb+0x58>
10006c4a:	4b2a      	ldr	r3, [pc, #168]	@ (10006cf4 <cdcd_xfer_cb+0xec>)
10006c4c:	2b00      	cmp	r3, #0
10006c4e:	d002      	beq.n	10006c56 <cdcd_xfer_cb+0x4e>
10006c50:	2000      	movs	r0, #0
10006c52:	e000      	b.n	10006c56 <cdcd_xfer_cb+0x4e>
10006c54:	bf00      	nop
10006c56:	2000      	movs	r0, #0
10006c58:	f7ff fe22 	bl	100068a0 <tud_cdc_n_write_flush>
10006c5c:	2800      	cmp	r0, #0
10006c5e:	d001      	beq.n	10006c64 <cdcd_xfer_cb+0x5c>
10006c60:	2001      	movs	r0, #1
10006c62:	e7e0      	b.n	10006c26 <cdcd_xfer_cb+0x1e>
10006c64:	4c24      	ldr	r4, [pc, #144]	@ (10006cf8 <cdcd_xfer_cb+0xf0>)
10006c66:	0020      	movs	r0, r4
10006c68:	f000 fb4a 	bl	10007300 <tu_fifo_count>
10006c6c:	2800      	cmp	r0, #0
10006c6e:	d1f7      	bne.n	10006c60 <cdcd_xfer_cb+0x58>
10006c70:	2f00      	cmp	r7, #0
10006c72:	d0f5      	beq.n	10006c60 <cdcd_xfer_cb+0x58>
10006c74:	06bb      	lsls	r3, r7, #26
10006c76:	d1f3      	bne.n	10006c60 <cdcd_xfer_cb+0x58>
10006c78:	3c24      	subs	r4, #36	@ 0x24
10006c7a:	4640      	mov	r0, r8
10006c7c:	78a1      	ldrb	r1, [r4, #2]
10006c7e:	f7ff fc23 	bl	100064c8 <usbd_edpt_claim>
10006c82:	2800      	cmp	r0, #0
10006c84:	d0ec      	beq.n	10006c60 <cdcd_xfer_cb+0x58>
10006c86:	2300      	movs	r3, #0
10006c88:	2200      	movs	r2, #0
10006c8a:	4640      	mov	r0, r8
10006c8c:	78a1      	ldrb	r1, [r4, #2]
10006c8e:	f7ff fc43 	bl	10006518 <usbd_edpt_xfer>
10006c92:	2001      	movs	r0, #1
10006c94:	e7c7      	b.n	10006c26 <cdcd_xfer_cb+0x1e>
10006c96:	0026      	movs	r6, r4
10006c98:	36c8      	adds	r6, #200	@ 0xc8
10006c9a:	0031      	movs	r1, r6
10006c9c:	4814      	ldr	r0, [pc, #80]	@ (10006cf0 <cdcd_xfer_cb+0xe8>)
10006c9e:	b2ba      	uxth	r2, r7
10006ca0:	f000 fc78 	bl	10007594 <tu_fifo_write_n>
10006ca4:	4b15      	ldr	r3, [pc, #84]	@ (10006cfc <cdcd_xfer_cb+0xf4>)
10006ca6:	2b00      	cmp	r3, #0
10006ca8:	d0c1      	beq.n	10006c2e <cdcd_xfer_cb+0x26>
10006caa:	7963      	ldrb	r3, [r4, #5]
10006cac:	2bff      	cmp	r3, #255	@ 0xff
10006cae:	d0be      	beq.n	10006c2e <cdcd_xfer_cb+0x26>
10006cb0:	2f00      	cmp	r7, #0
10006cb2:	d0bc      	beq.n	10006c2e <cdcd_xfer_cb+0x26>
10006cb4:	46bc      	mov	ip, r7
10006cb6:	44b4      	add	ip, r6
10006cb8:	46e1      	mov	r9, ip
10006cba:	e003      	b.n	10006cc4 <cdcd_xfer_cb+0xbc>
10006cbc:	3601      	adds	r6, #1
10006cbe:	454e      	cmp	r6, r9
10006cc0:	d0b5      	beq.n	10006c2e <cdcd_xfer_cb+0x26>
10006cc2:	7963      	ldrb	r3, [r4, #5]
10006cc4:	7832      	ldrb	r2, [r6, #0]
10006cc6:	429a      	cmp	r2, r3
10006cc8:	d1f8      	bne.n	10006cbc <cdcd_xfer_cb+0xb4>
10006cca:	4809      	ldr	r0, [pc, #36]	@ (10006cf0 <cdcd_xfer_cb+0xe8>)
10006ccc:	f000 fb2e 	bl	1000732c <tu_fifo_empty>
10006cd0:	2800      	cmp	r0, #0
10006cd2:	d1f3      	bne.n	10006cbc <cdcd_xfer_cb+0xb4>
10006cd4:	4b06      	ldr	r3, [pc, #24]	@ (10006cf0 <cdcd_xfer_cb+0xe8>)
10006cd6:	3b10      	subs	r3, #16
10006cd8:	7959      	ldrb	r1, [r3, #5]
10006cda:	e000      	b.n	10006cde <cdcd_xfer_cb+0xd6>
10006cdc:	bf00      	nop
10006cde:	e7ed      	b.n	10006cbc <cdcd_xfer_cb+0xb4>
10006ce0:	e000      	b.n	10006ce4 <cdcd_xfer_cb+0xdc>
10006ce2:	bf00      	nop
10006ce4:	e7ab      	b.n	10006c3e <cdcd_xfer_cb+0x36>
10006ce6:	46c0      	nop			@ (mov r8, r8)
10006ce8:	20001948 	.word	0x20001948
10006cec:	00000000 	.word	0x00000000
10006cf0:	20001958 	.word	0x20001958
10006cf4:	00000000 	.word	0x00000000
10006cf8:	2000196c 	.word	0x2000196c
10006cfc:	00000000 	.word	0x00000000

10006d00 <vendord_init>:
10006d00:	22b3      	movs	r2, #179	@ 0xb3
10006d02:	b570      	push	{r4, r5, r6, lr}
10006d04:	4c14      	ldr	r4, [pc, #80]	@ (10006d58 <vendord_init+0x58>)
10006d06:	b084      	sub	sp, #16
10006d08:	2100      	movs	r1, #0
10006d0a:	0020      	movs	r0, r4
10006d0c:	0092      	lsls	r2, r2, #2
10006d0e:	f7fc fa45 	bl	1000319c <__wrap_memset>
10006d12:	1d23      	adds	r3, r4, #4
10006d14:	9302      	str	r3, [sp, #8]
10006d16:	0023      	movs	r3, r4
10006d18:	0020      	movs	r0, r4
10006d1a:	2580      	movs	r5, #128	@ 0x80
10006d1c:	2640      	movs	r6, #64	@ 0x40
10006d1e:	33cd      	adds	r3, #205	@ 0xcd
10006d20:	006d      	lsls	r5, r5, #1
10006d22:	33ff      	adds	r3, #255	@ 0xff
10006d24:	30a9      	adds	r0, #169	@ 0xa9
10006d26:	9300      	str	r3, [sp, #0]
10006d28:	2200      	movs	r2, #0
10006d2a:	2300      	movs	r3, #0
10006d2c:	2100      	movs	r1, #0
10006d2e:	9603      	str	r6, [sp, #12]
10006d30:	9501      	str	r5, [sp, #4]
10006d32:	30ff      	adds	r0, #255	@ 0xff
10006d34:	f000 f9a4 	bl	10007080 <tu_edpt_stream_init>
10006d38:	0023      	movs	r3, r4
10006d3a:	0020      	movs	r0, r4
10006d3c:	3344      	adds	r3, #68	@ 0x44
10006d3e:	34a8      	adds	r4, #168	@ 0xa8
10006d40:	9302      	str	r3, [sp, #8]
10006d42:	2201      	movs	r2, #1
10006d44:	2300      	movs	r3, #0
10006d46:	2100      	movs	r1, #0
10006d48:	9603      	str	r6, [sp, #12]
10006d4a:	9501      	str	r5, [sp, #4]
10006d4c:	9400      	str	r4, [sp, #0]
10006d4e:	3084      	adds	r0, #132	@ 0x84
10006d50:	f000 f996 	bl	10007080 <tu_edpt_stream_init>
10006d54:	b004      	add	sp, #16
10006d56:	bd70      	pop	{r4, r5, r6, pc}
10006d58:	2000214c 	.word	0x2000214c

10006d5c <vendord_deinit>:
10006d5c:	b510      	push	{r4, lr}
10006d5e:	4c05      	ldr	r4, [pc, #20]	@ (10006d74 <vendord_deinit+0x18>)
10006d60:	0020      	movs	r0, r4
10006d62:	f000 f9c1 	bl	100070e8 <tu_edpt_stream_deinit>
10006d66:	0020      	movs	r0, r4
10006d68:	3825      	subs	r0, #37	@ 0x25
10006d6a:	38ff      	subs	r0, #255	@ 0xff
10006d6c:	f000 f9bc 	bl	100070e8 <tu_edpt_stream_deinit>
10006d70:	2001      	movs	r0, #1
10006d72:	bd10      	pop	{r4, pc}
10006d74:	200022f4 	.word	0x200022f4

10006d78 <vendord_reset>:
10006d78:	b510      	push	{r4, lr}
10006d7a:	4c06      	ldr	r4, [pc, #24]	@ (10006d94 <vendord_reset+0x1c>)
10006d7c:	2300      	movs	r3, #0
10006d7e:	0020      	movs	r0, r4
10006d80:	30b1      	adds	r0, #177	@ 0xb1
10006d82:	30ff      	adds	r0, #255	@ 0xff
10006d84:	7023      	strb	r3, [r4, #0]
10006d86:	f000 fcb9 	bl	100076fc <tu_fifo_clear>
10006d8a:	0020      	movs	r0, r4
10006d8c:	308c      	adds	r0, #140	@ 0x8c
10006d8e:	f000 fcb5 	bl	100076fc <tu_fifo_clear>
10006d92:	bd10      	pop	{r4, pc}
10006d94:	2000214c 	.word	0x2000214c

10006d98 <vendord_open>:
10006d98:	b5f8      	push	{r3, r4, r5, r6, r7, lr}
10006d9a:	46ce      	mov	lr, r9
10006d9c:	4647      	mov	r7, r8
10006d9e:	b580      	push	{r7, lr}
10006da0:	794b      	ldrb	r3, [r1, #5]
10006da2:	4680      	mov	r8, r0
10006da4:	4689      	mov	r9, r1
10006da6:	2bff      	cmp	r3, #255	@ 0xff
10006da8:	d107      	bne.n	10006dba <vendord_open+0x22>
10006daa:	2385      	movs	r3, #133	@ 0x85
10006dac:	4f39      	ldr	r7, [pc, #228]	@ (10006e94 <vendord_open+0xfc>)
10006dae:	5cfe      	ldrb	r6, [r7, r3]
10006db0:	23aa      	movs	r3, #170	@ 0xaa
10006db2:	33ff      	adds	r3, #255	@ 0xff
10006db4:	5cfb      	ldrb	r3, [r7, r3]
10006db6:	431e      	orrs	r6, r3
10006db8:	d004      	beq.n	10006dc4 <vendord_open+0x2c>
10006dba:	2000      	movs	r0, #0
10006dbc:	bcc0      	pop	{r6, r7}
10006dbe:	46b9      	mov	r9, r7
10006dc0:	46b0      	mov	r8, r6
10006dc2:	bdf8      	pop	{r3, r4, r5, r6, r7, pc}
10006dc4:	788b      	ldrb	r3, [r1, #2]
10006dc6:	780c      	ldrb	r4, [r1, #0]
10006dc8:	703b      	strb	r3, [r7, #0]
10006dca:	790b      	ldrb	r3, [r1, #4]
10006dcc:	190c      	adds	r4, r1, r4
10006dce:	2b00      	cmp	r3, #0
10006dd0:	d03c      	beq.n	10006e4c <vendord_open+0xb4>
10006dd2:	18a5      	adds	r5, r4, r2
10006dd4:	e003      	b.n	10006dde <vendord_open+0x46>
10006dd6:	42ac      	cmp	r4, r5
10006dd8:	d238      	bcs.n	10006e4c <vendord_open+0xb4>
10006dda:	7823      	ldrb	r3, [r4, #0]
10006ddc:	18e4      	adds	r4, r4, r3
10006dde:	7863      	ldrb	r3, [r4, #1]
10006de0:	2b05      	cmp	r3, #5
10006de2:	d1f8      	bne.n	10006dd6 <vendord_open+0x3e>
10006de4:	42ac      	cmp	r4, r5
10006de6:	d231      	bcs.n	10006e4c <vendord_open+0xb4>
10006de8:	0021      	movs	r1, r4
10006dea:	4640      	mov	r0, r8
10006dec:	f7ff fb52 	bl	10006494 <usbd_edpt_open>
10006df0:	2800      	cmp	r0, #0
10006df2:	d0e2      	beq.n	10006dba <vendord_open+0x22>
10006df4:	78a3      	ldrb	r3, [r4, #2]
10006df6:	09db      	lsrs	r3, r3, #7
10006df8:	2b01      	cmp	r3, #1
10006dfa:	d02b      	beq.n	10006e54 <vendord_open+0xbc>
10006dfc:	4826      	ldr	r0, [pc, #152]	@ (10006e98 <vendord_open+0x100>)
10006dfe:	f000 fc7d 	bl	100076fc <tu_fifo_clear>
10006e02:	23aa      	movs	r3, #170	@ 0xaa
10006e04:	78a2      	ldrb	r2, [r4, #2]
10006e06:	33ff      	adds	r3, #255	@ 0xff
10006e08:	54fa      	strb	r2, [r7, r3]
10006e0a:	7963      	ldrb	r3, [r4, #5]
10006e0c:	7922      	ldrb	r2, [r4, #4]
10006e0e:	021b      	lsls	r3, r3, #8
10006e10:	4313      	orrs	r3, r2
10006e12:	21d4      	movs	r1, #212	@ 0xd4
10006e14:	4a21      	ldr	r2, [pc, #132]	@ (10006e9c <vendord_open+0x104>)
10006e16:	055b      	lsls	r3, r3, #21
10006e18:	0d5b      	lsrs	r3, r3, #21
10006e1a:	189b      	adds	r3, r3, r2
10006e1c:	425a      	negs	r2, r3
10006e1e:	4153      	adcs	r3, r2
10006e20:	2002      	movs	r0, #2
10006e22:	0049      	lsls	r1, r1, #1
10006e24:	5c7a      	ldrb	r2, [r7, r1]
10006e26:	005b      	lsls	r3, r3, #1
10006e28:	4382      	bics	r2, r0
10006e2a:	4313      	orrs	r3, r2
10006e2c:	547b      	strb	r3, [r7, r1]
10006e2e:	491a      	ldr	r1, [pc, #104]	@ (10006e98 <vendord_open+0x100>)
10006e30:	4640      	mov	r0, r8
10006e32:	3908      	subs	r1, #8
10006e34:	f000 f9c2 	bl	100071bc <tu_edpt_stream_read_xfer>
10006e38:	2800      	cmp	r0, #0
10006e3a:	d0be      	beq.n	10006dba <vendord_open+0x22>
10006e3c:	7823      	ldrb	r3, [r4, #0]
10006e3e:	3601      	adds	r6, #1
10006e40:	18e4      	adds	r4, r4, r3
10006e42:	464b      	mov	r3, r9
10006e44:	791b      	ldrb	r3, [r3, #4]
10006e46:	b2f6      	uxtb	r6, r6
10006e48:	42b3      	cmp	r3, r6
10006e4a:	d8c8      	bhi.n	10006dde <vendord_open+0x46>
10006e4c:	464b      	mov	r3, r9
10006e4e:	1ae0      	subs	r0, r4, r3
10006e50:	b280      	uxth	r0, r0
10006e52:	e7b3      	b.n	10006dbc <vendord_open+0x24>
10006e54:	4812      	ldr	r0, [pc, #72]	@ (10006ea0 <vendord_open+0x108>)
10006e56:	f000 fc51 	bl	100076fc <tu_fifo_clear>
10006e5a:	2385      	movs	r3, #133	@ 0x85
10006e5c:	78a2      	ldrb	r2, [r4, #2]
10006e5e:	490d      	ldr	r1, [pc, #52]	@ (10006e94 <vendord_open+0xfc>)
10006e60:	2002      	movs	r0, #2
10006e62:	54ca      	strb	r2, [r1, r3]
10006e64:	7963      	ldrb	r3, [r4, #5]
10006e66:	7922      	ldrb	r2, [r4, #4]
10006e68:	021b      	lsls	r3, r3, #8
10006e6a:	4313      	orrs	r3, r2
10006e6c:	055b      	lsls	r3, r3, #21
10006e6e:	4a0b      	ldr	r2, [pc, #44]	@ (10006e9c <vendord_open+0x104>)
10006e70:	2184      	movs	r1, #132	@ 0x84
10006e72:	0d5b      	lsrs	r3, r3, #21
10006e74:	189b      	adds	r3, r3, r2
10006e76:	425a      	negs	r2, r3
10006e78:	4153      	adcs	r3, r2
10006e7a:	4a06      	ldr	r2, [pc, #24]	@ (10006e94 <vendord_open+0xfc>)
10006e7c:	005b      	lsls	r3, r3, #1
10006e7e:	5c52      	ldrb	r2, [r2, r1]
10006e80:	4382      	bics	r2, r0
10006e82:	4313      	orrs	r3, r2
10006e84:	4a03      	ldr	r2, [pc, #12]	@ (10006e94 <vendord_open+0xfc>)
10006e86:	2000      	movs	r0, #0
10006e88:	5453      	strb	r3, [r2, r1]
10006e8a:	4905      	ldr	r1, [pc, #20]	@ (10006ea0 <vendord_open+0x108>)
10006e8c:	3908      	subs	r1, #8
10006e8e:	f000 f95f 	bl	10007150 <tu_edpt_stream_write_xfer>
10006e92:	e7d3      	b.n	10006e3c <vendord_open+0xa4>
10006e94:	2000214c 	.word	0x2000214c
10006e98:	200022fc 	.word	0x200022fc
10006e9c:	fffffe00 	.word	0xfffffe00
10006ea0:	200021d8 	.word	0x200021d8

10006ea4 <vendord_xfer_cb>:
10006ea4:	b570      	push	{r4, r5, r6, lr}
10006ea6:	001d      	movs	r5, r3
10006ea8:	23aa      	movs	r3, #170	@ 0xaa
10006eaa:	0004      	movs	r4, r0
10006eac:	481f      	ldr	r0, [pc, #124]	@ (10006f2c <vendord_xfer_cb+0x88>)
10006eae:	33ff      	adds	r3, #255	@ 0xff
10006eb0:	5cc3      	ldrb	r3, [r0, r3]
10006eb2:	428b      	cmp	r3, r1
10006eb4:	d017      	beq.n	10006ee6 <vendord_xfer_cb+0x42>
10006eb6:	2385      	movs	r3, #133	@ 0x85
10006eb8:	5cc0      	ldrb	r0, [r0, r3]
10006eba:	4288      	cmp	r0, r1
10006ebc:	d111      	bne.n	10006ee2 <vendord_xfer_cb+0x3e>
10006ebe:	4b1c      	ldr	r3, [pc, #112]	@ (10006f30 <vendord_xfer_cb+0x8c>)
10006ec0:	2b00      	cmp	r3, #0
10006ec2:	d004      	beq.n	10006ece <vendord_xfer_cb+0x2a>
10006ec4:	0429      	lsls	r1, r5, #16
10006ec6:	2000      	movs	r0, #0
10006ec8:	0c09      	lsrs	r1, r1, #16
10006eca:	e000      	b.n	10006ece <vendord_xfer_cb+0x2a>
10006ecc:	bf00      	nop
10006ece:	4b19      	ldr	r3, [pc, #100]	@ (10006f34 <vendord_xfer_cb+0x90>)
10006ed0:	0020      	movs	r0, r4
10006ed2:	0019      	movs	r1, r3
10006ed4:	001e      	movs	r6, r3
10006ed6:	f000 f93b 	bl	10007150 <tu_edpt_stream_write_xfer>
10006eda:	2800      	cmp	r0, #0
10006edc:	d016      	beq.n	10006f0c <vendord_xfer_cb+0x68>
10006ede:	2001      	movs	r0, #1
10006ee0:	e000      	b.n	10006ee4 <vendord_xfer_cb+0x40>
10006ee2:	2000      	movs	r0, #0
10006ee4:	bd70      	pop	{r4, r5, r6, pc}
10006ee6:	23da      	movs	r3, #218	@ 0xda
10006ee8:	005b      	lsls	r3, r3, #1
10006eea:	5ac3      	ldrh	r3, [r0, r3]
10006eec:	2b00      	cmp	r3, #0
10006eee:	d114      	bne.n	10006f1a <vendord_xfer_cb+0x76>
10006ef0:	4b11      	ldr	r3, [pc, #68]	@ (10006f38 <vendord_xfer_cb+0x94>)
10006ef2:	2b00      	cmp	r3, #0
10006ef4:	d004      	beq.n	10006f00 <vendord_xfer_cb+0x5c>
10006ef6:	2000      	movs	r0, #0
10006ef8:	4910      	ldr	r1, [pc, #64]	@ (10006f3c <vendord_xfer_cb+0x98>)
10006efa:	b2aa      	uxth	r2, r5
10006efc:	e000      	b.n	10006f00 <vendord_xfer_cb+0x5c>
10006efe:	bf00      	nop
10006f00:	0020      	movs	r0, r4
10006f02:	490f      	ldr	r1, [pc, #60]	@ (10006f40 <vendord_xfer_cb+0x9c>)
10006f04:	f000 f95a 	bl	100071bc <tu_edpt_stream_read_xfer>
10006f08:	2001      	movs	r0, #1
10006f0a:	e7eb      	b.n	10006ee4 <vendord_xfer_cb+0x40>
10006f0c:	002a      	movs	r2, r5
10006f0e:	0031      	movs	r1, r6
10006f10:	0020      	movs	r0, r4
10006f12:	f000 f8eb 	bl	100070ec <tu_edpt_stream_write_zlp_if_needed>
10006f16:	2001      	movs	r0, #1
10006f18:	e7e4      	b.n	10006ee4 <vendord_xfer_cb+0x40>
10006f1a:	23d6      	movs	r3, #214	@ 0xd6
10006f1c:	005b      	lsls	r3, r3, #1
10006f1e:	58c1      	ldr	r1, [r0, r3]
10006f20:	30b1      	adds	r0, #177	@ 0xb1
10006f22:	b2aa      	uxth	r2, r5
10006f24:	30ff      	adds	r0, #255	@ 0xff
10006f26:	f000 fb35 	bl	10007594 <tu_fifo_write_n>
10006f2a:	e7e1      	b.n	10006ef0 <vendord_xfer_cb+0x4c>
10006f2c:	2000214c 	.word	0x2000214c
10006f30:	00000000 	.word	0x00000000
10006f34:	200021d0 	.word	0x200021d0
10006f38:	00000000 	.word	0x00000000
10006f3c:	20002150 	.word	0x20002150
10006f40:	200022f4 	.word	0x200022f4

10006f44 <tusb_init>:
10006f44:	b510      	push	{r4, lr}
10006f46:	2000      	movs	r0, #0
10006f48:	f7fe fdea 	bl	10005b20 <tud_init>
10006f4c:	bd10      	pop	{r4, pc}
10006f4e:	46c0      	nop			@ (mov r8, r8)

10006f50 <tu_edpt_claim>:
10006f50:	b570      	push	{r4, r5, r6, lr}
10006f52:	0004      	movs	r4, r0
10006f54:	7823      	ldrb	r3, [r4, #0]
10006f56:	0008      	movs	r0, r1
10006f58:	07db      	lsls	r3, r3, #31
10006f5a:	000e      	movs	r6, r1
10006f5c:	0fdd      	lsrs	r5, r3, #31
10006f5e:	2b00      	cmp	r3, #0
10006f60:	d116      	bne.n	10006f90 <tu_edpt_claim+0x40>
10006f62:	7823      	ldrb	r3, [r4, #0]
10006f64:	075b      	lsls	r3, r3, #29
10006f66:	d501      	bpl.n	10006f6c <tu_edpt_claim+0x1c>
10006f68:	0028      	movs	r0, r5
10006f6a:	bd70      	pop	{r4, r5, r6, pc}
10006f6c:	2101      	movs	r1, #1
10006f6e:	4249      	negs	r1, r1
10006f70:	f000 fd92 	bl	10007a98 <__mutex_enter_timeout_ms_veneer>
10006f74:	7823      	ldrb	r3, [r4, #0]
10006f76:	07db      	lsls	r3, r3, #31
10006f78:	0fdd      	lsrs	r5, r3, #31
10006f7a:	2b00      	cmp	r3, #0
10006f7c:	d10a      	bne.n	10006f94 <tu_edpt_claim+0x44>
10006f7e:	7823      	ldrb	r3, [r4, #0]
10006f80:	075b      	lsls	r3, r3, #29
10006f82:	d408      	bmi.n	10006f96 <tu_edpt_claim+0x46>
10006f84:	2204      	movs	r2, #4
10006f86:	7823      	ldrb	r3, [r4, #0]
10006f88:	2501      	movs	r5, #1
10006f8a:	4313      	orrs	r3, r2
10006f8c:	7023      	strb	r3, [r4, #0]
10006f8e:	e002      	b.n	10006f96 <tu_edpt_claim+0x46>
10006f90:	2500      	movs	r5, #0
10006f92:	e7e9      	b.n	10006f68 <tu_edpt_claim+0x18>
10006f94:	2500      	movs	r5, #0
10006f96:	0030      	movs	r0, r6
10006f98:	f000 fd4e 	bl	10007a38 <__mutex_exit_veneer>
10006f9c:	e7e4      	b.n	10006f68 <tu_edpt_claim+0x18>
10006f9e:	46c0      	nop			@ (mov r8, r8)

10006fa0 <tu_edpt_release>:
10006fa0:	b570      	push	{r4, r5, r6, lr}
10006fa2:	000d      	movs	r5, r1
10006fa4:	2101      	movs	r1, #1
10006fa6:	0004      	movs	r4, r0
10006fa8:	4249      	negs	r1, r1
10006faa:	0028      	movs	r0, r5
10006fac:	f000 fd74 	bl	10007a98 <__mutex_enter_timeout_ms_veneer>
10006fb0:	7823      	ldrb	r3, [r4, #0]
10006fb2:	075b      	lsls	r3, r3, #29
10006fb4:	0fde      	lsrs	r6, r3, #31
10006fb6:	2b00      	cmp	r3, #0
10006fb8:	db04      	blt.n	10006fc4 <tu_edpt_release+0x24>
10006fba:	0028      	movs	r0, r5
10006fbc:	f000 fd3c 	bl	10007a38 <__mutex_exit_veneer>
10006fc0:	0030      	movs	r0, r6
10006fc2:	bd70      	pop	{r4, r5, r6, pc}
10006fc4:	7823      	ldrb	r3, [r4, #0]
10006fc6:	07db      	lsls	r3, r3, #31
10006fc8:	d404      	bmi.n	10006fd4 <tu_edpt_release+0x34>
10006fca:	2204      	movs	r2, #4
10006fcc:	7823      	ldrb	r3, [r4, #0]
10006fce:	4393      	bics	r3, r2
10006fd0:	7023      	strb	r3, [r4, #0]
10006fd2:	e7f2      	b.n	10006fba <tu_edpt_release+0x1a>
10006fd4:	2600      	movs	r6, #0
10006fd6:	e7f0      	b.n	10006fba <tu_edpt_release+0x1a>

10006fd8 <tu_edpt_validate>:
10006fd8:	7943      	ldrb	r3, [r0, #5]
10006fda:	7902      	ldrb	r2, [r0, #4]
10006fdc:	021b      	lsls	r3, r3, #8
10006fde:	4313      	orrs	r3, r2
10006fe0:	78c2      	ldrb	r2, [r0, #3]
10006fe2:	055b      	lsls	r3, r3, #21
10006fe4:	0792      	lsls	r2, r2, #30
10006fe6:	0d5b      	lsrs	r3, r3, #21
10006fe8:	0f92      	lsrs	r2, r2, #30
10006fea:	2a02      	cmp	r2, #2
10006fec:	d01a      	beq.n	10007024 <tu_edpt_validate+0x4c>
10006fee:	2a03      	cmp	r2, #3
10006ff0:	d00b      	beq.n	1000700a <tu_edpt_validate+0x32>
10006ff2:	2000      	movs	r0, #0
10006ff4:	2a01      	cmp	r2, #1
10006ff6:	d107      	bne.n	10007008 <tu_edpt_validate+0x30>
10006ff8:	3902      	subs	r1, #2
10006ffa:	424a      	negs	r2, r1
10006ffc:	4151      	adcs	r1, r2
10006ffe:	4a10      	ldr	r2, [pc, #64]	@ (10007040 <tu_edpt_validate+0x68>)
10007000:	1889      	adds	r1, r1, r2
10007002:	4299      	cmp	r1, r3
10007004:	4140      	adcs	r0, r0
10007006:	b2c0      	uxtb	r0, r0
10007008:	4770      	bx	lr
1000700a:	3902      	subs	r1, #2
1000700c:	1e4a      	subs	r2, r1, #1
1000700e:	4191      	sbcs	r1, r2
10007010:	4a0c      	ldr	r2, [pc, #48]	@ (10007044 <tu_edpt_validate+0x6c>)
10007012:	4249      	negs	r1, r1
10007014:	4011      	ands	r1, r2
10007016:	2280      	movs	r2, #128	@ 0x80
10007018:	2000      	movs	r0, #0
1000701a:	00d2      	lsls	r2, r2, #3
1000701c:	1889      	adds	r1, r1, r2
1000701e:	4299      	cmp	r1, r3
10007020:	4140      	adcs	r0, r0
10007022:	e7f1      	b.n	10007008 <tu_edpt_validate+0x30>
10007024:	2902      	cmp	r1, #2
10007026:	d004      	beq.n	10007032 <tu_edpt_validate+0x5a>
10007028:	2000      	movs	r0, #0
1000702a:	2240      	movs	r2, #64	@ 0x40
1000702c:	429a      	cmp	r2, r3
1000702e:	4140      	adcs	r0, r0
10007030:	e7ea      	b.n	10007008 <tu_edpt_validate+0x30>
10007032:	4a05      	ldr	r2, [pc, #20]	@ (10007048 <tu_edpt_validate+0x70>)
10007034:	1898      	adds	r0, r3, r2
10007036:	4243      	negs	r3, r0
10007038:	4158      	adcs	r0, r3
1000703a:	b2c0      	uxtb	r0, r0
1000703c:	e7e4      	b.n	10007008 <tu_edpt_validate+0x30>
1000703e:	46c0      	nop			@ (mov r8, r8)
10007040:	000003ff 	.word	0x000003ff
10007044:	fffffc40 	.word	0xfffffc40
10007048:	fffffe00 	.word	0xfffffe00

1000704c <tu_edpt_bind_driver>:
1000704c:	4684      	mov	ip, r0
1000704e:	1888      	adds	r0, r1, r2
10007050:	b530      	push	{r4, r5, lr}
10007052:	001c      	movs	r4, r3
10007054:	4281      	cmp	r1, r0
10007056:	d206      	bcs.n	10007066 <tu_edpt_bind_driver+0x1a>
10007058:	784a      	ldrb	r2, [r1, #1]
1000705a:	2a05      	cmp	r2, #5
1000705c:	d004      	beq.n	10007068 <tu_edpt_bind_driver+0x1c>
1000705e:	780a      	ldrb	r2, [r1, #0]
10007060:	1889      	adds	r1, r1, r2
10007062:	4288      	cmp	r0, r1
10007064:	d8f8      	bhi.n	10007058 <tu_edpt_bind_driver+0xc>
10007066:	bd30      	pop	{r4, r5, pc}
10007068:	227f      	movs	r2, #127	@ 0x7f
1000706a:	788b      	ldrb	r3, [r1, #2]
1000706c:	401a      	ands	r2, r3
1000706e:	0052      	lsls	r2, r2, #1
10007070:	4462      	add	r2, ip
10007072:	09db      	lsrs	r3, r3, #7
10007074:	54d4      	strb	r4, [r2, r3]
10007076:	780a      	ldrb	r2, [r1, #0]
10007078:	1889      	adds	r1, r1, r2
1000707a:	4288      	cmp	r0, r1
1000707c:	d8ec      	bhi.n	10007058 <tu_edpt_bind_driver+0xc>
1000707e:	e7f2      	b.n	10007066 <tu_edpt_bind_driver+0x1a>

10007080 <tu_edpt_stream_init>:
10007080:	b5f0      	push	{r4, r5, r6, r7, lr}
10007082:	46c6      	mov	lr, r8
10007084:	b500      	push	{lr}
10007086:	b082      	sub	sp, #8
10007088:	4690      	mov	r8, r2
1000708a:	aa08      	add	r2, sp, #32
1000708c:	ca20      	ldmia	r2!, {r5}
1000708e:	0004      	movs	r4, r0
10007090:	8816      	ldrh	r6, [r2, #0]
10007092:	466a      	mov	r2, sp
10007094:	2001      	movs	r0, #1
10007096:	8d97      	ldrh	r7, [r2, #44]	@ 0x2c
10007098:	000a      	movs	r2, r1
1000709a:	7821      	ldrb	r1, [r4, #0]
1000709c:	4002      	ands	r2, r0
1000709e:	4381      	bics	r1, r0
100070a0:	0020      	movs	r0, r4
100070a2:	4311      	orrs	r1, r2
100070a4:	7021      	strb	r1, [r4, #0]
100070a6:	0032      	movs	r2, r6
100070a8:	9300      	str	r3, [sp, #0]
100070aa:	0029      	movs	r1, r5
100070ac:	2301      	movs	r3, #1
100070ae:	3008      	adds	r0, #8
100070b0:	f000 f8f0 	bl	10007294 <tu_fifo_config>
100070b4:	2d00      	cmp	r5, #0
100070b6:	d001      	beq.n	100070bc <tu_edpt_stream_init+0x3c>
100070b8:	2e00      	cmp	r6, #0
100070ba:	d107      	bne.n	100070cc <tu_edpt_stream_init+0x4c>
100070bc:	2001      	movs	r0, #1
100070be:	9b0a      	ldr	r3, [sp, #40]	@ 0x28
100070c0:	8067      	strh	r7, [r4, #2]
100070c2:	6063      	str	r3, [r4, #4]
100070c4:	b002      	add	sp, #8
100070c6:	bc80      	pop	{r7}
100070c8:	46b8      	mov	r8, r7
100070ca:	bdf0      	pop	{r4, r5, r6, r7, pc}
100070cc:	0025      	movs	r5, r4
100070ce:	351c      	adds	r5, #28
100070d0:	0028      	movs	r0, r5
100070d2:	f7fa f811 	bl	100010f8 <mutex_init>
100070d6:	4642      	mov	r2, r8
100070d8:	2300      	movs	r3, #0
100070da:	2a00      	cmp	r2, #0
100070dc:	d001      	beq.n	100070e2 <tu_edpt_stream_init+0x62>
100070de:	002b      	movs	r3, r5
100070e0:	2500      	movs	r5, #0
100070e2:	6163      	str	r3, [r4, #20]
100070e4:	61a5      	str	r5, [r4, #24]
100070e6:	e7e9      	b.n	100070bc <tu_edpt_stream_init+0x3c>

100070e8 <tu_edpt_stream_deinit>:
100070e8:	2001      	movs	r0, #1
100070ea:	4770      	bx	lr

100070ec <tu_edpt_stream_write_zlp_if_needed>:
100070ec:	b5f8      	push	{r3, r4, r5, r6, r7, lr}
100070ee:	2402      	movs	r4, #2
100070f0:	780b      	ldrb	r3, [r1, #0]
100070f2:	0007      	movs	r7, r0
100070f4:	401c      	ands	r4, r3
100070f6:	4263      	negs	r3, r4
100070f8:	415c      	adcs	r4, r3
100070fa:	0008      	movs	r0, r1
100070fc:	4b12      	ldr	r3, [pc, #72]	@ (10007148 <tu_edpt_stream_write_zlp_if_needed+0x5c>)
100070fe:	4264      	negs	r4, r4
10007100:	401c      	ands	r4, r3
10007102:	4b12      	ldr	r3, [pc, #72]	@ (1000714c <tu_edpt_stream_write_zlp_if_needed+0x60>)
10007104:	3008      	adds	r0, #8
10007106:	000d      	movs	r5, r1
10007108:	0016      	movs	r6, r2
1000710a:	18e4      	adds	r4, r4, r3
1000710c:	f000 f8f8 	bl	10007300 <tu_fifo_count>
10007110:	2800      	cmp	r0, #0
10007112:	d107      	bne.n	10007124 <tu_edpt_stream_write_zlp_if_needed+0x38>
10007114:	2e00      	cmp	r6, #0
10007116:	d005      	beq.n	10007124 <tu_edpt_stream_write_zlp_if_needed+0x38>
10007118:	4234      	tst	r4, r6
1000711a:	d103      	bne.n	10007124 <tu_edpt_stream_write_zlp_if_needed+0x38>
1000711c:	2401      	movs	r4, #1
1000711e:	782b      	ldrb	r3, [r5, #0]
10007120:	421c      	tst	r4, r3
10007122:	d001      	beq.n	10007128 <tu_edpt_stream_write_zlp_if_needed+0x3c>
10007124:	2000      	movs	r0, #0
10007126:	bdf8      	pop	{r3, r4, r5, r6, r7, pc}
10007128:	0038      	movs	r0, r7
1000712a:	7869      	ldrb	r1, [r5, #1]
1000712c:	f7ff f9cc 	bl	100064c8 <usbd_edpt_claim>
10007130:	2800      	cmp	r0, #0
10007132:	d0f7      	beq.n	10007124 <tu_edpt_stream_write_zlp_if_needed+0x38>
10007134:	782b      	ldrb	r3, [r5, #0]
10007136:	421c      	tst	r4, r3
10007138:	d1f4      	bne.n	10007124 <tu_edpt_stream_write_zlp_if_needed+0x38>
1000713a:	2300      	movs	r3, #0
1000713c:	2200      	movs	r2, #0
1000713e:	0038      	movs	r0, r7
10007140:	7869      	ldrb	r1, [r5, #1]
10007142:	f7ff f9e9 	bl	10006518 <usbd_edpt_xfer>
10007146:	e7ee      	b.n	10007126 <tu_edpt_stream_write_zlp_if_needed+0x3a>
10007148:	fffffe40 	.word	0xfffffe40
1000714c:	000001ff 	.word	0x000001ff

10007150 <tu_edpt_stream_write_xfer>:
10007150:	2308      	movs	r3, #8
10007152:	469c      	mov	ip, r3
10007154:	448c      	add	ip, r1
10007156:	b570      	push	{r4, r5, r6, lr}
10007158:	0005      	movs	r5, r0
1000715a:	4660      	mov	r0, ip
1000715c:	000c      	movs	r4, r1
1000715e:	4666      	mov	r6, ip
10007160:	f000 f8ce 	bl	10007300 <tu_fifo_count>
10007164:	2800      	cmp	r0, #0
10007166:	d003      	beq.n	10007170 <tu_edpt_stream_write_xfer+0x20>
10007168:	2201      	movs	r2, #1
1000716a:	7823      	ldrb	r3, [r4, #0]
1000716c:	421a      	tst	r2, r3
1000716e:	d001      	beq.n	10007174 <tu_edpt_stream_write_xfer+0x24>
10007170:	2000      	movs	r0, #0
10007172:	bd70      	pop	{r4, r5, r6, pc}
10007174:	0028      	movs	r0, r5
10007176:	7861      	ldrb	r1, [r4, #1]
10007178:	f7ff f9a6 	bl	100064c8 <usbd_edpt_claim>
1000717c:	2800      	cmp	r0, #0
1000717e:	d0f7      	beq.n	10007170 <tu_edpt_stream_write_xfer+0x20>
10007180:	8862      	ldrh	r2, [r4, #2]
10007182:	0030      	movs	r0, r6
10007184:	6861      	ldr	r1, [r4, #4]
10007186:	f000 f93d 	bl	10007404 <tu_fifo_read_n>
1000718a:	2201      	movs	r2, #1
1000718c:	7823      	ldrb	r3, [r4, #0]
1000718e:	4013      	ands	r3, r2
10007190:	2800      	cmp	r0, #0
10007192:	d00c      	beq.n	100071ae <tu_edpt_stream_write_xfer+0x5e>
10007194:	2b00      	cmp	r3, #0
10007196:	d1eb      	bne.n	10007170 <tu_edpt_stream_write_xfer+0x20>
10007198:	0003      	movs	r3, r0
1000719a:	6862      	ldr	r2, [r4, #4]
1000719c:	7861      	ldrb	r1, [r4, #1]
1000719e:	0004      	movs	r4, r0
100071a0:	0028      	movs	r0, r5
100071a2:	f7ff f9b9 	bl	10006518 <usbd_edpt_xfer>
100071a6:	2800      	cmp	r0, #0
100071a8:	d0e2      	beq.n	10007170 <tu_edpt_stream_write_xfer+0x20>
100071aa:	0020      	movs	r0, r4
100071ac:	e7e1      	b.n	10007172 <tu_edpt_stream_write_xfer+0x22>
100071ae:	2b00      	cmp	r3, #0
100071b0:	d1de      	bne.n	10007170 <tu_edpt_stream_write_xfer+0x20>
100071b2:	0028      	movs	r0, r5
100071b4:	7861      	ldrb	r1, [r4, #1]
100071b6:	f7ff f99b 	bl	100064f0 <usbd_edpt_release>
100071ba:	e7d9      	b.n	10007170 <tu_edpt_stream_write_xfer+0x20>

100071bc <tu_edpt_stream_read_xfer>:
100071bc:	b5f0      	push	{r4, r5, r6, r7, lr}
100071be:	46c6      	mov	lr, r8
100071c0:	b500      	push	{lr}
100071c2:	898a      	ldrh	r2, [r1, #12]
100071c4:	0006      	movs	r6, r0
100071c6:	000c      	movs	r4, r1
100071c8:	780b      	ldrb	r3, [r1, #0]
100071ca:	2a00      	cmp	r2, #0
100071cc:	d106      	bne.n	100071dc <tu_edpt_stream_read_xfer+0x20>
100071ce:	3201      	adds	r2, #1
100071d0:	421a      	tst	r2, r3
100071d2:	d040      	beq.n	10007256 <tu_edpt_stream_read_xfer+0x9a>
100071d4:	2000      	movs	r0, #0
100071d6:	bc80      	pop	{r7}
100071d8:	46b8      	mov	r8, r7
100071da:	bdf0      	pop	{r4, r5, r6, r7, pc}
100071dc:	079b      	lsls	r3, r3, #30
100071de:	d434      	bmi.n	1000724a <tu_edpt_stream_read_xfer+0x8e>
100071e0:	4b2b      	ldr	r3, [pc, #172]	@ (10007290 <tu_edpt_stream_read_xfer+0xd4>)
100071e2:	2540      	movs	r5, #64	@ 0x40
100071e4:	4698      	mov	r8, r3
100071e6:	2308      	movs	r3, #8
100071e8:	469c      	mov	ip, r3
100071ea:	44a4      	add	ip, r4
100071ec:	4660      	mov	r0, ip
100071ee:	4667      	mov	r7, ip
100071f0:	f000 f8a4 	bl	1000733c <tu_fifo_remaining>
100071f4:	4285      	cmp	r5, r0
100071f6:	d8ed      	bhi.n	100071d4 <tu_edpt_stream_read_xfer+0x18>
100071f8:	2201      	movs	r2, #1
100071fa:	7823      	ldrb	r3, [r4, #0]
100071fc:	421a      	tst	r2, r3
100071fe:	d1e9      	bne.n	100071d4 <tu_edpt_stream_read_xfer+0x18>
10007200:	0030      	movs	r0, r6
10007202:	7861      	ldrb	r1, [r4, #1]
10007204:	f7ff f960 	bl	100064c8 <usbd_edpt_claim>
10007208:	2800      	cmp	r0, #0
1000720a:	d0e3      	beq.n	100071d4 <tu_edpt_stream_read_xfer+0x18>
1000720c:	0038      	movs	r0, r7
1000720e:	f000 f895 	bl	1000733c <tu_fifo_remaining>
10007212:	2201      	movs	r2, #1
10007214:	7823      	ldrb	r3, [r4, #0]
10007216:	4013      	ands	r3, r2
10007218:	4285      	cmp	r5, r0
1000721a:	d832      	bhi.n	10007282 <tu_edpt_stream_read_xfer+0xc6>
1000721c:	2b00      	cmp	r3, #0
1000721e:	d1d9      	bne.n	100071d4 <tu_edpt_stream_read_xfer+0x18>
10007220:	4641      	mov	r1, r8
10007222:	8862      	ldrh	r2, [r4, #2]
10007224:	4001      	ands	r1, r0
10007226:	1c13      	adds	r3, r2, #0
10007228:	428a      	cmp	r2, r1
1000722a:	d900      	bls.n	1000722e <tu_edpt_stream_read_xfer+0x72>
1000722c:	1c0b      	adds	r3, r1, #0
1000722e:	b29b      	uxth	r3, r3
10007230:	2200      	movs	r2, #0
10007232:	7861      	ldrb	r1, [r4, #1]
10007234:	2b00      	cmp	r3, #0
10007236:	d000      	beq.n	1000723a <tu_edpt_stream_read_xfer+0x7e>
10007238:	6862      	ldr	r2, [r4, #4]
1000723a:	0030      	movs	r0, r6
1000723c:	001c      	movs	r4, r3
1000723e:	f7ff f96b 	bl	10006518 <usbd_edpt_xfer>
10007242:	2800      	cmp	r0, #0
10007244:	d0c6      	beq.n	100071d4 <tu_edpt_stream_read_xfer+0x18>
10007246:	0020      	movs	r0, r4
10007248:	e7c5      	b.n	100071d6 <tu_edpt_stream_read_xfer+0x1a>
1000724a:	23fe      	movs	r3, #254	@ 0xfe
1000724c:	2580      	movs	r5, #128	@ 0x80
1000724e:	021b      	lsls	r3, r3, #8
10007250:	4698      	mov	r8, r3
10007252:	00ad      	lsls	r5, r5, #2
10007254:	e7c7      	b.n	100071e6 <tu_edpt_stream_read_xfer+0x2a>
10007256:	7849      	ldrb	r1, [r1, #1]
10007258:	f7ff f936 	bl	100064c8 <usbd_edpt_claim>
1000725c:	2800      	cmp	r0, #0
1000725e:	d0b9      	beq.n	100071d4 <tu_edpt_stream_read_xfer+0x18>
10007260:	2201      	movs	r2, #1
10007262:	7823      	ldrb	r3, [r4, #0]
10007264:	421a      	tst	r2, r3
10007266:	d1b5      	bne.n	100071d4 <tu_edpt_stream_read_xfer+0x18>
10007268:	8863      	ldrh	r3, [r4, #2]
1000726a:	2200      	movs	r2, #0
1000726c:	7861      	ldrb	r1, [r4, #1]
1000726e:	2b00      	cmp	r3, #0
10007270:	d000      	beq.n	10007274 <tu_edpt_stream_read_xfer+0xb8>
10007272:	6862      	ldr	r2, [r4, #4]
10007274:	0030      	movs	r0, r6
10007276:	f7ff f94f 	bl	10006518 <usbd_edpt_xfer>
1000727a:	2800      	cmp	r0, #0
1000727c:	d0aa      	beq.n	100071d4 <tu_edpt_stream_read_xfer+0x18>
1000727e:	8860      	ldrh	r0, [r4, #2]
10007280:	e7a9      	b.n	100071d6 <tu_edpt_stream_read_xfer+0x1a>
10007282:	2b00      	cmp	r3, #0
10007284:	d1a6      	bne.n	100071d4 <tu_edpt_stream_read_xfer+0x18>
10007286:	0030      	movs	r0, r6
10007288:	7861      	ldrb	r1, [r4, #1]
1000728a:	f7ff f931 	bl	100064f0 <usbd_edpt_release>
1000728e:	e7a1      	b.n	100071d4 <tu_edpt_stream_read_xfer+0x18>
10007290:	0000ffc0 	.word	0x0000ffc0

10007294 <tu_fifo_config>:
10007294:	b5f0      	push	{r4, r5, r6, r7, lr}
10007296:	46c6      	mov	lr, r8
10007298:	b500      	push	{lr}
1000729a:	4698      	mov	r8, r3
1000729c:	466b      	mov	r3, sp
1000729e:	7e1e      	ldrb	r6, [r3, #24]
100072a0:	2380      	movs	r3, #128	@ 0x80
100072a2:	0004      	movs	r4, r0
100072a4:	000f      	movs	r7, r1
100072a6:	0015      	movs	r5, r2
100072a8:	021b      	lsls	r3, r3, #8
100072aa:	429a      	cmp	r2, r3
100072ac:	d826      	bhi.n	100072fc <tu_fifo_config+0x68>
100072ae:	68c0      	ldr	r0, [r0, #12]
100072b0:	2800      	cmp	r0, #0
100072b2:	d003      	beq.n	100072bc <tu_fifo_config+0x28>
100072b4:	2101      	movs	r1, #1
100072b6:	4249      	negs	r1, r1
100072b8:	f000 fbee 	bl	10007a98 <__mutex_enter_timeout_ms_veneer>
100072bc:	6920      	ldr	r0, [r4, #16]
100072be:	2800      	cmp	r0, #0
100072c0:	d003      	beq.n	100072ca <tu_fifo_config+0x36>
100072c2:	2101      	movs	r1, #1
100072c4:	4249      	negs	r1, r1
100072c6:	f000 fbe7 	bl	10007a98 <__mutex_enter_timeout_ms_veneer>
100072ca:	4642      	mov	r2, r8
100072cc:	0452      	lsls	r2, r2, #17
100072ce:	03f3      	lsls	r3, r6, #15
100072d0:	0c52      	lsrs	r2, r2, #17
100072d2:	4313      	orrs	r3, r2
100072d4:	80e3      	strh	r3, [r4, #6]
100072d6:	2300      	movs	r3, #0
100072d8:	68e0      	ldr	r0, [r4, #12]
100072da:	8163      	strh	r3, [r4, #10]
100072dc:	6027      	str	r7, [r4, #0]
100072de:	80a5      	strh	r5, [r4, #4]
100072e0:	8123      	strh	r3, [r4, #8]
100072e2:	2800      	cmp	r0, #0
100072e4:	d001      	beq.n	100072ea <tu_fifo_config+0x56>
100072e6:	f000 fba7 	bl	10007a38 <__mutex_exit_veneer>
100072ea:	6920      	ldr	r0, [r4, #16]
100072ec:	2800      	cmp	r0, #0
100072ee:	d001      	beq.n	100072f4 <tu_fifo_config+0x60>
100072f0:	f000 fba2 	bl	10007a38 <__mutex_exit_veneer>
100072f4:	2001      	movs	r0, #1
100072f6:	bc80      	pop	{r7}
100072f8:	46b8      	mov	r8, r7
100072fa:	bdf0      	pop	{r4, r5, r6, r7, pc}
100072fc:	2000      	movs	r0, #0
100072fe:	e7fa      	b.n	100072f6 <tu_fifo_config+0x62>

10007300 <tu_fifo_count>:
10007300:	8903      	ldrh	r3, [r0, #8]
10007302:	8941      	ldrh	r1, [r0, #10]
10007304:	469c      	mov	ip, r3
10007306:	8882      	ldrh	r2, [r0, #4]
10007308:	b29b      	uxth	r3, r3
1000730a:	b288      	uxth	r0, r1
1000730c:	458c      	cmp	ip, r1
1000730e:	d307      	bcc.n	10007320 <tu_fifo_count+0x20>
10007310:	1a1b      	subs	r3, r3, r0
10007312:	b29b      	uxth	r3, r3
10007314:	1c10      	adds	r0, r2, #0
10007316:	429a      	cmp	r2, r3
10007318:	d900      	bls.n	1000731c <tu_fifo_count+0x1c>
1000731a:	1c18      	adds	r0, r3, #0
1000731c:	b280      	uxth	r0, r0
1000731e:	4770      	bx	lr
10007320:	0051      	lsls	r1, r2, #1
10007322:	1a09      	subs	r1, r1, r0
10007324:	185b      	adds	r3, r3, r1
10007326:	b29b      	uxth	r3, r3
10007328:	e7f4      	b.n	10007314 <tu_fifo_count+0x14>
1000732a:	46c0      	nop			@ (mov r8, r8)

1000732c <tu_fifo_empty>:
1000732c:	8903      	ldrh	r3, [r0, #8]
1000732e:	8940      	ldrh	r0, [r0, #10]
10007330:	1a18      	subs	r0, r3, r0
10007332:	4243      	negs	r3, r0
10007334:	4158      	adcs	r0, r3
10007336:	b2c0      	uxtb	r0, r0
10007338:	4770      	bx	lr
1000733a:	46c0      	nop			@ (mov r8, r8)

1000733c <tu_fifo_remaining>:
1000733c:	8903      	ldrh	r3, [r0, #8]
1000733e:	8941      	ldrh	r1, [r0, #10]
10007340:	469c      	mov	ip, r3
10007342:	8882      	ldrh	r2, [r0, #4]
10007344:	b29b      	uxth	r3, r3
10007346:	b288      	uxth	r0, r1
10007348:	458c      	cmp	ip, r1
1000734a:	d307      	bcc.n	1000735c <tu_fifo_remaining+0x20>
1000734c:	1a1b      	subs	r3, r3, r0
1000734e:	b29b      	uxth	r3, r3
10007350:	2000      	movs	r0, #0
10007352:	429a      	cmp	r2, r3
10007354:	d901      	bls.n	1000735a <tu_fifo_remaining+0x1e>
10007356:	1ad2      	subs	r2, r2, r3
10007358:	b290      	uxth	r0, r2
1000735a:	4770      	bx	lr
1000735c:	0051      	lsls	r1, r2, #1
1000735e:	1a09      	subs	r1, r1, r0
10007360:	185b      	adds	r3, r3, r1
10007362:	b29b      	uxth	r3, r3
10007364:	e7f4      	b.n	10007350 <tu_fifo_remaining+0x14>
10007366:	46c0      	nop			@ (mov r8, r8)

10007368 <tu_fifo_read>:
10007368:	b570      	push	{r4, r5, r6, lr}
1000736a:	0004      	movs	r4, r0
1000736c:	6900      	ldr	r0, [r0, #16]
1000736e:	000d      	movs	r5, r1
10007370:	2800      	cmp	r0, #0
10007372:	d003      	beq.n	1000737c <tu_fifo_read+0x14>
10007374:	2101      	movs	r1, #1
10007376:	4249      	negs	r1, r1
10007378:	f000 fb8e 	bl	10007a98 <__mutex_enter_timeout_ms_veneer>
1000737c:	8923      	ldrh	r3, [r4, #8]
1000737e:	8962      	ldrh	r2, [r4, #10]
10007380:	469c      	mov	ip, r3
10007382:	b298      	uxth	r0, r3
10007384:	b291      	uxth	r1, r2
10007386:	88a3      	ldrh	r3, [r4, #4]
10007388:	4594      	cmp	ip, r2
1000738a:	d332      	bcc.n	100073f2 <tu_fifo_read+0x8a>
1000738c:	1a42      	subs	r2, r0, r1
1000738e:	b292      	uxth	r2, r2
10007390:	2a00      	cmp	r2, #0
10007392:	d027      	beq.n	100073e4 <tu_fifo_read+0x7c>
10007394:	4293      	cmp	r3, r2
10007396:	d208      	bcs.n	100073aa <tu_fifo_read+0x42>
10007398:	4298      	cmp	r0, r3
1000739a:	d32f      	bcc.n	100073fc <tu_fifo_read+0x94>
1000739c:	1ac0      	subs	r0, r0, r3
1000739e:	b281      	uxth	r1, r0
100073a0:	8161      	strh	r1, [r4, #10]
100073a2:	428b      	cmp	r3, r1
100073a4:	d803      	bhi.n	100073ae <tu_fifo_read+0x46>
100073a6:	1ac9      	subs	r1, r1, r3
100073a8:	b289      	uxth	r1, r1
100073aa:	428b      	cmp	r3, r1
100073ac:	d9fb      	bls.n	100073a6 <tu_fifo_read+0x3e>
100073ae:	88e2      	ldrh	r2, [r4, #6]
100073b0:	6823      	ldr	r3, [r4, #0]
100073b2:	0452      	lsls	r2, r2, #17
100073b4:	0c52      	lsrs	r2, r2, #17
100073b6:	4351      	muls	r1, r2
100073b8:	0028      	movs	r0, r5
100073ba:	1859      	adds	r1, r3, r1
100073bc:	f7fb fef4 	bl	100031a8 <__wrap___aeabi_memcpy>
100073c0:	8961      	ldrh	r1, [r4, #10]
100073c2:	2501      	movs	r5, #1
100073c4:	1c4a      	adds	r2, r1, #1
100073c6:	b292      	uxth	r2, r2
100073c8:	88a3      	ldrh	r3, [r4, #4]
100073ca:	4291      	cmp	r1, r2
100073cc:	d90d      	bls.n	100073ea <tu_fifo_read+0x82>
100073ce:	2200      	movs	r2, #0
100073d0:	005b      	lsls	r3, r3, #1
100073d2:	1ad2      	subs	r2, r2, r3
100073d4:	6920      	ldr	r0, [r4, #16]
100073d6:	8162      	strh	r2, [r4, #10]
100073d8:	2800      	cmp	r0, #0
100073da:	d001      	beq.n	100073e0 <tu_fifo_read+0x78>
100073dc:	f000 fb2c 	bl	10007a38 <__mutex_exit_veneer>
100073e0:	0028      	movs	r0, r5
100073e2:	bd70      	pop	{r4, r5, r6, pc}
100073e4:	2500      	movs	r5, #0
100073e6:	8962      	ldrh	r2, [r4, #10]
100073e8:	b292      	uxth	r2, r2
100073ea:	005b      	lsls	r3, r3, #1
100073ec:	429a      	cmp	r2, r3
100073ee:	dbf1      	blt.n	100073d4 <tu_fifo_read+0x6c>
100073f0:	e7ef      	b.n	100073d2 <tu_fifo_read+0x6a>
100073f2:	005a      	lsls	r2, r3, #1
100073f4:	1a52      	subs	r2, r2, r1
100073f6:	1882      	adds	r2, r0, r2
100073f8:	b292      	uxth	r2, r2
100073fa:	e7c9      	b.n	10007390 <tu_fifo_read+0x28>
100073fc:	18c0      	adds	r0, r0, r3
100073fe:	b281      	uxth	r1, r0
10007400:	8161      	strh	r1, [r4, #10]
10007402:	e7ce      	b.n	100073a2 <tu_fifo_read+0x3a>

10007404 <tu_fifo_read_n>:
10007404:	b5f0      	push	{r4, r5, r6, r7, lr}
10007406:	4646      	mov	r6, r8
10007408:	46d6      	mov	lr, sl
1000740a:	464f      	mov	r7, r9
1000740c:	b5c0      	push	{r6, r7, lr}
1000740e:	0006      	movs	r6, r0
10007410:	6900      	ldr	r0, [r0, #16]
10007412:	468a      	mov	sl, r1
10007414:	4690      	mov	r8, r2
10007416:	b082      	sub	sp, #8
10007418:	2800      	cmp	r0, #0
1000741a:	d003      	beq.n	10007424 <tu_fifo_read_n+0x20>
1000741c:	2101      	movs	r1, #1
1000741e:	4249      	negs	r1, r1
10007420:	f000 fb3a 	bl	10007a98 <__mutex_enter_timeout_ms_veneer>
10007424:	8931      	ldrh	r1, [r6, #8]
10007426:	8972      	ldrh	r2, [r6, #10]
10007428:	88b5      	ldrh	r5, [r6, #4]
1000742a:	b28b      	uxth	r3, r1
1000742c:	b294      	uxth	r4, r2
1000742e:	4291      	cmp	r1, r2
10007430:	d355      	bcc.n	100074de <tu_fifo_read_n+0xda>
10007432:	1b1f      	subs	r7, r3, r4
10007434:	b2bf      	uxth	r7, r7
10007436:	2f00      	cmp	r7, #0
10007438:	d04b      	beq.n	100074d2 <tu_fifo_read_n+0xce>
1000743a:	42bd      	cmp	r5, r7
1000743c:	d205      	bcs.n	1000744a <tu_fifo_read_n+0x46>
1000743e:	42ab      	cmp	r3, r5
10007440:	d252      	bcs.n	100074e8 <tu_fifo_read_n+0xe4>
10007442:	195b      	adds	r3, r3, r5
10007444:	b29c      	uxth	r4, r3
10007446:	002f      	movs	r7, r5
10007448:	8174      	strh	r4, [r6, #10]
1000744a:	4643      	mov	r3, r8
1000744c:	45b8      	cmp	r8, r7
1000744e:	d83e      	bhi.n	100074ce <tu_fifo_read_n+0xca>
10007450:	b29f      	uxth	r7, r3
10007452:	42a5      	cmp	r5, r4
10007454:	d803      	bhi.n	1000745e <tu_fifo_read_n+0x5a>
10007456:	1b64      	subs	r4, r4, r5
10007458:	b2a4      	uxth	r4, r4
1000745a:	42a5      	cmp	r5, r4
1000745c:	d9fb      	bls.n	10007456 <tu_fifo_read_n+0x52>
1000745e:	88f2      	ldrh	r2, [r6, #6]
10007460:	6831      	ldr	r1, [r6, #0]
10007462:	0452      	lsls	r2, r2, #17
10007464:	0c50      	lsrs	r0, r2, #17
10007466:	0002      	movs	r2, r0
10007468:	4362      	muls	r2, r4
1000746a:	1b2b      	subs	r3, r5, r4
1000746c:	b29b      	uxth	r3, r3
1000746e:	1889      	adds	r1, r1, r2
10007470:	9001      	str	r0, [sp, #4]
10007472:	0002      	movs	r2, r0
10007474:	429f      	cmp	r7, r3
10007476:	d925      	bls.n	100074c4 <tu_fifo_read_n+0xc0>
10007478:	4343      	muls	r3, r0
1000747a:	b29b      	uxth	r3, r3
1000747c:	001a      	movs	r2, r3
1000747e:	4650      	mov	r0, sl
10007480:	4699      	mov	r9, r3
10007482:	f7fb fe91 	bl	100031a8 <__wrap___aeabi_memcpy>
10007486:	4650      	mov	r0, sl
10007488:	9a01      	ldr	r2, [sp, #4]
1000748a:	1b7d      	subs	r5, r7, r5
1000748c:	1964      	adds	r4, r4, r5
1000748e:	4354      	muls	r4, r2
10007490:	6831      	ldr	r1, [r6, #0]
10007492:	4448      	add	r0, r9
10007494:	b2a2      	uxth	r2, r4
10007496:	f7fb fe87 	bl	100031a8 <__wrap___aeabi_memcpy>
1000749a:	8971      	ldrh	r1, [r6, #10]
1000749c:	88b5      	ldrh	r5, [r6, #4]
1000749e:	19cb      	adds	r3, r1, r7
100074a0:	b29b      	uxth	r3, r3
100074a2:	006a      	lsls	r2, r5, #1
100074a4:	4299      	cmp	r1, r3
100074a6:	d916      	bls.n	100074d6 <tu_fifo_read_n+0xd2>
100074a8:	1a9b      	subs	r3, r3, r2
100074aa:	6930      	ldr	r0, [r6, #16]
100074ac:	8173      	strh	r3, [r6, #10]
100074ae:	2800      	cmp	r0, #0
100074b0:	d001      	beq.n	100074b6 <tu_fifo_read_n+0xb2>
100074b2:	f000 fac1 	bl	10007a38 <__mutex_exit_veneer>
100074b6:	0038      	movs	r0, r7
100074b8:	b002      	add	sp, #8
100074ba:	bce0      	pop	{r5, r6, r7}
100074bc:	46ba      	mov	sl, r7
100074be:	46b1      	mov	r9, r6
100074c0:	46a8      	mov	r8, r5
100074c2:	bdf0      	pop	{r4, r5, r6, r7, pc}
100074c4:	4650      	mov	r0, sl
100074c6:	437a      	muls	r2, r7
100074c8:	f7fb fe6e 	bl	100031a8 <__wrap___aeabi_memcpy>
100074cc:	e7e5      	b.n	1000749a <tu_fifo_read_n+0x96>
100074ce:	1c3b      	adds	r3, r7, #0
100074d0:	e7be      	b.n	10007450 <tu_fifo_read_n+0x4c>
100074d2:	8973      	ldrh	r3, [r6, #10]
100074d4:	b29b      	uxth	r3, r3
100074d6:	006a      	lsls	r2, r5, #1
100074d8:	4293      	cmp	r3, r2
100074da:	dbe6      	blt.n	100074aa <tu_fifo_read_n+0xa6>
100074dc:	e7e4      	b.n	100074a8 <tu_fifo_read_n+0xa4>
100074de:	006f      	lsls	r7, r5, #1
100074e0:	1b3f      	subs	r7, r7, r4
100074e2:	19df      	adds	r7, r3, r7
100074e4:	b2bf      	uxth	r7, r7
100074e6:	e7a6      	b.n	10007436 <tu_fifo_read_n+0x32>
100074e8:	1b5b      	subs	r3, r3, r5
100074ea:	b29c      	uxth	r4, r3
100074ec:	e7ab      	b.n	10007446 <tu_fifo_read_n+0x42>
100074ee:	46c0      	nop			@ (mov r8, r8)

100074f0 <tu_fifo_write>:
100074f0:	b5f8      	push	{r3, r4, r5, r6, r7, lr}
100074f2:	0004      	movs	r4, r0
100074f4:	68c0      	ldr	r0, [r0, #12]
100074f6:	000f      	movs	r7, r1
100074f8:	2800      	cmp	r0, #0
100074fa:	d003      	beq.n	10007504 <tu_fifo_write+0x14>
100074fc:	2101      	movs	r1, #1
100074fe:	4249      	negs	r1, r1
10007500:	f000 faca 	bl	10007a98 <__mutex_enter_timeout_ms_veneer>
10007504:	8925      	ldrh	r5, [r4, #8]
10007506:	8920      	ldrh	r0, [r4, #8]
10007508:	8961      	ldrh	r1, [r4, #10]
1000750a:	88a2      	ldrh	r2, [r4, #4]
1000750c:	b2ad      	uxth	r5, r5
1000750e:	b283      	uxth	r3, r0
10007510:	b28e      	uxth	r6, r1
10007512:	4288      	cmp	r0, r1
10007514:	d328      	bcc.n	10007568 <tu_fifo_write+0x78>
10007516:	1b9b      	subs	r3, r3, r6
10007518:	b29b      	uxth	r3, r3
1000751a:	429a      	cmp	r2, r3
1000751c:	d809      	bhi.n	10007532 <tu_fifo_write+0x42>
1000751e:	79e6      	ldrb	r6, [r4, #7]
10007520:	09f6      	lsrs	r6, r6, #7
10007522:	d106      	bne.n	10007532 <tu_fifo_write+0x42>
10007524:	68e0      	ldr	r0, [r4, #12]
10007526:	2800      	cmp	r0, #0
10007528:	d001      	beq.n	1000752e <tu_fifo_write+0x3e>
1000752a:	f000 fa85 	bl	10007a38 <__mutex_exit_veneer>
1000752e:	0030      	movs	r0, r6
10007530:	bdf8      	pop	{r3, r4, r5, r6, r7, pc}
10007532:	002b      	movs	r3, r5
10007534:	4295      	cmp	r5, r2
10007536:	d31c      	bcc.n	10007572 <tu_fifo_write+0x82>
10007538:	1a9b      	subs	r3, r3, r2
1000753a:	b29b      	uxth	r3, r3
1000753c:	4293      	cmp	r3, r2
1000753e:	d2fb      	bcs.n	10007538 <tu_fifo_write+0x48>
10007540:	88e2      	ldrh	r2, [r4, #6]
10007542:	6820      	ldr	r0, [r4, #0]
10007544:	0452      	lsls	r2, r2, #17
10007546:	0c52      	lsrs	r2, r2, #17
10007548:	4353      	muls	r3, r2
1000754a:	0039      	movs	r1, r7
1000754c:	18c0      	adds	r0, r0, r3
1000754e:	f7fb fe2b 	bl	100031a8 <__wrap___aeabi_memcpy>
10007552:	1c6b      	adds	r3, r5, #1
10007554:	b29b      	uxth	r3, r3
10007556:	88a2      	ldrh	r2, [r4, #4]
10007558:	429d      	cmp	r5, r3
1000755a:	d916      	bls.n	1000758a <tu_fifo_write+0x9a>
1000755c:	2300      	movs	r3, #0
1000755e:	0052      	lsls	r2, r2, #1
10007560:	1a9b      	subs	r3, r3, r2
10007562:	2601      	movs	r6, #1
10007564:	8123      	strh	r3, [r4, #8]
10007566:	e7dd      	b.n	10007524 <tu_fifo_write+0x34>
10007568:	0051      	lsls	r1, r2, #1
1000756a:	1b89      	subs	r1, r1, r6
1000756c:	185b      	adds	r3, r3, r1
1000756e:	b29b      	uxth	r3, r3
10007570:	e7d3      	b.n	1000751a <tu_fifo_write+0x2a>
10007572:	88e2      	ldrh	r2, [r4, #6]
10007574:	6820      	ldr	r0, [r4, #0]
10007576:	0452      	lsls	r2, r2, #17
10007578:	0c52      	lsrs	r2, r2, #17
1000757a:	4353      	muls	r3, r2
1000757c:	0039      	movs	r1, r7
1000757e:	18c0      	adds	r0, r0, r3
10007580:	f7fb fe12 	bl	100031a8 <__wrap___aeabi_memcpy>
10007584:	3501      	adds	r5, #1
10007586:	88a2      	ldrh	r2, [r4, #4]
10007588:	b2ab      	uxth	r3, r5
1000758a:	0052      	lsls	r2, r2, #1
1000758c:	4293      	cmp	r3, r2
1000758e:	dbe8      	blt.n	10007562 <tu_fifo_write+0x72>
10007590:	e7e6      	b.n	10007560 <tu_fifo_write+0x70>
10007592:	46c0      	nop			@ (mov r8, r8)

10007594 <tu_fifo_write_n>:
10007594:	b5f0      	push	{r4, r5, r6, r7, lr}
10007596:	464e      	mov	r6, r9
10007598:	4645      	mov	r5, r8
1000759a:	46de      	mov	lr, fp
1000759c:	4657      	mov	r7, sl
1000759e:	b5e0      	push	{r5, r6, r7, lr}
100075a0:	4689      	mov	r9, r1
100075a2:	0005      	movs	r5, r0
100075a4:	0016      	movs	r6, r2
100075a6:	b083      	sub	sp, #12
100075a8:	2a00      	cmp	r2, #0
100075aa:	d06b      	beq.n	10007684 <tu_fifo_write_n+0xf0>
100075ac:	68c0      	ldr	r0, [r0, #12]
100075ae:	2800      	cmp	r0, #0
100075b0:	d003      	beq.n	100075ba <tu_fifo_write_n+0x26>
100075b2:	2101      	movs	r1, #1
100075b4:	4249      	negs	r1, r1
100075b6:	f000 fa6f 	bl	10007a98 <__mutex_enter_timeout_ms_veneer>
100075ba:	892f      	ldrh	r7, [r5, #8]
100075bc:	79ea      	ldrb	r2, [r5, #7]
100075be:	b2bb      	uxth	r3, r7
100075c0:	4698      	mov	r8, r3
100075c2:	896b      	ldrh	r3, [r5, #10]
100075c4:	88af      	ldrh	r7, [r5, #4]
100075c6:	b29b      	uxth	r3, r3
100075c8:	09d2      	lsrs	r2, r2, #7
100075ca:	d13d      	bne.n	10007648 <tu_fifo_write_n+0xb4>
100075cc:	4598      	cmp	r8, r3
100075ce:	d262      	bcs.n	10007696 <tu_fifo_write_n+0x102>
100075d0:	007a      	lsls	r2, r7, #1
100075d2:	1ad3      	subs	r3, r2, r3
100075d4:	4443      	add	r3, r8
100075d6:	b29b      	uxth	r3, r3
100075d8:	42bb      	cmp	r3, r7
100075da:	d261      	bcs.n	100076a0 <tu_fifo_write_n+0x10c>
100075dc:	1afb      	subs	r3, r7, r3
100075de:	1c1a      	adds	r2, r3, #0
100075e0:	b29b      	uxth	r3, r3
100075e2:	42b3      	cmp	r3, r6
100075e4:	d900      	bls.n	100075e8 <tu_fifo_write_n+0x54>
100075e6:	1c32      	adds	r2, r6, #0
100075e8:	b296      	uxth	r6, r2
100075ea:	1bf3      	subs	r3, r6, r7
100075ec:	9301      	str	r3, [sp, #4]
100075ee:	4643      	mov	r3, r8
100075f0:	18f3      	adds	r3, r6, r3
100075f2:	b29b      	uxth	r3, r3
100075f4:	469b      	mov	fp, r3
100075f6:	88ea      	ldrh	r2, [r5, #6]
100075f8:	4644      	mov	r4, r8
100075fa:	45b8      	cmp	r8, r7
100075fc:	d303      	bcc.n	10007606 <tu_fifo_write_n+0x72>
100075fe:	1be4      	subs	r4, r4, r7
10007600:	b2a4      	uxth	r4, r4
10007602:	42bc      	cmp	r4, r7
10007604:	d2fb      	bcs.n	100075fe <tu_fifo_write_n+0x6a>
10007606:	0452      	lsls	r2, r2, #17
10007608:	1b3b      	subs	r3, r7, r4
1000760a:	0c57      	lsrs	r7, r2, #17
1000760c:	003a      	movs	r2, r7
1000760e:	4362      	muls	r2, r4
10007610:	6828      	ldr	r0, [r5, #0]
10007612:	b29b      	uxth	r3, r3
10007614:	1880      	adds	r0, r0, r2
10007616:	42b3      	cmp	r3, r6
10007618:	d356      	bcc.n	100076c8 <tu_fifo_write_n+0x134>
1000761a:	003a      	movs	r2, r7
1000761c:	4649      	mov	r1, r9
1000761e:	4372      	muls	r2, r6
10007620:	f7fb fdc2 	bl	100031a8 <__wrap___aeabi_memcpy>
10007624:	88ab      	ldrh	r3, [r5, #4]
10007626:	005b      	lsls	r3, r3, #1
10007628:	45d8      	cmp	r8, fp
1000762a:	d801      	bhi.n	10007630 <tu_fifo_write_n+0x9c>
1000762c:	459b      	cmp	fp, r3
1000762e:	db02      	blt.n	10007636 <tu_fifo_write_n+0xa2>
10007630:	465a      	mov	r2, fp
10007632:	1ad3      	subs	r3, r2, r3
10007634:	469b      	mov	fp, r3
10007636:	465b      	mov	r3, fp
10007638:	0037      	movs	r7, r6
1000763a:	812b      	strh	r3, [r5, #8]
1000763c:	68e8      	ldr	r0, [r5, #12]
1000763e:	2800      	cmp	r0, #0
10007640:	d021      	beq.n	10007686 <tu_fifo_write_n+0xf2>
10007642:	f000 f9f9 	bl	10007a38 <__mutex_exit_veneer>
10007646:	e01e      	b.n	10007686 <tu_fifo_write_n+0xf2>
10007648:	42be      	cmp	r6, r7
1000764a:	d22b      	bcs.n	100076a4 <tu_fifo_write_n+0x110>
1000764c:	4598      	cmp	r8, r3
1000764e:	d34c      	bcc.n	100076ea <tu_fifo_write_n+0x156>
10007650:	4642      	mov	r2, r8
10007652:	1ad2      	subs	r2, r2, r3
10007654:	b292      	uxth	r2, r2
10007656:	0079      	lsls	r1, r7, #1
10007658:	1bf0      	subs	r0, r6, r7
1000765a:	1992      	adds	r2, r2, r6
1000765c:	9001      	str	r0, [sp, #4]
1000765e:	428a      	cmp	r2, r1
10007660:	dbc5      	blt.n	100075ee <tu_fifo_write_n+0x5a>
10007662:	19da      	adds	r2, r3, r7
10007664:	b292      	uxth	r2, r2
10007666:	4693      	mov	fp, r2
10007668:	1b92      	subs	r2, r2, r6
1000766a:	b292      	uxth	r2, r2
1000766c:	4690      	mov	r8, r2
1000766e:	4293      	cmp	r3, r2
10007670:	d940      	bls.n	100076f4 <tu_fifo_write_n+0x160>
10007672:	4643      	mov	r3, r8
10007674:	1a59      	subs	r1, r3, r1
10007676:	b28b      	uxth	r3, r1
10007678:	4698      	mov	r8, r3
1000767a:	18f3      	adds	r3, r6, r3
1000767c:	b29b      	uxth	r3, r3
1000767e:	469b      	mov	fp, r3
10007680:	88ea      	ldrh	r2, [r5, #6]
10007682:	e7b9      	b.n	100075f8 <tu_fifo_write_n+0x64>
10007684:	2700      	movs	r7, #0
10007686:	0038      	movs	r0, r7
10007688:	b003      	add	sp, #12
1000768a:	bcf0      	pop	{r4, r5, r6, r7}
1000768c:	46bb      	mov	fp, r7
1000768e:	46b2      	mov	sl, r6
10007690:	46a9      	mov	r9, r5
10007692:	46a0      	mov	r8, r4
10007694:	bdf0      	pop	{r4, r5, r6, r7, pc}
10007696:	4642      	mov	r2, r8
10007698:	1ad3      	subs	r3, r2, r3
1000769a:	b29b      	uxth	r3, r3
1000769c:	42bb      	cmp	r3, r7
1000769e:	d39d      	bcc.n	100075dc <tu_fifo_write_n+0x48>
100076a0:	2700      	movs	r7, #0
100076a2:	e7cb      	b.n	1000763c <tu_fifo_write_n+0xa8>
100076a4:	2f00      	cmp	r7, #0
100076a6:	d0c9      	beq.n	1000763c <tu_fifo_write_n+0xa8>
100076a8:	46cc      	mov	ip, r9
100076aa:	88ea      	ldrh	r2, [r5, #6]
100076ac:	1bf6      	subs	r6, r6, r7
100076ae:	0451      	lsls	r1, r2, #17
100076b0:	0c49      	lsrs	r1, r1, #17
100076b2:	4371      	muls	r1, r6
100076b4:	4698      	mov	r8, r3
100076b6:	448c      	add	ip, r1
100076b8:	19d9      	adds	r1, r3, r7
100076ba:	2300      	movs	r3, #0
100076bc:	b289      	uxth	r1, r1
100076be:	46e1      	mov	r9, ip
100076c0:	468b      	mov	fp, r1
100076c2:	003e      	movs	r6, r7
100076c4:	9301      	str	r3, [sp, #4]
100076c6:	e797      	b.n	100075f8 <tu_fifo_write_n+0x64>
100076c8:	437b      	muls	r3, r7
100076ca:	b29b      	uxth	r3, r3
100076cc:	001a      	movs	r2, r3
100076ce:	4649      	mov	r1, r9
100076d0:	469a      	mov	sl, r3
100076d2:	f7fb fd69 	bl	100031a8 <__wrap___aeabi_memcpy>
100076d6:	4649      	mov	r1, r9
100076d8:	9b01      	ldr	r3, [sp, #4]
100076da:	6828      	ldr	r0, [r5, #0]
100076dc:	18e2      	adds	r2, r4, r3
100076de:	437a      	muls	r2, r7
100076e0:	4451      	add	r1, sl
100076e2:	b292      	uxth	r2, r2
100076e4:	f7fb fd60 	bl	100031a8 <__wrap___aeabi_memcpy>
100076e8:	e79c      	b.n	10007624 <tu_fifo_write_n+0x90>
100076ea:	0079      	lsls	r1, r7, #1
100076ec:	1aca      	subs	r2, r1, r3
100076ee:	4442      	add	r2, r8
100076f0:	b292      	uxth	r2, r2
100076f2:	e7b1      	b.n	10007658 <tu_fifo_write_n+0xc4>
100076f4:	4291      	cmp	r1, r2
100076f6:	ddbc      	ble.n	10007672 <tu_fifo_write_n+0xde>
100076f8:	e7c2      	b.n	10007680 <tu_fifo_write_n+0xec>
100076fa:	46c0      	nop			@ (mov r8, r8)

100076fc <tu_fifo_clear>:
100076fc:	b510      	push	{r4, lr}
100076fe:	0004      	movs	r4, r0
10007700:	68c0      	ldr	r0, [r0, #12]
10007702:	2800      	cmp	r0, #0
10007704:	d003      	beq.n	1000770e <tu_fifo_clear+0x12>
10007706:	2101      	movs	r1, #1
10007708:	4249      	negs	r1, r1
1000770a:	f000 f9c5 	bl	10007a98 <__mutex_enter_timeout_ms_veneer>
1000770e:	6920      	ldr	r0, [r4, #16]
10007710:	2800      	cmp	r0, #0
10007712:	d003      	beq.n	1000771c <tu_fifo_clear+0x20>
10007714:	2101      	movs	r1, #1
10007716:	4249      	negs	r1, r1
10007718:	f000 f9be 	bl	10007a98 <__mutex_enter_timeout_ms_veneer>
1000771c:	2300      	movs	r3, #0
1000771e:	68e0      	ldr	r0, [r4, #12]
10007720:	8163      	strh	r3, [r4, #10]
10007722:	8123      	strh	r3, [r4, #8]
10007724:	2800      	cmp	r0, #0
10007726:	d001      	beq.n	1000772c <tu_fifo_clear+0x30>
10007728:	f000 f986 	bl	10007a38 <__mutex_exit_veneer>
1000772c:	6920      	ldr	r0, [r4, #16]
1000772e:	2800      	cmp	r0, #0
10007730:	d001      	beq.n	10007736 <tu_fifo_clear+0x3a>
10007732:	f000 f981 	bl	10007a38 <__mutex_exit_veneer>
10007736:	2001      	movs	r0, #1
10007738:	bd10      	pop	{r4, pc}
1000773a:	46c0      	nop			@ (mov r8, r8)

1000773c <tu_fifo_set_overwritable>:
1000773c:	b570      	push	{r4, r5, r6, lr}
1000773e:	0004      	movs	r4, r0
10007740:	68c0      	ldr	r0, [r0, #12]
10007742:	000d      	movs	r5, r1
10007744:	2800      	cmp	r0, #0
10007746:	d003      	beq.n	10007750 <tu_fifo_set_overwritable+0x14>
10007748:	2101      	movs	r1, #1
1000774a:	4249      	negs	r1, r1
1000774c:	f000 f9a4 	bl	10007a98 <__mutex_enter_timeout_ms_veneer>
10007750:	6920      	ldr	r0, [r4, #16]
10007752:	2800      	cmp	r0, #0
10007754:	d003      	beq.n	1000775e <tu_fifo_set_overwritable+0x22>
10007756:	2101      	movs	r1, #1
10007758:	4249      	negs	r1, r1
1000775a:	f000 f99d 	bl	10007a98 <__mutex_enter_timeout_ms_veneer>
1000775e:	217f      	movs	r1, #127	@ 0x7f
10007760:	79e2      	ldrb	r2, [r4, #7]
10007762:	01eb      	lsls	r3, r5, #7
10007764:	4011      	ands	r1, r2
10007766:	68e0      	ldr	r0, [r4, #12]
10007768:	4319      	orrs	r1, r3
1000776a:	71e1      	strb	r1, [r4, #7]
1000776c:	2800      	cmp	r0, #0
1000776e:	d001      	beq.n	10007774 <tu_fifo_set_overwritable+0x38>
10007770:	f000 f962 	bl	10007a38 <__mutex_exit_veneer>
10007774:	6920      	ldr	r0, [r4, #16]
10007776:	2800      	cmp	r0, #0
10007778:	d001      	beq.n	1000777e <tu_fifo_set_overwritable+0x42>
1000777a:	f000 f95d 	bl	10007a38 <__mutex_exit_veneer>
1000777e:	2001      	movs	r0, #1
10007780:	bd70      	pop	{r4, r5, r6, pc}
10007782:	46c0      	nop			@ (mov r8, r8)

10007784 <core1_trampoline>:
10007784:	bd03      	pop	{r0, r1, pc}
10007786:	46c0      	nop			@ (mov r8, r8)

10007788 <core1_wrapper>:
10007788:	b510      	push	{r4, lr}
1000778a:	0004      	movs	r4, r0
1000778c:	f7fa fd76 	bl	1000227c <runtime_run_per_core_initializers>
10007790:	47a0      	blx	r4
10007792:	bd10      	pop	{r4, pc}

10007794 <multicore_launch_core1_raw>:
10007794:	b5f0      	push	{r4, r5, r6, r7, lr}
10007796:	46c6      	mov	lr, r8
10007798:	b500      	push	{lr}
1000779a:	0004      	movs	r4, r0
1000779c:	b086      	sub	sp, #24
1000779e:	200f      	movs	r0, #15
100077a0:	000d      	movs	r5, r1
100077a2:	0017      	movs	r7, r2
100077a4:	f7f9 f9e4 	bl	10000b70 <irq_is_enabled>
100077a8:	2100      	movs	r1, #0
100077aa:	4680      	mov	r8, r0
100077ac:	200f      	movs	r0, #15
100077ae:	f7f9 f9cd 	bl	10000b4c <irq_set_enabled>
100077b2:	2300      	movs	r3, #0
100077b4:	9300      	str	r3, [sp, #0]
100077b6:	9301      	str	r3, [sp, #4]
100077b8:	3301      	adds	r3, #1
100077ba:	9302      	str	r3, [sp, #8]
100077bc:	23d0      	movs	r3, #208	@ 0xd0
100077be:	9504      	str	r5, [sp, #16]
100077c0:	9405      	str	r4, [sp, #20]
100077c2:	466e      	mov	r6, sp
100077c4:	2400      	movs	r4, #0
100077c6:	2500      	movs	r5, #0
100077c8:	2101      	movs	r1, #1
100077ca:	2002      	movs	r0, #2
100077cc:	9703      	str	r7, [sp, #12]
100077ce:	061b      	lsls	r3, r3, #24
100077d0:	2c00      	cmp	r4, #0
100077d2:	d013      	beq.n	100077fc <multicore_launch_core1_raw+0x68>
100077d4:	6d1a      	ldr	r2, [r3, #80]	@ 0x50
100077d6:	4210      	tst	r0, r2
100077d8:	d0fc      	beq.n	100077d4 <multicore_launch_core1_raw+0x40>
100077da:	655c      	str	r4, [r3, #84]	@ 0x54
100077dc:	bf40      	sev
100077de:	6d1a      	ldr	r2, [r3, #80]	@ 0x50
100077e0:	4211      	tst	r1, r2
100077e2:	d103      	bne.n	100077ec <multicore_launch_core1_raw+0x58>
100077e4:	bf20      	wfe
100077e6:	6d1a      	ldr	r2, [r3, #80]	@ 0x50
100077e8:	4211      	tst	r1, r2
100077ea:	d0fb      	beq.n	100077e4 <multicore_launch_core1_raw+0x50>
100077ec:	6d9a      	ldr	r2, [r3, #88]	@ 0x58
100077ee:	42a2      	cmp	r2, r4
100077f0:	d009      	beq.n	10007806 <multicore_launch_core1_raw+0x72>
100077f2:	2500      	movs	r5, #0
100077f4:	00aa      	lsls	r2, r5, #2
100077f6:	58b4      	ldr	r4, [r6, r2]
100077f8:	e7ea      	b.n	100077d0 <multicore_launch_core1_raw+0x3c>
100077fa:	6d9a      	ldr	r2, [r3, #88]	@ 0x58
100077fc:	6d1a      	ldr	r2, [r3, #80]	@ 0x50
100077fe:	4211      	tst	r1, r2
10007800:	d1fb      	bne.n	100077fa <multicore_launch_core1_raw+0x66>
10007802:	bf40      	sev
10007804:	e7e6      	b.n	100077d4 <multicore_launch_core1_raw+0x40>
10007806:	3501      	adds	r5, #1
10007808:	2d06      	cmp	r5, #6
1000780a:	d1f3      	bne.n	100077f4 <multicore_launch_core1_raw+0x60>
1000780c:	4641      	mov	r1, r8
1000780e:	200f      	movs	r0, #15
10007810:	f7f9 f99c 	bl	10000b4c <irq_set_enabled>
10007814:	b006      	add	sp, #24
10007816:	bc80      	pop	{r7}
10007818:	46b8      	mov	r8, r7
1000781a:	bdf0      	pop	{r4, r5, r6, r7, pc}

1000781c <multicore_launch_core1>:
1000781c:	4b0e      	ldr	r3, [pc, #56]	@ (10007858 <multicore_launch_core1+0x3c>)
1000781e:	4a0f      	ldr	r2, [pc, #60]	@ (1000785c <multicore_launch_core1+0x40>)
10007820:	b510      	push	{r4, lr}
10007822:	0004      	movs	r4, r0
10007824:	4293      	cmp	r3, r2
10007826:	d311      	bcc.n	1000784c <multicore_launch_core1+0x30>
10007828:	4a0d      	ldr	r2, [pc, #52]	@ (10007860 <multicore_launch_core1+0x44>)
1000782a:	1899      	adds	r1, r3, r2
1000782c:	001a      	movs	r2, r3
1000782e:	480d      	ldr	r0, [pc, #52]	@ (10007864 <multicore_launch_core1+0x48>)
10007830:	6880      	ldr	r0, [r0, #8]
10007832:	4684      	mov	ip, r0
10007834:	480a      	ldr	r0, [pc, #40]	@ (10007860 <multicore_launch_core1+0x44>)
10007836:	5014      	str	r4, [r2, r0]
10007838:	3004      	adds	r0, #4
1000783a:	5013      	str	r3, [r2, r0]
1000783c:	4b0a      	ldr	r3, [pc, #40]	@ (10007868 <multicore_launch_core1+0x4c>)
1000783e:	480b      	ldr	r0, [pc, #44]	@ (1000786c <multicore_launch_core1+0x50>)
10007840:	5013      	str	r3, [r2, r0]
10007842:	4662      	mov	r2, ip
10007844:	480a      	ldr	r0, [pc, #40]	@ (10007870 <multicore_launch_core1+0x54>)
10007846:	f7ff ffa5 	bl	10007794 <multicore_launch_core1_raw>
1000784a:	bd10      	pop	{r4, pc}
1000784c:	2301      	movs	r3, #1
1000784e:	425b      	negs	r3, r3
10007850:	001a      	movs	r2, r3
10007852:	4908      	ldr	r1, [pc, #32]	@ (10007874 <multicore_launch_core1+0x58>)
10007854:	e7eb      	b.n	1000782e <multicore_launch_core1+0x12>
10007856:	46c0      	nop			@ (mov r8, r8)
10007858:	20040800 	.word	0x20040800
1000785c:	20040000 	.word	0x20040000
10007860:	000007f4 	.word	0x000007f4
10007864:	e000ed00 	.word	0xe000ed00
10007868:	10007789 	.word	0x10007789
1000786c:	000007fc 	.word	0x000007fc
10007870:	10007785 	.word	0x10007785
10007874:	000007f3 	.word	0x000007f3

10007878 <atexit>:
10007878:	b510      	push	{r4, lr}
1000787a:	0001      	movs	r1, r0
1000787c:	2300      	movs	r3, #0
1000787e:	2200      	movs	r2, #0
10007880:	2000      	movs	r0, #0
10007882:	f000 f877 	bl	10007974 <__register_exitproc>
10007886:	bd10      	pop	{r4, pc}

10007888 <strcat>:
10007888:	b570      	push	{r4, r5, r6, lr}
1000788a:	0005      	movs	r5, r0
1000788c:	0783      	lsls	r3, r0, #30
1000788e:	d116      	bne.n	100078be <strcat+0x36>
10007890:	6802      	ldr	r2, [r0, #0]
10007892:	4b0e      	ldr	r3, [pc, #56]	@ (100078cc <strcat+0x44>)
10007894:	4c0e      	ldr	r4, [pc, #56]	@ (100078d0 <strcat+0x48>)
10007896:	18d3      	adds	r3, r2, r3
10007898:	4393      	bics	r3, r2
1000789a:	4223      	tst	r3, r4
1000789c:	d10f      	bne.n	100078be <strcat+0x36>
1000789e:	6842      	ldr	r2, [r0, #4]
100078a0:	4b0a      	ldr	r3, [pc, #40]	@ (100078cc <strcat+0x44>)
100078a2:	3004      	adds	r0, #4
100078a4:	18d3      	adds	r3, r2, r3
100078a6:	4393      	bics	r3, r2
100078a8:	4223      	tst	r3, r4
100078aa:	d108      	bne.n	100078be <strcat+0x36>
100078ac:	6842      	ldr	r2, [r0, #4]
100078ae:	4b07      	ldr	r3, [pc, #28]	@ (100078cc <strcat+0x44>)
100078b0:	3004      	adds	r0, #4
100078b2:	18d3      	adds	r3, r2, r3
100078b4:	4393      	bics	r3, r2
100078b6:	4223      	tst	r3, r4
100078b8:	d0f1      	beq.n	1000789e <strcat+0x16>
100078ba:	e000      	b.n	100078be <strcat+0x36>
100078bc:	3001      	adds	r0, #1
100078be:	7803      	ldrb	r3, [r0, #0]
100078c0:	2b00      	cmp	r3, #0
100078c2:	d1fb      	bne.n	100078bc <strcat+0x34>
100078c4:	f000 f81e 	bl	10007904 <strcpy>
100078c8:	0028      	movs	r0, r5
100078ca:	bd70      	pop	{r4, r5, r6, pc}
100078cc:	fefefeff 	.word	0xfefefeff
100078d0:	80808080 	.word	0x80808080

100078d4 <__libc_fini_array>:
100078d4:	b570      	push	{r4, r5, r6, lr}
100078d6:	4c07      	ldr	r4, [pc, #28]	@ (100078f4 <__libc_fini_array+0x20>)
100078d8:	4d07      	ldr	r5, [pc, #28]	@ (100078f8 <__libc_fini_array+0x24>)
100078da:	1b64      	subs	r4, r4, r5
100078dc:	10a4      	asrs	r4, r4, #2
100078de:	d005      	beq.n	100078ec <__libc_fini_array+0x18>
100078e0:	3c01      	subs	r4, #1
100078e2:	00a3      	lsls	r3, r4, #2
100078e4:	58eb      	ldr	r3, [r5, r3]
100078e6:	4798      	blx	r3
100078e8:	2c00      	cmp	r4, #0
100078ea:	d1f9      	bne.n	100078e0 <__libc_fini_array+0xc>
100078ec:	f000 f898 	bl	10007a20 <_fini>
100078f0:	bd70      	pop	{r4, r5, r6, pc}
100078f2:	46c0      	nop			@ (mov r8, r8)
100078f4:	10007b30 	.word	0x10007b30
100078f8:	10007b30 	.word	0x10007b30

100078fc <__retarget_lock_acquire_recursive>:
100078fc:	4770      	bx	lr
100078fe:	46c0      	nop			@ (mov r8, r8)

10007900 <__retarget_lock_release_recursive>:
10007900:	4770      	bx	lr
10007902:	46c0      	nop			@ (mov r8, r8)

10007904 <strcpy>:
10007904:	0003      	movs	r3, r0
10007906:	780a      	ldrb	r2, [r1, #0]
10007908:	3101      	adds	r1, #1
1000790a:	701a      	strb	r2, [r3, #0]
1000790c:	3301      	adds	r3, #1
1000790e:	2a00      	cmp	r2, #0
10007910:	d1f9      	bne.n	10007906 <strcpy+0x2>
10007912:	4770      	bx	lr

10007914 <strlen>:
10007914:	0003      	movs	r3, r0
10007916:	4684      	mov	ip, r0
10007918:	079b      	lsls	r3, r3, #30
1000791a:	d00b      	beq.n	10007934 <strlen+0x20>
1000791c:	0003      	movs	r3, r0
1000791e:	2103      	movs	r1, #3
10007920:	e002      	b.n	10007928 <strlen+0x14>
10007922:	3301      	adds	r3, #1
10007924:	420b      	tst	r3, r1
10007926:	d006      	beq.n	10007936 <strlen+0x22>
10007928:	781a      	ldrb	r2, [r3, #0]
1000792a:	2a00      	cmp	r2, #0
1000792c:	d1f9      	bne.n	10007922 <strlen+0xe>
1000792e:	4662      	mov	r2, ip
10007930:	1a98      	subs	r0, r3, r2
10007932:	4770      	bx	lr
10007934:	0003      	movs	r3, r0
10007936:	6819      	ldr	r1, [r3, #0]
10007938:	4a0c      	ldr	r2, [pc, #48]	@ (1000796c <strlen+0x58>)
1000793a:	480d      	ldr	r0, [pc, #52]	@ (10007970 <strlen+0x5c>)
1000793c:	188a      	adds	r2, r1, r2
1000793e:	438a      	bics	r2, r1
10007940:	4202      	tst	r2, r0
10007942:	d10f      	bne.n	10007964 <strlen+0x50>
10007944:	6859      	ldr	r1, [r3, #4]
10007946:	4a09      	ldr	r2, [pc, #36]	@ (1000796c <strlen+0x58>)
10007948:	3304      	adds	r3, #4
1000794a:	188a      	adds	r2, r1, r2
1000794c:	438a      	bics	r2, r1
1000794e:	4202      	tst	r2, r0
10007950:	d108      	bne.n	10007964 <strlen+0x50>
10007952:	6859      	ldr	r1, [r3, #4]
10007954:	4a05      	ldr	r2, [pc, #20]	@ (1000796c <strlen+0x58>)
10007956:	3304      	adds	r3, #4
10007958:	188a      	adds	r2, r1, r2
1000795a:	438a      	bics	r2, r1
1000795c:	4202      	tst	r2, r0
1000795e:	d0f1      	beq.n	10007944 <strlen+0x30>
10007960:	e000      	b.n	10007964 <strlen+0x50>
10007962:	3301      	adds	r3, #1
10007964:	781a      	ldrb	r2, [r3, #0]
10007966:	2a00      	cmp	r2, #0
10007968:	d1fb      	bne.n	10007962 <strlen+0x4e>
1000796a:	e7e0      	b.n	1000792e <strlen+0x1a>
1000796c:	fefefeff 	.word	0xfefefeff
10007970:	80808080 	.word	0x80808080

10007974 <__register_exitproc>:
10007974:	b5f8      	push	{r3, r4, r5, r6, r7, lr}
10007976:	46ce      	mov	lr, r9
10007978:	4647      	mov	r7, r8
1000797a:	4c20      	ldr	r4, [pc, #128]	@ (100079fc <__register_exitproc+0x88>)
1000797c:	0005      	movs	r5, r0
1000797e:	b580      	push	{r7, lr}
10007980:	6820      	ldr	r0, [r4, #0]
10007982:	0016      	movs	r6, r2
10007984:	4699      	mov	r9, r3
10007986:	4688      	mov	r8, r1
10007988:	f7ff ffb8 	bl	100078fc <__retarget_lock_acquire_recursive>
1000798c:	4b1c      	ldr	r3, [pc, #112]	@ (10007a00 <__register_exitproc+0x8c>)
1000798e:	681a      	ldr	r2, [r3, #0]
10007990:	2a00      	cmp	r2, #0
10007992:	d02b      	beq.n	100079ec <__register_exitproc+0x78>
10007994:	6853      	ldr	r3, [r2, #4]
10007996:	6820      	ldr	r0, [r4, #0]
10007998:	2b1f      	cmp	r3, #31
1000799a:	dc2a      	bgt.n	100079f2 <__register_exitproc+0x7e>
1000799c:	2d00      	cmp	r5, #0
1000799e:	d10c      	bne.n	100079ba <__register_exitproc+0x46>
100079a0:	1c59      	adds	r1, r3, #1
100079a2:	6051      	str	r1, [r2, #4]
100079a4:	4641      	mov	r1, r8
100079a6:	3302      	adds	r3, #2
100079a8:	009b      	lsls	r3, r3, #2
100079aa:	5099      	str	r1, [r3, r2]
100079ac:	f7ff ffa8 	bl	10007900 <__retarget_lock_release_recursive>
100079b0:	2000      	movs	r0, #0
100079b2:	bcc0      	pop	{r6, r7}
100079b4:	46b9      	mov	r9, r7
100079b6:	46b0      	mov	r8, r6
100079b8:	bdf8      	pop	{r3, r4, r5, r6, r7, pc}
100079ba:	2488      	movs	r4, #136	@ 0x88
100079bc:	0099      	lsls	r1, r3, #2
100079be:	1851      	adds	r1, r2, r1
100079c0:	510e      	str	r6, [r1, r4]
100079c2:	0016      	movs	r6, r2
100079c4:	3c87      	subs	r4, #135	@ 0x87
100079c6:	409c      	lsls	r4, r3
100079c8:	3689      	adds	r6, #137	@ 0x89
100079ca:	36ff      	adds	r6, #255	@ 0xff
100079cc:	6837      	ldr	r7, [r6, #0]
100079ce:	4327      	orrs	r7, r4
100079d0:	6037      	str	r7, [r6, #0]
100079d2:	2684      	movs	r6, #132	@ 0x84
100079d4:	464f      	mov	r7, r9
100079d6:	0076      	lsls	r6, r6, #1
100079d8:	518f      	str	r7, [r1, r6]
100079da:	2d02      	cmp	r5, #2
100079dc:	d1e0      	bne.n	100079a0 <__register_exitproc+0x2c>
100079de:	0015      	movs	r5, r2
100079e0:	358d      	adds	r5, #141	@ 0x8d
100079e2:	35ff      	adds	r5, #255	@ 0xff
100079e4:	6829      	ldr	r1, [r5, #0]
100079e6:	4321      	orrs	r1, r4
100079e8:	6029      	str	r1, [r5, #0]
100079ea:	e7d9      	b.n	100079a0 <__register_exitproc+0x2c>
100079ec:	4a05      	ldr	r2, [pc, #20]	@ (10007a04 <__register_exitproc+0x90>)
100079ee:	601a      	str	r2, [r3, #0]
100079f0:	e7d0      	b.n	10007994 <__register_exitproc+0x20>
100079f2:	f7ff ff85 	bl	10007900 <__retarget_lock_release_recursive>
100079f6:	2001      	movs	r0, #1
100079f8:	4240      	negs	r0, r0
100079fa:	e7da      	b.n	100079b2 <__register_exitproc+0x3e>
100079fc:	20001930 	.word	0x20001930
10007a00:	20001e34 	.word	0x20001e34
10007a04:	20001e38 	.word	0x20001e38

10007a08 <register_fini>:
10007a08:	4b03      	ldr	r3, [pc, #12]	@ (10007a18 <register_fini+0x10>)
10007a0a:	b510      	push	{r4, lr}
10007a0c:	2b00      	cmp	r3, #0
10007a0e:	d002      	beq.n	10007a16 <register_fini+0xe>
10007a10:	4802      	ldr	r0, [pc, #8]	@ (10007a1c <register_fini+0x14>)
10007a12:	f7ff ff31 	bl	10007878 <atexit>
10007a16:	bd10      	pop	{r4, pc}
10007a18:	00000000 	.word	0x00000000
10007a1c:	100078d5 	.word	0x100078d5

10007a20 <_fini>:
10007a20:	b5f8      	push	{r3, r4, r5, r6, r7, lr}
10007a22:	46c0      	nop			@ (mov r8, r8)
10007a24:	0000      	movs	r0, r0
	...

10007a28 <__flash_do_cmd_veneer>:
10007a28:	b401      	push	{r0}
10007a2a:	4802      	ldr	r0, [pc, #8]	@ (10007a34 <__flash_do_cmd_veneer+0xc>)
10007a2c:	4684      	mov	ip, r0
10007a2e:	bc01      	pop	{r0}
10007a30:	4760      	bx	ip
10007a32:	bf00      	nop
10007a34:	200002c1 	.word	0x200002c1

10007a38 <__mutex_exit_veneer>:
10007a38:	b401      	push	{r0}
10007a3a:	4802      	ldr	r0, [pc, #8]	@ (10007a44 <__mutex_exit_veneer+0xc>)
10007a3c:	4684      	mov	ip, r0
10007a3e:	bc01      	pop	{r0}
10007a40:	4760      	bx	ip
10007a42:	bf00      	nop
10007a44:	20000225 	.word	0x20000225

10007a48 <____aeabi_ldiv0_veneer>:
10007a48:	b401      	push	{r0}
10007a4a:	4802      	ldr	r0, [pc, #8]	@ (10007a54 <____aeabi_ldiv0_veneer+0xc>)
10007a4c:	4684      	mov	ip, r0
10007a4e:	bc01      	pop	{r0}
10007a50:	4760      	bx	ip
10007a52:	bf00      	nop
10007a54:	20000f05 	.word	0x20000f05

10007a58 <__e15_is_critical_frame_period_veneer>:
10007a58:	b401      	push	{r0}
10007a5a:	4802      	ldr	r0, [pc, #8]	@ (10007a64 <__e15_is_critical_frame_period_veneer+0xc>)
10007a5c:	4684      	mov	ip, r0
10007a5e:	bc01      	pop	{r0}
10007a60:	4760      	bx	ip
10007a62:	bf00      	nop
10007a64:	20000bf9 	.word	0x20000bf9

10007a68 <__e15_is_bulkin_ep_veneer>:
10007a68:	b401      	push	{r0}
10007a6a:	4802      	ldr	r0, [pc, #8]	@ (10007a74 <__e15_is_bulkin_ep_veneer+0xc>)
10007a6c:	4684      	mov	ip, r0
10007a6e:	bc01      	pop	{r0}
10007a70:	4760      	bx	ip
10007a72:	bf00      	nop
10007a74:	20000bd1 	.word	0x20000bd1

10007a78 <____aeabi_idiv0_veneer>:
10007a78:	b401      	push	{r0}
10007a7a:	4802      	ldr	r0, [pc, #8]	@ (10007a84 <____aeabi_idiv0_veneer+0xc>)
10007a7c:	4684      	mov	ip, r0
10007a7e:	bc01      	pop	{r0}
10007a80:	4760      	bx	ip
10007a82:	bf00      	nop
10007a84:	20000f05 	.word	0x20000f05

10007a88 <__mutex_try_enter_veneer>:
10007a88:	b401      	push	{r0}
10007a8a:	4802      	ldr	r0, [pc, #8]	@ (10007a94 <__mutex_try_enter_veneer+0xc>)
10007a8c:	4684      	mov	ip, r0
10007a8e:	bc01      	pop	{r0}
10007a90:	4760      	bx	ip
10007a92:	bf00      	nop
10007a94:	200000c1 	.word	0x200000c1

10007a98 <__mutex_enter_timeout_ms_veneer>:
10007a98:	b401      	push	{r0}
10007a9a:	4802      	ldr	r0, [pc, #8]	@ (10007aa4 <__mutex_enter_timeout_ms_veneer+0xc>)
10007a9c:	4684      	mov	ip, r0
10007a9e:	bc01      	pop	{r0}
10007aa0:	4760      	bx	ip
10007aa2:	bf00      	nop
10007aa4:	20000199 	.word	0x20000199

10007aa8 <__mutex_try_enter_block_until_veneer>:
10007aa8:	b401      	push	{r0}
10007aaa:	4802      	ldr	r0, [pc, #8]	@ (10007ab4 <__mutex_try_enter_block_until_veneer+0xc>)
10007aac:	4684      	mov	ip, r0
10007aae:	bc01      	pop	{r0}
10007ab0:	4760      	bx	ip
10007ab2:	bf00      	nop
10007ab4:	20000101 	.word	0x20000101

10007ab8 <__hw_endpoint_start_next_buffer_veneer>:
10007ab8:	b401      	push	{r0}
10007aba:	4802      	ldr	r0, [pc, #8]	@ (10007ac4 <__hw_endpoint_start_next_buffer_veneer+0xc>)
10007abc:	4684      	mov	ip, r0
10007abe:	bc01      	pop	{r0}
10007ac0:	4760      	bx	ip
10007ac2:	bf00      	nop
10007ac4:	20000c85 	.word	0x20000c85

10007ac8 <___hw_endpoint_buffer_control_update32_veneer>:
10007ac8:	b401      	push	{r0}
10007aca:	4802      	ldr	r0, [pc, #8]	@ (10007ad4 <___hw_endpoint_buffer_control_update32_veneer+0xc>)
10007acc:	4684      	mov	ip, r0
10007ace:	bc01      	pop	{r0}
10007ad0:	4760      	bx	ip
10007ad2:	bf00      	nop
10007ad4:	20000c35 	.word	0x20000c35

10007ad8 <__reset_non_control_endpoints_veneer>:
10007ad8:	b401      	push	{r0}
10007ada:	4802      	ldr	r0, [pc, #8]	@ (10007ae4 <__reset_non_control_endpoints_veneer+0xc>)
10007adc:	4684      	mov	ip, r0
10007ade:	bc01      	pop	{r0}
10007ae0:	4760      	bx	ip
10007ae2:	bf00      	nop
10007ae4:	200003d5 	.word	0x200003d5

10007ae8 <__pre_init_runtime_init_early_resets>:
10007ae8:	100022a5                                ."..

10007aec <__pre_init_runtime_init_usb_power_down>:
10007aec:	100022d1 1000241d 1000318d 10002ac1     ."...$...1...*..
10007afc:	100030f9                                .0..

10007b00 <__pre_init_runtime_init_clocks>:
10007b00:	10002345                                E#..

10007b04 <__pre_init_runtime_init_post_clock_resets>:
10007b04:	100022ed                                ."..

10007b08 <__pre_init_runtime_init_rp2040_gpio_ie_disable>:
10007b08:	1000230d                                .#..

10007b0c <__pre_init_runtime_init_spin_locks_reset>:
10007b0c:	10002321                                !#..

10007b10 <__pre_init_runtime_init_mutex>:
10007b10:	100010a9                                ....

10007b14 <__pre_init_runtime_init_install_ram_vector_table>:
10007b14:	10002329                                )#..

10007b18 <__pre_init_runtime_init_default_alarm_pool>:
10007b18:	10001469                                i...

10007b1c <__pre_init_first_per_core_initializer>:
10007b1c:	10002245                                E"..

10007b20 <__pre_init_runtime_init_per_core_irq_priorities>:
10007b20:	10000b05                                ....

10007b24 <__init_array_start>:
10007b24:	10007a09 	.word	0x10007a09

10007b28 <__frame_dummy_init_array_entry>:
10007b28:	100002fd 100055b1                       .....U..

Disassembly of section .data:

200000c0 <mutex_try_enter>:
200000c0:	0003      	movs	r3, r0
200000c2:	6800      	ldr	r0, [r0, #0]
200000c4:	f3ef 8c10 	mrs	ip, PRIMASK
200000c8:	b672      	cpsid	i
200000ca:	6802      	ldr	r2, [r0, #0]
200000cc:	2a00      	cmp	r2, #0
200000ce:	d0fc      	beq.n	200000ca <mutex_try_enter+0xa>
200000d0:	f3bf 8f5f 	dmb	sy
200000d4:	2204      	movs	r2, #4
200000d6:	569a      	ldrsb	r2, [r3, r2]
200000d8:	2a00      	cmp	r2, #0
200000da:	db0b      	blt.n	200000f4 <mutex_try_enter+0x34>
200000dc:	2900      	cmp	r1, #0
200000de:	d000      	beq.n	200000e2 <mutex_try_enter+0x22>
200000e0:	600a      	str	r2, [r1, #0]
200000e2:	2000      	movs	r0, #0
200000e4:	681b      	ldr	r3, [r3, #0]
200000e6:	f3bf 8f5f 	dmb	sy
200000ea:	2200      	movs	r2, #0
200000ec:	601a      	str	r2, [r3, #0]
200000ee:	f38c 8810 	msr	PRIMASK, ip
200000f2:	4770      	bx	lr
200000f4:	22d0      	movs	r2, #208	@ 0xd0
200000f6:	0612      	lsls	r2, r2, #24
200000f8:	6812      	ldr	r2, [r2, #0]
200000fa:	2001      	movs	r0, #1
200000fc:	711a      	strb	r2, [r3, #4]
200000fe:	e7f1      	b.n	200000e4 <mutex_try_enter+0x24>

20000100 <mutex_try_enter_block_until>:
20000100:	b5f0      	push	{r4, r5, r6, r7, lr}
20000102:	46c6      	mov	lr, r8
20000104:	0016      	movs	r6, r2
20000106:	b500      	push	{lr}
20000108:	0004      	movs	r4, r0
2000010a:	001f      	movs	r7, r3
2000010c:	6802      	ldr	r2, [r0, #0]
2000010e:	f3ef 8110 	mrs	r1, PRIMASK
20000112:	b672      	cpsid	i
20000114:	6813      	ldr	r3, [r2, #0]
20000116:	2b00      	cmp	r3, #0
20000118:	d0fc      	beq.n	20000114 <mutex_try_enter_block_until+0x14>
2000011a:	f3bf 8f5f 	dmb	sy
2000011e:	2304      	movs	r3, #4
20000120:	56e3      	ldrsb	r3, [r4, r3]
20000122:	6822      	ldr	r2, [r4, #0]
20000124:	2b00      	cmp	r3, #0
20000126:	db2b      	blt.n	20000180 <mutex_try_enter_block_until+0x80>
20000128:	f3bf 8f5f 	dmb	sy
2000012c:	2000      	movs	r0, #0
2000012e:	6010      	str	r0, [r2, #0]
20000130:	f381 8810 	msr	PRIMASK, r1
20000134:	22d0      	movs	r2, #208	@ 0xd0
20000136:	0612      	lsls	r2, r2, #24
20000138:	7812      	ldrb	r2, [r2, #0]
2000013a:	2500      	movs	r5, #0
2000013c:	b252      	sxtb	r2, r2
2000013e:	4690      	mov	r8, r2
20000140:	429a      	cmp	r2, r3
20000142:	d10e      	bne.n	20000162 <mutex_try_enter_block_until+0x62>
20000144:	2000      	movs	r0, #0
20000146:	bc80      	pop	{r7}
20000148:	46b8      	mov	r8, r7
2000014a:	bdf0      	pop	{r4, r5, r6, r7, pc}
2000014c:	f3bf 8f5f 	dmb	sy
20000150:	6015      	str	r5, [r2, #0]
20000152:	f381 8810 	msr	PRIMASK, r1
20000156:	0030      	movs	r0, r6
20000158:	0039      	movs	r1, r7
2000015a:	f000 fefd 	bl	20000f58 <__best_effort_wfe_or_timeout_veneer>
2000015e:	2800      	cmp	r0, #0
20000160:	d1f0      	bne.n	20000144 <mutex_try_enter_block_until+0x44>
20000162:	6822      	ldr	r2, [r4, #0]
20000164:	f3ef 8110 	mrs	r1, PRIMASK
20000168:	b672      	cpsid	i
2000016a:	6813      	ldr	r3, [r2, #0]
2000016c:	2b00      	cmp	r3, #0
2000016e:	d0fc      	beq.n	2000016a <mutex_try_enter_block_until+0x6a>
20000170:	f3bf 8f5f 	dmb	sy
20000174:	7923      	ldrb	r3, [r4, #4]
20000176:	6822      	ldr	r2, [r4, #0]
20000178:	2b7f      	cmp	r3, #127	@ 0x7f
2000017a:	d9e7      	bls.n	2000014c <mutex_try_enter_block_until+0x4c>
2000017c:	4643      	mov	r3, r8
2000017e:	e002      	b.n	20000186 <mutex_try_enter_block_until+0x86>
20000180:	23d0      	movs	r3, #208	@ 0xd0
20000182:	061b      	lsls	r3, r3, #24
20000184:	681b      	ldr	r3, [r3, #0]
20000186:	7123      	strb	r3, [r4, #4]
20000188:	f3bf 8f5f 	dmb	sy
2000018c:	2300      	movs	r3, #0
2000018e:	6013      	str	r3, [r2, #0]
20000190:	f381 8810 	msr	PRIMASK, r1
20000194:	2001      	movs	r0, #1
20000196:	e7d6      	b.n	20000146 <mutex_try_enter_block_until+0x46>

20000198 <mutex_enter_timeout_ms>:
20000198:	b5f0      	push	{r4, r5, r6, r7, lr}
2000019a:	46c6      	mov	lr, r8
2000019c:	b500      	push	{lr}
2000019e:	000f      	movs	r7, r1
200001a0:	0004      	movs	r4, r0
200001a2:	f000 fee9 	bl	20000f78 <__time_us_64_veneer>
200001a6:	22fa      	movs	r2, #250	@ 0xfa
200001a8:	000e      	movs	r6, r1
200001aa:	0005      	movs	r5, r0
200001ac:	2300      	movs	r3, #0
200001ae:	0038      	movs	r0, r7
200001b0:	2100      	movs	r1, #0
200001b2:	0092      	lsls	r2, r2, #2
200001b4:	f000 fec8 	bl	20000f48 <____wrap___aeabi_lmul_veneer>
200001b8:	1940      	adds	r0, r0, r5
200001ba:	4171      	adcs	r1, r6
200001bc:	0006      	movs	r6, r0
200001be:	1e0f      	subs	r7, r1, #0
200001c0:	da02      	bge.n	200001c8 <mutex_enter_timeout_ms+0x30>
200001c2:	2601      	movs	r6, #1
200001c4:	4f16      	ldr	r7, [pc, #88]	@ (20000220 <mutex_enter_timeout_ms+0x88>)
200001c6:	4276      	negs	r6, r6
200001c8:	23d0      	movs	r3, #208	@ 0xd0
200001ca:	061b      	lsls	r3, r3, #24
200001cc:	681b      	ldr	r3, [r3, #0]
200001ce:	2500      	movs	r5, #0
200001d0:	4698      	mov	r8, r3
200001d2:	e00a      	b.n	200001ea <mutex_enter_timeout_ms+0x52>
200001d4:	f3bf 8f5f 	dmb	sy
200001d8:	6015      	str	r5, [r2, #0]
200001da:	f381 8810 	msr	PRIMASK, r1
200001de:	0030      	movs	r0, r6
200001e0:	0039      	movs	r1, r7
200001e2:	f000 feb9 	bl	20000f58 <__best_effort_wfe_or_timeout_veneer>
200001e6:	2800      	cmp	r0, #0
200001e8:	d118      	bne.n	2000021c <mutex_enter_timeout_ms+0x84>
200001ea:	6822      	ldr	r2, [r4, #0]
200001ec:	f3ef 8110 	mrs	r1, PRIMASK
200001f0:	b672      	cpsid	i
200001f2:	6813      	ldr	r3, [r2, #0]
200001f4:	2b00      	cmp	r3, #0
200001f6:	d0fc      	beq.n	200001f2 <mutex_enter_timeout_ms+0x5a>
200001f8:	f3bf 8f5f 	dmb	sy
200001fc:	7923      	ldrb	r3, [r4, #4]
200001fe:	6822      	ldr	r2, [r4, #0]
20000200:	2b7f      	cmp	r3, #127	@ 0x7f
20000202:	d9e7      	bls.n	200001d4 <mutex_enter_timeout_ms+0x3c>
20000204:	4643      	mov	r3, r8
20000206:	7123      	strb	r3, [r4, #4]
20000208:	f3bf 8f5f 	dmb	sy
2000020c:	2300      	movs	r3, #0
2000020e:	6013      	str	r3, [r2, #0]
20000210:	f381 8810 	msr	PRIMASK, r1
20000214:	2001      	movs	r0, #1
20000216:	bc80      	pop	{r7}
20000218:	46b8      	mov	r8, r7
2000021a:	bdf0      	pop	{r4, r5, r6, r7, pc}
2000021c:	2000      	movs	r0, #0
2000021e:	e7fa      	b.n	20000216 <mutex_enter_timeout_ms+0x7e>
20000220:	7fffffff 	.word	0x7fffffff

20000224 <mutex_exit>:
20000224:	6802      	ldr	r2, [r0, #0]
20000226:	f3ef 8110 	mrs	r1, PRIMASK
2000022a:	b672      	cpsid	i
2000022c:	6813      	ldr	r3, [r2, #0]
2000022e:	2b00      	cmp	r3, #0
20000230:	d0fc      	beq.n	2000022c <mutex_exit+0x8>
20000232:	f3bf 8f5f 	dmb	sy
20000236:	23ff      	movs	r3, #255	@ 0xff
20000238:	7103      	strb	r3, [r0, #4]
2000023a:	6803      	ldr	r3, [r0, #0]
2000023c:	f3bf 8f5f 	dmb	sy
20000240:	2200      	movs	r2, #0
20000242:	601a      	str	r2, [r3, #0]
20000244:	f381 8810 	msr	PRIMASK, r1
20000248:	bf40      	sev
2000024a:	4770      	bx	lr

2000024c <flash_init_boot2_copyout>:
2000024c:	4b08      	ldr	r3, [pc, #32]	@ (20000270 <flash_init_boot2_copyout+0x24>)
2000024e:	469c      	mov	ip, r3
20000250:	781b      	ldrb	r3, [r3, #0]
20000252:	2b00      	cmp	r3, #0
20000254:	d10b      	bne.n	2000026e <flash_init_boot2_copyout+0x22>
20000256:	2380      	movs	r3, #128	@ 0x80
20000258:	4806      	ldr	r0, [pc, #24]	@ (20000274 <flash_init_boot2_copyout+0x28>)
2000025a:	4907      	ldr	r1, [pc, #28]	@ (20000278 <flash_init_boot2_copyout+0x2c>)
2000025c:	055b      	lsls	r3, r3, #21
2000025e:	681a      	ldr	r2, [r3, #0]
20000260:	50c2      	str	r2, [r0, r3]
20000262:	3304      	adds	r3, #4
20000264:	428b      	cmp	r3, r1
20000266:	d1fa      	bne.n	2000025e <flash_init_boot2_copyout+0x12>
20000268:	2301      	movs	r3, #1
2000026a:	4662      	mov	r2, ip
2000026c:	7013      	strb	r3, [r2, #0]
2000026e:	4770      	bx	lr
20000270:	20002c24 	.word	0x20002c24
20000274:	10002418 	.word	0x10002418
20000278:	10000100 	.word	0x10000100

2000027c <flash_enable_xip_via_boot2>:
2000027c:	b510      	push	{r4, lr}
2000027e:	4b01      	ldr	r3, [pc, #4]	@ (20000284 <flash_enable_xip_via_boot2+0x8>)
20000280:	4798      	blx	r3
20000282:	bd10      	pop	{r4, pc}
20000284:	20002419 	.word	0x20002419

20000288 <flash_cs_force.constprop.0>:
20000288:	4b03      	ldr	r3, [pc, #12]	@ (20000298 <flash_cs_force.constprop.0+0x10>)
2000028a:	681a      	ldr	r2, [r3, #0]
2000028c:	23c0      	movs	r3, #192	@ 0xc0
2000028e:	009b      	lsls	r3, r3, #2
20000290:	4393      	bics	r3, r2
20000292:	4a02      	ldr	r2, [pc, #8]	@ (2000029c <flash_cs_force.constprop.0+0x14>)
20000294:	6013      	str	r3, [r2, #0]
20000296:	4770      	bx	lr
20000298:	4001800c 	.word	0x4001800c
2000029c:	4001900c 	.word	0x4001900c

200002a0 <flash_cs_force.constprop.1>:
200002a0:	4b05      	ldr	r3, [pc, #20]	@ (200002b8 <flash_cs_force.constprop.1+0x18>)
200002a2:	681a      	ldr	r2, [r3, #0]
200002a4:	2380      	movs	r3, #128	@ 0x80
200002a6:	009b      	lsls	r3, r3, #2
200002a8:	4053      	eors	r3, r2
200002aa:	22c0      	movs	r2, #192	@ 0xc0
200002ac:	0092      	lsls	r2, r2, #2
200002ae:	4013      	ands	r3, r2
200002b0:	4a02      	ldr	r2, [pc, #8]	@ (200002bc <flash_cs_force.constprop.1+0x1c>)
200002b2:	6013      	str	r3, [r2, #0]
200002b4:	4770      	bx	lr
200002b6:	46c0      	nop			@ (mov r8, r8)
200002b8:	4001800c 	.word	0x4001800c
200002bc:	4001900c 	.word	0x4001900c

200002c0 <flash_do_cmd>:
200002c0:	b5f0      	push	{r4, r5, r6, r7, lr}
200002c2:	46d6      	mov	lr, sl
200002c4:	464f      	mov	r7, r9
200002c6:	4646      	mov	r6, r8
200002c8:	2300      	movs	r3, #0
200002ca:	b5c0      	push	{r6, r7, lr}
200002cc:	2718      	movs	r7, #24
200002ce:	001e      	movs	r6, r3
200002d0:	4681      	mov	r9, r0
200002d2:	000d      	movs	r5, r1
200002d4:	8a98      	ldrh	r0, [r3, #20]
200002d6:	493c      	ldr	r1, [pc, #240]	@ (200003c8 <flash_do_cmd+0x108>)
200002d8:	883b      	ldrh	r3, [r7, #0]
200002da:	0014      	movs	r4, r2
200002dc:	4798      	blx	r3
200002de:	883b      	ldrh	r3, [r7, #0]
200002e0:	4680      	mov	r8, r0
200002e2:	493a      	ldr	r1, [pc, #232]	@ (200003cc <flash_do_cmd+0x10c>)
200002e4:	8ab0      	ldrh	r0, [r6, #20]
200002e6:	4798      	blx	r3
200002e8:	2300      	movs	r3, #0
200002ea:	4939      	ldr	r1, [pc, #228]	@ (200003d0 <flash_do_cmd+0x110>)
200002ec:	0006      	movs	r6, r0
200002ee:	8a98      	ldrh	r0, [r3, #20]
200002f0:	883b      	ldrh	r3, [r7, #0]
200002f2:	4798      	blx	r3
200002f4:	4682      	mov	sl, r0
200002f6:	f7ff ffa9 	bl	2000024c <flash_init_boot2_copyout>
200002fa:	47c0      	blx	r8
200002fc:	47b0      	blx	r6
200002fe:	f7ff ffcf 	bl	200002a0 <flash_cs_force.constprop.1>
20000302:	1e21      	subs	r1, r4, #0
20000304:	d01c      	beq.n	20000340 <flash_do_cmd+0x80>
20000306:	2308      	movs	r3, #8
20000308:	20c0      	movs	r0, #192	@ 0xc0
2000030a:	469c      	mov	ip, r3
2000030c:	0540      	lsls	r0, r0, #21
2000030e:	3f16      	subs	r7, #22
20000310:	4662      	mov	r2, ip
20000312:	6a83      	ldr	r3, [r0, #40]	@ 0x28
20000314:	401a      	ands	r2, r3
20000316:	421f      	tst	r7, r3
20000318:	d030      	beq.n	2000037c <flash_do_cmd+0xbc>
2000031a:	1a63      	subs	r3, r4, r1
2000031c:	2900      	cmp	r1, #0
2000031e:	d122      	bne.n	20000366 <flash_do_cmd+0xa6>
20000320:	2a00      	cmp	r2, #0
20000322:	d10b      	bne.n	2000033c <flash_do_cmd+0x7c>
20000324:	2c00      	cmp	r4, #0
20000326:	d00b      	beq.n	20000340 <flash_do_cmd+0x80>
20000328:	23c0      	movs	r3, #192	@ 0xc0
2000032a:	2208      	movs	r2, #8
2000032c:	2602      	movs	r6, #2
2000032e:	055b      	lsls	r3, r3, #21
20000330:	6a9b      	ldr	r3, [r3, #40]	@ 0x28
20000332:	401a      	ands	r2, r3
20000334:	421e      	tst	r6, r3
20000336:	d039      	beq.n	200003ac <flash_do_cmd+0xec>
20000338:	2a00      	cmp	r2, #0
2000033a:	d0f5      	beq.n	20000328 <flash_do_cmd+0x68>
2000033c:	2c00      	cmp	r4, #0
2000033e:	d127      	bne.n	20000390 <flash_do_cmd+0xd0>
20000340:	f7ff ffa2 	bl	20000288 <flash_cs_force.constprop.0>
20000344:	47d0      	blx	sl
20000346:	f7ff ff99 	bl	2000027c <flash_enable_xip_via_boot2>
2000034a:	bce0      	pop	{r5, r6, r7}
2000034c:	46ba      	mov	sl, r7
2000034e:	46b1      	mov	r9, r6
20000350:	46a8      	mov	r8, r5
20000352:	bdf0      	pop	{r4, r5, r6, r7, pc}
20000354:	2c00      	cmp	r4, #0
20000356:	d12b      	bne.n	200003b0 <flash_do_cmd+0xf0>
20000358:	22c0      	movs	r2, #192	@ 0xc0
2000035a:	0552      	lsls	r2, r2, #21
2000035c:	6a96      	ldr	r6, [r2, #40]	@ 0x28
2000035e:	2208      	movs	r2, #8
20000360:	4032      	ands	r2, r6
20000362:	07b6      	lsls	r6, r6, #30
20000364:	d52b      	bpl.n	200003be <flash_do_cmd+0xfe>
20000366:	2b0d      	cmp	r3, #13
20000368:	d919      	bls.n	2000039e <flash_do_cmd+0xde>
2000036a:	2a00      	cmp	r2, #0
2000036c:	d1f2      	bne.n	20000354 <flash_do_cmd+0x94>
2000036e:	22c0      	movs	r2, #192	@ 0xc0
20000370:	0552      	lsls	r2, r2, #21
20000372:	6a96      	ldr	r6, [r2, #40]	@ 0x28
20000374:	2208      	movs	r2, #8
20000376:	4032      	ands	r2, r6
20000378:	07b6      	lsls	r6, r6, #30
2000037a:	d4f4      	bmi.n	20000366 <flash_do_cmd+0xa6>
2000037c:	2a00      	cmp	r2, #0
2000037e:	d104      	bne.n	2000038a <flash_do_cmd+0xca>
20000380:	000b      	movs	r3, r1
20000382:	4323      	orrs	r3, r4
20000384:	2b00      	cmp	r3, #0
20000386:	d1c3      	bne.n	20000310 <flash_do_cmd+0x50>
20000388:	e7da      	b.n	20000340 <flash_do_cmd+0x80>
2000038a:	000b      	movs	r3, r1
2000038c:	2c00      	cmp	r4, #0
2000038e:	d0f9      	beq.n	20000384 <flash_do_cmd+0xc4>
20000390:	6e03      	ldr	r3, [r0, #96]	@ 0x60
20000392:	3c01      	subs	r4, #1
20000394:	702b      	strb	r3, [r5, #0]
20000396:	0023      	movs	r3, r4
20000398:	3501      	adds	r5, #1
2000039a:	430b      	orrs	r3, r1
2000039c:	e7f2      	b.n	20000384 <flash_do_cmd+0xc4>
2000039e:	464b      	mov	r3, r9
200003a0:	781b      	ldrb	r3, [r3, #0]
200003a2:	3901      	subs	r1, #1
200003a4:	6603      	str	r3, [r0, #96]	@ 0x60
200003a6:	2301      	movs	r3, #1
200003a8:	4499      	add	r9, r3
200003aa:	e7e7      	b.n	2000037c <flash_do_cmd+0xbc>
200003ac:	2100      	movs	r1, #0
200003ae:	e7e5      	b.n	2000037c <flash_do_cmd+0xbc>
200003b0:	23c0      	movs	r3, #192	@ 0xc0
200003b2:	055b      	lsls	r3, r3, #21
200003b4:	6e1b      	ldr	r3, [r3, #96]	@ 0x60
200003b6:	3c01      	subs	r4, #1
200003b8:	702b      	strb	r3, [r5, #0]
200003ba:	3501      	adds	r5, #1
200003bc:	e7a8      	b.n	20000310 <flash_do_cmd+0x50>
200003be:	000b      	movs	r3, r1
200003c0:	42a2      	cmp	r2, r4
200003c2:	d1df      	bne.n	20000384 <flash_do_cmd+0xc4>
200003c4:	e7dc      	b.n	20000380 <flash_do_cmd+0xc0>
200003c6:	46c0      	nop			@ (mov r8, r8)
200003c8:	00004649 	.word	0x00004649
200003cc:	00005845 	.word	0x00005845
200003d0:	00004346 	.word	0x00004346

200003d4 <reset_non_control_endpoints>:
200003d4:	2200      	movs	r2, #0
200003d6:	4b15      	ldr	r3, [pc, #84]	@ (2000042c <reset_non_control_endpoints+0x58>)
200003d8:	b510      	push	{r4, lr}
200003da:	609a      	str	r2, [r3, #8]
200003dc:	60da      	str	r2, [r3, #12]
200003de:	611a      	str	r2, [r3, #16]
200003e0:	615a      	str	r2, [r3, #20]
200003e2:	619a      	str	r2, [r3, #24]
200003e4:	61da      	str	r2, [r3, #28]
200003e6:	621a      	str	r2, [r3, #32]
200003e8:	625a      	str	r2, [r3, #36]	@ 0x24
200003ea:	629a      	str	r2, [r3, #40]	@ 0x28
200003ec:	62da      	str	r2, [r3, #44]	@ 0x2c
200003ee:	631a      	str	r2, [r3, #48]	@ 0x30
200003f0:	635a      	str	r2, [r3, #52]	@ 0x34
200003f2:	639a      	str	r2, [r3, #56]	@ 0x38
200003f4:	63da      	str	r2, [r3, #60]	@ 0x3c
200003f6:	641a      	str	r2, [r3, #64]	@ 0x40
200003f8:	645a      	str	r2, [r3, #68]	@ 0x44
200003fa:	649a      	str	r2, [r3, #72]	@ 0x48
200003fc:	64da      	str	r2, [r3, #76]	@ 0x4c
200003fe:	651a      	str	r2, [r3, #80]	@ 0x50
20000400:	655a      	str	r2, [r3, #84]	@ 0x54
20000402:	659a      	str	r2, [r3, #88]	@ 0x58
20000404:	65da      	str	r2, [r3, #92]	@ 0x5c
20000406:	661a      	str	r2, [r3, #96]	@ 0x60
20000408:	665a      	str	r2, [r3, #100]	@ 0x64
2000040a:	669a      	str	r2, [r3, #104]	@ 0x68
2000040c:	66da      	str	r2, [r3, #108]	@ 0x6c
2000040e:	671a      	str	r2, [r3, #112]	@ 0x70
20000410:	675a      	str	r2, [r3, #116]	@ 0x74
20000412:	679a      	str	r2, [r3, #120]	@ 0x78
20000414:	67da      	str	r2, [r3, #124]	@ 0x7c
20000416:	32f0      	adds	r2, #240	@ 0xf0
20000418:	0092      	lsls	r2, r2, #2
2000041a:	2100      	movs	r1, #0
2000041c:	4804      	ldr	r0, [pc, #16]	@ (20000430 <reset_non_control_endpoints+0x5c>)
2000041e:	f000 fd8b 	bl	20000f38 <____wrap_memset_veneer>
20000422:	4b04      	ldr	r3, [pc, #16]	@ (20000434 <reset_non_control_endpoints+0x60>)
20000424:	4a04      	ldr	r2, [pc, #16]	@ (20000438 <reset_non_control_endpoints+0x64>)
20000426:	601a      	str	r2, [r3, #0]
20000428:	bd10      	pop	{r4, pc}
2000042a:	46c0      	nop			@ (mov r8, r8)
2000042c:	50100000 	.word	0x50100000
20000430:	200025cc 	.word	0x200025cc
20000434:	20002998 	.word	0x20002998
20000438:	50100180 	.word	0x50100180

2000043c <hw_handle_buff_status>:
2000043c:	b5f0      	push	{r4, r5, r6, r7, lr}
2000043e:	464f      	mov	r7, r9
20000440:	4646      	mov	r6, r8
20000442:	46d6      	mov	lr, sl
20000444:	b5c0      	push	{r6, r7, lr}
20000446:	4b22      	ldr	r3, [pc, #136]	@ (200004d0 <hw_handle_buff_status+0x94>)
20000448:	2400      	movs	r4, #0
2000044a:	6d9f      	ldr	r7, [r3, #88]	@ 0x58
2000044c:	2601      	movs	r6, #1
2000044e:	b086      	sub	sp, #24
20000450:	2f00      	cmp	r7, #0
20000452:	d01b      	beq.n	2000048c <hw_handle_buff_status+0x50>
20000454:	4b1f      	ldr	r3, [pc, #124]	@ (200004d4 <hw_handle_buff_status+0x98>)
20000456:	4699      	mov	r9, r3
20000458:	4b1f      	ldr	r3, [pc, #124]	@ (200004d8 <hw_handle_buff_status+0x9c>)
2000045a:	469a      	mov	sl, r3
2000045c:	e004      	b.n	20000468 <hw_handle_buff_status+0x2c>
2000045e:	3401      	adds	r4, #1
20000460:	b2e4      	uxtb	r4, r4
20000462:	0076      	lsls	r6, r6, #1
20000464:	2c20      	cmp	r4, #32
20000466:	d011      	beq.n	2000048c <hw_handle_buff_status+0x50>
20000468:	423e      	tst	r6, r7
2000046a:	d0f8      	beq.n	2000045e <hw_handle_buff_status+0x22>
2000046c:	464b      	mov	r3, r9
2000046e:	659e      	str	r6, [r3, #88]	@ 0x58
20000470:	2301      	movs	r3, #1
20000472:	0865      	lsrs	r5, r4, #1
20000474:	006d      	lsls	r5, r5, #1
20000476:	43a3      	bics	r3, r4
20000478:	18ed      	adds	r5, r5, r3
2000047a:	016d      	lsls	r5, r5, #5
2000047c:	4455      	add	r5, sl
2000047e:	0028      	movs	r0, r5
20000480:	f000 fc34 	bl	20000cec <hw_endpoint_xfer_continue>
20000484:	2800      	cmp	r0, #0
20000486:	d107      	bne.n	20000498 <hw_handle_buff_status+0x5c>
20000488:	43b7      	bics	r7, r6
2000048a:	d1e8      	bne.n	2000045e <hw_handle_buff_status+0x22>
2000048c:	b006      	add	sp, #24
2000048e:	bce0      	pop	{r5, r6, r7}
20000490:	46ba      	mov	sl, r7
20000492:	46b1      	mov	r9, r6
20000494:	46a8      	mov	r8, r5
20000496:	bdf0      	pop	{r4, r5, r6, r7, pc}
20000498:	a903      	add	r1, sp, #12
2000049a:	4688      	mov	r8, r1
2000049c:	8aea      	ldrh	r2, [r5, #22]
2000049e:	78ab      	ldrb	r3, [r5, #2]
200004a0:	a802      	add	r0, sp, #8
200004a2:	9201      	str	r2, [sp, #4]
200004a4:	2100      	movs	r1, #0
200004a6:	2206      	movs	r2, #6
200004a8:	3006      	adds	r0, #6
200004aa:	9300      	str	r3, [sp, #0]
200004ac:	f000 fd44 	bl	20000f38 <____wrap_memset_veneer>
200004b0:	23e0      	movs	r3, #224	@ 0xe0
200004b2:	4641      	mov	r1, r8
200004b4:	00db      	lsls	r3, r3, #3
200004b6:	9a01      	ldr	r2, [sp, #4]
200004b8:	800b      	strh	r3, [r1, #0]
200004ba:	9b00      	ldr	r3, [sp, #0]
200004bc:	4640      	mov	r0, r8
200004be:	710b      	strb	r3, [r1, #4]
200004c0:	608a      	str	r2, [r1, #8]
200004c2:	2101      	movs	r1, #1
200004c4:	f000 fc32 	bl	20000d2c <dcd_event_handler>
200004c8:	0028      	movs	r0, r5
200004ca:	f000 fbad 	bl	20000c28 <hw_endpoint_reset_transfer>
200004ce:	e7db      	b.n	20000488 <hw_handle_buff_status+0x4c>
200004d0:	50110000 	.word	0x50110000
200004d4:	50113000 	.word	0x50113000
200004d8:	2000258c 	.word	0x2000258c

200004dc <dcd_rp2040_irq>:
200004dc:	2398      	movs	r3, #152	@ 0x98
200004de:	4acb      	ldr	r2, [pc, #812]	@ (2000080c <dcd_rp2040_irq+0x330>)
200004e0:	b5f0      	push	{r4, r5, r6, r7, lr}
200004e2:	58d5      	ldr	r5, [r2, r3]
200004e4:	2380      	movs	r3, #128	@ 0x80
200004e6:	002e      	movs	r6, r5
200004e8:	029b      	lsls	r3, r3, #10
200004ea:	2410      	movs	r4, #16
200004ec:	b085      	sub	sp, #20
200004ee:	401e      	ands	r6, r3
200004f0:	421d      	tst	r5, r3
200004f2:	d07a      	beq.n	200005ea <dcd_rp2040_irq+0x10e>
200004f4:	4bc6      	ldr	r3, [pc, #792]	@ (20000810 <dcd_rp2040_irq+0x334>)
200004f6:	4cc7      	ldr	r4, [pc, #796]	@ (20000814 <dcd_rp2040_irq+0x338>)
200004f8:	6a9a      	ldr	r2, [r3, #40]	@ 0x28
200004fa:	4bc7      	ldr	r3, [pc, #796]	@ (20000818 <dcd_rp2040_irq+0x33c>)
200004fc:	2600      	movs	r6, #0
200004fe:	601a      	str	r2, [r3, #0]
20000500:	233b      	movs	r3, #59	@ 0x3b
20000502:	5ce3      	ldrb	r3, [r4, r3]
20000504:	2b02      	cmp	r3, #2
20000506:	d100      	bne.n	2000050a <dcd_rp2040_irq+0x2e>
20000508:	e161      	b.n	200007ce <dcd_rp2040_irq+0x2f2>
2000050a:	237b      	movs	r3, #123	@ 0x7b
2000050c:	5ce3      	ldrb	r3, [r4, r3]
2000050e:	2b02      	cmp	r3, #2
20000510:	d100      	bne.n	20000514 <dcd_rp2040_irq+0x38>
20000512:	e105      	b.n	20000720 <dcd_rp2040_irq+0x244>
20000514:	23bb      	movs	r3, #187	@ 0xbb
20000516:	5ce3      	ldrb	r3, [r4, r3]
20000518:	2b02      	cmp	r3, #2
2000051a:	d100      	bne.n	2000051e <dcd_rp2040_irq+0x42>
2000051c:	e10c      	b.n	20000738 <dcd_rp2040_irq+0x25c>
2000051e:	23fb      	movs	r3, #251	@ 0xfb
20000520:	5ce3      	ldrb	r3, [r4, r3]
20000522:	2b02      	cmp	r3, #2
20000524:	d100      	bne.n	20000528 <dcd_rp2040_irq+0x4c>
20000526:	e113      	b.n	20000750 <dcd_rp2040_irq+0x274>
20000528:	233c      	movs	r3, #60	@ 0x3c
2000052a:	33ff      	adds	r3, #255	@ 0xff
2000052c:	5ce3      	ldrb	r3, [r4, r3]
2000052e:	2b02      	cmp	r3, #2
20000530:	d100      	bne.n	20000534 <dcd_rp2040_irq+0x58>
20000532:	e13f      	b.n	200007b4 <dcd_rp2040_irq+0x2d8>
20000534:	237c      	movs	r3, #124	@ 0x7c
20000536:	33ff      	adds	r3, #255	@ 0xff
20000538:	5ce3      	ldrb	r3, [r4, r3]
2000053a:	2b02      	cmp	r3, #2
2000053c:	d100      	bne.n	20000540 <dcd_rp2040_irq+0x64>
2000053e:	e120      	b.n	20000782 <dcd_rp2040_irq+0x2a6>
20000540:	23bc      	movs	r3, #188	@ 0xbc
20000542:	33ff      	adds	r3, #255	@ 0xff
20000544:	5ce3      	ldrb	r3, [r4, r3]
20000546:	2b02      	cmp	r3, #2
20000548:	d100      	bne.n	2000054c <dcd_rp2040_irq+0x70>
2000054a:	e151      	b.n	200007f0 <dcd_rp2040_irq+0x314>
2000054c:	23fc      	movs	r3, #252	@ 0xfc
2000054e:	33ff      	adds	r3, #255	@ 0xff
20000550:	5ce3      	ldrb	r3, [r4, r3]
20000552:	2b02      	cmp	r3, #2
20000554:	d100      	bne.n	20000558 <dcd_rp2040_irq+0x7c>
20000556:	e107      	b.n	20000768 <dcd_rp2040_irq+0x28c>
20000558:	4bb0      	ldr	r3, [pc, #704]	@ (2000081c <dcd_rp2040_irq+0x340>)
2000055a:	5ce3      	ldrb	r3, [r4, r3]
2000055c:	2b02      	cmp	r3, #2
2000055e:	d100      	bne.n	20000562 <dcd_rp2040_irq+0x86>
20000560:	e184      	b.n	2000086c <dcd_rp2040_irq+0x390>
20000562:	4baf      	ldr	r3, [pc, #700]	@ (20000820 <dcd_rp2040_irq+0x344>)
20000564:	5ce3      	ldrb	r3, [r4, r3]
20000566:	2b02      	cmp	r3, #2
20000568:	d100      	bne.n	2000056c <dcd_rp2040_irq+0x90>
2000056a:	e117      	b.n	2000079c <dcd_rp2040_irq+0x2c0>
2000056c:	4bad      	ldr	r3, [pc, #692]	@ (20000824 <dcd_rp2040_irq+0x348>)
2000056e:	5ce3      	ldrb	r3, [r4, r3]
20000570:	2b02      	cmp	r3, #2
20000572:	d100      	bne.n	20000576 <dcd_rp2040_irq+0x9a>
20000574:	e185      	b.n	20000882 <dcd_rp2040_irq+0x3a6>
20000576:	4bac      	ldr	r3, [pc, #688]	@ (20000828 <dcd_rp2040_irq+0x34c>)
20000578:	5ce3      	ldrb	r3, [r4, r3]
2000057a:	2b02      	cmp	r3, #2
2000057c:	d100      	bne.n	20000580 <dcd_rp2040_irq+0xa4>
2000057e:	e169      	b.n	20000854 <dcd_rp2040_irq+0x378>
20000580:	4baa      	ldr	r3, [pc, #680]	@ (2000082c <dcd_rp2040_irq+0x350>)
20000582:	5ce3      	ldrb	r3, [r4, r3]
20000584:	2b02      	cmp	r3, #2
20000586:	d100      	bne.n	2000058a <dcd_rp2040_irq+0xae>
20000588:	e1b0      	b.n	200008ec <dcd_rp2040_irq+0x410>
2000058a:	4ba9      	ldr	r3, [pc, #676]	@ (20000830 <dcd_rp2040_irq+0x354>)
2000058c:	5ce3      	ldrb	r3, [r4, r3]
2000058e:	2b02      	cmp	r3, #2
20000590:	d100      	bne.n	20000594 <dcd_rp2040_irq+0xb8>
20000592:	e181      	b.n	20000898 <dcd_rp2040_irq+0x3bc>
20000594:	4ba7      	ldr	r3, [pc, #668]	@ (20000834 <dcd_rp2040_irq+0x358>)
20000596:	5ce3      	ldrb	r3, [r4, r3]
20000598:	2b02      	cmp	r3, #2
2000059a:	d100      	bne.n	2000059e <dcd_rp2040_irq+0xc2>
2000059c:	e1b1      	b.n	20000902 <dcd_rp2040_irq+0x426>
2000059e:	4ba6      	ldr	r3, [pc, #664]	@ (20000838 <dcd_rp2040_irq+0x35c>)
200005a0:	5ce3      	ldrb	r3, [r4, r3]
200005a2:	2b02      	cmp	r3, #2
200005a4:	d100      	bne.n	200005a8 <dcd_rp2040_irq+0xcc>
200005a6:	e18f      	b.n	200008c8 <dcd_rp2040_irq+0x3ec>
200005a8:	2e00      	cmp	r6, #0
200005aa:	d108      	bne.n	200005be <dcd_rp2040_irq+0xe2>
200005ac:	4ba3      	ldr	r3, [pc, #652]	@ (2000083c <dcd_rp2040_irq+0x360>)
200005ae:	781b      	ldrb	r3, [r3, #0]
200005b0:	2b00      	cmp	r3, #0
200005b2:	d104      	bne.n	200005be <dcd_rp2040_irq+0xe2>
200005b4:	2180      	movs	r1, #128	@ 0x80
200005b6:	4aa2      	ldr	r2, [pc, #648]	@ (20000840 <dcd_rp2040_irq+0x364>)
200005b8:	3390      	adds	r3, #144	@ 0x90
200005ba:	0289      	lsls	r1, r1, #10
200005bc:	50d1      	str	r1, [r2, r3]
200005be:	4b93      	ldr	r3, [pc, #588]	@ (2000080c <dcd_rp2040_irq+0x330>)
200005c0:	220a      	movs	r2, #10
200005c2:	6c9c      	ldr	r4, [r3, #72]	@ 0x48
200005c4:	466b      	mov	r3, sp
200005c6:	2100      	movs	r1, #0
200005c8:	1d98      	adds	r0, r3, #6
200005ca:	f000 fcb5 	bl	20000f38 <____wrap_memset_veneer>
200005ce:	23c0      	movs	r3, #192	@ 0xc0
200005d0:	466a      	mov	r2, sp
200005d2:	009b      	lsls	r3, r3, #2
200005d4:	0564      	lsls	r4, r4, #21
200005d6:	8093      	strh	r3, [r2, #4]
200005d8:	0d64      	lsrs	r4, r4, #21
200005da:	2101      	movs	r1, #1
200005dc:	2680      	movs	r6, #128	@ 0x80
200005de:	a801      	add	r0, sp, #4
200005e0:	9402      	str	r4, [sp, #8]
200005e2:	f000 fba3 	bl	20000d2c <dcd_event_handler>
200005e6:	4c97      	ldr	r4, [pc, #604]	@ (20000844 <dcd_rp2040_irq+0x368>)
200005e8:	02b6      	lsls	r6, r6, #10
200005ea:	06eb      	lsls	r3, r5, #27
200005ec:	d500      	bpl.n	200005f0 <dcd_rp2040_irq+0x114>
200005ee:	e08b      	b.n	20000708 <dcd_rp2040_irq+0x22c>
200005f0:	2380      	movs	r3, #128	@ 0x80
200005f2:	025b      	lsls	r3, r3, #9
200005f4:	421d      	tst	r5, r3
200005f6:	d02e      	beq.n	20000656 <dcd_rp2040_irq+0x17a>
200005f8:	2402      	movs	r4, #2
200005fa:	4f86      	ldr	r7, [pc, #536]	@ (20000814 <dcd_rp2040_irq+0x338>)
200005fc:	431e      	orrs	r6, r3
200005fe:	7ebb      	ldrb	r3, [r7, #26]
20000600:	2b00      	cmp	r3, #0
20000602:	d014      	beq.n	2000062e <dcd_rp2040_irq+0x152>
20000604:	f000 fc88 	bl	20000f18 <__rp2040_chip_version_veneer>
20000608:	2801      	cmp	r0, #1
2000060a:	d900      	bls.n	2000060e <dcd_rp2040_irq+0x132>
2000060c:	e080      	b.n	20000710 <dcd_rp2040_irq+0x234>
2000060e:	22c0      	movs	r2, #192	@ 0xc0
20000610:	2100      	movs	r1, #0
20000612:	0038      	movs	r0, r7
20000614:	0192      	lsls	r2, r2, #6
20000616:	f000 fb0d 	bl	20000c34 <_hw_endpoint_buffer_control_update32>
2000061a:	0038      	movs	r0, r7
2000061c:	f000 fb04 	bl	20000c28 <hw_endpoint_reset_transfer>
20000620:	f000 fc7a 	bl	20000f18 <__rp2040_chip_version_veneer>
20000624:	2801      	cmp	r0, #1
20000626:	d902      	bls.n	2000062e <dcd_rp2040_irq+0x152>
20000628:	4b85      	ldr	r3, [pc, #532]	@ (20000840 <dcd_rp2040_irq+0x364>)
2000062a:	665c      	str	r4, [r3, #100]	@ 0x64
2000062c:	661c      	str	r4, [r3, #96]	@ 0x60
2000062e:	2301      	movs	r3, #1
20000630:	70fb      	strb	r3, [r7, #3]
20000632:	3720      	adds	r7, #32
20000634:	2c01      	cmp	r4, #1
20000636:	d11f      	bne.n	20000678 <dcd_rp2040_irq+0x19c>
20000638:	23c0      	movs	r3, #192	@ 0xc0
2000063a:	4a83      	ldr	r2, [pc, #524]	@ (20000848 <dcd_rp2040_irq+0x36c>)
2000063c:	00db      	lsls	r3, r3, #3
2000063e:	9301      	str	r3, [sp, #4]
20000640:	ab02      	add	r3, sp, #8
20000642:	ca03      	ldmia	r2!, {r0, r1}
20000644:	c303      	stmia	r3!, {r0, r1}
20000646:	2101      	movs	r1, #1
20000648:	a801      	add	r0, sp, #4
2000064a:	f000 fb6f 	bl	20000d2c <dcd_event_handler>
2000064e:	2280      	movs	r2, #128	@ 0x80
20000650:	4b7b      	ldr	r3, [pc, #492]	@ (20000840 <dcd_rp2040_irq+0x364>)
20000652:	0292      	lsls	r2, r2, #10
20000654:	651a      	str	r2, [r3, #80]	@ 0x50
20000656:	2380      	movs	r3, #128	@ 0x80
20000658:	015b      	lsls	r3, r3, #5
2000065a:	421d      	tst	r5, r3
2000065c:	d10e      	bne.n	2000067c <dcd_rp2040_irq+0x1a0>
2000065e:	2380      	movs	r3, #128	@ 0x80
20000660:	01db      	lsls	r3, r3, #7
20000662:	421d      	tst	r5, r3
20000664:	d126      	bne.n	200006b4 <dcd_rp2040_irq+0x1d8>
20000666:	2380      	movs	r3, #128	@ 0x80
20000668:	021b      	lsls	r3, r3, #8
2000066a:	421d      	tst	r5, r3
2000066c:	d138      	bne.n	200006e0 <dcd_rp2040_irq+0x204>
2000066e:	42ae      	cmp	r6, r5
20000670:	d000      	beq.n	20000674 <dcd_rp2040_irq+0x198>
20000672:	e1cd      	b.n	20000a10 <dcd_rp2040_irq+0x534>
20000674:	b005      	add	sp, #20
20000676:	bdf0      	pop	{r4, r5, r6, r7, pc}
20000678:	2401      	movs	r4, #1
2000067a:	e7c0      	b.n	200005fe <dcd_rp2040_irq+0x122>
2000067c:	2200      	movs	r2, #0
2000067e:	431e      	orrs	r6, r3
20000680:	4b62      	ldr	r3, [pc, #392]	@ (2000080c <dcd_rp2040_irq+0x330>)
20000682:	601a      	str	r2, [r3, #0]
20000684:	f7ff fea6 	bl	200003d4 <reset_non_control_endpoints>
20000688:	466b      	mov	r3, sp
2000068a:	220a      	movs	r2, #10
2000068c:	2100      	movs	r1, #0
2000068e:	1d98      	adds	r0, r3, #6
20000690:	f000 fc52 	bl	20000f38 <____wrap_memset_veneer>
20000694:	2380      	movs	r3, #128	@ 0x80
20000696:	466a      	mov	r2, sp
20000698:	005b      	lsls	r3, r3, #1
2000069a:	8093      	strh	r3, [r2, #4]
2000069c:	2101      	movs	r1, #1
2000069e:	a801      	add	r0, sp, #4
200006a0:	f000 fb44 	bl	20000d2c <dcd_event_handler>
200006a4:	2280      	movs	r2, #128	@ 0x80
200006a6:	4b66      	ldr	r3, [pc, #408]	@ (20000840 <dcd_rp2040_irq+0x364>)
200006a8:	0312      	lsls	r2, r2, #12
200006aa:	651a      	str	r2, [r3, #80]	@ 0x50
200006ac:	2380      	movs	r3, #128	@ 0x80
200006ae:	01db      	lsls	r3, r3, #7
200006b0:	421d      	tst	r5, r3
200006b2:	d0d8      	beq.n	20000666 <dcd_rp2040_irq+0x18a>
200006b4:	431e      	orrs	r6, r3
200006b6:	466b      	mov	r3, sp
200006b8:	220a      	movs	r2, #10
200006ba:	2100      	movs	r1, #0
200006bc:	1d98      	adds	r0, r3, #6
200006be:	f000 fc3b 	bl	20000f38 <____wrap_memset_veneer>
200006c2:	2380      	movs	r3, #128	@ 0x80
200006c4:	466a      	mov	r2, sp
200006c6:	00db      	lsls	r3, r3, #3
200006c8:	8093      	strh	r3, [r2, #4]
200006ca:	2101      	movs	r1, #1
200006cc:	a801      	add	r0, sp, #4
200006ce:	f000 fb2d 	bl	20000d2c <dcd_event_handler>
200006d2:	2210      	movs	r2, #16
200006d4:	4b5a      	ldr	r3, [pc, #360]	@ (20000840 <dcd_rp2040_irq+0x364>)
200006d6:	651a      	str	r2, [r3, #80]	@ 0x50
200006d8:	2380      	movs	r3, #128	@ 0x80
200006da:	021b      	lsls	r3, r3, #8
200006dc:	421d      	tst	r5, r3
200006de:	d0c6      	beq.n	2000066e <dcd_rp2040_irq+0x192>
200006e0:	431e      	orrs	r6, r3
200006e2:	466b      	mov	r3, sp
200006e4:	220a      	movs	r2, #10
200006e6:	2100      	movs	r1, #0
200006e8:	1d98      	adds	r0, r3, #6
200006ea:	f000 fc25 	bl	20000f38 <____wrap_memset_veneer>
200006ee:	23a0      	movs	r3, #160	@ 0xa0
200006f0:	466a      	mov	r2, sp
200006f2:	00db      	lsls	r3, r3, #3
200006f4:	8093      	strh	r3, [r2, #4]
200006f6:	2101      	movs	r1, #1
200006f8:	a801      	add	r0, sp, #4
200006fa:	f000 fb17 	bl	20000d2c <dcd_event_handler>
200006fe:	2280      	movs	r2, #128	@ 0x80
20000700:	4b4f      	ldr	r3, [pc, #316]	@ (20000840 <dcd_rp2040_irq+0x364>)
20000702:	0112      	lsls	r2, r2, #4
20000704:	651a      	str	r2, [r3, #80]	@ 0x50
20000706:	e7b2      	b.n	2000066e <dcd_rp2040_irq+0x192>
20000708:	f7ff fe98 	bl	2000043c <hw_handle_buff_status>
2000070c:	0026      	movs	r6, r4
2000070e:	e76f      	b.n	200005f0 <dcd_rp2040_irq+0x114>
20000710:	4b4e      	ldr	r3, [pc, #312]	@ (2000084c <dcd_rp2040_irq+0x370>)
20000712:	4a3e      	ldr	r2, [pc, #248]	@ (2000080c <dcd_rp2040_irq+0x330>)
20000714:	661c      	str	r4, [r3, #96]	@ 0x60
20000716:	6e53      	ldr	r3, [r2, #100]	@ 0x64
20000718:	4023      	ands	r3, r4
2000071a:	42a3      	cmp	r3, r4
2000071c:	d1fb      	bne.n	20000716 <dcd_rp2040_irq+0x23a>
2000071e:	e776      	b.n	2000060e <dcd_rp2040_irq+0x132>
20000720:	3378      	adds	r3, #120	@ 0x78
20000722:	5ce7      	ldrb	r7, [r4, r3]
20000724:	2f00      	cmp	r7, #0
20000726:	d100      	bne.n	2000072a <dcd_rp2040_irq+0x24e>
20000728:	e6f4      	b.n	20000514 <dcd_rp2040_irq+0x38>
2000072a:	3302      	adds	r3, #2
2000072c:	5ce2      	ldrb	r2, [r4, r3]
2000072e:	2a00      	cmp	r2, #0
20000730:	d000      	beq.n	20000734 <dcd_rp2040_irq+0x258>
20000732:	e10b      	b.n	2000094c <dcd_rp2040_irq+0x470>
20000734:	003e      	movs	r6, r7
20000736:	e6ed      	b.n	20000514 <dcd_rp2040_irq+0x38>
20000738:	33b8      	adds	r3, #184	@ 0xb8
2000073a:	5ce7      	ldrb	r7, [r4, r3]
2000073c:	2f00      	cmp	r7, #0
2000073e:	d100      	bne.n	20000742 <dcd_rp2040_irq+0x266>
20000740:	e6ed      	b.n	2000051e <dcd_rp2040_irq+0x42>
20000742:	3302      	adds	r3, #2
20000744:	5ce2      	ldrb	r2, [r4, r3]
20000746:	2a00      	cmp	r2, #0
20000748:	d000      	beq.n	2000074c <dcd_rp2040_irq+0x270>
2000074a:	e0f7      	b.n	2000093c <dcd_rp2040_irq+0x460>
2000074c:	003e      	movs	r6, r7
2000074e:	e6e6      	b.n	2000051e <dcd_rp2040_irq+0x42>
20000750:	33f8      	adds	r3, #248	@ 0xf8
20000752:	5ce7      	ldrb	r7, [r4, r3]
20000754:	2f00      	cmp	r7, #0
20000756:	d100      	bne.n	2000075a <dcd_rp2040_irq+0x27e>
20000758:	e6e6      	b.n	20000528 <dcd_rp2040_irq+0x4c>
2000075a:	3302      	adds	r3, #2
2000075c:	5ce2      	ldrb	r2, [r4, r3]
2000075e:	2a00      	cmp	r2, #0
20000760:	d000      	beq.n	20000764 <dcd_rp2040_irq+0x288>
20000762:	e13f      	b.n	200009e4 <dcd_rp2040_irq+0x508>
20000764:	003e      	movs	r6, r7
20000766:	e6df      	b.n	20000528 <dcd_rp2040_irq+0x4c>
20000768:	33f9      	adds	r3, #249	@ 0xf9
2000076a:	33ff      	adds	r3, #255	@ 0xff
2000076c:	5ce7      	ldrb	r7, [r4, r3]
2000076e:	2f00      	cmp	r7, #0
20000770:	d100      	bne.n	20000774 <dcd_rp2040_irq+0x298>
20000772:	e6f1      	b.n	20000558 <dcd_rp2040_irq+0x7c>
20000774:	3302      	adds	r3, #2
20000776:	5ce2      	ldrb	r2, [r4, r3]
20000778:	2a00      	cmp	r2, #0
2000077a:	d000      	beq.n	2000077e <dcd_rp2040_irq+0x2a2>
2000077c:	e129      	b.n	200009d2 <dcd_rp2040_irq+0x4f6>
2000077e:	003e      	movs	r6, r7
20000780:	e6ea      	b.n	20000558 <dcd_rp2040_irq+0x7c>
20000782:	3379      	adds	r3, #121	@ 0x79
20000784:	33ff      	adds	r3, #255	@ 0xff
20000786:	5ce7      	ldrb	r7, [r4, r3]
20000788:	2f00      	cmp	r7, #0
2000078a:	d100      	bne.n	2000078e <dcd_rp2040_irq+0x2b2>
2000078c:	e6d8      	b.n	20000540 <dcd_rp2040_irq+0x64>
2000078e:	3302      	adds	r3, #2
20000790:	5ce2      	ldrb	r2, [r4, r3]
20000792:	2a00      	cmp	r2, #0
20000794:	d000      	beq.n	20000798 <dcd_rp2040_irq+0x2bc>
20000796:	e113      	b.n	200009c0 <dcd_rp2040_irq+0x4e4>
20000798:	003e      	movs	r6, r7
2000079a:	e6d1      	b.n	20000540 <dcd_rp2040_irq+0x64>
2000079c:	4b2c      	ldr	r3, [pc, #176]	@ (20000850 <dcd_rp2040_irq+0x374>)
2000079e:	5ce7      	ldrb	r7, [r4, r3]
200007a0:	2f00      	cmp	r7, #0
200007a2:	d100      	bne.n	200007a6 <dcd_rp2040_irq+0x2ca>
200007a4:	e6e2      	b.n	2000056c <dcd_rp2040_irq+0x90>
200007a6:	3302      	adds	r3, #2
200007a8:	5ce2      	ldrb	r2, [r4, r3]
200007aa:	2a00      	cmp	r2, #0
200007ac:	d000      	beq.n	200007b0 <dcd_rp2040_irq+0x2d4>
200007ae:	e0ff      	b.n	200009b0 <dcd_rp2040_irq+0x4d4>
200007b0:	003e      	movs	r6, r7
200007b2:	e6db      	b.n	2000056c <dcd_rp2040_irq+0x90>
200007b4:	3339      	adds	r3, #57	@ 0x39
200007b6:	33ff      	adds	r3, #255	@ 0xff
200007b8:	5ce7      	ldrb	r7, [r4, r3]
200007ba:	2f00      	cmp	r7, #0
200007bc:	d100      	bne.n	200007c0 <dcd_rp2040_irq+0x2e4>
200007be:	e6b9      	b.n	20000534 <dcd_rp2040_irq+0x58>
200007c0:	3302      	adds	r3, #2
200007c2:	5ce2      	ldrb	r2, [r4, r3]
200007c4:	2a00      	cmp	r2, #0
200007c6:	d000      	beq.n	200007ca <dcd_rp2040_irq+0x2ee>
200007c8:	e0e9      	b.n	2000099e <dcd_rp2040_irq+0x4c2>
200007ca:	003e      	movs	r6, r7
200007cc:	e6b2      	b.n	20000534 <dcd_rp2040_irq+0x58>
200007ce:	3338      	adds	r3, #56	@ 0x38
200007d0:	5ce6      	ldrb	r6, [r4, r3]
200007d2:	2e00      	cmp	r6, #0
200007d4:	d100      	bne.n	200007d8 <dcd_rp2040_irq+0x2fc>
200007d6:	e698      	b.n	2000050a <dcd_rp2040_irq+0x2e>
200007d8:	3302      	adds	r3, #2
200007da:	5ce2      	ldrb	r2, [r4, r3]
200007dc:	2a00      	cmp	r2, #0
200007de:	d100      	bne.n	200007e2 <dcd_rp2040_irq+0x306>
200007e0:	e693      	b.n	2000050a <dcd_rp2040_irq+0x2e>
200007e2:	0020      	movs	r0, r4
200007e4:	2200      	movs	r2, #0
200007e6:	3020      	adds	r0, #32
200007e8:	54e2      	strb	r2, [r4, r3]
200007ea:	f000 fa4b 	bl	20000c84 <hw_endpoint_start_next_buffer>
200007ee:	e68c      	b.n	2000050a <dcd_rp2040_irq+0x2e>
200007f0:	33b9      	adds	r3, #185	@ 0xb9
200007f2:	33ff      	adds	r3, #255	@ 0xff
200007f4:	5ce7      	ldrb	r7, [r4, r3]
200007f6:	2f00      	cmp	r7, #0
200007f8:	d100      	bne.n	200007fc <dcd_rp2040_irq+0x320>
200007fa:	e6a7      	b.n	2000054c <dcd_rp2040_irq+0x70>
200007fc:	3302      	adds	r3, #2
200007fe:	5ce2      	ldrb	r2, [r4, r3]
20000800:	2a00      	cmp	r2, #0
20000802:	d000      	beq.n	20000806 <dcd_rp2040_irq+0x32a>
20000804:	e0c2      	b.n	2000098c <dcd_rp2040_irq+0x4b0>
20000806:	003e      	movs	r6, r7
20000808:	e6a0      	b.n	2000054c <dcd_rp2040_irq+0x70>
2000080a:	46c0      	nop			@ (mov r8, r8)
2000080c:	50110000 	.word	0x50110000
20000810:	40054000 	.word	0x40054000
20000814:	2000258c 	.word	0x2000258c
20000818:	20002584 	.word	0x20002584
2000081c:	0000023b 	.word	0x0000023b
20000820:	0000027b 	.word	0x0000027b
20000824:	000002bb 	.word	0x000002bb
20000828:	000002fb 	.word	0x000002fb
2000082c:	0000033b 	.word	0x0000033b
20000830:	0000037b 	.word	0x0000037b
20000834:	000003bb 	.word	0x000003bb
20000838:	000003fb 	.word	0x000003fb
2000083c:	20002c22 	.word	0x20002c22
20000840:	50113000 	.word	0x50113000
20000844:	00020010 	.word	0x00020010
20000848:	50100000 	.word	0x50100000
2000084c:	50112000 	.word	0x50112000
20000850:	0000027a 	.word	0x0000027a
20000854:	4b71      	ldr	r3, [pc, #452]	@ (20000a1c <dcd_rp2040_irq+0x540>)
20000856:	5ce7      	ldrb	r7, [r4, r3]
20000858:	2f00      	cmp	r7, #0
2000085a:	d100      	bne.n	2000085e <dcd_rp2040_irq+0x382>
2000085c:	e690      	b.n	20000580 <dcd_rp2040_irq+0xa4>
2000085e:	3302      	adds	r3, #2
20000860:	5ce2      	ldrb	r2, [r4, r3]
20000862:	2a00      	cmp	r2, #0
20000864:	d000      	beq.n	20000868 <dcd_rp2040_irq+0x38c>
20000866:	e089      	b.n	2000097c <dcd_rp2040_irq+0x4a0>
20000868:	003e      	movs	r6, r7
2000086a:	e689      	b.n	20000580 <dcd_rp2040_irq+0xa4>
2000086c:	4b6c      	ldr	r3, [pc, #432]	@ (20000a20 <dcd_rp2040_irq+0x544>)
2000086e:	5ce7      	ldrb	r7, [r4, r3]
20000870:	2f00      	cmp	r7, #0
20000872:	d100      	bne.n	20000876 <dcd_rp2040_irq+0x39a>
20000874:	e675      	b.n	20000562 <dcd_rp2040_irq+0x86>
20000876:	3302      	adds	r3, #2
20000878:	5ce2      	ldrb	r2, [r4, r3]
2000087a:	2a00      	cmp	r2, #0
2000087c:	d176      	bne.n	2000096c <dcd_rp2040_irq+0x490>
2000087e:	003e      	movs	r6, r7
20000880:	e66f      	b.n	20000562 <dcd_rp2040_irq+0x86>
20000882:	4b68      	ldr	r3, [pc, #416]	@ (20000a24 <dcd_rp2040_irq+0x548>)
20000884:	5ce7      	ldrb	r7, [r4, r3]
20000886:	2f00      	cmp	r7, #0
20000888:	d100      	bne.n	2000088c <dcd_rp2040_irq+0x3b0>
2000088a:	e674      	b.n	20000576 <dcd_rp2040_irq+0x9a>
2000088c:	3302      	adds	r3, #2
2000088e:	5ce2      	ldrb	r2, [r4, r3]
20000890:	2a00      	cmp	r2, #0
20000892:	d163      	bne.n	2000095c <dcd_rp2040_irq+0x480>
20000894:	003e      	movs	r6, r7
20000896:	e66e      	b.n	20000576 <dcd_rp2040_irq+0x9a>
20000898:	4b63      	ldr	r3, [pc, #396]	@ (20000a28 <dcd_rp2040_irq+0x54c>)
2000089a:	5ce7      	ldrb	r7, [r4, r3]
2000089c:	2f00      	cmp	r7, #0
2000089e:	d100      	bne.n	200008a2 <dcd_rp2040_irq+0x3c6>
200008a0:	e678      	b.n	20000594 <dcd_rp2040_irq+0xb8>
200008a2:	3302      	adds	r3, #2
200008a4:	5ce2      	ldrb	r2, [r4, r3]
200008a6:	2a00      	cmp	r2, #0
200008a8:	d000      	beq.n	200008ac <dcd_rp2040_irq+0x3d0>
200008aa:	e0a3      	b.n	200009f4 <dcd_rp2040_irq+0x518>
200008ac:	4b5f      	ldr	r3, [pc, #380]	@ (20000a2c <dcd_rp2040_irq+0x550>)
200008ae:	5ce3      	ldrb	r3, [r4, r3]
200008b0:	2b02      	cmp	r3, #2
200008b2:	d130      	bne.n	20000916 <dcd_rp2040_irq+0x43a>
200008b4:	4b5e      	ldr	r3, [pc, #376]	@ (20000a30 <dcd_rp2040_irq+0x554>)
200008b6:	5ce3      	ldrb	r3, [r4, r3]
200008b8:	2b00      	cmp	r3, #0
200008ba:	d127      	bne.n	2000090c <dcd_rp2040_irq+0x430>
200008bc:	4b5d      	ldr	r3, [pc, #372]	@ (20000a34 <dcd_rp2040_irq+0x558>)
200008be:	5ce3      	ldrb	r3, [r4, r3]
200008c0:	2b02      	cmp	r3, #2
200008c2:	d000      	beq.n	200008c6 <dcd_rp2040_irq+0x3ea>
200008c4:	e67b      	b.n	200005be <dcd_rp2040_irq+0xe2>
200008c6:	003e      	movs	r6, r7
200008c8:	4b5b      	ldr	r3, [pc, #364]	@ (20000a38 <dcd_rp2040_irq+0x55c>)
200008ca:	5ce3      	ldrb	r3, [r4, r3]
200008cc:	2b00      	cmp	r3, #0
200008ce:	d100      	bne.n	200008d2 <dcd_rp2040_irq+0x3f6>
200008d0:	e66a      	b.n	200005a8 <dcd_rp2040_irq+0xcc>
200008d2:	23ff      	movs	r3, #255	@ 0xff
200008d4:	009b      	lsls	r3, r3, #2
200008d6:	5ce2      	ldrb	r2, [r4, r3]
200008d8:	2a00      	cmp	r2, #0
200008da:	d100      	bne.n	200008de <dcd_rp2040_irq+0x402>
200008dc:	e66f      	b.n	200005be <dcd_rp2040_irq+0xe2>
200008de:	2200      	movs	r2, #0
200008e0:	54e2      	strb	r2, [r4, r3]
200008e2:	3b1c      	subs	r3, #28
200008e4:	18e0      	adds	r0, r4, r3
200008e6:	f000 f9cd 	bl	20000c84 <hw_endpoint_start_next_buffer>
200008ea:	e668      	b.n	200005be <dcd_rp2040_irq+0xe2>
200008ec:	4b53      	ldr	r3, [pc, #332]	@ (20000a3c <dcd_rp2040_irq+0x560>)
200008ee:	5ce7      	ldrb	r7, [r4, r3]
200008f0:	2f00      	cmp	r7, #0
200008f2:	d100      	bne.n	200008f6 <dcd_rp2040_irq+0x41a>
200008f4:	e649      	b.n	2000058a <dcd_rp2040_irq+0xae>
200008f6:	3302      	adds	r3, #2
200008f8:	5ce2      	ldrb	r2, [r4, r3]
200008fa:	2a00      	cmp	r2, #0
200008fc:	d116      	bne.n	2000092c <dcd_rp2040_irq+0x450>
200008fe:	003e      	movs	r6, r7
20000900:	e643      	b.n	2000058a <dcd_rp2040_irq+0xae>
20000902:	4b4b      	ldr	r3, [pc, #300]	@ (20000a30 <dcd_rp2040_irq+0x554>)
20000904:	5ce3      	ldrb	r3, [r4, r3]
20000906:	2b00      	cmp	r3, #0
20000908:	d100      	bne.n	2000090c <dcd_rp2040_irq+0x430>
2000090a:	e648      	b.n	2000059e <dcd_rp2040_irq+0xc2>
2000090c:	23ef      	movs	r3, #239	@ 0xef
2000090e:	009b      	lsls	r3, r3, #2
20000910:	5ce2      	ldrb	r2, [r4, r3]
20000912:	2a00      	cmp	r2, #0
20000914:	d175      	bne.n	20000a02 <dcd_rp2040_irq+0x526>
20000916:	4b47      	ldr	r3, [pc, #284]	@ (20000a34 <dcd_rp2040_irq+0x558>)
20000918:	5ce3      	ldrb	r3, [r4, r3]
2000091a:	2b02      	cmp	r3, #2
2000091c:	d000      	beq.n	20000920 <dcd_rp2040_irq+0x444>
2000091e:	e64e      	b.n	200005be <dcd_rp2040_irq+0xe2>
20000920:	4b45      	ldr	r3, [pc, #276]	@ (20000a38 <dcd_rp2040_irq+0x55c>)
20000922:	5ce3      	ldrb	r3, [r4, r3]
20000924:	2b00      	cmp	r3, #0
20000926:	d100      	bne.n	2000092a <dcd_rp2040_irq+0x44e>
20000928:	e649      	b.n	200005be <dcd_rp2040_irq+0xe2>
2000092a:	e7d2      	b.n	200008d2 <dcd_rp2040_irq+0x3f6>
2000092c:	2200      	movs	r2, #0
2000092e:	54e2      	strb	r2, [r4, r3]
20000930:	3b1c      	subs	r3, #28
20000932:	18e0      	adds	r0, r4, r3
20000934:	f000 f9a6 	bl	20000c84 <hw_endpoint_start_next_buffer>
20000938:	003e      	movs	r6, r7
2000093a:	e626      	b.n	2000058a <dcd_rp2040_irq+0xae>
2000093c:	0020      	movs	r0, r4
2000093e:	2200      	movs	r2, #0
20000940:	30a0      	adds	r0, #160	@ 0xa0
20000942:	54e2      	strb	r2, [r4, r3]
20000944:	003e      	movs	r6, r7
20000946:	f000 f99d 	bl	20000c84 <hw_endpoint_start_next_buffer>
2000094a:	e5e8      	b.n	2000051e <dcd_rp2040_irq+0x42>
2000094c:	0020      	movs	r0, r4
2000094e:	2200      	movs	r2, #0
20000950:	3060      	adds	r0, #96	@ 0x60
20000952:	54e2      	strb	r2, [r4, r3]
20000954:	003e      	movs	r6, r7
20000956:	f000 f995 	bl	20000c84 <hw_endpoint_start_next_buffer>
2000095a:	e5db      	b.n	20000514 <dcd_rp2040_irq+0x38>
2000095c:	2200      	movs	r2, #0
2000095e:	54e2      	strb	r2, [r4, r3]
20000960:	3b1c      	subs	r3, #28
20000962:	18e0      	adds	r0, r4, r3
20000964:	f000 f98e 	bl	20000c84 <hw_endpoint_start_next_buffer>
20000968:	003e      	movs	r6, r7
2000096a:	e604      	b.n	20000576 <dcd_rp2040_irq+0x9a>
2000096c:	2200      	movs	r2, #0
2000096e:	54e2      	strb	r2, [r4, r3]
20000970:	3b1c      	subs	r3, #28
20000972:	18e0      	adds	r0, r4, r3
20000974:	f000 f986 	bl	20000c84 <hw_endpoint_start_next_buffer>
20000978:	003e      	movs	r6, r7
2000097a:	e5f2      	b.n	20000562 <dcd_rp2040_irq+0x86>
2000097c:	2200      	movs	r2, #0
2000097e:	54e2      	strb	r2, [r4, r3]
20000980:	3b1c      	subs	r3, #28
20000982:	18e0      	adds	r0, r4, r3
20000984:	f000 f97e 	bl	20000c84 <hw_endpoint_start_next_buffer>
20000988:	003e      	movs	r6, r7
2000098a:	e5f9      	b.n	20000580 <dcd_rp2040_irq+0xa4>
2000098c:	0020      	movs	r0, r4
2000098e:	2200      	movs	r2, #0
20000990:	30a1      	adds	r0, #161	@ 0xa1
20000992:	30ff      	adds	r0, #255	@ 0xff
20000994:	54e2      	strb	r2, [r4, r3]
20000996:	003e      	movs	r6, r7
20000998:	f000 f974 	bl	20000c84 <hw_endpoint_start_next_buffer>
2000099c:	e5d6      	b.n	2000054c <dcd_rp2040_irq+0x70>
2000099e:	0020      	movs	r0, r4
200009a0:	2200      	movs	r2, #0
200009a2:	3021      	adds	r0, #33	@ 0x21
200009a4:	30ff      	adds	r0, #255	@ 0xff
200009a6:	54e2      	strb	r2, [r4, r3]
200009a8:	003e      	movs	r6, r7
200009aa:	f000 f96b 	bl	20000c84 <hw_endpoint_start_next_buffer>
200009ae:	e5c1      	b.n	20000534 <dcd_rp2040_irq+0x58>
200009b0:	2200      	movs	r2, #0
200009b2:	54e2      	strb	r2, [r4, r3]
200009b4:	3b1c      	subs	r3, #28
200009b6:	18e0      	adds	r0, r4, r3
200009b8:	f000 f964 	bl	20000c84 <hw_endpoint_start_next_buffer>
200009bc:	003e      	movs	r6, r7
200009be:	e5d5      	b.n	2000056c <dcd_rp2040_irq+0x90>
200009c0:	0020      	movs	r0, r4
200009c2:	2200      	movs	r2, #0
200009c4:	3061      	adds	r0, #97	@ 0x61
200009c6:	30ff      	adds	r0, #255	@ 0xff
200009c8:	54e2      	strb	r2, [r4, r3]
200009ca:	003e      	movs	r6, r7
200009cc:	f000 f95a 	bl	20000c84 <hw_endpoint_start_next_buffer>
200009d0:	e5b6      	b.n	20000540 <dcd_rp2040_irq+0x64>
200009d2:	0020      	movs	r0, r4
200009d4:	2200      	movs	r2, #0
200009d6:	30e1      	adds	r0, #225	@ 0xe1
200009d8:	30ff      	adds	r0, #255	@ 0xff
200009da:	54e2      	strb	r2, [r4, r3]
200009dc:	003e      	movs	r6, r7
200009de:	f000 f951 	bl	20000c84 <hw_endpoint_start_next_buffer>
200009e2:	e5b9      	b.n	20000558 <dcd_rp2040_irq+0x7c>
200009e4:	0020      	movs	r0, r4
200009e6:	2200      	movs	r2, #0
200009e8:	30e0      	adds	r0, #224	@ 0xe0
200009ea:	54e2      	strb	r2, [r4, r3]
200009ec:	003e      	movs	r6, r7
200009ee:	f000 f949 	bl	20000c84 <hw_endpoint_start_next_buffer>
200009f2:	e599      	b.n	20000528 <dcd_rp2040_irq+0x4c>
200009f4:	2200      	movs	r2, #0
200009f6:	54e2      	strb	r2, [r4, r3]
200009f8:	3b1c      	subs	r3, #28
200009fa:	18e0      	adds	r0, r4, r3
200009fc:	f000 f942 	bl	20000c84 <hw_endpoint_start_next_buffer>
20000a00:	e754      	b.n	200008ac <dcd_rp2040_irq+0x3d0>
20000a02:	2200      	movs	r2, #0
20000a04:	54e2      	strb	r2, [r4, r3]
20000a06:	3b1c      	subs	r3, #28
20000a08:	18e0      	adds	r0, r4, r3
20000a0a:	f000 f93b 	bl	20000c84 <hw_endpoint_start_next_buffer>
20000a0e:	e782      	b.n	20000916 <dcd_rp2040_irq+0x43a>
20000a10:	0031      	movs	r1, r6
20000a12:	480b      	ldr	r0, [pc, #44]	@ (20000a40 <dcd_rp2040_irq+0x564>)
20000a14:	4069      	eors	r1, r5
20000a16:	f000 faa7 	bl	20000f68 <__panic_veneer>
20000a1a:	46c0      	nop			@ (mov r8, r8)
20000a1c:	000002fa 	.word	0x000002fa
20000a20:	0000023a 	.word	0x0000023a
20000a24:	000002ba 	.word	0x000002ba
20000a28:	0000037a 	.word	0x0000037a
20000a2c:	000003bb 	.word	0x000003bb
20000a30:	000003ba 	.word	0x000003ba
20000a34:	000003fb 	.word	0x000003fb
20000a38:	000003fa 	.word	0x000003fa
20000a3c:	0000033a 	.word	0x0000033a
20000a40:	10007ee8 	.word	0x10007ee8

20000a44 <prepare_ep_buffer>:
20000a44:	b5f0      	push	{r4, r5, r6, r7, lr}
20000a46:	468c      	mov	ip, r1
20000a48:	8a83      	ldrh	r3, [r0, #20]
20000a4a:	8b01      	ldrh	r1, [r0, #24]
20000a4c:	0002      	movs	r2, r0
20000a4e:	b083      	sub	sp, #12
20000a50:	1c0e      	adds	r6, r1, #0
20000a52:	4299      	cmp	r1, r3
20000a54:	d900      	bls.n	20000a58 <prepare_ep_buffer+0x14>
20000a56:	1c1e      	adds	r6, r3, #0
20000a58:	b2b6      	uxth	r6, r6
20000a5a:	1b9b      	subs	r3, r3, r6
20000a5c:	b29c      	uxth	r4, r3
20000a5e:	78d3      	ldrb	r3, [r2, #3]
20000a60:	2180      	movs	r1, #128	@ 0x80
20000a62:	0018      	movs	r0, r3
20000a64:	1e45      	subs	r5, r0, #1
20000a66:	41a8      	sbcs	r0, r5
20000a68:	00c9      	lsls	r1, r1, #3
20000a6a:	4331      	orrs	r1, r6
20000a6c:	0340      	lsls	r0, r0, #13
20000a6e:	4308      	orrs	r0, r1
20000a70:	2101      	movs	r1, #1
20000a72:	404b      	eors	r3, r1
20000a74:	70d3      	strb	r3, [r2, #3]
20000a76:	7853      	ldrb	r3, [r2, #1]
20000a78:	8294      	strh	r4, [r2, #20]
20000a7a:	2b00      	cmp	r3, #0
20000a7c:	d132      	bne.n	20000ae4 <prepare_ep_buffer+0xa0>
20000a7e:	6911      	ldr	r1, [r2, #16]
20000a80:	2e00      	cmp	r6, #0
20000a82:	d02a      	beq.n	20000ada <prepare_ep_buffer+0x96>
20000a84:	4663      	mov	r3, ip
20000a86:	68d4      	ldr	r4, [r2, #12]
20000a88:	019b      	lsls	r3, r3, #6
20000a8a:	18e4      	adds	r4, r4, r3
20000a8c:	1e73      	subs	r3, r6, #1
20000a8e:	9301      	str	r3, [sp, #4]
20000a90:	2b06      	cmp	r3, #6
20000a92:	d932      	bls.n	20000afa <prepare_ep_buffer+0xb6>
20000a94:	0023      	movs	r3, r4
20000a96:	430b      	orrs	r3, r1
20000a98:	079b      	lsls	r3, r3, #30
20000a9a:	d12e      	bne.n	20000afa <prepare_ep_buffer+0xb6>
20000a9c:	1a63      	subs	r3, r4, r1
20000a9e:	3b01      	subs	r3, #1
20000aa0:	2b02      	cmp	r3, #2
20000aa2:	d92a      	bls.n	20000afa <prepare_ep_buffer+0xb6>
20000aa4:	2300      	movs	r3, #0
20000aa6:	08b7      	lsrs	r7, r6, #2
20000aa8:	00bf      	lsls	r7, r7, #2
20000aaa:	58cd      	ldr	r5, [r1, r3]
20000aac:	50e5      	str	r5, [r4, r3]
20000aae:	3304      	adds	r3, #4
20000ab0:	42bb      	cmp	r3, r7
20000ab2:	d1fa      	bne.n	20000aaa <prepare_ep_buffer+0x66>
20000ab4:	429e      	cmp	r6, r3
20000ab6:	d00e      	beq.n	20000ad6 <prepare_ep_buffer+0x92>
20000ab8:	9d01      	ldr	r5, [sp, #4]
20000aba:	18e4      	adds	r4, r4, r3
20000abc:	1aef      	subs	r7, r5, r3
20000abe:	18cd      	adds	r5, r1, r3
20000ac0:	5cc9      	ldrb	r1, [r1, r3]
20000ac2:	7021      	strb	r1, [r4, #0]
20000ac4:	9901      	ldr	r1, [sp, #4]
20000ac6:	4299      	cmp	r1, r3
20000ac8:	d005      	beq.n	20000ad6 <prepare_ep_buffer+0x92>
20000aca:	786b      	ldrb	r3, [r5, #1]
20000acc:	7063      	strb	r3, [r4, #1]
20000ace:	2f01      	cmp	r7, #1
20000ad0:	d001      	beq.n	20000ad6 <prepare_ep_buffer+0x92>
20000ad2:	78ab      	ldrb	r3, [r5, #2]
20000ad4:	70a3      	strb	r3, [r4, #2]
20000ad6:	6911      	ldr	r1, [r2, #16]
20000ad8:	8a94      	ldrh	r4, [r2, #20]
20000ada:	2380      	movs	r3, #128	@ 0x80
20000adc:	1989      	adds	r1, r1, r6
20000ade:	021b      	lsls	r3, r3, #8
20000ae0:	6111      	str	r1, [r2, #16]
20000ae2:	4318      	orrs	r0, r3
20000ae4:	2c00      	cmp	r4, #0
20000ae6:	d102      	bne.n	20000aee <prepare_ep_buffer+0xaa>
20000ae8:	2380      	movs	r3, #128	@ 0x80
20000aea:	01db      	lsls	r3, r3, #7
20000aec:	4318      	orrs	r0, r3
20000aee:	4663      	mov	r3, ip
20000af0:	2b00      	cmp	r3, #0
20000af2:	d000      	beq.n	20000af6 <prepare_ep_buffer+0xb2>
20000af4:	0400      	lsls	r0, r0, #16
20000af6:	b003      	add	sp, #12
20000af8:	bdf0      	pop	{r4, r5, r6, r7, pc}
20000afa:	2300      	movs	r3, #0
20000afc:	5ccd      	ldrb	r5, [r1, r3]
20000afe:	54e5      	strb	r5, [r4, r3]
20000b00:	3301      	adds	r3, #1
20000b02:	429e      	cmp	r6, r3
20000b04:	d1fa      	bne.n	20000afc <prepare_ep_buffer+0xb8>
20000b06:	e7e6      	b.n	20000ad6 <prepare_ep_buffer+0x92>

20000b08 <sync_ep_buffer>:
20000b08:	6883      	ldr	r3, [r0, #8]
20000b0a:	b5f0      	push	{r4, r5, r6, r7, lr}
20000b0c:	681a      	ldr	r2, [r3, #0]
20000b0e:	2900      	cmp	r1, #0
20000b10:	d000      	beq.n	20000b14 <sync_ep_buffer+0xc>
20000b12:	0c12      	lsrs	r2, r2, #16
20000b14:	7843      	ldrb	r3, [r0, #1]
20000b16:	0592      	lsls	r2, r2, #22
20000b18:	0d95      	lsrs	r5, r2, #22
20000b1a:	2b00      	cmp	r3, #0
20000b1c:	d109      	bne.n	20000b32 <sync_ep_buffer+0x2a>
20000b1e:	8ac3      	ldrh	r3, [r0, #22]
20000b20:	18eb      	adds	r3, r5, r3
20000b22:	82c3      	strh	r3, [r0, #22]
20000b24:	8b03      	ldrh	r3, [r0, #24]
20000b26:	42ab      	cmp	r3, r5
20000b28:	d901      	bls.n	20000b2e <sync_ep_buffer+0x26>
20000b2a:	2300      	movs	r3, #0
20000b2c:	8283      	strh	r3, [r0, #20]
20000b2e:	0028      	movs	r0, r5
20000b30:	bdf0      	pop	{r4, r5, r6, r7, pc}
20000b32:	6904      	ldr	r4, [r0, #16]
20000b34:	2d00      	cmp	r5, #0
20000b36:	d028      	beq.n	20000b8a <sync_ep_buffer+0x82>
20000b38:	68c3      	ldr	r3, [r0, #12]
20000b3a:	0189      	lsls	r1, r1, #6
20000b3c:	1e6f      	subs	r7, r5, #1
20000b3e:	46bc      	mov	ip, r7
20000b40:	185e      	adds	r6, r3, r1
20000b42:	2f06      	cmp	r7, #6
20000b44:	d927      	bls.n	20000b96 <sync_ep_buffer+0x8e>
20000b46:	3101      	adds	r1, #1
20000b48:	185b      	adds	r3, r3, r1
20000b4a:	1ae3      	subs	r3, r4, r3
20000b4c:	2b02      	cmp	r3, #2
20000b4e:	d922      	bls.n	20000b96 <sync_ep_buffer+0x8e>
20000b50:	0023      	movs	r3, r4
20000b52:	4333      	orrs	r3, r6
20000b54:	079b      	lsls	r3, r3, #30
20000b56:	d11e      	bne.n	20000b96 <sync_ep_buffer+0x8e>
20000b58:	2300      	movs	r3, #0
20000b5a:	0e12      	lsrs	r2, r2, #24
20000b5c:	0092      	lsls	r2, r2, #2
20000b5e:	58f1      	ldr	r1, [r6, r3]
20000b60:	50e1      	str	r1, [r4, r3]
20000b62:	3304      	adds	r3, #4
20000b64:	429a      	cmp	r2, r3
20000b66:	d1fa      	bne.n	20000b5e <sync_ep_buffer+0x56>
20000b68:	4295      	cmp	r5, r2
20000b6a:	d00d      	beq.n	20000b88 <sync_ep_buffer+0x80>
20000b6c:	4663      	mov	r3, ip
20000b6e:	1a9f      	subs	r7, r3, r2
20000b70:	18a3      	adds	r3, r4, r2
20000b72:	5cb4      	ldrb	r4, [r6, r2]
20000b74:	18b1      	adds	r1, r6, r2
20000b76:	701c      	strb	r4, [r3, #0]
20000b78:	4594      	cmp	ip, r2
20000b7a:	d005      	beq.n	20000b88 <sync_ep_buffer+0x80>
20000b7c:	784a      	ldrb	r2, [r1, #1]
20000b7e:	705a      	strb	r2, [r3, #1]
20000b80:	2f01      	cmp	r7, #1
20000b82:	d001      	beq.n	20000b88 <sync_ep_buffer+0x80>
20000b84:	788a      	ldrb	r2, [r1, #2]
20000b86:	709a      	strb	r2, [r3, #2]
20000b88:	6904      	ldr	r4, [r0, #16]
20000b8a:	8ac3      	ldrh	r3, [r0, #22]
20000b8c:	1964      	adds	r4, r4, r5
20000b8e:	18eb      	adds	r3, r5, r3
20000b90:	82c3      	strh	r3, [r0, #22]
20000b92:	6104      	str	r4, [r0, #16]
20000b94:	e7c6      	b.n	20000b24 <sync_ep_buffer+0x1c>
20000b96:	2200      	movs	r2, #0
20000b98:	5cb3      	ldrb	r3, [r6, r2]
20000b9a:	54a3      	strb	r3, [r4, r2]
20000b9c:	3201      	adds	r2, #1
20000b9e:	4295      	cmp	r5, r2
20000ba0:	d1fa      	bne.n	20000b98 <sync_ep_buffer+0x90>
20000ba2:	6904      	ldr	r4, [r0, #16]
20000ba4:	e7f1      	b.n	20000b8a <sync_ep_buffer+0x82>
20000ba6:	46c0      	nop			@ (mov r8, r8)

20000ba8 <_hw_endpoint_xfer_sync>:
20000ba8:	b510      	push	{r4, lr}
20000baa:	0004      	movs	r4, r0
20000bac:	6883      	ldr	r3, [r0, #8]
20000bae:	2100      	movs	r1, #0
20000bb0:	681b      	ldr	r3, [r3, #0]
20000bb2:	f7ff ffa9 	bl	20000b08 <sync_ep_buffer>
20000bb6:	6863      	ldr	r3, [r4, #4]
20000bb8:	681b      	ldr	r3, [r3, #0]
20000bba:	005b      	lsls	r3, r3, #1
20000bbc:	d502      	bpl.n	20000bc4 <_hw_endpoint_xfer_sync+0x1c>
20000bbe:	8b23      	ldrh	r3, [r4, #24]
20000bc0:	4283      	cmp	r3, r0
20000bc2:	d000      	beq.n	20000bc6 <_hw_endpoint_xfer_sync+0x1e>
20000bc4:	bd10      	pop	{r4, pc}
20000bc6:	2101      	movs	r1, #1
20000bc8:	0020      	movs	r0, r4
20000bca:	f7ff ff9d 	bl	20000b08 <sync_ep_buffer>
20000bce:	e7f9      	b.n	20000bc4 <_hw_endpoint_xfer_sync+0x1c>

20000bd0 <e15_is_bulkin_ep>:
20000bd0:	4b08      	ldr	r3, [pc, #32]	@ (20000bf4 <e15_is_bulkin_ep+0x24>)
20000bd2:	6c1a      	ldr	r2, [r3, #64]	@ 0x40
20000bd4:	2300      	movs	r3, #0
20000bd6:	0792      	lsls	r2, r2, #30
20000bd8:	d403      	bmi.n	20000be2 <e15_is_bulkin_ep+0x12>
20000bda:	7882      	ldrb	r2, [r0, #2]
20000bdc:	09d2      	lsrs	r2, r2, #7
20000bde:	2a01      	cmp	r2, #1
20000be0:	d001      	beq.n	20000be6 <e15_is_bulkin_ep+0x16>
20000be2:	0018      	movs	r0, r3
20000be4:	4770      	bx	lr
20000be6:	7ec3      	ldrb	r3, [r0, #27]
20000be8:	3b02      	subs	r3, #2
20000bea:	425a      	negs	r2, r3
20000bec:	4153      	adcs	r3, r2
20000bee:	b2db      	uxtb	r3, r3
20000bf0:	e7f7      	b.n	20000be2 <e15_is_bulkin_ep+0x12>
20000bf2:	46c0      	nop			@ (mov r8, r8)
20000bf4:	50110000 	.word	0x50110000

20000bf8 <e15_is_critical_frame_period>:
20000bf8:	b510      	push	{r4, lr}
20000bfa:	f7ff ffe9 	bl	20000bd0 <e15_is_bulkin_ep>
20000bfe:	2800      	cmp	r0, #0
20000c00:	d00a      	beq.n	20000c18 <e15_is_critical_frame_period+0x20>
20000c02:	4b06      	ldr	r3, [pc, #24]	@ (20000c1c <e15_is_critical_frame_period+0x24>)
20000c04:	4a06      	ldr	r2, [pc, #24]	@ (20000c20 <e15_is_critical_frame_period+0x28>)
20000c06:	6a9b      	ldr	r3, [r3, #40]	@ 0x28
20000c08:	4906      	ldr	r1, [pc, #24]	@ (20000c24 <e15_is_critical_frame_period+0x2c>)
20000c0a:	6812      	ldr	r2, [r2, #0]
20000c0c:	185b      	adds	r3, r3, r1
20000c0e:	1a9b      	subs	r3, r3, r2
20000c10:	2000      	movs	r0, #0
20000c12:	22c6      	movs	r2, #198	@ 0xc6
20000c14:	429a      	cmp	r2, r3
20000c16:	4140      	adcs	r0, r0
20000c18:	bd10      	pop	{r4, pc}
20000c1a:	46c0      	nop			@ (mov r8, r8)
20000c1c:	40054000 	.word	0x40054000
20000c20:	20002584 	.word	0x20002584
20000c24:	fffffce0 	.word	0xfffffce0

20000c28 <hw_endpoint_reset_transfer>:
20000c28:	2300      	movs	r3, #0
20000c2a:	7683      	strb	r3, [r0, #26]
20000c2c:	6143      	str	r3, [r0, #20]
20000c2e:	6103      	str	r3, [r0, #16]
20000c30:	4770      	bx	lr
20000c32:	46c0      	nop			@ (mov r8, r8)

20000c34 <_hw_endpoint_buffer_control_update32>:
20000c34:	b510      	push	{r4, lr}
20000c36:	6883      	ldr	r3, [r0, #8]
20000c38:	2900      	cmp	r1, #0
20000c3a:	d001      	beq.n	20000c40 <_hw_endpoint_buffer_control_update32+0xc>
20000c3c:	681c      	ldr	r4, [r3, #0]
20000c3e:	4021      	ands	r1, r4
20000c40:	2a00      	cmp	r2, #0
20000c42:	d012      	beq.n	20000c6a <_hw_endpoint_buffer_control_update32+0x36>
20000c44:	2480      	movs	r4, #128	@ 0x80
20000c46:	00e4      	lsls	r4, r4, #3
20000c48:	4311      	orrs	r1, r2
20000c4a:	4222      	tst	r2, r4
20000c4c:	d00d      	beq.n	20000c6a <_hw_endpoint_buffer_control_update32+0x36>
20000c4e:	681a      	ldr	r2, [r3, #0]
20000c50:	4222      	tst	r2, r4
20000c52:	d10c      	bne.n	20000c6e <_hw_endpoint_buffer_control_update32+0x3a>
20000c54:	4a08      	ldr	r2, [pc, #32]	@ (20000c78 <_hw_endpoint_buffer_control_update32+0x44>)
20000c56:	400a      	ands	r2, r1
20000c58:	601a      	str	r2, [r3, #0]
20000c5a:	4a08      	ldr	r2, [pc, #32]	@ (20000c7c <_hw_endpoint_buffer_control_update32+0x48>)
20000c5c:	6c12      	ldr	r2, [r2, #64]	@ 0x40
20000c5e:	0792      	lsls	r2, r2, #30
20000c60:	d403      	bmi.n	20000c6a <_hw_endpoint_buffer_control_update32+0x36>
20000c62:	230c      	movs	r3, #12
20000c64:	3b03      	subs	r3, #3
20000c66:	d2fd      	bcs.n	20000c64 <_hw_endpoint_buffer_control_update32+0x30>
20000c68:	6883      	ldr	r3, [r0, #8]
20000c6a:	6019      	str	r1, [r3, #0]
20000c6c:	bd10      	pop	{r4, pc}
20000c6e:	7881      	ldrb	r1, [r0, #2]
20000c70:	4803      	ldr	r0, [pc, #12]	@ (20000c80 <_hw_endpoint_buffer_control_update32+0x4c>)
20000c72:	f000 f979 	bl	20000f68 <__panic_veneer>
20000c76:	46c0      	nop			@ (mov r8, r8)
20000c78:	fffffbff 	.word	0xfffffbff
20000c7c:	50110000 	.word	0x50110000
20000c80:	10007efc 	.word	0x10007efc

20000c84 <hw_endpoint_start_next_buffer>:
20000c84:	6843      	ldr	r3, [r0, #4]
20000c86:	b570      	push	{r4, r5, r6, lr}
20000c88:	2100      	movs	r1, #0
20000c8a:	2580      	movs	r5, #128	@ 0x80
20000c8c:	0004      	movs	r4, r0
20000c8e:	681e      	ldr	r6, [r3, #0]
20000c90:	f7ff fed8 	bl	20000a44 <prepare_ep_buffer>
20000c94:	4b12      	ldr	r3, [pc, #72]	@ (20000ce0 <hw_endpoint_start_next_buffer+0x5c>)
20000c96:	016d      	lsls	r5, r5, #5
20000c98:	6c1a      	ldr	r2, [r3, #64]	@ 0x40
20000c9a:	4305      	orrs	r5, r0
20000c9c:	78a3      	ldrb	r3, [r4, #2]
20000c9e:	0792      	lsls	r2, r2, #30
20000ca0:	d50e      	bpl.n	20000cc0 <hw_endpoint_start_next_buffer+0x3c>
20000ca2:	065b      	lsls	r3, r3, #25
20000ca4:	d00e      	beq.n	20000cc4 <hw_endpoint_start_next_buffer+0x40>
20000ca6:	4b0f      	ldr	r3, [pc, #60]	@ (20000ce4 <hw_endpoint_start_next_buffer+0x60>)
20000ca8:	401e      	ands	r6, r3
20000caa:	2380      	movs	r3, #128	@ 0x80
20000cac:	059b      	lsls	r3, r3, #22
20000cae:	4333      	orrs	r3, r6
20000cb0:	6862      	ldr	r2, [r4, #4]
20000cb2:	2100      	movs	r1, #0
20000cb4:	6013      	str	r3, [r2, #0]
20000cb6:	0020      	movs	r0, r4
20000cb8:	002a      	movs	r2, r5
20000cba:	f7ff ffbb 	bl	20000c34 <_hw_endpoint_buffer_control_update32>
20000cbe:	bd70      	pop	{r4, r5, r6, pc}
20000cc0:	09db      	lsrs	r3, r3, #7
20000cc2:	d0f0      	beq.n	20000ca6 <hw_endpoint_start_next_buffer+0x22>
20000cc4:	8aa3      	ldrh	r3, [r4, #20]
20000cc6:	2b00      	cmp	r3, #0
20000cc8:	d0ed      	beq.n	20000ca6 <hw_endpoint_start_next_buffer+0x22>
20000cca:	2101      	movs	r1, #1
20000ccc:	0020      	movs	r0, r4
20000cce:	f7ff feb9 	bl	20000a44 <prepare_ep_buffer>
20000cd2:	23a0      	movs	r3, #160	@ 0xa0
20000cd4:	4a04      	ldr	r2, [pc, #16]	@ (20000ce8 <hw_endpoint_start_next_buffer+0x64>)
20000cd6:	05db      	lsls	r3, r3, #23
20000cd8:	4032      	ands	r2, r6
20000cda:	4305      	orrs	r5, r0
20000cdc:	4313      	orrs	r3, r2
20000cde:	e7e7      	b.n	20000cb0 <hw_endpoint_start_next_buffer+0x2c>
20000ce0:	50110000 	.word	0x50110000
20000ce4:	afffffff 	.word	0xafffffff
20000ce8:	dfffffff 	.word	0xdfffffff

20000cec <hw_endpoint_xfer_continue>:
20000cec:	b570      	push	{r4, r5, r6, lr}
20000cee:	7e85      	ldrb	r5, [r0, #26]
20000cf0:	0004      	movs	r4, r0
20000cf2:	2d00      	cmp	r5, #0
20000cf4:	d014      	beq.n	20000d20 <hw_endpoint_xfer_continue+0x34>
20000cf6:	f7ff ff57 	bl	20000ba8 <_hw_endpoint_xfer_sync>
20000cfa:	8aa3      	ldrh	r3, [r4, #20]
20000cfc:	2b00      	cmp	r3, #0
20000cfe:	d101      	bne.n	20000d04 <hw_endpoint_xfer_continue+0x18>
20000d00:	0028      	movs	r0, r5
20000d02:	bd70      	pop	{r4, r5, r6, pc}
20000d04:	0020      	movs	r0, r4
20000d06:	f7ff ff77 	bl	20000bf8 <e15_is_critical_frame_period>
20000d0a:	2800      	cmp	r0, #0
20000d0c:	d003      	beq.n	20000d16 <hw_endpoint_xfer_continue+0x2a>
20000d0e:	2301      	movs	r3, #1
20000d10:	2500      	movs	r5, #0
20000d12:	7723      	strb	r3, [r4, #28]
20000d14:	e7f4      	b.n	20000d00 <hw_endpoint_xfer_continue+0x14>
20000d16:	0020      	movs	r0, r4
20000d18:	f7ff ffb4 	bl	20000c84 <hw_endpoint_start_next_buffer>
20000d1c:	2500      	movs	r5, #0
20000d1e:	e7ef      	b.n	20000d00 <hw_endpoint_xfer_continue+0x14>
20000d20:	7881      	ldrb	r1, [r0, #2]
20000d22:	4801      	ldr	r0, [pc, #4]	@ (20000d28 <hw_endpoint_xfer_continue+0x3c>)
20000d24:	f000 f920 	bl	20000f68 <__panic_veneer>
20000d28:	10007f1c 	.word	0x10007f1c

20000d2c <dcd_event_handler>:
20000d2c:	b5f0      	push	{r4, r5, r6, r7, lr}
20000d2e:	4647      	mov	r7, r8
20000d30:	46ce      	mov	lr, r9
20000d32:	b580      	push	{r7, lr}
20000d34:	7843      	ldrb	r3, [r0, #1]
20000d36:	0005      	movs	r5, r0
20000d38:	000f      	movs	r7, r1
20000d3a:	b085      	sub	sp, #20
20000d3c:	2b06      	cmp	r3, #6
20000d3e:	d807      	bhi.n	20000d50 <dcd_event_handler+0x24>
20000d40:	4a69      	ldr	r2, [pc, #420]	@ (20000ee8 <dcd_event_handler+0x1bc>)
20000d42:	009b      	lsls	r3, r3, #2
20000d44:	58d3      	ldr	r3, [r2, r3]
20000d46:	469f      	mov	pc, r3
20000d48:	4a68      	ldr	r2, [pc, #416]	@ (20000eec <dcd_event_handler+0x1c0>)
20000d4a:	7813      	ldrb	r3, [r2, #0]
20000d4c:	3301      	adds	r3, #1
20000d4e:	7013      	strb	r3, [r2, #0]
20000d50:	4b67      	ldr	r3, [pc, #412]	@ (20000ef0 <dcd_event_handler+0x1c4>)
20000d52:	681c      	ldr	r4, [r3, #0]
20000d54:	6962      	ldr	r2, [r4, #20]
20000d56:	f3ef 8110 	mrs	r1, PRIMASK
20000d5a:	b672      	cpsid	i
20000d5c:	6813      	ldr	r3, [r2, #0]
20000d5e:	2b00      	cmp	r3, #0
20000d60:	d0fc      	beq.n	20000d5c <dcd_event_handler+0x30>
20000d62:	f3bf 8f5f 	dmb	sy
20000d66:	61a1      	str	r1, [r4, #24]
20000d68:	0020      	movs	r0, r4
20000d6a:	0029      	movs	r1, r5
20000d6c:	f000 f8dc 	bl	20000f28 <__tu_fifo_write_veneer>
20000d70:	6962      	ldr	r2, [r4, #20]
20000d72:	69a3      	ldr	r3, [r4, #24]
20000d74:	f3bf 8f5f 	dmb	sy
20000d78:	2100      	movs	r1, #0
20000d7a:	6011      	str	r1, [r2, #0]
20000d7c:	f383 8810 	msr	PRIMASK, r3
20000d80:	2800      	cmp	r0, #0
20000d82:	d104      	bne.n	20000d8e <dcd_event_handler+0x62>
20000d84:	b005      	add	sp, #20
20000d86:	bcc0      	pop	{r6, r7}
20000d88:	46b9      	mov	r9, r7
20000d8a:	46b0      	mov	r8, r6
20000d8c:	bdf0      	pop	{r4, r5, r6, r7, pc}
20000d8e:	003a      	movs	r2, r7
20000d90:	7869      	ldrb	r1, [r5, #1]
20000d92:	7828      	ldrb	r0, [r5, #0]
20000d94:	f000 f8b8 	bl	20000f08 <__tud_event_hook_cb_veneer>
20000d98:	e7f4      	b.n	20000d84 <dcd_event_handler+0x58>
20000d9a:	2101      	movs	r1, #1
20000d9c:	4b55      	ldr	r3, [pc, #340]	@ (20000ef4 <dcd_event_handler+0x1c8>)
20000d9e:	781a      	ldrb	r2, [r3, #0]
20000da0:	438a      	bics	r2, r1
20000da2:	701a      	strb	r2, [r3, #0]
20000da4:	781a      	ldrb	r2, [r3, #0]
20000da6:	3101      	adds	r1, #1
20000da8:	438a      	bics	r2, r1
20000daa:	701a      	strb	r2, [r3, #0]
20000dac:	2200      	movs	r2, #0
20000dae:	705a      	strb	r2, [r3, #1]
20000db0:	781a      	ldrb	r2, [r3, #0]
20000db2:	3102      	adds	r1, #2
20000db4:	438a      	bics	r2, r1
20000db6:	701a      	strb	r2, [r3, #0]
20000db8:	e7ca      	b.n	20000d50 <dcd_event_handler+0x24>
20000dba:	494f      	ldr	r1, [pc, #316]	@ (20000ef8 <dcd_event_handler+0x1cc>)
20000dbc:	4b4f      	ldr	r3, [pc, #316]	@ (20000efc <dcd_event_handler+0x1d0>)
20000dbe:	4688      	mov	r8, r1
20000dc0:	494f      	ldr	r1, [pc, #316]	@ (20000f00 <dcd_event_handler+0x1d4>)
20000dc2:	001e      	movs	r6, r3
20000dc4:	781a      	ldrb	r2, [r3, #0]
20000dc6:	2400      	movs	r4, #0
20000dc8:	2300      	movs	r3, #0
20000dca:	4689      	mov	r9, r1
20000dcc:	e012      	b.n	20000df4 <dcd_event_handler+0xc8>
20000dce:	464b      	mov	r3, r9
20000dd0:	681b      	ldr	r3, [r3, #0]
20000dd2:	0161      	lsls	r1, r4, #5
20000dd4:	185b      	adds	r3, r3, r1
20000dd6:	2b00      	cmp	r3, #0
20000dd8:	d006      	beq.n	20000de8 <dcd_event_handler+0xbc>
20000dda:	69db      	ldr	r3, [r3, #28]
20000ddc:	2b00      	cmp	r3, #0
20000dde:	d003      	beq.n	20000de8 <dcd_event_handler+0xbc>
20000de0:	6869      	ldr	r1, [r5, #4]
20000de2:	7828      	ldrb	r0, [r5, #0]
20000de4:	4798      	blx	r3
20000de6:	7832      	ldrb	r2, [r6, #0]
20000de8:	3401      	adds	r4, #1
20000dea:	b2e4      	uxtb	r4, r4
20000dec:	1c51      	adds	r1, r2, #1
20000dee:	0023      	movs	r3, r4
20000df0:	42a1      	cmp	r1, r4
20000df2:	db17      	blt.n	20000e24 <dcd_event_handler+0xf8>
20000df4:	42a2      	cmp	r2, r4
20000df6:	d8ea      	bhi.n	20000dce <dcd_event_handler+0xa2>
20000df8:	1a9b      	subs	r3, r3, r2
20000dfa:	015b      	lsls	r3, r3, #5
20000dfc:	4443      	add	r3, r8
20000dfe:	e7ec      	b.n	20000dda <dcd_event_handler+0xae>
20000e00:	4b3c      	ldr	r3, [pc, #240]	@ (20000ef4 <dcd_event_handler+0x1c8>)
20000e02:	781a      	ldrb	r2, [r3, #0]
20000e04:	07d2      	lsls	r2, r2, #31
20000e06:	d5bd      	bpl.n	20000d84 <dcd_event_handler+0x58>
20000e08:	2104      	movs	r1, #4
20000e0a:	781a      	ldrb	r2, [r3, #0]
20000e0c:	430a      	orrs	r2, r1
20000e0e:	701a      	strb	r2, [r3, #0]
20000e10:	e79e      	b.n	20000d50 <dcd_event_handler+0x24>
20000e12:	4b38      	ldr	r3, [pc, #224]	@ (20000ef4 <dcd_event_handler+0x1c8>)
20000e14:	781a      	ldrb	r2, [r3, #0]
20000e16:	07d2      	lsls	r2, r2, #31
20000e18:	d5b4      	bpl.n	20000d84 <dcd_event_handler+0x58>
20000e1a:	2104      	movs	r1, #4
20000e1c:	781a      	ldrb	r2, [r3, #0]
20000e1e:	438a      	bics	r2, r1
20000e20:	701a      	strb	r2, [r3, #0]
20000e22:	e795      	b.n	20000d50 <dcd_event_handler+0x24>
20000e24:	4a33      	ldr	r2, [pc, #204]	@ (20000ef4 <dcd_event_handler+0x1c8>)
20000e26:	7813      	ldrb	r3, [r2, #0]
20000e28:	4690      	mov	r8, r2
20000e2a:	0011      	movs	r1, r2
20000e2c:	075b      	lsls	r3, r3, #29
20000e2e:	d528      	bpl.n	20000e82 <dcd_event_handler+0x156>
20000e30:	7813      	ldrb	r3, [r2, #0]
20000e32:	2204      	movs	r2, #4
20000e34:	ac01      	add	r4, sp, #4
20000e36:	4393      	bics	r3, r2
20000e38:	700b      	strb	r3, [r1, #0]
20000e3a:	0020      	movs	r0, r4
20000e3c:	2100      	movs	r1, #0
20000e3e:	3208      	adds	r2, #8
20000e40:	f000 f87a 	bl	20000f38 <____wrap_memset_veneer>
20000e44:	782b      	ldrb	r3, [r5, #0]
20000e46:	7023      	strb	r3, [r4, #0]
20000e48:	2305      	movs	r3, #5
20000e4a:	7063      	strb	r3, [r4, #1]
20000e4c:	4b28      	ldr	r3, [pc, #160]	@ (20000ef0 <dcd_event_handler+0x1c4>)
20000e4e:	681b      	ldr	r3, [r3, #0]
20000e50:	0018      	movs	r0, r3
20000e52:	695a      	ldr	r2, [r3, #20]
20000e54:	f3ef 8110 	mrs	r1, PRIMASK
20000e58:	b672      	cpsid	i
20000e5a:	6813      	ldr	r3, [r2, #0]
20000e5c:	2b00      	cmp	r3, #0
20000e5e:	d0fc      	beq.n	20000e5a <dcd_event_handler+0x12e>
20000e60:	f3bf 8f5f 	dmb	sy
20000e64:	0006      	movs	r6, r0
20000e66:	6181      	str	r1, [r0, #24]
20000e68:	0021      	movs	r1, r4
20000e6a:	f000 f85d 	bl	20000f28 <__tu_fifo_write_veneer>
20000e6e:	6972      	ldr	r2, [r6, #20]
20000e70:	69b3      	ldr	r3, [r6, #24]
20000e72:	f3bf 8f5f 	dmb	sy
20000e76:	2100      	movs	r1, #0
20000e78:	6011      	str	r1, [r2, #0]
20000e7a:	f383 8810 	msr	PRIMASK, r3
20000e7e:	2800      	cmp	r0, #0
20000e80:	d12c      	bne.n	20000edc <dcd_event_handler+0x1b0>
20000e82:	4643      	mov	r3, r8
20000e84:	78db      	ldrb	r3, [r3, #3]
20000e86:	07db      	lsls	r3, r3, #31
20000e88:	d400      	bmi.n	20000e8c <dcd_event_handler+0x160>
20000e8a:	e77b      	b.n	20000d84 <dcd_event_handler+0x58>
20000e8c:	782b      	ldrb	r3, [r5, #0]
20000e8e:	ac01      	add	r4, sp, #4
20000e90:	7023      	strb	r3, [r4, #0]
20000e92:	2303      	movs	r3, #3
20000e94:	7063      	strb	r3, [r4, #1]
20000e96:	686b      	ldr	r3, [r5, #4]
20000e98:	6063      	str	r3, [r4, #4]
20000e9a:	4b15      	ldr	r3, [pc, #84]	@ (20000ef0 <dcd_event_handler+0x1c4>)
20000e9c:	681d      	ldr	r5, [r3, #0]
20000e9e:	696a      	ldr	r2, [r5, #20]
20000ea0:	f3ef 8110 	mrs	r1, PRIMASK
20000ea4:	b672      	cpsid	i
20000ea6:	6813      	ldr	r3, [r2, #0]
20000ea8:	2b00      	cmp	r3, #0
20000eaa:	d0fc      	beq.n	20000ea6 <dcd_event_handler+0x17a>
20000eac:	f3bf 8f5f 	dmb	sy
20000eb0:	61a9      	str	r1, [r5, #24]
20000eb2:	0028      	movs	r0, r5
20000eb4:	0021      	movs	r1, r4
20000eb6:	f000 f837 	bl	20000f28 <__tu_fifo_write_veneer>
20000eba:	696a      	ldr	r2, [r5, #20]
20000ebc:	69ab      	ldr	r3, [r5, #24]
20000ebe:	f3bf 8f5f 	dmb	sy
20000ec2:	2100      	movs	r1, #0
20000ec4:	6011      	str	r1, [r2, #0]
20000ec6:	f383 8810 	msr	PRIMASK, r3
20000eca:	2800      	cmp	r0, #0
20000ecc:	d100      	bne.n	20000ed0 <dcd_event_handler+0x1a4>
20000ece:	e759      	b.n	20000d84 <dcd_event_handler+0x58>
20000ed0:	003a      	movs	r2, r7
20000ed2:	7861      	ldrb	r1, [r4, #1]
20000ed4:	7820      	ldrb	r0, [r4, #0]
20000ed6:	f000 f817 	bl	20000f08 <__tud_event_hook_cb_veneer>
20000eda:	e753      	b.n	20000d84 <dcd_event_handler+0x58>
20000edc:	003a      	movs	r2, r7
20000ede:	7861      	ldrb	r1, [r4, #1]
20000ee0:	7820      	ldrb	r0, [r4, #0]
20000ee2:	f000 f811 	bl	20000f08 <__tud_event_hook_cb_veneer>
20000ee6:	e7cc      	b.n	20000e82 <dcd_event_handler+0x156>
20000ee8:	10008414 	.word	0x10008414
20000eec:	20002c23 	.word	0x20002c23
20000ef0:	20002088 	.word	0x20002088
20000ef4:	20002030 	.word	0x20002030
20000ef8:	10008430 	.word	0x10008430
20000efc:	20002c21 	.word	0x20002c21
20000f00:	20001fcc 	.word	0x20001fcc

20000f04 <__aeabi_idiv0>:
20000f04:	4770      	bx	lr
20000f06:	46c0      	nop			@ (mov r8, r8)

20000f08 <__tud_event_hook_cb_veneer>:
20000f08:	b401      	push	{r0}
20000f0a:	4802      	ldr	r0, [pc, #8]	@ (20000f14 <__tud_event_hook_cb_veneer+0xc>)
20000f0c:	4684      	mov	ip, r0
20000f0e:	bc01      	pop	{r0}
20000f10:	4760      	bx	ip
20000f12:	bf00      	nop
20000f14:	10005ae1 	.word	0x10005ae1

20000f18 <__rp2040_chip_version_veneer>:
20000f18:	b401      	push	{r0}
20000f1a:	4802      	ldr	r0, [pc, #8]	@ (20000f24 <__rp2040_chip_version_veneer+0xc>)
20000f1c:	4684      	mov	ip, r0
20000f1e:	bc01      	pop	{r0}
20000f20:	4760      	bx	ip
20000f22:	bf00      	nop
20000f24:	1000099d 	.word	0x1000099d

20000f28 <__tu_fifo_write_veneer>:
20000f28:	b401      	push	{r0}
20000f2a:	4802      	ldr	r0, [pc, #8]	@ (20000f34 <__tu_fifo_write_veneer+0xc>)
20000f2c:	4684      	mov	ip, r0
20000f2e:	bc01      	pop	{r0}
20000f30:	4760      	bx	ip
20000f32:	bf00      	nop
20000f34:	100074f1 	.word	0x100074f1

20000f38 <____wrap_memset_veneer>:
20000f38:	b401      	push	{r0}
20000f3a:	4802      	ldr	r0, [pc, #8]	@ (20000f44 <____wrap_memset_veneer+0xc>)
20000f3c:	4684      	mov	ip, r0
20000f3e:	bc01      	pop	{r0}
20000f40:	4760      	bx	ip
20000f42:	bf00      	nop
20000f44:	1000319d 	.word	0x1000319d

20000f48 <____wrap___aeabi_lmul_veneer>:
20000f48:	b401      	push	{r0}
20000f4a:	4802      	ldr	r0, [pc, #8]	@ (20000f54 <____wrap___aeabi_lmul_veneer+0xc>)
20000f4c:	4684      	mov	ip, r0
20000f4e:	bc01      	pop	{r0}
20000f50:	4760      	bx	ip
20000f52:	bf00      	nop
20000f54:	100030c5 	.word	0x100030c5

20000f58 <__best_effort_wfe_or_timeout_veneer>:
20000f58:	b401      	push	{r0}
20000f5a:	4802      	ldr	r0, [pc, #8]	@ (20000f64 <__best_effort_wfe_or_timeout_veneer+0xc>)
20000f5c:	4684      	mov	ip, r0
20000f5e:	bc01      	pop	{r0}
20000f60:	4760      	bx	ip
20000f62:	bf00      	nop
20000f64:	10001749 	.word	0x10001749

20000f68 <__panic_veneer>:
20000f68:	b401      	push	{r0}
20000f6a:	4802      	ldr	r0, [pc, #8]	@ (20000f74 <__panic_veneer+0xc>)
20000f6c:	4684      	mov	ip, r0
20000f6e:	bc01      	pop	{r0}
20000f70:	4760      	bx	ip
20000f72:	bf00      	nop
20000f74:	100009a9 	.word	0x100009a9

20000f78 <__time_us_64_veneer>:
20000f78:	b401      	push	{r0}
20000f7a:	4802      	ldr	r0, [pc, #8]	@ (20000f84 <__time_us_64_veneer+0xc>)
20000f7c:	4684      	mov	ip, r0
20000f7e:	bc01      	pop	{r0}
20000f80:	4760      	bx	ip
20000f82:	bf00      	nop
20000f84:	1000186d 	.word	0x1000186d

20000f88 <serial_cmds>:
20000f88:	0000003f 10007d2c 10000451 00000021     ?...,}..Q...!...
20000f98:	10007d40 100005a9 00000069 10007d58     @}......i...X}..
20000fa8:	1000039d 00000074 10007d64 10000321     ....t...d}..!...
20000fb8:	00000075 10007d6c 100003c5 00000061     u...l}......a...
20000fc8:	10007d78 100005b5 0000007a 10007d84     x}......z....}..
20000fd8:	100006a1 00000030 10007d9c 100003ad     ....0....}......
20000fe8:	00000031 10007d9c 100003ad 00000032     1....}......2...
20000ff8:	10007d9c 100003ad 00000033 10007d9c     .}......3....}..
20001008:	100003ad 00000034 10007d9c 100003ad     ....4....}......
20001018:	00000035 10007d9c 100003ad 00000036     5....}......6...
20001028:	10007d9c 100003ad 00000037 10007d9c     .}......7....}..
20001038:	100003ad 00000038 10007d9c 100003ad     ....8....}......
20001048:	00000039 10007d9c 100003ad              9....}......

20001054 <rom_data>:
20001054:	4cf9514c 9b4cf9b2 fe794cf9 754c0da9     LQ.L..L..Ly...Lu
20001064:	fae94cfe 4cfb0c4c 0b4cff28 fdfa4cff     .L..L..L(.L..L..
20001074:	4c9affa2 164cfc37 fb234cfb f8fedd4c     ...L7.L..L#.L...
20001084:	fec34cfc e0ff644c 00000103 00244000     .L..Ld.......@$.
20001094:	4fa20a10 009d10b5 f810ca01 008500a9     ...O............
200010a4:	d28d8ba9 8dffa9bf 8ba9bfd3 d0bfd2cd     ................
200010b4:	8d93a915 d1adbfd3 d06029bf 8d89a909     .........)`.....
200010c4:	21a9bfd2 ffa20085 fc034c9a 488a0285     ...!.....L.....H
200010d4:	2fad4898 30ad48f8 02a648f8 299800a4     .H./.H.0.H.....)
200010e4:	e00ad004 9818d011 00850409 fb299860     ............`.).
200010f4:	06e00085 05bd09b0 0bbd48f9 a56048f9     .........H...H`.
20001104:	b00a0a00 c98a480a 2003f00a a668fe79     .....H..... y.h.
20001114:	d07fe002 862fa204 0d900a02 d00de048     ....../.....H...
20001124:	d0102904 f99b2003 0f900a68 e002a648     .)... ..h...H...
20001134:	2904d00d 2003f020 0a68f9b2 02200390     ...) .. ..h... .
20001144:	e002a6f9 a905d00d f87c200a 68a86860     ......... |.`h.h
20001154:	116c60aa f9f9f900 8df9f9f9 73394086     .`l..........@9s
20001164:	bff08d7a 06d010c9 4cf93420 13c9f92f     z....... 4.L/...
20001174:	6e2006d0 f92f4cf9 07d016c9 a9f98120     .. n.L/..... ...
20001184:	60018500 102900a5 00a507f0 0085ef29     ...`..).....)...
20001194:	8d00a960 e3cdbfe3 a522d0bf 85100900     `.........".....
200011a4:	8dffa900 fea9bfe3 a9bfe08d bfe28d09     ................
200011b4:	e18d0fa9 f9db20bf e08dffa9 00a560bf     ..... .......`..
200011c4:	07f04029 bf2900a5 a5600085 d0400900     )@....)...`...@.
200011d4:	2900a5f7 a507f020 85df2900 d2ad6000     ...) ....)...`..
200011e4:	f0ffc9bf 0900a5f2 a2f0d020 bfd1ad00     ........ .......
200011f4:	08d01029 cafdd088 3ef0f3d0 d08d02a5     )..........>....
20001204:	e0ad60bf f00429bf 98ffa231 10880fa0     .`...)..1.......
20001214:	d088a8fd 22f0ca03 29bfe0ad adecd002     ......."...)....
20001224:	0229bfed 02a5e5f0 a9bfe18d bfec8d0d     ..).............
20001234:	fcd001e9 ec8d0fa9 00a560bf 00858f29     .........`..)...
20001244:	fcbd0ca2 fe7520f9 60f710ca 524f520d     ..... u....`.ROR
20001254:	54204552 5052494e 1610880d e9380aa5     RE TNIRP......8.
20001264:	a50a8520 8500e90b c91fa00b 2003d001      .............. 
20001274:	a060fa23 9920a900 00990200 f7d0c803     #.`... .........
20001284:	a90a8598 600b8502 20bd00a2 02009d02     .......`... ....
20001294:	bdf7d0e8 009d0320 e0e0e803 0a86f5d0     .... ...........
200012a4:	0b8503a9 88a820a9 fbd00a91 bd00a060     ..... ......`...
200012b4:	01d0fa6d d00ad160 d0c8e8fb 534142f2     m...`........BAS
200012c4:	52415700 2000a200 08d0fa5d 66380006     .WAR... ].....8f
200012d4:	e2ed4c00 5d2004a2 a215d0fa 0100bd4f     .L.... ]....O...
200012e4:	10ca1095 380006f8 58200066 c34b4cc5     .......8f. X.LK.
200012f4:	a5f7f74c f0012900 bfd1ad1a ad081510     L....)..........
20001304:	ad48bfd0 0948bfd2 bfd28d02 bfd28d68     ..H...H.....h...
20001314:	ad602868 fa1007ff 00a54808 f0f00129     h(`......H..)...
20001324:	008500a9 d28d8ba9 8de5d0bf 00a5bff0     ................
20001334:	04f00129 0f8500a9 48984860 ff8d40a5     ).......`H.H.@..
20001344:	4800a0ff 04f0f029 428543b1 f00f2968     ...H)....C.Bh)..
20001354:	9141a504 ffff8c43 6068a868 e6fae920     ..A.C...h.h` ...
20001364:	e602d043 98486044 a4ffa948 680a9103     C...D`H.H......h
20001374:	486068a8 20a94898 fffff1d0 ffffffff     .h`H.H. ........
20001384:	ffffffff ffffffff ffffffff ffffffff     ................
20001394:	ffffffff ffffffff ffffffff ffffffff     ................
200013a4:	ffffffff ffffffff ffffffff ffffffff     ................
200013b4:	ffffffff ffffffff ffffffff ffffffff     ................
200013c4:	ffffffff ffffffff ffffffff ffffffff     ................
200013d4:	ffffffff ffffffff ffffffff ffffffff     ................
200013e4:	ffffffff ffffffff ffffffff ffffffff     ................
200013f4:	ffffffff ffffffff ffffffff ffffffff     ................
20001404:	ffffffff ffffffff ffffffff ffffffff     ................
20001414:	ffffffff ffffffff ffffffff ffffffff     ................
20001424:	ffffffff ffffffff ffffffff ffffffff     ................
20001434:	ffffffff ffffffff ffffffff ffffffff     ................
20001444:	ffffffff ffffffff ffffffff ffffffff     ................
20001454:	e8f83e4c b7201786 bff38dff 31bd0ca2     L>.... ........1
20001464:	ca0495f8 8ee8f810 f08d07ff ff8ecabf     ................
20001474:	ffade807 e6021007 fadb200f f0ffebbd     ......... ......
20001484:	fe752006 d8f5d0e8 fdfa2058 21c901a5     . u.....X .....!
20001494:	75200630 fc374cfe a9fc4f20 a0f3d00d     0. u.L7. O......
200014a4:	aa0ab100 100ab1c8 e000a936 8603d053     ........6...S...
200014b4:	4ee0600d 0d8503d0 d050e060 f00e8504     .`.N....`.P.....
200014c4:	d052e056 a91d8509 4c1c8515 42e0fde5     V.R........L...B
200014d4:	b72004d0 754c60ff 203fa9fa 8860fe75     .. ..`Lu..? u.`.
200014e4:	2820488a 6854d0ff 47c9ec50 00a221d0     .H (..ThP..G.!..
200014f4:	9aca0e86 a54814a5 17a54813 a90cc648     ......H..H..H...
20001504:	9103a420 a419a60a 8d1ba51a c940bff1      .............@.
20001514:	a511d050 a50e8513 a5148516 a6138515     P...............
20001524:	fca34c18 aed04dc9 75202ca9 b100a0fe     .L...M..., u....
20001534:	ff0b2013 2ca96868 e0fc424c 6804f02c     . ..hh.,LB..,..h
20001544:	a5fc864c a51c8513 201d8514 7cd0ff28     L.......... (..|
20001554:	c9ed5068 c942f04c a527d04f 02e93813     hP..L.B.O.'..8..
20001564:	14c602b0 aa1ce538 1de514a5 05308aa8     ....8.........0.
20001574:	f0cdd098 c8d0c803 75203da9 0b208afe     .........= u.. .
20001584:	42c960ff 13a5bad0 08c9b630 aa0ab210     .`.B....0.......
20001594:	20951ca5 21951da5 fe732060 1da500a0     ... ...!` s.....
200015a4:	a5ff0b20 ff0b201c 752020a9 c81cb1fe      .... ...  u....
200015b4:	f13009c0 e0f013c6 cafdd088 1ca5fad0     ..0.............
200015c4:	85086918 e6d2901c fd494c1d 03f02ce0     .i.......LI..,..
200015d4:	a5fcef4c a51e8513 201f8514 f0d0ff28     L.......... (...
200015e4:	f04dc968 d043c927 a099509b 911cb100     h.M.'.C..P......
200015f4:	c51fa513 a506d01d f01cc51e d01ce65b     ............[...
20001604:	e61de602 e6e6d013 60e2d014 20e001a6     ...........`... 
20001614:	065023f0 00a013a5 0ae01c91 1be011f0     .#P.............
20001624:	1cc636d0 ffc91ca5 1dc60bd0 e6fde54c     .6..........L...
20001634:	e602d01c fe73201d 75204da9 201da5fe     ..... s..M u... 
20001644:	1ca5ff0b 4cff0b20 00a9fc4f c5018548     .... ..LO...H...
20001654:	c506d00f 68fcf001 8d0fa960 ffad07ff     .......h`.......
20001664:	a2f6d007 fdd08840 a0fad0ca f04868ff     ....@........hH.
20001674:	a213a002 07ff8e08 d007ffad c8c8c80c     ................
20001684:	4a8ac8c8 d0e4f0aa 904ac8ec fe4bb9fc     ...J......J...K.
20001694:	c3d00185 48ff4968 33fe094c 3f464237     ....hI.HL..37BF?
200016a4:	45413632 3935310d 34300a44 2c004338     26AE.159D.048C.,
200016b4:	3f4e4c52 53494332 1b4f3120 34307f47     RLN?2CIS 1O.G.04
200016c4:	a9004d50 f87c4c0d a40285ea 9120a903     PM...L|....... .
200016d4:	e002a60a 200ad00c ffa9fa23 03840a91     ....... #.......
200016e4:	d07fe060 fa092005 0de0f010 918a08f0     `.... ..........
200016f4:	20c0c80a 20a9e4d0 850a6518 690ba50a     ... ... .e.....i
20001704:	a00b8500 d004c900 fa3820d1 ffffccf0     ......... 8.....
20001714:	48ffffff ba488ad8 bde8e8e8 10290100     ...H..H.......).
20001724:	aa681ed0 30faa320 104c6804 857f2900     ..h. ..0.hL..)..
20001734:	f9112001 f1d01bc9 edd00ca5 12f00e85     . ..............
20001744:	00bd38e8 9d02e901 04b00100 0100dee8     .8..............
20001754:	8568aa68 ffc1201b 48ff754c 4a4a01a2     h.h.. ..Lu.H..JJ
20001764:	69184a4a 303ac930 07691803 cafe7520     JJ.i0.:0..i. u..
20001774:	68600110 ea100f29 854800a9 c8148513     ..`h).....H.....
20001784:	38aa0ab1 103030e9 10300ac9 3011e938     ...8.00...0.8..0
20001794:	0a691807 043010c9 60ffe028 140604a2     ..i...0.(..`....
200017a4:	02901306 d0ca14e6 136518f5 a9681385     ..........e...h.
200017b4:	cbd04840 a5d81b85 8a0ad00d ffd62048     @H..........H ..
200017c4:	1ba5aa68 f00ea540 4c0ec605 0ce6fcb9     h...@......L....
200017d4:	68178568 85681585 84198616 1886ba1a     h..h..h.........
200017e4:	a5fe7320 ff0b2016 0b2015a5 a900a0ff      s... .... .....
200017f4:	75204820 752068fe 0017b9fe c8ff0b20      H u.h u.... ...
20001804:	eb3005c0 a2fc4b4c 9500a91f fb10ca20     ..0.LK...... ...
20001814:	a2488a60 1520b50e b504f021 ca208130     `.H... .!...0. .
20001824:	68f210ca 0ea260aa 201521b5 20a108f0     ...h.`...!. ... 
20001834:	00a93095 caca2081 0d60ee10 424e4154     .0... ....`.TANB
20001844:	000d4755 4cffffff 0007fc89 0004fc00     UG.....L........

20001854 <striped_spin_lock_num>:
20001854:	00000010                                ....

20001858 <irq_handler_chain_slots>:
20001858:	00000000 	.word	0x00000000
2000185c:	00010000 	.word	0x00010000
	...
20001868:	00020000 	.word	0x00020000
	...
20001874:	00030000 	.word	0x00030000
	...
20001880:	00ff0000 	.word	0x00ff0000
20001884:	00000000 	.word	0x00000000

20001888 <irq_handler_chain_first_slot>:
20001888:	b501      	push	{r0, lr}
2000188a:	6848      	ldr	r0, [r1, #4]
2000188c:	3101      	adds	r1, #1
2000188e:	468e      	mov	lr, r1
20001890:	4700      	bx	r0

20001892 <irq_handler_chain_remove_tail>:
20001892:	4670      	mov	r0, lr
20001894:	3809      	subs	r0, #9
20001896:	4901      	ldr	r1, [pc, #4]	@ (2000189c <irq_handler_chain_remove_tail+0xa>)
20001898:	4788      	blx	r1
2000189a:	bd01      	pop	{r0, pc}
2000189c:	10000fbd 	.word	0x10000fbd

200018a0 <default_alarm_pool>:
	...
200018b4:	20001a90 00000000 00000000              ... ........

200018c0 <aeabi_bits_funcs>:
200018c0:	00003350 	.word	0x00003350
200018c4:	0000334c 	.word	0x0000334c
200018c8:	00003354 	.word	0x00003354
200018cc:	00003352 	.word	0x00003352

200018d0 <aeabi_bits_funcs_end>:
200018d0:	0000534d 	.word	0x0000534d
200018d4:	0000434d 	.word	0x0000434d
200018d8:	00003453 	.word	0x00003453
200018dc:	00003443 	.word	0x00003443

200018e0 <stdio_uart>:
200018e0:	10004e45 10004f45 10004e91 10004f59     EN..EO...N..YO..
200018f0:	00000000 00000100                       ........

200018f8 <stdio_usb>:
200018f8:	10005295 10005249 100051bd 10005135     .R..IR...Q..5Q..
20001908:	00000000 00000100                       ........

20001910 <_usbd_qdef>:
20001910:	2000208c 000c0010 00000000 00000000     . . ............
	...

2000192c <_usbd_rhport>:
2000192c:	000000ff                                ....

20001930 <__atexit_recursive_mutex>:
20001930:	20001fc8                                ... 

20001934 <malloc_mutex>:
	...

2000193c <print_mutex>:
	...
