
/home/menadue/tree/github/pico-rom-emulator/code/build/pico-rom-em.elf:     file format elf32-littlearm

Sections:
Idx Name          Size      VMA       LMA       File off  Algn
  0 .boot2        00000100  10000000  10000000  00001000  2**0
                  CONTENTS, ALLOC, LOAD, READONLY, CODE
  1 .text         00007a30  10000100  10000100  00001100  2**3
                  CONTENTS, ALLOC, LOAD, READONLY, CODE
  2 .rodata       00000a44  10007b30  10007b30  00008b30  2**3
                  CONTENTS, ALLOC, LOAD, READONLY, DATA
  3 .binary_info  00000030  10008574  10008574  00009574  2**2
                  CONTENTS, ALLOC, LOAD, READONLY, DATA
  4 .ram_vector_table 000000c0  20000000  20000000  0000c000  2**2
                  ALLOC
  5 .uninitialized_data 00000000  200000c0  200000c0  0000b944  2**0
                  CONTENTS
  6 .data         00001884  200000c0  100085a4  0000a0c0  2**4
                  CONTENTS, ALLOC, LOAD, READONLY, CODE
  7 .tdata        00000000  20001944  20001944  0000b944  2**0
                  CONTENTS, ALLOC, LOAD, DATA, THREAD_LOCAL
  8 .tbss         00000000  20001944  20001944  00000000  2**0
                  ALLOC, THREAD_LOCAL
  9 .bss          000012e4  20001948  10009e28  0000b948  2**3
                  ALLOC
 10 .heap         00000800  20002c2c  20002c2c  0000b944  2**2
                  CONTENTS, READONLY
 11 .scratch_x    00000000  20040000  20040000  0000c144  2**0
                  CONTENTS
 12 .scratch_y    00000000  20041000  20041000  0000c144  2**0
                  CONTENTS
 13 .stack1_dummy 00000800  20040000  20040000  0000c000  2**2
                  ALLOC
 14 .stack_dummy  00000800  20041000  20041000  0000c160  2**5
                  CONTENTS, READONLY
 15 .ARM.attributes 00000028  00000000  00000000  0000c960  2**0
                  CONTENTS, READONLY
 16 .comment      00000046  00000000  00000000  0000c988  2**0
                  CONTENTS, READONLY
 17 .debug_info   00036837  00000000  00000000  0000c9ce  2**0
                  CONTENTS, READONLY, DEBUGGING, OCTETS
 18 .debug_abbrev 0000a0ed  00000000  00000000  00043205  2**0
                  CONTENTS, READONLY, DEBUGGING, OCTETS
 19 .debug_loclists 0001c3d8  00000000  00000000  0004d2f2  2**0
                  CONTENTS, READONLY, DEBUGGING, OCTETS
 20 .debug_aranges 000019c8  00000000  00000000  000696d0  2**3
                  CONTENTS, READONLY, DEBUGGING, OCTETS
 21 .debug_rnglists 00004d9e  00000000  00000000  0006b098  2**0
                  CONTENTS, READONLY, DEBUGGING, OCTETS
 22 .debug_line   000267ed  00000000  00000000  0006fe36  2**0
                  CONTENTS, READONLY, DEBUGGING, OCTETS
 23 .debug_str    000098d5  00000000  00000000  00096623  2**0
                  CONTENTS, READONLY, DEBUGGING, OCTETS
 24 .debug_frame  00003554  00000000  00000000  0009fef8  2**2
                  CONTENTS, READONLY, DEBUGGING, OCTETS
 25 .debug_line_str 00000334  00000000  00000000  000a344c  2**0
                  CONTENTS, READONLY, DEBUGGING, OCTETS

/home/menadue/tree/github/pico-rom-emulator/code/build/pico-rom-em.elf:     file format elf32-littlearm


Disassembly of section .boot2:

10000000 <__boot2_start__>:
10000000:	4b32b500 	.word	0x4b32b500
10000004:	60582021 	.word	0x60582021
10000008:	21026898 	.word	0x21026898
1000000c:	60984388 	.word	0x60984388
10000010:	611860d8 	.word	0x611860d8
10000014:	4b2e6158 	.word	0x4b2e6158
10000018:	60992100 	.word	0x60992100
1000001c:	61592102 	.word	0x61592102
10000020:	22f02101 	.word	0x22f02101
10000024:	492b5099 	.word	0x492b5099
10000028:	21016019 	.word	0x21016019
1000002c:	20356099 	.word	0x20356099
10000030:	f844f000 	.word	0xf844f000
10000034:	42902202 	.word	0x42902202
10000038:	2106d014 	.word	0x2106d014
1000003c:	f0006619 	.word	0xf0006619
10000040:	6e19f834 	.word	0x6e19f834
10000044:	66192101 	.word	0x66192101
10000048:	66182000 	.word	0x66182000
1000004c:	f000661a 	.word	0xf000661a
10000050:	6e19f82c 	.word	0x6e19f82c
10000054:	6e196e19 	.word	0x6e196e19
10000058:	f0002005 	.word	0xf0002005
1000005c:	2101f82f 	.word	0x2101f82f
10000060:	d1f94208 	.word	0xd1f94208
10000064:	60992100 	.word	0x60992100
10000068:	6019491b 	.word	0x6019491b
1000006c:	60592100 	.word	0x60592100
10000070:	481b491a 	.word	0x481b491a
10000074:	21016001 	.word	0x21016001
10000078:	21eb6099 	.word	0x21eb6099
1000007c:	21a06619 	.word	0x21a06619
10000080:	f0006619 	.word	0xf0006619
10000084:	2100f812 	.word	0x2100f812
10000088:	49166099 	.word	0x49166099
1000008c:	60014814 	.word	0x60014814
10000090:	60992101 	.word	0x60992101
10000094:	2800bc01 	.word	0x2800bc01
10000098:	4700d000 	.word	0x4700d000
1000009c:	49134812 	.word	0x49134812
100000a0:	c8036008 	.word	0xc8036008
100000a4:	8808f380 	.word	0x8808f380
100000a8:	b5034708 	.word	0xb5034708
100000ac:	20046a99 	.word	0x20046a99
100000b0:	d0fb4201 	.word	0xd0fb4201
100000b4:	42012001 	.word	0x42012001
100000b8:	bd03d1f8 	.word	0xbd03d1f8
100000bc:	6618b502 	.word	0x6618b502
100000c0:	f7ff6618 	.word	0xf7ff6618
100000c4:	6e18fff2 	.word	0x6e18fff2
100000c8:	bd026e18 	.word	0xbd026e18
100000cc:	40020000 	.word	0x40020000
100000d0:	18000000 	.word	0x18000000
100000d4:	00070000 	.word	0x00070000
100000d8:	005f0300 	.word	0x005f0300
100000dc:	00002221 	.word	0x00002221
100000e0:	180000f4 	.word	0x180000f4
100000e4:	a0002022 	.word	0xa0002022
100000e8:	10000100 	.word	0x10000100
100000ec:	e000ed08 	.word	0xe000ed08
	...
100000fc:	7a4eb274 	.word	0x7a4eb274

Disassembly of section .text:

10000100 <__VECTOR_TABLE>:
10000100:	20042000 	.word	0x20042000
10000104:	100001f7 	.word	0x100001f7
10000108:	100001c3 	.word	0x100001c3
1000010c:	100001c5 	.word	0x100001c5
10000110:	100001c1 	.word	0x100001c1
10000114:	100001c1 	.word	0x100001c1
10000118:	100001c1 	.word	0x100001c1
1000011c:	100001c1 	.word	0x100001c1
10000120:	100001c1 	.word	0x100001c1
10000124:	100001c1 	.word	0x100001c1
10000128:	100001c1 	.word	0x100001c1
1000012c:	100001c7 	.word	0x100001c7
10000130:	100001c1 	.word	0x100001c1
10000134:	100001c1 	.word	0x100001c1
10000138:	100001c9 	.word	0x100001c9
1000013c:	100001cb 	.word	0x100001cb
10000140:	100001cd 	.word	0x100001cd
10000144:	100001cd 	.word	0x100001cd
10000148:	100001cd 	.word	0x100001cd
1000014c:	100001cd 	.word	0x100001cd
10000150:	100001cd 	.word	0x100001cd
10000154:	100001cd 	.word	0x100001cd
10000158:	100001cd 	.word	0x100001cd
1000015c:	100001cd 	.word	0x100001cd
10000160:	100001cd 	.word	0x100001cd
10000164:	100001cd 	.word	0x100001cd
10000168:	100001cd 	.word	0x100001cd
1000016c:	100001cd 	.word	0x100001cd
10000170:	100001cd 	.word	0x100001cd
10000174:	100001cd 	.word	0x100001cd
10000178:	100001cd 	.word	0x100001cd
1000017c:	100001cd 	.word	0x100001cd
10000180:	100001cd 	.word	0x100001cd
10000184:	100001cd 	.word	0x100001cd
10000188:	100001cd 	.word	0x100001cd
1000018c:	100001cd 	.word	0x100001cd
10000190:	100001cd 	.word	0x100001cd
10000194:	100001cd 	.word	0x100001cd
10000198:	100001cd 	.word	0x100001cd
1000019c:	100001cd 	.word	0x100001cd
100001a0:	100001cd 	.word	0x100001cd
100001a4:	100001cd 	.word	0x100001cd
100001a8:	100001cd 	.word	0x100001cd
100001ac:	100001cd 	.word	0x100001cd
100001b0:	100001cd 	.word	0x100001cd
100001b4:	100001cd 	.word	0x100001cd
100001b8:	100001cd 	.word	0x100001cd
100001bc:	100001cd 	.word	0x100001cd

100001c0 <isr_invalid>:
100001c0:	be00      	bkpt	0x0000

100001c2 <isr_nmi>:
100001c2:	be00      	bkpt	0x0000

100001c4 <isr_hardfault>:
100001c4:	be00      	bkpt	0x0000

100001c6 <isr_svcall>:
100001c6:	be00      	bkpt	0x0000

100001c8 <isr_pendsv>:
100001c8:	be00      	bkpt	0x0000

100001ca <isr_systick>:
100001ca:	be00      	bkpt	0x0000

100001cc <__unhandled_user_irq>:
100001cc:	f3ef 8005 	mrs	r0, IPSR
100001d0:	3810      	subs	r0, #16

100001d2 <unhandled_user_irq_num_in_r0>:
100001d2:	be00      	bkpt	0x0000

100001d4 <binary_info_header>:
100001d4:	7188ebf2 	.word	0x7188ebf2
100001d8:	10008574 	.word	0x10008574
100001dc:	100085a4 	.word	0x100085a4
100001e0:	10000238 	.word	0x10000238
100001e4:	e71aa390 	.word	0xe71aa390

100001e8 <_entry_point>:
100001e8:	481e      	ldr	r0, [pc, #120]	@ (10000264 <data_cpy_table+0x2c>)

100001ea <_enter_vtable_in_r0>:
100001ea:	491f      	ldr	r1, [pc, #124]	@ (10000268 <data_cpy_table+0x30>)
100001ec:	6008      	str	r0, [r1, #0]
100001ee:	c806      	ldmia	r0!, {r1, r2}
100001f0:	f381 8808 	msr	MSP, r1
100001f4:	4710      	bx	r2

100001f6 <_reset_handler>:
100001f6:	481d      	ldr	r0, [pc, #116]	@ (1000026c <data_cpy_table+0x34>)
100001f8:	6800      	ldr	r0, [r0, #0]
100001fa:	2800      	cmp	r0, #0
100001fc:	d001      	beq.n	10000202 <hold_non_core0_in_bootrom+0x4>

100001fe <hold_non_core0_in_bootrom>:
100001fe:	4819      	ldr	r0, [pc, #100]	@ (10000264 <data_cpy_table+0x2c>)
10000200:	e7f3      	b.n	100001ea <_enter_vtable_in_r0>
10000202:	a40d      	add	r4, pc, #52	@ (adr r4, 10000238 <data_cpy_table>)
10000204:	cc0e      	ldmia	r4!, {r1, r2, r3}
10000206:	2900      	cmp	r1, #0
10000208:	d002      	beq.n	10000210 <hold_non_core0_in_bootrom+0x12>
1000020a:	f000 f812 	bl	10000232 <data_cpy>
1000020e:	e7f9      	b.n	10000204 <hold_non_core0_in_bootrom+0x6>
10000210:	4917      	ldr	r1, [pc, #92]	@ (10000270 <data_cpy_table+0x38>)
10000212:	4a18      	ldr	r2, [pc, #96]	@ (10000274 <data_cpy_table+0x3c>)
10000214:	2000      	movs	r0, #0
10000216:	e000      	b.n	1000021a <bss_fill_test>

10000218 <bss_fill_loop>:
10000218:	c101      	stmia	r1!, {r0}

1000021a <bss_fill_test>:
1000021a:	4291      	cmp	r1, r2
1000021c:	d1fc      	bne.n	10000218 <bss_fill_loop>

1000021e <platform_entry>:
1000021e:	4916      	ldr	r1, [pc, #88]	@ (10000278 <data_cpy_table+0x40>)
10000220:	4788      	blx	r1
10000222:	4916      	ldr	r1, [pc, #88]	@ (1000027c <data_cpy_table+0x44>)
10000224:	4788      	blx	r1
10000226:	4916      	ldr	r1, [pc, #88]	@ (10000280 <data_cpy_table+0x48>)
10000228:	4788      	blx	r1
1000022a:	be00      	bkpt	0x0000
1000022c:	e7fd      	b.n	1000022a <platform_entry+0xc>

1000022e <data_cpy_loop>:
1000022e:	c901      	ldmia	r1!, {r0}
10000230:	c201      	stmia	r2!, {r0}

10000232 <data_cpy>:
10000232:	429a      	cmp	r2, r3
10000234:	d3fb      	bcc.n	1000022e <data_cpy_loop>
10000236:	4770      	bx	lr

10000238 <data_cpy_table>:
10000238:	100085a4 	.word	0x100085a4
1000023c:	200000c0 	.word	0x200000c0
10000240:	20001944 	.word	0x20001944
10000244:	10009e28 	.word	0x10009e28
10000248:	20040000 	.word	0x20040000
1000024c:	20040000 	.word	0x20040000
10000250:	10009e28 	.word	0x10009e28
10000254:	20041000 	.word	0x20041000
10000258:	20041000 	.word	0x20041000
1000025c:	00000000 	.word	0x00000000
10000260:	4770      	bx	lr
10000262:	0000      	.short	0x0000
10000264:	00000000 	.word	0x00000000
10000268:	e000ed08 	.word	0xe000ed08
1000026c:	d0000000 	.word	0xd0000000
10000270:	20001944 	.word	0x20001944
10000274:	20002c2c 	.word	0x20002c2c
10000278:	10004975 	.word	0x10004975
1000027c:	10000729 	.word	0x10000729
10000280:	1000496d 	.word	0x1000496d

10000284 <_init>:
10000284:	b5f8      	push	{r3, r4, r5, r6, r7, lr}
10000286:	46c0      	nop			@ (mov r8, r8)

10000288 <deregister_tm_clones>:
10000288:	4804      	ldr	r0, [pc, #16]	@ (1000029c <deregister_tm_clones+0x14>)
1000028a:	4b05      	ldr	r3, [pc, #20]	@ (100002a0 <deregister_tm_clones+0x18>)
1000028c:	b510      	push	{r4, lr}
1000028e:	4283      	cmp	r3, r0
10000290:	d003      	beq.n	1000029a <deregister_tm_clones+0x12>
10000292:	4b04      	ldr	r3, [pc, #16]	@ (100002a4 <deregister_tm_clones+0x1c>)
10000294:	2b00      	cmp	r3, #0
10000296:	d000      	beq.n	1000029a <deregister_tm_clones+0x12>
10000298:	4798      	blx	r3
1000029a:	bd10      	pop	{r4, pc}
1000029c:	20001944 	.word	0x20001944
100002a0:	20001944 	.word	0x20001944
100002a4:	00000000 	.word	0x00000000

100002a8 <register_tm_clones>:
100002a8:	4806      	ldr	r0, [pc, #24]	@ (100002c4 <register_tm_clones+0x1c>)
100002aa:	4907      	ldr	r1, [pc, #28]	@ (100002c8 <register_tm_clones+0x20>)
100002ac:	1a09      	subs	r1, r1, r0
100002ae:	108b      	asrs	r3, r1, #2
100002b0:	0fc9      	lsrs	r1, r1, #31
100002b2:	18c9      	adds	r1, r1, r3
100002b4:	b510      	push	{r4, lr}
100002b6:	1049      	asrs	r1, r1, #1
100002b8:	d003      	beq.n	100002c2 <register_tm_clones+0x1a>
100002ba:	4b04      	ldr	r3, [pc, #16]	@ (100002cc <register_tm_clones+0x24>)
100002bc:	2b00      	cmp	r3, #0
100002be:	d000      	beq.n	100002c2 <register_tm_clones+0x1a>
100002c0:	4798      	blx	r3
100002c2:	bd10      	pop	{r4, pc}
100002c4:	20001944 	.word	0x20001944
100002c8:	20001944 	.word	0x20001944
100002cc:	00000000 	.word	0x00000000

100002d0 <__do_global_dtors_aux>:
100002d0:	b510      	push	{r4, lr}
100002d2:	4c07      	ldr	r4, [pc, #28]	@ (100002f0 <__do_global_dtors_aux+0x20>)
100002d4:	7823      	ldrb	r3, [r4, #0]
100002d6:	2b00      	cmp	r3, #0
100002d8:	d109      	bne.n	100002ee <__do_global_dtors_aux+0x1e>
100002da:	f7ff ffd5 	bl	10000288 <deregister_tm_clones>
100002de:	4b05      	ldr	r3, [pc, #20]	@ (100002f4 <__do_global_dtors_aux+0x24>)
100002e0:	2b00      	cmp	r3, #0
100002e2:	d002      	beq.n	100002ea <__do_global_dtors_aux+0x1a>
100002e4:	4804      	ldr	r0, [pc, #16]	@ (100002f8 <__do_global_dtors_aux+0x28>)
100002e6:	e000      	b.n	100002ea <__do_global_dtors_aux+0x1a>
100002e8:	bf00      	nop
100002ea:	2301      	movs	r3, #1
100002ec:	7023      	strb	r3, [r4, #0]
100002ee:	bd10      	pop	{r4, pc}
100002f0:	20001e18 	.word	0x20001e18
100002f4:	00000000 	.word	0x00000000
100002f8:	10007b30 	.word	0x10007b30

100002fc <frame_dummy>:
100002fc:	4b05      	ldr	r3, [pc, #20]	@ (10000314 <frame_dummy+0x18>)
100002fe:	b510      	push	{r4, lr}
10000300:	2b00      	cmp	r3, #0
10000302:	d003      	beq.n	1000030c <frame_dummy+0x10>
10000304:	4904      	ldr	r1, [pc, #16]	@ (10000318 <frame_dummy+0x1c>)
10000306:	4805      	ldr	r0, [pc, #20]	@ (1000031c <frame_dummy+0x20>)
10000308:	e000      	b.n	1000030c <frame_dummy+0x10>
1000030a:	bf00      	nop
1000030c:	f7ff ffcc 	bl	100002a8 <register_tm_clones>
10000310:	bd10      	pop	{r4, pc}
10000312:	46c0      	nop			@ (mov r8, r8)
10000314:	00000000 	.word	0x00000000
10000318:	20001e1c 	.word	0x20001e1c
1000031c:	10007b30 	.word	0x10007b30

10000320 <cli_trace_addresses>:
10000320:	2200      	movs	r2, #0
10000322:	4b03      	ldr	r3, [pc, #12]	@ (10000330 <cli_trace_addresses+0x10>)
10000324:	601a      	str	r2, [r3, #0]
10000326:	4b03      	ldr	r3, [pc, #12]	@ (10000334 <cli_trace_addresses+0x14>)
10000328:	3201      	adds	r2, #1
1000032a:	601a      	str	r2, [r3, #0]
1000032c:	4770      	bx	lr
1000032e:	46c0      	nop			@ (mov r8, r8)
10000330:	20002b00 	.word	0x20002b00
10000334:	20002b04 	.word	0x20002b04

10000338 <rom_emulate>:
10000338:	2001      	movs	r0, #1
1000033a:	b570      	push	{r4, r5, r6, lr}
1000033c:	2100      	movs	r1, #0
1000033e:	4240      	negs	r0, r0
10000340:	f000 fc24 	bl	10000b8c <irq_set_mask_enabled>
10000344:	24c0      	movs	r4, #192	@ 0xc0
10000346:	22d0      	movs	r2, #208	@ 0xd0
10000348:	2180      	movs	r1, #128	@ 0x80
1000034a:	2001      	movs	r0, #1
1000034c:	4d12      	ldr	r5, [pc, #72]	@ (10000398 <rom_emulate+0x60>)
1000034e:	4e13      	ldr	r6, [pc, #76]	@ (1000039c <rom_emulate+0x64>)
10000350:	0612      	lsls	r2, r2, #24
10000352:	04c9      	lsls	r1, r1, #19
10000354:	0564      	lsls	r4, r4, #21
10000356:	6151      	str	r1, [r2, #20]
10000358:	6853      	ldr	r3, [r2, #4]
1000035a:	4223      	tst	r3, r4
1000035c:	d1fb      	bne.n	10000356 <rom_emulate+0x1e>
1000035e:	035b      	lsls	r3, r3, #13
10000360:	6191      	str	r1, [r2, #24]
10000362:	0d5b      	lsrs	r3, r3, #21
10000364:	5ceb      	ldrb	r3, [r5, r3]
10000366:	b2db      	uxtb	r3, r3
10000368:	6153      	str	r3, [r2, #20]
1000036a:	43db      	mvns	r3, r3
1000036c:	b2db      	uxtb	r3, r3
1000036e:	6193      	str	r3, [r2, #24]
10000370:	6833      	ldr	r3, [r6, #0]
10000372:	3301      	adds	r3, #1
10000374:	6033      	str	r3, [r6, #0]
10000376:	6853      	ldr	r3, [r2, #4]
10000378:	4218      	tst	r0, r3
1000037a:	d10a      	bne.n	10000392 <rom_emulate+0x5a>
1000037c:	035b      	lsls	r3, r3, #13
1000037e:	0d5b      	lsrs	r3, r3, #21
10000380:	5ceb      	ldrb	r3, [r5, r3]
10000382:	b2db      	uxtb	r3, r3
10000384:	6153      	str	r3, [r2, #20]
10000386:	43db      	mvns	r3, r3
10000388:	b2db      	uxtb	r3, r3
1000038a:	6193      	str	r3, [r2, #24]
1000038c:	6853      	ldr	r3, [r2, #4]
1000038e:	4218      	tst	r0, r3
10000390:	d0f4      	beq.n	1000037c <rom_emulate+0x44>
10000392:	6151      	str	r1, [r2, #20]
10000394:	e7df      	b.n	10000356 <rom_emulate+0x1e>
10000396:	46c0      	nop			@ (mov r8, r8)
10000398:	20001054 	.word	0x20001054
1000039c:	2000299c 	.word	0x2000299c

100003a0 <cli_information>:
100003a0:	b510      	push	{r4, lr}
100003a2:	4802      	ldr	r0, [pc, #8]	@ (100003ac <cli_information+0xc>)
100003a4:	f004 fd44 	bl	10004e30 <__wrap_printf>
100003a8:	bd10      	pop	{r4, pc}
100003aa:	46c0      	nop			@ (mov r8, r8)
100003ac:	10007b30 	.word	0x10007b30

100003b0 <cli_digit>:
100003b0:	b510      	push	{r4, lr}
100003b2:	4b03      	ldr	r3, [pc, #12]	@ (100003c0 <cli_digit+0x10>)
100003b4:	4803      	ldr	r0, [pc, #12]	@ (100003c4 <cli_digit+0x14>)
100003b6:	6819      	ldr	r1, [r3, #0]
100003b8:	f004 fd3a 	bl	10004e30 <__wrap_printf>
100003bc:	bd10      	pop	{r4, pc}
100003be:	46c0      	nop			@ (mov r8, r8)
100003c0:	2000298c 	.word	0x2000298c
100003c4:	10007b40 	.word	0x10007b40

100003c8 <cli_dump_trace>:
100003c8:	b5f0      	push	{r4, r5, r6, r7, lr}
100003ca:	46ce      	mov	lr, r9
100003cc:	4647      	mov	r7, r8
100003ce:	b580      	push	{r7, lr}
100003d0:	4818      	ldr	r0, [pc, #96]	@ (10000434 <cli_dump_trace+0x6c>)
100003d2:	b083      	sub	sp, #12
100003d4:	f004 fcaa 	bl	10004d2c <__wrap_puts>
100003d8:	4b17      	ldr	r3, [pc, #92]	@ (10000438 <cli_dump_trace+0x70>)
100003da:	4818      	ldr	r0, [pc, #96]	@ (1000043c <cli_dump_trace+0x74>)
100003dc:	6819      	ldr	r1, [r3, #0]
100003de:	4b18      	ldr	r3, [pc, #96]	@ (10000440 <cli_dump_trace+0x78>)
100003e0:	2580      	movs	r5, #128	@ 0x80
100003e2:	681a      	ldr	r2, [r3, #0]
100003e4:	f004 fd24 	bl	10004e30 <__wrap_printf>
100003e8:	4b16      	ldr	r3, [pc, #88]	@ (10000444 <cli_dump_trace+0x7c>)
100003ea:	4f17      	ldr	r7, [pc, #92]	@ (10000448 <cli_dump_trace+0x80>)
100003ec:	4699      	mov	r9, r3
100003ee:	4b17      	ldr	r3, [pc, #92]	@ (1000044c <cli_dump_trace+0x84>)
100003f0:	4e17      	ldr	r6, [pc, #92]	@ (10000450 <cli_dump_trace+0x88>)
100003f2:	4698      	mov	r8, r3
100003f4:	200a      	movs	r0, #10
100003f6:	002c      	movs	r4, r5
100003f8:	f004 fc4e 	bl	10004c98 <__wrap_putchar>
100003fc:	3c80      	subs	r4, #128	@ 0x80
100003fe:	464a      	mov	r2, r9
10000400:	0063      	lsls	r3, r4, #1
10000402:	5ad2      	ldrh	r2, [r2, r3]
10000404:	4643      	mov	r3, r8
10000406:	5d1b      	ldrb	r3, [r3, r4]
10000408:	5d39      	ldrb	r1, [r7, r4]
1000040a:	0030      	movs	r0, r6
1000040c:	9100      	str	r1, [sp, #0]
1000040e:	b292      	uxth	r2, r2
10000410:	0021      	movs	r1, r4
10000412:	b2db      	uxtb	r3, r3
10000414:	3420      	adds	r4, #32
10000416:	f004 fd0b 	bl	10004e30 <__wrap_printf>
1000041a:	42ac      	cmp	r4, r5
1000041c:	d1ef      	bne.n	100003fe <cli_dump_trace+0x36>
1000041e:	1c65      	adds	r5, r4, #1
10000420:	2c9f      	cmp	r4, #159	@ 0x9f
10000422:	d1e7      	bne.n	100003f4 <cli_dump_trace+0x2c>
10000424:	200a      	movs	r0, #10
10000426:	f004 fc37 	bl	10004c98 <__wrap_putchar>
1000042a:	b003      	add	sp, #12
1000042c:	bcc0      	pop	{r6, r7}
1000042e:	46b9      	mov	r9, r7
10000430:	46b0      	mov	r8, r6
10000432:	bdf0      	pop	{r4, r5, r6, r7, pc}
10000434:	10007b44 	.word	0x10007b44
10000438:	20002b00 	.word	0x20002b00
1000043c:	10007b50 	.word	0x10007b50
10000440:	20002b04 	.word	0x20002b04
10000444:	20002a00 	.word	0x20002a00
10000448:	20002b88 	.word	0x20002b88
1000044c:	20002b08 	.word	0x20002b08
10000450:	10007b74 	.word	0x10007b74

10000454 <serial_help>:
10000454:	b510      	push	{r4, lr}
10000456:	200a      	movs	r0, #10
10000458:	f004 fc1e 	bl	10004c98 <__wrap_putchar>
1000045c:	4c50      	ldr	r4, [pc, #320]	@ (100005a0 <serial_help+0x14c>)
1000045e:	6862      	ldr	r2, [r4, #4]
10000460:	7813      	ldrb	r3, [r2, #0]
10000462:	2b2a      	cmp	r3, #42	@ 0x2a
10000464:	d003      	beq.n	1000046e <serial_help+0x1a>
10000466:	7821      	ldrb	r1, [r4, #0]
10000468:	484e      	ldr	r0, [pc, #312]	@ (100005a4 <serial_help+0x150>)
1000046a:	f004 fce1 	bl	10004e30 <__wrap_printf>
1000046e:	6922      	ldr	r2, [r4, #16]
10000470:	7813      	ldrb	r3, [r2, #0]
10000472:	2b2a      	cmp	r3, #42	@ 0x2a
10000474:	d003      	beq.n	1000047e <serial_help+0x2a>
10000476:	7b21      	ldrb	r1, [r4, #12]
10000478:	484a      	ldr	r0, [pc, #296]	@ (100005a4 <serial_help+0x150>)
1000047a:	f004 fcd9 	bl	10004e30 <__wrap_printf>
1000047e:	69e2      	ldr	r2, [r4, #28]
10000480:	7813      	ldrb	r3, [r2, #0]
10000482:	2b2a      	cmp	r3, #42	@ 0x2a
10000484:	d003      	beq.n	1000048e <serial_help+0x3a>
10000486:	7e21      	ldrb	r1, [r4, #24]
10000488:	4846      	ldr	r0, [pc, #280]	@ (100005a4 <serial_help+0x150>)
1000048a:	f004 fcd1 	bl	10004e30 <__wrap_printf>
1000048e:	6aa2      	ldr	r2, [r4, #40]	@ 0x28
10000490:	7813      	ldrb	r3, [r2, #0]
10000492:	2b2a      	cmp	r3, #42	@ 0x2a
10000494:	d004      	beq.n	100004a0 <serial_help+0x4c>
10000496:	2324      	movs	r3, #36	@ 0x24
10000498:	4842      	ldr	r0, [pc, #264]	@ (100005a4 <serial_help+0x150>)
1000049a:	5ce1      	ldrb	r1, [r4, r3]
1000049c:	f004 fcc8 	bl	10004e30 <__wrap_printf>
100004a0:	6b62      	ldr	r2, [r4, #52]	@ 0x34
100004a2:	7813      	ldrb	r3, [r2, #0]
100004a4:	2b2a      	cmp	r3, #42	@ 0x2a
100004a6:	d004      	beq.n	100004b2 <serial_help+0x5e>
100004a8:	2330      	movs	r3, #48	@ 0x30
100004aa:	483e      	ldr	r0, [pc, #248]	@ (100005a4 <serial_help+0x150>)
100004ac:	5ce1      	ldrb	r1, [r4, r3]
100004ae:	f004 fcbf 	bl	10004e30 <__wrap_printf>
100004b2:	6c22      	ldr	r2, [r4, #64]	@ 0x40
100004b4:	7813      	ldrb	r3, [r2, #0]
100004b6:	2b2a      	cmp	r3, #42	@ 0x2a
100004b8:	d004      	beq.n	100004c4 <serial_help+0x70>
100004ba:	233c      	movs	r3, #60	@ 0x3c
100004bc:	4839      	ldr	r0, [pc, #228]	@ (100005a4 <serial_help+0x150>)
100004be:	5ce1      	ldrb	r1, [r4, r3]
100004c0:	f004 fcb6 	bl	10004e30 <__wrap_printf>
100004c4:	6ce2      	ldr	r2, [r4, #76]	@ 0x4c
100004c6:	7813      	ldrb	r3, [r2, #0]
100004c8:	2b2a      	cmp	r3, #42	@ 0x2a
100004ca:	d004      	beq.n	100004d6 <serial_help+0x82>
100004cc:	2348      	movs	r3, #72	@ 0x48
100004ce:	4835      	ldr	r0, [pc, #212]	@ (100005a4 <serial_help+0x150>)
100004d0:	5ce1      	ldrb	r1, [r4, r3]
100004d2:	f004 fcad 	bl	10004e30 <__wrap_printf>
100004d6:	6da2      	ldr	r2, [r4, #88]	@ 0x58
100004d8:	7813      	ldrb	r3, [r2, #0]
100004da:	2b2a      	cmp	r3, #42	@ 0x2a
100004dc:	d004      	beq.n	100004e8 <serial_help+0x94>
100004de:	2354      	movs	r3, #84	@ 0x54
100004e0:	4830      	ldr	r0, [pc, #192]	@ (100005a4 <serial_help+0x150>)
100004e2:	5ce1      	ldrb	r1, [r4, r3]
100004e4:	f004 fca4 	bl	10004e30 <__wrap_printf>
100004e8:	6e62      	ldr	r2, [r4, #100]	@ 0x64
100004ea:	7813      	ldrb	r3, [r2, #0]
100004ec:	2b2a      	cmp	r3, #42	@ 0x2a
100004ee:	d004      	beq.n	100004fa <serial_help+0xa6>
100004f0:	2360      	movs	r3, #96	@ 0x60
100004f2:	482c      	ldr	r0, [pc, #176]	@ (100005a4 <serial_help+0x150>)
100004f4:	5ce1      	ldrb	r1, [r4, r3]
100004f6:	f004 fc9b 	bl	10004e30 <__wrap_printf>
100004fa:	6f22      	ldr	r2, [r4, #112]	@ 0x70
100004fc:	7813      	ldrb	r3, [r2, #0]
100004fe:	2b2a      	cmp	r3, #42	@ 0x2a
10000500:	d004      	beq.n	1000050c <serial_help+0xb8>
10000502:	236c      	movs	r3, #108	@ 0x6c
10000504:	4827      	ldr	r0, [pc, #156]	@ (100005a4 <serial_help+0x150>)
10000506:	5ce1      	ldrb	r1, [r4, r3]
10000508:	f004 fc92 	bl	10004e30 <__wrap_printf>
1000050c:	6fe2      	ldr	r2, [r4, #124]	@ 0x7c
1000050e:	7813      	ldrb	r3, [r2, #0]
10000510:	2b2a      	cmp	r3, #42	@ 0x2a
10000512:	d004      	beq.n	1000051e <serial_help+0xca>
10000514:	2378      	movs	r3, #120	@ 0x78
10000516:	4823      	ldr	r0, [pc, #140]	@ (100005a4 <serial_help+0x150>)
10000518:	5ce1      	ldrb	r1, [r4, r3]
1000051a:	f004 fc89 	bl	10004e30 <__wrap_printf>
1000051e:	2388      	movs	r3, #136	@ 0x88
10000520:	58e2      	ldr	r2, [r4, r3]
10000522:	7813      	ldrb	r3, [r2, #0]
10000524:	2b2a      	cmp	r3, #42	@ 0x2a
10000526:	d004      	beq.n	10000532 <serial_help+0xde>
10000528:	2384      	movs	r3, #132	@ 0x84
1000052a:	481e      	ldr	r0, [pc, #120]	@ (100005a4 <serial_help+0x150>)
1000052c:	5ce1      	ldrb	r1, [r4, r3]
1000052e:	f004 fc7f 	bl	10004e30 <__wrap_printf>
10000532:	2394      	movs	r3, #148	@ 0x94
10000534:	58e2      	ldr	r2, [r4, r3]
10000536:	7813      	ldrb	r3, [r2, #0]
10000538:	2b2a      	cmp	r3, #42	@ 0x2a
1000053a:	d004      	beq.n	10000546 <serial_help+0xf2>
1000053c:	2390      	movs	r3, #144	@ 0x90
1000053e:	4819      	ldr	r0, [pc, #100]	@ (100005a4 <serial_help+0x150>)
10000540:	5ce1      	ldrb	r1, [r4, r3]
10000542:	f004 fc75 	bl	10004e30 <__wrap_printf>
10000546:	23a0      	movs	r3, #160	@ 0xa0
10000548:	58e2      	ldr	r2, [r4, r3]
1000054a:	7813      	ldrb	r3, [r2, #0]
1000054c:	2b2a      	cmp	r3, #42	@ 0x2a
1000054e:	d004      	beq.n	1000055a <serial_help+0x106>
10000550:	239c      	movs	r3, #156	@ 0x9c
10000552:	4814      	ldr	r0, [pc, #80]	@ (100005a4 <serial_help+0x150>)
10000554:	5ce1      	ldrb	r1, [r4, r3]
10000556:	f004 fc6b 	bl	10004e30 <__wrap_printf>
1000055a:	23ac      	movs	r3, #172	@ 0xac
1000055c:	58e2      	ldr	r2, [r4, r3]
1000055e:	7813      	ldrb	r3, [r2, #0]
10000560:	2b2a      	cmp	r3, #42	@ 0x2a
10000562:	d004      	beq.n	1000056e <serial_help+0x11a>
10000564:	23a8      	movs	r3, #168	@ 0xa8
10000566:	480f      	ldr	r0, [pc, #60]	@ (100005a4 <serial_help+0x150>)
10000568:	5ce1      	ldrb	r1, [r4, r3]
1000056a:	f004 fc61 	bl	10004e30 <__wrap_printf>
1000056e:	23b8      	movs	r3, #184	@ 0xb8
10000570:	58e2      	ldr	r2, [r4, r3]
10000572:	7813      	ldrb	r3, [r2, #0]
10000574:	2b2a      	cmp	r3, #42	@ 0x2a
10000576:	d004      	beq.n	10000582 <serial_help+0x12e>
10000578:	23b4      	movs	r3, #180	@ 0xb4
1000057a:	480a      	ldr	r0, [pc, #40]	@ (100005a4 <serial_help+0x150>)
1000057c:	5ce1      	ldrb	r1, [r4, r3]
1000057e:	f004 fc57 	bl	10004e30 <__wrap_printf>
10000582:	23c4      	movs	r3, #196	@ 0xc4
10000584:	58e2      	ldr	r2, [r4, r3]
10000586:	7813      	ldrb	r3, [r2, #0]
10000588:	2b2a      	cmp	r3, #42	@ 0x2a
1000058a:	d004      	beq.n	10000596 <serial_help+0x142>
1000058c:	23c0      	movs	r3, #192	@ 0xc0
1000058e:	4805      	ldr	r0, [pc, #20]	@ (100005a4 <serial_help+0x150>)
10000590:	5ce1      	ldrb	r1, [r4, r3]
10000592:	f004 fc4d 	bl	10004e30 <__wrap_printf>
10000596:	4804      	ldr	r0, [pc, #16]	@ (100005a8 <serial_help+0x154>)
10000598:	f004 fc4a 	bl	10004e30 <__wrap_printf>
1000059c:	bd10      	pop	{r4, pc}
1000059e:	46c0      	nop			@ (mov r8, r8)
100005a0:	20000f88 	.word	0x20000f88
100005a4:	10007b8c 	.word	0x10007b8c
100005a8:	10007b98 	.word	0x10007b98

100005ac <cli_boot_mass>:
100005ac:	2100      	movs	r1, #0
100005ae:	2000      	movs	r0, #0
100005b0:	b510      	push	{r4, lr}
100005b2:	f001 fe15 	bl	100021e0 <rom_reset_usb_boot>
100005b6:	46c0      	nop			@ (mov r8, r8)

100005b8 <cli_dump_ram>:
100005b8:	b5f0      	push	{r4, r5, r6, r7, lr}
100005ba:	46de      	mov	lr, fp
100005bc:	4657      	mov	r7, sl
100005be:	464e      	mov	r6, r9
100005c0:	4645      	mov	r5, r8
100005c2:	b5e0      	push	{r5, r6, r7, lr}
100005c4:	4f30      	ldr	r7, [pc, #192]	@ (10000688 <cli_dump_ram+0xd0>)
100005c6:	b093      	sub	sp, #76	@ 0x4c
100005c8:	683b      	ldr	r3, [r7, #0]
100005ca:	200a      	movs	r0, #10
100005cc:	17da      	asrs	r2, r3, #31
100005ce:	0c12      	lsrs	r2, r2, #16
100005d0:	189b      	adds	r3, r3, r2
100005d2:	041b      	lsls	r3, r3, #16
100005d4:	0c1b      	lsrs	r3, r3, #16
100005d6:	1a9b      	subs	r3, r3, r2
100005d8:	603b      	str	r3, [r7, #0]
100005da:	f004 fb5d 	bl	10004c98 <__wrap_putchar>
100005de:	2300      	movs	r3, #0
100005e0:	ae04      	add	r6, sp, #16
100005e2:	7033      	strb	r3, [r6, #0]
100005e4:	2380      	movs	r3, #128	@ 0x80
100005e6:	683c      	ldr	r4, [r7, #0]
100005e8:	009b      	lsls	r3, r3, #2
100005ea:	18e3      	adds	r3, r4, r3
100005ec:	429c      	cmp	r4, r3
100005ee:	d23c      	bcs.n	1000066a <cli_dump_ram+0xb2>
100005f0:	4b26      	ldr	r3, [pc, #152]	@ (1000068c <cli_dump_ram+0xd4>)
100005f2:	469a      	mov	sl, r3
100005f4:	4b26      	ldr	r3, [pc, #152]	@ (10000690 <cli_dump_ram+0xd8>)
100005f6:	4699      	mov	r9, r3
100005f8:	4b26      	ldr	r3, [pc, #152]	@ (10000694 <cli_dump_ram+0xdc>)
100005fa:	4698      	mov	r8, r3
100005fc:	4b26      	ldr	r3, [pc, #152]	@ (10000698 <cli_dump_ram+0xe0>)
100005fe:	9300      	str	r3, [sp, #0]
10000600:	4b26      	ldr	r3, [pc, #152]	@ (1000069c <cli_dump_ram+0xe4>)
10000602:	9301      	str	r3, [sp, #4]
10000604:	4b26      	ldr	r3, [pc, #152]	@ (100006a0 <cli_dump_ram+0xe8>)
10000606:	469b      	mov	fp, r3
10000608:	e00f      	b.n	1000062a <cli_dump_ram+0x72>
1000060a:	4659      	mov	r1, fp
1000060c:	002a      	movs	r2, r5
1000060e:	a802      	add	r0, sp, #8
10000610:	f004 f96e 	bl	100048f0 <__wrap_sprintf>
10000614:	a902      	add	r1, sp, #8
10000616:	0030      	movs	r0, r6
10000618:	f007 f938 	bl	1000788c <strcat>
1000061c:	2280      	movs	r2, #128	@ 0x80
1000061e:	683b      	ldr	r3, [r7, #0]
10000620:	0092      	lsls	r2, r2, #2
10000622:	3401      	adds	r4, #1
10000624:	189b      	adds	r3, r3, r2
10000626:	42a3      	cmp	r3, r4
10000628:	d91f      	bls.n	1000066a <cli_dump_ram+0xb2>
1000062a:	230f      	movs	r3, #15
1000062c:	001d      	movs	r5, r3
1000062e:	4025      	ands	r5, r4
10000630:	4223      	tst	r3, r4
10000632:	d010      	beq.n	10000656 <cli_dump_ram+0x9e>
10000634:	4653      	mov	r3, sl
10000636:	5d1d      	ldrb	r5, [r3, r4]
10000638:	4648      	mov	r0, r9
1000063a:	b2ed      	uxtb	r5, r5
1000063c:	0029      	movs	r1, r5
1000063e:	f004 fbf7 	bl	10004e30 <__wrap_printf>
10000642:	4643      	mov	r3, r8
10000644:	2268      	movs	r2, #104	@ 0x68
10000646:	5d5b      	ldrb	r3, [r3, r5]
10000648:	4393      	bics	r3, r2
1000064a:	d1de      	bne.n	1000060a <cli_dump_ram+0x52>
1000064c:	232e      	movs	r3, #46	@ 0x2e
1000064e:	aa02      	add	r2, sp, #8
10000650:	0011      	movs	r1, r2
10000652:	8013      	strh	r3, [r2, #0]
10000654:	e7df      	b.n	10000616 <cli_dump_ram+0x5e>
10000656:	0031      	movs	r1, r6
10000658:	9800      	ldr	r0, [sp, #0]
1000065a:	f004 fbe9 	bl	10004e30 <__wrap_printf>
1000065e:	0021      	movs	r1, r4
10000660:	9801      	ldr	r0, [sp, #4]
10000662:	7035      	strb	r5, [r6, #0]
10000664:	f004 fbe4 	bl	10004e30 <__wrap_printf>
10000668:	e7e4      	b.n	10000634 <cli_dump_ram+0x7c>
1000066a:	200a      	movs	r0, #10
1000066c:	f004 fb14 	bl	10004c98 <__wrap_putchar>
10000670:	2280      	movs	r2, #128	@ 0x80
10000672:	683b      	ldr	r3, [r7, #0]
10000674:	0092      	lsls	r2, r2, #2
10000676:	189b      	adds	r3, r3, r2
10000678:	603b      	str	r3, [r7, #0]
1000067a:	b013      	add	sp, #76	@ 0x4c
1000067c:	bcf0      	pop	{r4, r5, r6, r7}
1000067e:	46bb      	mov	fp, r7
10000680:	46b2      	mov	sl, r6
10000682:	46a9      	mov	r9, r5
10000684:	46a0      	mov	r8, r4
10000686:	bdf0      	pop	{r4, r5, r6, r7, pc}
10000688:	200029a8 	.word	0x200029a8
1000068c:	20001054 	.word	0x20001054
10000690:	10007bc4 	.word	0x10007bc4
10000694:	10008471 	.word	0x10008471
10000698:	10007bb4 	.word	0x10007bb4
1000069c:	10007bbc 	.word	0x10007bbc
100006a0:	10007bcc 	.word	0x10007bcc

100006a4 <cli_enter_parameter>:
100006a4:	b570      	push	{r4, r5, r6, lr}
100006a6:	481a      	ldr	r0, [pc, #104]	@ (10000710 <cli_enter_parameter+0x6c>)
100006a8:	f004 fbc2 	bl	10004e30 <__wrap_printf>
100006ac:	2300      	movs	r3, #0
100006ae:	4c19      	ldr	r4, [pc, #100]	@ (10000714 <cli_enter_parameter+0x70>)
100006b0:	6023      	str	r3, [r4, #0]
100006b2:	20fa      	movs	r0, #250	@ 0xfa
100006b4:	0080      	lsls	r0, r0, #2
100006b6:	f004 faa3 	bl	10004c00 <stdio_getchar_timeout_us>
100006ba:	1c83      	adds	r3, r0, #2
100006bc:	d021      	beq.n	10000702 <cli_enter_parameter+0x5e>
100006be:	2839      	cmp	r0, #57	@ 0x39
100006c0:	dc08      	bgt.n	100006d4 <cli_enter_parameter+0x30>
100006c2:	282f      	cmp	r0, #47	@ 0x2f
100006c4:	dc20      	bgt.n	10000708 <cli_enter_parameter+0x64>
100006c6:	281b      	cmp	r0, #27
100006c8:	d8f3      	bhi.n	100006b2 <cli_enter_parameter+0xe>
100006ca:	4b13      	ldr	r3, [pc, #76]	@ (10000718 <cli_enter_parameter+0x74>)
100006cc:	4103      	asrs	r3, r0
100006ce:	07db      	lsls	r3, r3, #31
100006d0:	d4ef      	bmi.n	100006b2 <cli_enter_parameter+0xe>
100006d2:	bd70      	pop	{r4, r5, r6, pc}
100006d4:	0003      	movs	r3, r0
100006d6:	3b61      	subs	r3, #97	@ 0x61
100006d8:	2b05      	cmp	r3, #5
100006da:	d8ea      	bhi.n	100006b2 <cli_enter_parameter+0xe>
100006dc:	6823      	ldr	r3, [r4, #0]
100006de:	3857      	subs	r0, #87	@ 0x57
100006e0:	011b      	lsls	r3, r3, #4
100006e2:	181b      	adds	r3, r3, r0
100006e4:	490d      	ldr	r1, [pc, #52]	@ (1000071c <cli_enter_parameter+0x78>)
100006e6:	480e      	ldr	r0, [pc, #56]	@ (10000720 <cli_enter_parameter+0x7c>)
100006e8:	6023      	str	r3, [r4, #0]
100006ea:	f004 fba1 	bl	10004e30 <__wrap_printf>
100006ee:	6821      	ldr	r1, [r4, #0]
100006f0:	480c      	ldr	r0, [pc, #48]	@ (10000724 <cli_enter_parameter+0x80>)
100006f2:	f004 fb9d 	bl	10004e30 <__wrap_printf>
100006f6:	20fa      	movs	r0, #250	@ 0xfa
100006f8:	0080      	lsls	r0, r0, #2
100006fa:	f004 fa81 	bl	10004c00 <stdio_getchar_timeout_us>
100006fe:	1c83      	adds	r3, r0, #2
10000700:	d1dd      	bne.n	100006be <cli_enter_parameter+0x1a>
10000702:	f004 fa61 	bl	10004bc8 <stdio_flush>
10000706:	e7d4      	b.n	100006b2 <cli_enter_parameter+0xe>
10000708:	6823      	ldr	r3, [r4, #0]
1000070a:	3830      	subs	r0, #48	@ 0x30
1000070c:	011b      	lsls	r3, r3, #4
1000070e:	e7e8      	b.n	100006e2 <cli_enter_parameter+0x3e>
10000710:	10007bd0 	.word	0x10007bd0
10000714:	200029a8 	.word	0x200029a8
10000718:	f7ffdbff 	.word	0xf7ffdbff
1000071c:	200029d4 	.word	0x200029d4
10000720:	10007bfc 	.word	0x10007bfc
10000724:	10007c14 	.word	0x10007c14

10000728 <main>:
10000728:	b5f0      	push	{r4, r5, r6, r7, lr}
1000072a:	46ce      	mov	lr, r9
1000072c:	4647      	mov	r7, r8
1000072e:	b580      	push	{r7, lr}
10000730:	b085      	sub	sp, #20
10000732:	486f      	ldr	r0, [pc, #444]	@ (100008f0 <main+0x1c8>)
10000734:	ab03      	add	r3, sp, #12
10000736:	aa02      	add	r2, sp, #8
10000738:	a901      	add	r1, sp, #4
1000073a:	f001 fb2d 	bl	10001d98 <check_sys_clock_khz>
1000073e:	2800      	cmp	r0, #0
10000740:	d103      	bne.n	1000074a <main+0x22>
10000742:	486c      	ldr	r0, [pc, #432]	@ (100008f4 <main+0x1cc>)
10000744:	496a      	ldr	r1, [pc, #424]	@ (100008f0 <main+0x1c8>)
10000746:	f000 f931 	bl	100009ac <panic>
1000074a:	9a03      	ldr	r2, [sp, #12]
1000074c:	9902      	ldr	r1, [sp, #8]
1000074e:	9801      	ldr	r0, [sp, #4]
10000750:	f001 fa48 	bl	10001be4 <set_sys_clock_pll>
10000754:	f004 fa4c 	bl	10004bf0 <stdio_init_all>
10000758:	4867      	ldr	r0, [pc, #412]	@ (100008f8 <main+0x1d0>)
1000075a:	f004 fae7 	bl	10004d2c <__wrap_puts>
1000075e:	4867      	ldr	r0, [pc, #412]	@ (100008fc <main+0x1d4>)
10000760:	f004 fb66 	bl	10004e30 <__wrap_printf>
10000764:	4b66      	ldr	r3, [pc, #408]	@ (10000900 <main+0x1d8>)
10000766:	26d0      	movs	r6, #208	@ 0xd0
10000768:	4698      	mov	r8, r3
1000076a:	2701      	movs	r7, #1
1000076c:	4c65      	ldr	r4, [pc, #404]	@ (10000904 <main+0x1dc>)
1000076e:	0636      	lsls	r6, r6, #24
10000770:	cc20      	ldmia	r4!, {r5}
10000772:	0028      	movs	r0, r5
10000774:	f000 f8f6 	bl	10000964 <gpio_init>
10000778:	003b      	movs	r3, r7
1000077a:	40ab      	lsls	r3, r5
1000077c:	62b3      	str	r3, [r6, #40]	@ 0x28
1000077e:	4544      	cmp	r4, r8
10000780:	d1f6      	bne.n	10000770 <main+0x48>
10000782:	4b61      	ldr	r3, [pc, #388]	@ (10000908 <main+0x1e0>)
10000784:	26d0      	movs	r6, #208	@ 0xd0
10000786:	4698      	mov	r8, r3
10000788:	2701      	movs	r7, #1
1000078a:	4c60      	ldr	r4, [pc, #384]	@ (1000090c <main+0x1e4>)
1000078c:	0636      	lsls	r6, r6, #24
1000078e:	cc20      	ldmia	r4!, {r5}
10000790:	0028      	movs	r0, r5
10000792:	f000 f8e7 	bl	10000964 <gpio_init>
10000796:	003b      	movs	r3, r7
10000798:	40ab      	lsls	r3, r5
1000079a:	6273      	str	r3, [r6, #36]	@ 0x24
1000079c:	4544      	cmp	r4, r8
1000079e:	d1f6      	bne.n	1000078e <main+0x66>
100007a0:	201b      	movs	r0, #27
100007a2:	f000 f8df 	bl	10000964 <gpio_init>
100007a6:	2380      	movs	r3, #128	@ 0x80
100007a8:	051b      	lsls	r3, r3, #20
100007aa:	62b3      	str	r3, [r6, #40]	@ 0x28
100007ac:	201c      	movs	r0, #28
100007ae:	f000 f8d9 	bl	10000964 <gpio_init>
100007b2:	2380      	movs	r3, #128	@ 0x80
100007b4:	055b      	lsls	r3, r3, #21
100007b6:	62b3      	str	r3, [r6, #40]	@ 0x28
100007b8:	201a      	movs	r0, #26
100007ba:	f000 f8d3 	bl	10000964 <gpio_init>
100007be:	2380      	movs	r3, #128	@ 0x80
100007c0:	04db      	lsls	r3, r3, #19
100007c2:	6273      	str	r3, [r6, #36]	@ 0x24
100007c4:	4852      	ldr	r0, [pc, #328]	@ (10000910 <main+0x1e8>)
100007c6:	f007 f82b 	bl	10007820 <multicore_launch_core1>
100007ca:	200a      	movs	r0, #10
100007cc:	f004 fa64 	bl	10004c98 <__wrap_putchar>
100007d0:	4850      	ldr	r0, [pc, #320]	@ (10000914 <main+0x1ec>)
100007d2:	f004 fb2d 	bl	10004e30 <__wrap_printf>
100007d6:	4850      	ldr	r0, [pc, #320]	@ (10000918 <main+0x1f0>)
100007d8:	f004 fb2a 	bl	10004e30 <__wrap_printf>
100007dc:	484d      	ldr	r0, [pc, #308]	@ (10000914 <main+0x1ec>)
100007de:	f004 fb27 	bl	10004e30 <__wrap_printf>
100007e2:	200a      	movs	r0, #10
100007e4:	f004 fa58 	bl	10004c98 <__wrap_putchar>
100007e8:	200a      	movs	r0, #10
100007ea:	f004 fa55 	bl	10004c98 <__wrap_putchar>
100007ee:	4b4b      	ldr	r3, [pc, #300]	@ (1000091c <main+0x1f4>)
100007f0:	4c4b      	ldr	r4, [pc, #300]	@ (10000920 <main+0x1f8>)
100007f2:	4699      	mov	r9, r3
100007f4:	4b4b      	ldr	r3, [pc, #300]	@ (10000924 <main+0x1fc>)
100007f6:	4f4c      	ldr	r7, [pc, #304]	@ (10000928 <main+0x200>)
100007f8:	4698      	mov	r8, r3
100007fa:	4e4c      	ldr	r6, [pc, #304]	@ (1000092c <main+0x204>)
100007fc:	4d4c      	ldr	r5, [pc, #304]	@ (10000930 <main+0x208>)
100007fe:	20fa      	movs	r0, #250	@ 0xfa
10000800:	0080      	lsls	r0, r0, #2
10000802:	f004 f9fd 	bl	10004c00 <stdio_getchar_timeout_us>
10000806:	1c83      	adds	r3, r0, #2
10000808:	d0f9      	beq.n	100007fe <main+0xd6>
1000080a:	7823      	ldrb	r3, [r4, #0]
1000080c:	4283      	cmp	r3, r0
1000080e:	d04f      	beq.n	100008b0 <main+0x188>
10000810:	7b23      	ldrb	r3, [r4, #12]
10000812:	4298      	cmp	r0, r3
10000814:	d04e      	beq.n	100008b4 <main+0x18c>
10000816:	7e23      	ldrb	r3, [r4, #24]
10000818:	4298      	cmp	r0, r3
1000081a:	d04d      	beq.n	100008b8 <main+0x190>
1000081c:	2324      	movs	r3, #36	@ 0x24
1000081e:	5ce3      	ldrb	r3, [r4, r3]
10000820:	4298      	cmp	r0, r3
10000822:	d04b      	beq.n	100008bc <main+0x194>
10000824:	2330      	movs	r3, #48	@ 0x30
10000826:	5ce3      	ldrb	r3, [r4, r3]
10000828:	4298      	cmp	r0, r3
1000082a:	d049      	beq.n	100008c0 <main+0x198>
1000082c:	233c      	movs	r3, #60	@ 0x3c
1000082e:	5ce3      	ldrb	r3, [r4, r3]
10000830:	4298      	cmp	r0, r3
10000832:	d047      	beq.n	100008c4 <main+0x19c>
10000834:	2348      	movs	r3, #72	@ 0x48
10000836:	5ce3      	ldrb	r3, [r4, r3]
10000838:	4298      	cmp	r0, r3
1000083a:	d045      	beq.n	100008c8 <main+0x1a0>
1000083c:	2354      	movs	r3, #84	@ 0x54
1000083e:	5ce3      	ldrb	r3, [r4, r3]
10000840:	4298      	cmp	r0, r3
10000842:	d043      	beq.n	100008cc <main+0x1a4>
10000844:	2360      	movs	r3, #96	@ 0x60
10000846:	5ce3      	ldrb	r3, [r4, r3]
10000848:	4298      	cmp	r0, r3
1000084a:	d041      	beq.n	100008d0 <main+0x1a8>
1000084c:	236c      	movs	r3, #108	@ 0x6c
1000084e:	5ce3      	ldrb	r3, [r4, r3]
10000850:	4298      	cmp	r0, r3
10000852:	d03f      	beq.n	100008d4 <main+0x1ac>
10000854:	2378      	movs	r3, #120	@ 0x78
10000856:	5ce3      	ldrb	r3, [r4, r3]
10000858:	4298      	cmp	r0, r3
1000085a:	d03d      	beq.n	100008d8 <main+0x1b0>
1000085c:	2384      	movs	r3, #132	@ 0x84
1000085e:	5ce3      	ldrb	r3, [r4, r3]
10000860:	4298      	cmp	r0, r3
10000862:	d03b      	beq.n	100008dc <main+0x1b4>
10000864:	2390      	movs	r3, #144	@ 0x90
10000866:	5ce3      	ldrb	r3, [r4, r3]
10000868:	4298      	cmp	r0, r3
1000086a:	d039      	beq.n	100008e0 <main+0x1b8>
1000086c:	239c      	movs	r3, #156	@ 0x9c
1000086e:	5ce3      	ldrb	r3, [r4, r3]
10000870:	4298      	cmp	r0, r3
10000872:	d037      	beq.n	100008e4 <main+0x1bc>
10000874:	23a8      	movs	r3, #168	@ 0xa8
10000876:	5ce3      	ldrb	r3, [r4, r3]
10000878:	4298      	cmp	r0, r3
1000087a:	d035      	beq.n	100008e8 <main+0x1c0>
1000087c:	23b4      	movs	r3, #180	@ 0xb4
1000087e:	5ce3      	ldrb	r3, [r4, r3]
10000880:	4298      	cmp	r0, r3
10000882:	d033      	beq.n	100008ec <main+0x1c4>
10000884:	23c0      	movs	r3, #192	@ 0xc0
10000886:	5ce3      	ldrb	r3, [r4, r3]
10000888:	2210      	movs	r2, #16
1000088a:	4298      	cmp	r0, r3
1000088c:	d1b7      	bne.n	100007fe <main+0xd6>
1000088e:	464b      	mov	r3, r9
10000890:	6018      	str	r0, [r3, #0]
10000892:	0053      	lsls	r3, r2, #1
10000894:	189b      	adds	r3, r3, r2
10000896:	009b      	lsls	r3, r3, #2
10000898:	18e3      	adds	r3, r4, r3
1000089a:	689b      	ldr	r3, [r3, #8]
1000089c:	4798      	blx	r3
1000089e:	4641      	mov	r1, r8
100008a0:	0038      	movs	r0, r7
100008a2:	f004 fac5 	bl	10004e30 <__wrap_printf>
100008a6:	0028      	movs	r0, r5
100008a8:	6831      	ldr	r1, [r6, #0]
100008aa:	f004 fac1 	bl	10004e30 <__wrap_printf>
100008ae:	e7a6      	b.n	100007fe <main+0xd6>
100008b0:	2200      	movs	r2, #0
100008b2:	e7ec      	b.n	1000088e <main+0x166>
100008b4:	2201      	movs	r2, #1
100008b6:	e7ea      	b.n	1000088e <main+0x166>
100008b8:	2202      	movs	r2, #2
100008ba:	e7e8      	b.n	1000088e <main+0x166>
100008bc:	2203      	movs	r2, #3
100008be:	e7e6      	b.n	1000088e <main+0x166>
100008c0:	2204      	movs	r2, #4
100008c2:	e7e4      	b.n	1000088e <main+0x166>
100008c4:	2205      	movs	r2, #5
100008c6:	e7e2      	b.n	1000088e <main+0x166>
100008c8:	2206      	movs	r2, #6
100008ca:	e7e0      	b.n	1000088e <main+0x166>
100008cc:	2207      	movs	r2, #7
100008ce:	e7de      	b.n	1000088e <main+0x166>
100008d0:	2208      	movs	r2, #8
100008d2:	e7dc      	b.n	1000088e <main+0x166>
100008d4:	2209      	movs	r2, #9
100008d6:	e7da      	b.n	1000088e <main+0x166>
100008d8:	220a      	movs	r2, #10
100008da:	e7d8      	b.n	1000088e <main+0x166>
100008dc:	220b      	movs	r2, #11
100008de:	e7d6      	b.n	1000088e <main+0x166>
100008e0:	220c      	movs	r2, #12
100008e2:	e7d4      	b.n	1000088e <main+0x166>
100008e4:	220d      	movs	r2, #13
100008e6:	e7d2      	b.n	1000088e <main+0x166>
100008e8:	220e      	movs	r2, #14
100008ea:	e7d0      	b.n	1000088e <main+0x166>
100008ec:	220f      	movs	r2, #15
100008ee:	e7ce      	b.n	1000088e <main+0x166>
100008f0:	00041eb0 	.word	0x00041eb0
100008f4:	10007c54 	.word	0x10007c54
100008f8:	10007c2c 	.word	0x10007c2c
100008fc:	10007c40 	.word	0x10007c40
10000900:	10007fa4 	.word	0x10007fa4
10000904:	10007f64 	.word	0x10007f64
10000908:	10007f64 	.word	0x10007f64
1000090c:	10007f44 	.word	0x10007f44
10000910:	10000339 	.word	0x10000339
10000914:	10007c88 	.word	0x10007c88
10000918:	10007cd8 	.word	0x10007cd8
1000091c:	2000298c 	.word	0x2000298c
10000920:	20000f88 	.word	0x20000f88
10000924:	200029d4 	.word	0x200029d4
10000928:	10007bfc 	.word	0x10007bfc
1000092c:	200029a8 	.word	0x200029a8
10000930:	10007c14 	.word	0x10007c14

10000934 <gpio_set_function>:
10000934:	b510      	push	{r4, lr}
10000936:	2440      	movs	r4, #64	@ 0x40
10000938:	4a07      	ldr	r2, [pc, #28]	@ (10000958 <gpio_set_function+0x24>)
1000093a:	0083      	lsls	r3, r0, #2
1000093c:	189a      	adds	r2, r3, r2
1000093e:	6812      	ldr	r2, [r2, #0]
10000940:	00c0      	lsls	r0, r0, #3
10000942:	4054      	eors	r4, r2
10000944:	22c0      	movs	r2, #192	@ 0xc0
10000946:	4022      	ands	r2, r4
10000948:	4c04      	ldr	r4, [pc, #16]	@ (1000095c <gpio_set_function+0x28>)
1000094a:	191b      	adds	r3, r3, r4
1000094c:	601a      	str	r2, [r3, #0]
1000094e:	4b04      	ldr	r3, [pc, #16]	@ (10000960 <gpio_set_function+0x2c>)
10000950:	18c0      	adds	r0, r0, r3
10000952:	6041      	str	r1, [r0, #4]
10000954:	bd10      	pop	{r4, pc}
10000956:	46c0      	nop			@ (mov r8, r8)
10000958:	4001c004 	.word	0x4001c004
1000095c:	4001d004 	.word	0x4001d004
10000960:	40014000 	.word	0x40014000

10000964 <gpio_init>:
10000964:	2301      	movs	r3, #1
10000966:	22d0      	movs	r2, #208	@ 0xd0
10000968:	4083      	lsls	r3, r0
1000096a:	0612      	lsls	r2, r2, #24
1000096c:	6293      	str	r3, [r2, #40]	@ 0x28
1000096e:	6193      	str	r3, [r2, #24]
10000970:	4a08      	ldr	r2, [pc, #32]	@ (10000994 <gpio_init+0x30>)
10000972:	0083      	lsls	r3, r0, #2
10000974:	189a      	adds	r2, r3, r2
10000976:	6811      	ldr	r1, [r2, #0]
10000978:	2240      	movs	r2, #64	@ 0x40
1000097a:	4051      	eors	r1, r2
1000097c:	3280      	adds	r2, #128	@ 0x80
1000097e:	400a      	ands	r2, r1
10000980:	4905      	ldr	r1, [pc, #20]	@ (10000998 <gpio_init+0x34>)
10000982:	00c0      	lsls	r0, r0, #3
10000984:	185b      	adds	r3, r3, r1
10000986:	601a      	str	r2, [r3, #0]
10000988:	4b04      	ldr	r3, [pc, #16]	@ (1000099c <gpio_init+0x38>)
1000098a:	18c0      	adds	r0, r0, r3
1000098c:	2305      	movs	r3, #5
1000098e:	6043      	str	r3, [r0, #4]
10000990:	4770      	bx	lr
10000992:	46c0      	nop			@ (mov r8, r8)
10000994:	4001c004 	.word	0x4001c004
10000998:	4001d004 	.word	0x4001d004
1000099c:	40014000 	.word	0x40014000

100009a0 <rp2040_chip_version>:
100009a0:	2380      	movs	r3, #128	@ 0x80
100009a2:	05db      	lsls	r3, r3, #23
100009a4:	6818      	ldr	r0, [r3, #0]
100009a6:	0f00      	lsrs	r0, r0, #28
100009a8:	4770      	bx	lr
100009aa:	46c0      	nop			@ (mov r8, r8)

100009ac <panic>:
100009ac:	b40f      	push	{r0, r1, r2, r3}
100009ae:	b500      	push	{lr}
100009b0:	4808      	ldr	r0, [pc, #32]	@ (100009d4 <panic+0x28>)
100009b2:	b083      	sub	sp, #12
100009b4:	f004 f9ba 	bl	10004d2c <__wrap_puts>
100009b8:	9b04      	ldr	r3, [sp, #16]
100009ba:	2b00      	cmp	r3, #0
100009bc:	d007      	beq.n	100009ce <panic+0x22>
100009be:	a905      	add	r1, sp, #20
100009c0:	0018      	movs	r0, r3
100009c2:	9101      	str	r1, [sp, #4]
100009c4:	f003 ffb8 	bl	10004938 <weak_raw_vprintf>
100009c8:	4803      	ldr	r0, [pc, #12]	@ (100009d8 <panic+0x2c>)
100009ca:	f004 f9af 	bl	10004d2c <__wrap_puts>
100009ce:	2001      	movs	r0, #1
100009d0:	f003 ffca 	bl	10004968 <_exit>
100009d4:	10007da4 	.word	0x10007da4
100009d8:	10007db4 	.word	0x10007db4

100009dc <hw_claim_or_assert>:
100009dc:	b570      	push	{r4, r5, r6, lr}
100009de:	468c      	mov	ip, r1
100009e0:	0016      	movs	r6, r2
100009e2:	f3ef 8410 	mrs	r4, PRIMASK
100009e6:	b672      	cpsid	i
100009e8:	490f      	ldr	r1, [pc, #60]	@ (10000a28 <hw_claim_or_assert+0x4c>)
100009ea:	680b      	ldr	r3, [r1, #0]
100009ec:	2b00      	cmp	r3, #0
100009ee:	d0fc      	beq.n	100009ea <hw_claim_or_assert+0xe>
100009f0:	f3bf 8f5f 	dmb	sy
100009f4:	4663      	mov	r3, ip
100009f6:	08db      	lsrs	r3, r3, #3
100009f8:	18c5      	adds	r5, r0, r3
100009fa:	2207      	movs	r2, #7
100009fc:	5cc0      	ldrb	r0, [r0, r3]
100009fe:	4663      	mov	r3, ip
10000a00:	401a      	ands	r2, r3
10000a02:	2301      	movs	r3, #1
10000a04:	4093      	lsls	r3, r2
10000a06:	001a      	movs	r2, r3
10000a08:	4002      	ands	r2, r0
10000a0a:	4203      	tst	r3, r0
10000a0c:	d107      	bne.n	10000a1e <hw_claim_or_assert+0x42>
10000a0e:	4318      	orrs	r0, r3
10000a10:	7028      	strb	r0, [r5, #0]
10000a12:	f3bf 8f5f 	dmb	sy
10000a16:	600a      	str	r2, [r1, #0]
10000a18:	f384 8810 	msr	PRIMASK, r4
10000a1c:	bd70      	pop	{r4, r5, r6, pc}
10000a1e:	4661      	mov	r1, ip
10000a20:	0030      	movs	r0, r6
10000a22:	f7ff ffc3 	bl	100009ac <panic>
10000a26:	46c0      	nop			@ (mov r8, r8)
10000a28:	d000012c 	.word	0xd000012c

10000a2c <hw_claim_unused_from_range>:
10000a2c:	b5f8      	push	{r3, r4, r5, r6, r7, lr}
10000a2e:	46ce      	mov	lr, r9
10000a30:	4647      	mov	r7, r8
10000a32:	468c      	mov	ip, r1
10000a34:	b580      	push	{r7, lr}
10000a36:	001c      	movs	r4, r3
10000a38:	f3ef 8810 	mrs	r8, PRIMASK
10000a3c:	b672      	cpsid	i
10000a3e:	491c      	ldr	r1, [pc, #112]	@ (10000ab0 <hw_claim_unused_from_range+0x84>)
10000a40:	680b      	ldr	r3, [r1, #0]
10000a42:	2b00      	cmp	r3, #0
10000a44:	d0fc      	beq.n	10000a40 <hw_claim_unused_from_range+0x14>
10000a46:	f3bf 8f5f 	dmb	sy
10000a4a:	42a2      	cmp	r2, r4
10000a4c:	d821      	bhi.n	10000a92 <hw_claim_unused_from_range+0x66>
10000a4e:	2307      	movs	r3, #7
10000a50:	4699      	mov	r9, r3
10000a52:	e002      	b.n	10000a5a <hw_claim_unused_from_range+0x2e>
10000a54:	3201      	adds	r2, #1
10000a56:	4294      	cmp	r4, r2
10000a58:	d318      	bcc.n	10000a8c <hw_claim_unused_from_range+0x60>
10000a5a:	4649      	mov	r1, r9
10000a5c:	2601      	movs	r6, #1
10000a5e:	4011      	ands	r1, r2
10000a60:	408e      	lsls	r6, r1
10000a62:	08d3      	lsrs	r3, r2, #3
10000a64:	18c7      	adds	r7, r0, r3
10000a66:	5cc3      	ldrb	r3, [r0, r3]
10000a68:	421e      	tst	r6, r3
10000a6a:	d1f3      	bne.n	10000a54 <hw_claim_unused_from_range+0x28>
10000a6c:	0010      	movs	r0, r2
10000a6e:	4333      	orrs	r3, r6
10000a70:	703b      	strb	r3, [r7, #0]
10000a72:	f3bf 8f5f 	dmb	sy
10000a76:	2200      	movs	r2, #0
10000a78:	4b0d      	ldr	r3, [pc, #52]	@ (10000ab0 <hw_claim_unused_from_range+0x84>)
10000a7a:	601a      	str	r2, [r3, #0]
10000a7c:	f388 8810 	msr	PRIMASK, r8
10000a80:	2800      	cmp	r0, #0
10000a82:	db0e      	blt.n	10000aa2 <hw_claim_unused_from_range+0x76>
10000a84:	bcc0      	pop	{r6, r7}
10000a86:	46b9      	mov	r9, r7
10000a88:	46b0      	mov	r8, r6
10000a8a:	bdf8      	pop	{r3, r4, r5, r6, r7, pc}
10000a8c:	2001      	movs	r0, #1
10000a8e:	4240      	negs	r0, r0
10000a90:	e7ef      	b.n	10000a72 <hw_claim_unused_from_range+0x46>
10000a92:	f3bf 8f5f 	dmb	sy
10000a96:	2300      	movs	r3, #0
10000a98:	600b      	str	r3, [r1, #0]
10000a9a:	f388 8810 	msr	PRIMASK, r8
10000a9e:	2001      	movs	r0, #1
10000aa0:	4240      	negs	r0, r0
10000aa2:	4663      	mov	r3, ip
10000aa4:	2b00      	cmp	r3, #0
10000aa6:	d0ed      	beq.n	10000a84 <hw_claim_unused_from_range+0x58>
10000aa8:	9808      	ldr	r0, [sp, #32]
10000aaa:	f7ff ff7f 	bl	100009ac <panic>
10000aae:	46c0      	nop			@ (mov r8, r8)
10000ab0:	d000012c 	.word	0xd000012c

10000ab4 <next_striped_spin_lock_num>:
10000ab4:	4a04      	ldr	r2, [pc, #16]	@ (10000ac8 <next_striped_spin_lock_num+0x14>)
10000ab6:	7810      	ldrb	r0, [r2, #0]
10000ab8:	1c43      	adds	r3, r0, #1
10000aba:	b2db      	uxtb	r3, r3
10000abc:	2b17      	cmp	r3, #23
10000abe:	d900      	bls.n	10000ac2 <next_striped_spin_lock_num+0xe>
10000ac0:	2310      	movs	r3, #16
10000ac2:	7013      	strb	r3, [r2, #0]
10000ac4:	4770      	bx	lr
10000ac6:	46c0      	nop			@ (mov r8, r8)
10000ac8:	20001854 	.word	0x20001854

10000acc <spin_lock_claim_unused>:
10000acc:	b500      	push	{lr}
10000ace:	4b05      	ldr	r3, [pc, #20]	@ (10000ae4 <spin_lock_claim_unused+0x18>)
10000ad0:	b083      	sub	sp, #12
10000ad2:	0001      	movs	r1, r0
10000ad4:	9300      	str	r3, [sp, #0]
10000ad6:	2218      	movs	r2, #24
10000ad8:	231f      	movs	r3, #31
10000ada:	4803      	ldr	r0, [pc, #12]	@ (10000ae8 <spin_lock_claim_unused+0x1c>)
10000adc:	f7ff ffa6 	bl	10000a2c <hw_claim_unused_from_range>
10000ae0:	b003      	add	sp, #12
10000ae2:	bd00      	pop	{pc}
10000ae4:	10007db8 	.word	0x10007db8
10000ae8:	20002528 	.word	0x20002528

10000aec <spin_locks_reset>:
10000aec:	2100      	movs	r1, #0
10000aee:	4b04      	ldr	r3, [pc, #16]	@ (10000b00 <spin_locks_reset+0x14>)
10000af0:	4a04      	ldr	r2, [pc, #16]	@ (10000b04 <spin_locks_reset+0x18>)
10000af2:	f3bf 8f5f 	dmb	sy
10000af6:	c302      	stmia	r3!, {r1}
10000af8:	4293      	cmp	r3, r2
10000afa:	d1fa      	bne.n	10000af2 <spin_locks_reset+0x6>
10000afc:	4770      	bx	lr
10000afe:	46c0      	nop			@ (mov r8, r8)
10000b00:	d0000100 	.word	0xd0000100
10000b04:	d0000180 	.word	0xd0000180

10000b08 <runtime_init_per_core_irq_priorities>:
10000b08:	4b08      	ldr	r3, [pc, #32]	@ (10000b2c <runtime_init_per_core_irq_priorities+0x24>)
10000b0a:	4a09      	ldr	r2, [pc, #36]	@ (10000b30 <runtime_init_per_core_irq_priorities+0x28>)
10000b0c:	6013      	str	r3, [r2, #0]
10000b0e:	4a09      	ldr	r2, [pc, #36]	@ (10000b34 <runtime_init_per_core_irq_priorities+0x2c>)
10000b10:	6013      	str	r3, [r2, #0]
10000b12:	4a09      	ldr	r2, [pc, #36]	@ (10000b38 <runtime_init_per_core_irq_priorities+0x30>)
10000b14:	6013      	str	r3, [r2, #0]
10000b16:	4a09      	ldr	r2, [pc, #36]	@ (10000b3c <runtime_init_per_core_irq_priorities+0x34>)
10000b18:	6013      	str	r3, [r2, #0]
10000b1a:	4a09      	ldr	r2, [pc, #36]	@ (10000b40 <runtime_init_per_core_irq_priorities+0x38>)
10000b1c:	6013      	str	r3, [r2, #0]
10000b1e:	4a09      	ldr	r2, [pc, #36]	@ (10000b44 <runtime_init_per_core_irq_priorities+0x3c>)
10000b20:	6013      	str	r3, [r2, #0]
10000b22:	4a09      	ldr	r2, [pc, #36]	@ (10000b48 <runtime_init_per_core_irq_priorities+0x40>)
10000b24:	6013      	str	r3, [r2, #0]
10000b26:	4a09      	ldr	r2, [pc, #36]	@ (10000b4c <runtime_init_per_core_irq_priorities+0x44>)
10000b28:	6013      	str	r3, [r2, #0]
10000b2a:	4770      	bx	lr
10000b2c:	80808080 	.word	0x80808080
10000b30:	e000e400 	.word	0xe000e400
10000b34:	e000e404 	.word	0xe000e404
10000b38:	e000e408 	.word	0xe000e408
10000b3c:	e000e40c 	.word	0xe000e40c
10000b40:	e000e410 	.word	0xe000e410
10000b44:	e000e414 	.word	0xe000e414
10000b48:	e000e418 	.word	0xe000e418
10000b4c:	e000e41c 	.word	0xe000e41c

10000b50 <irq_set_enabled>:
10000b50:	231f      	movs	r3, #31
10000b52:	4018      	ands	r0, r3
10000b54:	3b1e      	subs	r3, #30
10000b56:	4083      	lsls	r3, r0
10000b58:	2900      	cmp	r1, #0
10000b5a:	d005      	beq.n	10000b68 <irq_set_enabled+0x18>
10000b5c:	21c0      	movs	r1, #192	@ 0xc0
10000b5e:	4a04      	ldr	r2, [pc, #16]	@ (10000b70 <irq_set_enabled+0x20>)
10000b60:	0049      	lsls	r1, r1, #1
10000b62:	5053      	str	r3, [r2, r1]
10000b64:	6013      	str	r3, [r2, #0]
10000b66:	4770      	bx	lr
10000b68:	2280      	movs	r2, #128	@ 0x80
10000b6a:	4901      	ldr	r1, [pc, #4]	@ (10000b70 <irq_set_enabled+0x20>)
10000b6c:	508b      	str	r3, [r1, r2]
10000b6e:	e7fa      	b.n	10000b66 <irq_set_enabled+0x16>
10000b70:	e000e100 	.word	0xe000e100

10000b74 <irq_is_enabled>:
10000b74:	2201      	movs	r2, #1
10000b76:	4082      	lsls	r2, r0
10000b78:	4b03      	ldr	r3, [pc, #12]	@ (10000b88 <irq_is_enabled+0x14>)
10000b7a:	681b      	ldr	r3, [r3, #0]
10000b7c:	4013      	ands	r3, r2
10000b7e:	1e5a      	subs	r2, r3, #1
10000b80:	4193      	sbcs	r3, r2
10000b82:	b2d8      	uxtb	r0, r3
10000b84:	4770      	bx	lr
10000b86:	46c0      	nop			@ (mov r8, r8)
10000b88:	e000e100 	.word	0xe000e100

10000b8c <irq_set_mask_enabled>:
10000b8c:	2900      	cmp	r1, #0
10000b8e:	d005      	beq.n	10000b9c <irq_set_mask_enabled+0x10>
10000b90:	22c0      	movs	r2, #192	@ 0xc0
10000b92:	4b04      	ldr	r3, [pc, #16]	@ (10000ba4 <irq_set_mask_enabled+0x18>)
10000b94:	0052      	lsls	r2, r2, #1
10000b96:	5098      	str	r0, [r3, r2]
10000b98:	6018      	str	r0, [r3, #0]
10000b9a:	4770      	bx	lr
10000b9c:	2380      	movs	r3, #128	@ 0x80
10000b9e:	4a01      	ldr	r2, [pc, #4]	@ (10000ba4 <irq_set_mask_enabled+0x18>)
10000ba0:	50d0      	str	r0, [r2, r3]
10000ba2:	e7fa      	b.n	10000b9a <irq_set_mask_enabled+0xe>
10000ba4:	e000e100 	.word	0xe000e100

10000ba8 <irq_set_pending>:
10000ba8:	2301      	movs	r3, #1
10000baa:	4083      	lsls	r3, r0
10000bac:	4a01      	ldr	r2, [pc, #4]	@ (10000bb4 <irq_set_pending+0xc>)
10000bae:	6013      	str	r3, [r2, #0]
10000bb0:	4770      	bx	lr
10000bb2:	46c0      	nop			@ (mov r8, r8)
10000bb4:	e000e200 	.word	0xe000e200

10000bb8 <irq_has_shared_handler>:
10000bb8:	4b05      	ldr	r3, [pc, #20]	@ (10000bd0 <irq_has_shared_handler+0x18>)
10000bba:	3010      	adds	r0, #16
10000bbc:	689b      	ldr	r3, [r3, #8]
10000bbe:	0080      	lsls	r0, r0, #2
10000bc0:	58c3      	ldr	r3, [r0, r3]
10000bc2:	4a04      	ldr	r2, [pc, #16]	@ (10000bd4 <irq_has_shared_handler+0x1c>)
10000bc4:	2000      	movs	r0, #0
10000bc6:	1a9b      	subs	r3, r3, r2
10000bc8:	222f      	movs	r2, #47	@ 0x2f
10000bca:	429a      	cmp	r2, r3
10000bcc:	4140      	adcs	r0, r0
10000bce:	4770      	bx	lr
10000bd0:	e000ed00 	.word	0xe000ed00
10000bd4:	20001858 	.word	0x20001858

10000bd8 <irq_set_exclusive_handler>:
10000bd8:	b570      	push	{r4, r5, r6, lr}
10000bda:	000d      	movs	r5, r1
10000bdc:	f3ef 8610 	mrs	r6, PRIMASK
10000be0:	b672      	cpsid	i
10000be2:	4a0f      	ldr	r2, [pc, #60]	@ (10000c20 <irq_set_exclusive_handler+0x48>)
10000be4:	6813      	ldr	r3, [r2, #0]
10000be6:	2b00      	cmp	r3, #0
10000be8:	d0fc      	beq.n	10000be4 <irq_set_exclusive_handler+0xc>
10000bea:	f3bf 8f5f 	dmb	sy
10000bee:	4b0d      	ldr	r3, [pc, #52]	@ (10000c24 <irq_set_exclusive_handler+0x4c>)
10000bf0:	3010      	adds	r0, #16
10000bf2:	689b      	ldr	r3, [r3, #8]
10000bf4:	0084      	lsls	r4, r0, #2
10000bf6:	591b      	ldr	r3, [r3, r4]
10000bf8:	4a0b      	ldr	r2, [pc, #44]	@ (10000c28 <irq_set_exclusive_handler+0x50>)
10000bfa:	4293      	cmp	r3, r2
10000bfc:	d003      	beq.n	10000c06 <irq_set_exclusive_handler+0x2e>
10000bfe:	429d      	cmp	r5, r3
10000c00:	d001      	beq.n	10000c06 <irq_set_exclusive_handler+0x2e>
10000c02:	f001 fb23 	bl	1000224c <hard_assertion_failure>
10000c06:	4b07      	ldr	r3, [pc, #28]	@ (10000c24 <irq_set_exclusive_handler+0x4c>)
10000c08:	689b      	ldr	r3, [r3, #8]
10000c0a:	511d      	str	r5, [r3, r4]
10000c0c:	f3bf 8f5f 	dmb	sy
10000c10:	f3bf 8f5f 	dmb	sy
10000c14:	2200      	movs	r2, #0
10000c16:	4b02      	ldr	r3, [pc, #8]	@ (10000c20 <irq_set_exclusive_handler+0x48>)
10000c18:	601a      	str	r2, [r3, #0]
10000c1a:	f386 8810 	msr	PRIMASK, r6
10000c1e:	bd70      	pop	{r4, r5, r6, pc}
10000c20:	d0000124 	.word	0xd0000124
10000c24:	e000ed00 	.word	0xe000ed00
10000c28:	100001cd 	.word	0x100001cd

10000c2c <irq_add_shared_handler>:
10000c2c:	b5f0      	push	{r4, r5, r6, r7, lr}
10000c2e:	46de      	mov	lr, fp
10000c30:	4657      	mov	r7, sl
10000c32:	464e      	mov	r6, r9
10000c34:	4645      	mov	r5, r8
10000c36:	b5e0      	push	{r5, r6, r7, lr}
10000c38:	4682      	mov	sl, r0
10000c3a:	b083      	sub	sp, #12
10000c3c:	468b      	mov	fp, r1
10000c3e:	0017      	movs	r7, r2
10000c40:	f3ef 8810 	mrs	r8, PRIMASK
10000c44:	b672      	cpsid	i
10000c46:	4a60      	ldr	r2, [pc, #384]	@ (10000dc8 <irq_add_shared_handler+0x19c>)
10000c48:	6813      	ldr	r3, [r2, #0]
10000c4a:	2b00      	cmp	r3, #0
10000c4c:	d0fc      	beq.n	10000c48 <irq_add_shared_handler+0x1c>
10000c4e:	f3bf 8f5f 	dmb	sy
10000c52:	2500      	movs	r5, #0
10000c54:	4b5d      	ldr	r3, [pc, #372]	@ (10000dcc <irq_add_shared_handler+0x1a0>)
10000c56:	575d      	ldrsb	r5, [r3, r5]
10000c58:	4699      	mov	r9, r3
10000c5a:	2d00      	cmp	r5, #0
10000c5c:	da00      	bge.n	10000c60 <irq_add_shared_handler+0x34>
10000c5e:	e09a      	b.n	10000d96 <irq_add_shared_handler+0x16a>
10000c60:	464a      	mov	r2, r9
10000c62:	006b      	lsls	r3, r5, #1
10000c64:	4c5a      	ldr	r4, [pc, #360]	@ (10000dd0 <irq_add_shared_handler+0x1a4>)
10000c66:	195e      	adds	r6, r3, r5
10000c68:	00b6      	lsls	r6, r6, #2
10000c6a:	9301      	str	r3, [sp, #4]
10000c6c:	19a3      	adds	r3, r4, r6
10000c6e:	9300      	str	r3, [sp, #0]
10000c70:	799b      	ldrb	r3, [r3, #6]
10000c72:	7013      	strb	r3, [r2, #0]
10000c74:	4b57      	ldr	r3, [pc, #348]	@ (10000dd4 <irq_add_shared_handler+0x1a8>)
10000c76:	689a      	ldr	r2, [r3, #8]
10000c78:	4653      	mov	r3, sl
10000c7a:	3310      	adds	r3, #16
10000c7c:	009b      	lsls	r3, r3, #2
10000c7e:	58d1      	ldr	r1, [r2, r3]
10000c80:	4699      	mov	r9, r3
10000c82:	1b0b      	subs	r3, r1, r4
10000c84:	2b2f      	cmp	r3, #47	@ 0x2f
10000c86:	d932      	bls.n	10000cee <irq_add_shared_handler+0xc2>
10000c88:	4b53      	ldr	r3, [pc, #332]	@ (10000dd8 <irq_add_shared_handler+0x1ac>)
10000c8a:	4299      	cmp	r1, r3
10000c8c:	d000      	beq.n	10000c90 <irq_add_shared_handler+0x64>
10000c8e:	e098      	b.n	10000dc2 <irq_add_shared_handler+0x196>
10000c90:	9b01      	ldr	r3, [sp, #4]
10000c92:	3602      	adds	r6, #2
10000c94:	18ed      	adds	r5, r5, r3
10000c96:	4b51      	ldr	r3, [pc, #324]	@ (10000ddc <irq_add_shared_handler+0x1b0>)
10000c98:	00ad      	lsls	r5, r5, #2
10000c9a:	5363      	strh	r3, [r4, r5]
10000c9c:	4b50      	ldr	r3, [pc, #320]	@ (10000de0 <irq_add_shared_handler+0x1b4>)
10000c9e:	19a6      	adds	r6, r4, r6
10000ca0:	3b04      	subs	r3, #4
10000ca2:	1b9b      	subs	r3, r3, r6
10000ca4:	4a4f      	ldr	r2, [pc, #316]	@ (10000de4 <irq_add_shared_handler+0x1b8>)
10000ca6:	051b      	lsls	r3, r3, #20
10000ca8:	0d5b      	lsrs	r3, r3, #21
10000caa:	1965      	adds	r5, r4, r5
10000cac:	4313      	orrs	r3, r2
10000cae:	806b      	strh	r3, [r5, #2]
10000cb0:	4b4d      	ldr	r3, [pc, #308]	@ (10000de8 <irq_add_shared_handler+0x1bc>)
10000cb2:	2101      	movs	r1, #1
10000cb4:	80ab      	strh	r3, [r5, #4]
10000cb6:	23ff      	movs	r3, #255	@ 0xff
10000cb8:	71ab      	strb	r3, [r5, #6]
10000cba:	465b      	mov	r3, fp
10000cbc:	60ab      	str	r3, [r5, #8]
10000cbe:	9b00      	ldr	r3, [sp, #0]
10000cc0:	71ef      	strb	r7, [r5, #7]
10000cc2:	430b      	orrs	r3, r1
10000cc4:	0019      	movs	r1, r3
10000cc6:	464a      	mov	r2, r9
10000cc8:	4b42      	ldr	r3, [pc, #264]	@ (10000dd4 <irq_add_shared_handler+0x1a8>)
10000cca:	689b      	ldr	r3, [r3, #8]
10000ccc:	5099      	str	r1, [r3, r2]
10000cce:	f3bf 8f5f 	dmb	sy
10000cd2:	f3bf 8f5f 	dmb	sy
10000cd6:	2200      	movs	r2, #0
10000cd8:	4b3b      	ldr	r3, [pc, #236]	@ (10000dc8 <irq_add_shared_handler+0x19c>)
10000cda:	601a      	str	r2, [r3, #0]
10000cdc:	f388 8810 	msr	PRIMASK, r8
10000ce0:	b003      	add	sp, #12
10000ce2:	bcf0      	pop	{r4, r5, r6, r7}
10000ce4:	46bb      	mov	fp, r7
10000ce6:	46b2      	mov	sl, r6
10000ce8:	46a9      	mov	r9, r5
10000cea:	46a0      	mov	r8, r4
10000cec:	bdf0      	pop	{r4, r5, r6, r7, pc}
10000cee:	2001      	movs	r0, #1
10000cf0:	000a      	movs	r2, r1
10000cf2:	4382      	bics	r2, r0
10000cf4:	79d3      	ldrb	r3, [r2, #7]
10000cf6:	46b4      	mov	ip, r6
10000cf8:	42bb      	cmp	r3, r7
10000cfa:	d82d      	bhi.n	10000d58 <irq_add_shared_handler+0x12c>
10000cfc:	4b3b      	ldr	r3, [pc, #236]	@ (10000dec <irq_add_shared_handler+0x1c0>)
10000cfe:	1cb5      	adds	r5, r6, #2
10000d00:	0019      	movs	r1, r3
10000d02:	0013      	movs	r3, r2
10000d04:	1b1b      	subs	r3, r3, r4
10000d06:	415b      	adcs	r3, r3
10000d08:	4359      	muls	r1, r3
10000d0a:	0d09      	lsrs	r1, r1, #20
10000d0c:	468c      	mov	ip, r1
10000d0e:	4b33      	ldr	r3, [pc, #204]	@ (10000ddc <irq_add_shared_handler+0x1b0>)
10000d10:	1965      	adds	r5, r4, r5
10000d12:	53a3      	strh	r3, [r4, r6]
10000d14:	4b32      	ldr	r3, [pc, #200]	@ (10000de0 <irq_add_shared_handler+0x1b4>)
10000d16:	9900      	ldr	r1, [sp, #0]
10000d18:	3b04      	subs	r3, #4
10000d1a:	1b5b      	subs	r3, r3, r5
10000d1c:	051b      	lsls	r3, r3, #20
10000d1e:	4d31      	ldr	r5, [pc, #196]	@ (10000de4 <irq_add_shared_handler+0x1b8>)
10000d20:	0d5b      	lsrs	r3, r3, #21
10000d22:	432b      	orrs	r3, r5
10000d24:	3604      	adds	r6, #4
10000d26:	804b      	strh	r3, [r1, #2]
10000d28:	19a6      	adds	r6, r4, r6
10000d2a:	1f13      	subs	r3, r2, #4
10000d2c:	1b9b      	subs	r3, r3, r6
10000d2e:	051b      	lsls	r3, r3, #20
10000d30:	0d5b      	lsrs	r3, r3, #21
10000d32:	431d      	orrs	r5, r3
10000d34:	4663      	mov	r3, ip
10000d36:	718b      	strb	r3, [r1, #6]
10000d38:	465b      	mov	r3, fp
10000d3a:	608b      	str	r3, [r1, #8]
10000d3c:	4b2c      	ldr	r3, [pc, #176]	@ (10000df0 <irq_add_shared_handler+0x1c4>)
10000d3e:	808d      	strh	r5, [r1, #4]
10000d40:	71cf      	strb	r7, [r1, #7]
10000d42:	6013      	str	r3, [r2, #0]
10000d44:	4301      	orrs	r1, r0
10000d46:	e7be      	b.n	10000cc6 <irq_add_shared_handler+0x9a>
10000d48:	0058      	lsls	r0, r3, #1
10000d4a:	18c0      	adds	r0, r0, r3
10000d4c:	0080      	lsls	r0, r0, #2
10000d4e:	1820      	adds	r0, r4, r0
10000d50:	79c6      	ldrb	r6, [r0, #7]
10000d52:	42be      	cmp	r6, r7
10000d54:	d925      	bls.n	10000da2 <irq_add_shared_handler+0x176>
10000d56:	0002      	movs	r2, r0
10000d58:	2306      	movs	r3, #6
10000d5a:	56d3      	ldrsb	r3, [r2, r3]
10000d5c:	2b00      	cmp	r3, #0
10000d5e:	daf3      	bge.n	10000d48 <irq_add_shared_handler+0x11c>
10000d60:	469a      	mov	sl, r3
10000d62:	1d13      	adds	r3, r2, #4
10000d64:	469c      	mov	ip, r3
10000d66:	4823      	ldr	r0, [pc, #140]	@ (10000df4 <irq_add_shared_handler+0x1c8>)
10000d68:	4663      	mov	r3, ip
10000d6a:	9e00      	ldr	r6, [sp, #0]
10000d6c:	7195      	strb	r5, [r2, #6]
10000d6e:	3e04      	subs	r6, #4
10000d70:	1af6      	subs	r6, r6, r3
10000d72:	0536      	lsls	r6, r6, #20
10000d74:	4b1b      	ldr	r3, [pc, #108]	@ (10000de4 <irq_add_shared_handler+0x1b8>)
10000d76:	0d76      	lsrs	r6, r6, #21
10000d78:	431e      	orrs	r6, r3
10000d7a:	9b01      	ldr	r3, [sp, #4]
10000d7c:	8096      	strh	r6, [r2, #4]
10000d7e:	195a      	adds	r2, r3, r5
10000d80:	4653      	mov	r3, sl
10000d82:	0092      	lsls	r2, r2, #2
10000d84:	18a4      	adds	r4, r4, r2
10000d86:	71a3      	strb	r3, [r4, #6]
10000d88:	465b      	mov	r3, fp
10000d8a:	4a19      	ldr	r2, [pc, #100]	@ (10000df0 <irq_add_shared_handler+0x1c4>)
10000d8c:	80a0      	strh	r0, [r4, #4]
10000d8e:	6022      	str	r2, [r4, #0]
10000d90:	71e7      	strb	r7, [r4, #7]
10000d92:	60a3      	str	r3, [r4, #8]
10000d94:	e797      	b.n	10000cc6 <irq_add_shared_handler+0x9a>
10000d96:	f001 fa59 	bl	1000224c <hard_assertion_failure>
10000d9a:	2500      	movs	r5, #0
10000d9c:	464b      	mov	r3, r9
10000d9e:	575d      	ldrsb	r5, [r3, r5]
10000da0:	e75e      	b.n	10000c60 <irq_add_shared_handler+0x34>
10000da2:	4666      	mov	r6, ip
10000da4:	469a      	mov	sl, r3
10000da6:	1d13      	adds	r3, r2, #4
10000da8:	469c      	mov	ip, r3
10000daa:	8890      	ldrh	r0, [r2, #4]
10000dac:	3604      	adds	r6, #4
10000dae:	0540      	lsls	r0, r0, #21
10000db0:	1500      	asrs	r0, r0, #20
10000db2:	19a6      	adds	r6, r4, r6
10000db4:	4460      	add	r0, ip
10000db6:	1b80      	subs	r0, r0, r6
10000db8:	0500      	lsls	r0, r0, #20
10000dba:	4e0a      	ldr	r6, [pc, #40]	@ (10000de4 <irq_add_shared_handler+0x1b8>)
10000dbc:	0d40      	lsrs	r0, r0, #21
10000dbe:	4330      	orrs	r0, r6
10000dc0:	e7d2      	b.n	10000d68 <irq_add_shared_handler+0x13c>
10000dc2:	f001 fa43 	bl	1000224c <hard_assertion_failure>
10000dc6:	e763      	b.n	10000c90 <irq_add_shared_handler+0x64>
10000dc8:	d0000124 	.word	0xd0000124
10000dcc:	20002c25 	.word	0x20002c25
10000dd0:	20001858 	.word	0x20001858
10000dd4:	e000ed00 	.word	0xe000ed00
10000dd8:	100001cd 	.word	0x100001cd
10000ddc:	ffffa100 	.word	0xffffa100
10000de0:	20001888 	.word	0x20001888
10000de4:	ffffe000 	.word	0xffffe000
10000de8:	ffffbd01 	.word	0xffffbd01
10000dec:	0000aaaa 	.word	0x0000aaaa
10000df0:	47804801 	.word	0x47804801
10000df4:	0000bd01 	.word	0x0000bd01

10000df8 <irq_remove_handler>:
10000df8:	b5f0      	push	{r4, r5, r6, r7, lr}
10000dfa:	4645      	mov	r5, r8
10000dfc:	46de      	mov	lr, fp
10000dfe:	4657      	mov	r7, sl
10000e00:	464e      	mov	r6, r9
10000e02:	b5e0      	push	{r5, r6, r7, lr}
10000e04:	000d      	movs	r5, r1
10000e06:	b083      	sub	sp, #12
10000e08:	f3ef 8810 	mrs	r8, PRIMASK
10000e0c:	b672      	cpsid	i
10000e0e:	4a60      	ldr	r2, [pc, #384]	@ (10000f90 <irq_remove_handler+0x198>)
10000e10:	6813      	ldr	r3, [r2, #0]
10000e12:	2b00      	cmp	r3, #0
10000e14:	d0fc      	beq.n	10000e10 <irq_remove_handler+0x18>
10000e16:	f3bf 8f5f 	dmb	sy
10000e1a:	4b5e      	ldr	r3, [pc, #376]	@ (10000f94 <irq_remove_handler+0x19c>)
10000e1c:	495e      	ldr	r1, [pc, #376]	@ (10000f98 <irq_remove_handler+0x1a0>)
10000e1e:	689a      	ldr	r2, [r3, #8]
10000e20:	0003      	movs	r3, r0
10000e22:	3310      	adds	r3, #16
10000e24:	009f      	lsls	r7, r3, #2
10000e26:	59d4      	ldr	r4, [r2, r7]
10000e28:	4699      	mov	r9, r3
10000e2a:	428c      	cmp	r4, r1
10000e2c:	d03e      	beq.n	10000eac <irq_remove_handler+0xb4>
10000e2e:	42ac      	cmp	r4, r5
10000e30:	d04f      	beq.n	10000ed2 <irq_remove_handler+0xda>
10000e32:	4e5a      	ldr	r6, [pc, #360]	@ (10000f9c <irq_remove_handler+0x1a4>)
10000e34:	1ba2      	subs	r2, r4, r6
10000e36:	2a2f      	cmp	r2, #47	@ 0x2f
10000e38:	d838      	bhi.n	10000eac <irq_remove_handler+0xb4>
10000e3a:	4b59      	ldr	r3, [pc, #356]	@ (10000fa0 <irq_remove_handler+0x1a8>)
10000e3c:	681a      	ldr	r2, [r3, #0]
10000e3e:	469c      	mov	ip, r3
10000e40:	0013      	movs	r3, r2
10000e42:	2201      	movs	r2, #1
10000e44:	4082      	lsls	r2, r0
10000e46:	4013      	ands	r3, r2
10000e48:	221f      	movs	r2, #31
10000e4a:	4002      	ands	r2, r0
10000e4c:	2001      	movs	r0, #1
10000e4e:	469a      	mov	sl, r3
10000e50:	4090      	lsls	r0, r2
10000e52:	4663      	mov	r3, ip
10000e54:	2280      	movs	r2, #128	@ 0x80
10000e56:	4683      	mov	fp, r0
10000e58:	5098      	str	r0, [r3, r2]
10000e5a:	f3bf 8f5f 	dmb	sy
10000e5e:	f3ef 8305 	mrs	r3, IPSR
10000e62:	9301      	str	r3, [sp, #4]
10000e64:	2b00      	cmp	r3, #0
10000e66:	d036      	beq.n	10000ed6 <irq_remove_handler+0xde>
10000e68:	4599      	cmp	r9, r3
10000e6a:	d001      	beq.n	10000e70 <irq_remove_handler+0x78>
10000e6c:	f001 f9ee 	bl	1000224c <hard_assertion_failure>
10000e70:	2301      	movs	r3, #1
10000e72:	0022      	movs	r2, r4
10000e74:	439a      	bics	r2, r3
10000e76:	6890      	ldr	r0, [r2, #8]
10000e78:	4285      	cmp	r5, r0
10000e7a:	d108      	bne.n	10000e8e <irq_remove_handler+0x96>
10000e7c:	e076      	b.n	10000f6c <irq_remove_handler+0x174>
10000e7e:	004b      	lsls	r3, r1, #1
10000e80:	185b      	adds	r3, r3, r1
10000e82:	009b      	lsls	r3, r3, #2
10000e84:	18f3      	adds	r3, r6, r3
10000e86:	6898      	ldr	r0, [r3, #8]
10000e88:	4285      	cmp	r5, r0
10000e8a:	d036      	beq.n	10000efa <irq_remove_handler+0x102>
10000e8c:	001a      	movs	r2, r3
10000e8e:	2106      	movs	r1, #6
10000e90:	5651      	ldrsb	r1, [r2, r1]
10000e92:	2900      	cmp	r1, #0
10000e94:	daf3      	bge.n	10000e7e <irq_remove_handler+0x86>
10000e96:	4285      	cmp	r5, r0
10000e98:	d054      	beq.n	10000f44 <irq_remove_handler+0x14c>
10000e9a:	4653      	mov	r3, sl
10000e9c:	2b00      	cmp	r3, #0
10000e9e:	d027      	beq.n	10000ef0 <irq_remove_handler+0xf8>
10000ea0:	22c0      	movs	r2, #192	@ 0xc0
10000ea2:	4659      	mov	r1, fp
10000ea4:	4b3e      	ldr	r3, [pc, #248]	@ (10000fa0 <irq_remove_handler+0x1a8>)
10000ea6:	0052      	lsls	r2, r2, #1
10000ea8:	5099      	str	r1, [r3, r2]
10000eaa:	6019      	str	r1, [r3, #0]
10000eac:	4b39      	ldr	r3, [pc, #228]	@ (10000f94 <irq_remove_handler+0x19c>)
10000eae:	689b      	ldr	r3, [r3, #8]
10000eb0:	51dc      	str	r4, [r3, r7]
10000eb2:	f3bf 8f5f 	dmb	sy
10000eb6:	f3bf 8f5f 	dmb	sy
10000eba:	2200      	movs	r2, #0
10000ebc:	4b34      	ldr	r3, [pc, #208]	@ (10000f90 <irq_remove_handler+0x198>)
10000ebe:	601a      	str	r2, [r3, #0]
10000ec0:	f388 8810 	msr	PRIMASK, r8
10000ec4:	b003      	add	sp, #12
10000ec6:	bcf0      	pop	{r4, r5, r6, r7}
10000ec8:	46bb      	mov	fp, r7
10000eca:	46b2      	mov	sl, r6
10000ecc:	46a9      	mov	r9, r5
10000ece:	46a0      	mov	r8, r4
10000ed0:	bdf0      	pop	{r4, r5, r6, r7, pc}
10000ed2:	000c      	movs	r4, r1
10000ed4:	e7ea      	b.n	10000eac <irq_remove_handler+0xb4>
10000ed6:	0022      	movs	r2, r4
10000ed8:	3301      	adds	r3, #1
10000eda:	439a      	bics	r2, r3
10000edc:	6890      	ldr	r0, [r2, #8]
10000ede:	4285      	cmp	r5, r0
10000ee0:	d1d5      	bne.n	10000e8e <irq_remove_handler+0x96>
10000ee2:	2006      	movs	r0, #6
10000ee4:	5610      	ldrsb	r0, [r2, r0]
10000ee6:	0013      	movs	r3, r2
10000ee8:	2800      	cmp	r0, #0
10000eea:	da0a      	bge.n	10000f02 <irq_remove_handler+0x10a>
10000eec:	000c      	movs	r4, r1
10000eee:	e031      	b.n	10000f54 <irq_remove_handler+0x15c>
10000ef0:	2380      	movs	r3, #128	@ 0x80
10000ef2:	4659      	mov	r1, fp
10000ef4:	4a2a      	ldr	r2, [pc, #168]	@ (10000fa0 <irq_remove_handler+0x1a8>)
10000ef6:	50d1      	str	r1, [r2, r3]
10000ef8:	e7d8      	b.n	10000eac <irq_remove_handler+0xb4>
10000efa:	2006      	movs	r0, #6
10000efc:	5618      	ldrsb	r0, [r3, r0]
10000efe:	2800      	cmp	r0, #0
10000f00:	db21      	blt.n	10000f46 <irq_remove_handler+0x14e>
10000f02:	0042      	lsls	r2, r0, #1
10000f04:	1811      	adds	r1, r2, r0
10000f06:	0089      	lsls	r1, r1, #2
10000f08:	1875      	adds	r5, r6, r1
10000f0a:	4689      	mov	r9, r1
10000f0c:	68a9      	ldr	r1, [r5, #8]
10000f0e:	6099      	str	r1, [r3, #8]
10000f10:	79e9      	ldrb	r1, [r5, #7]
10000f12:	71d9      	strb	r1, [r3, #7]
10000f14:	2106      	movs	r1, #6
10000f16:	5669      	ldrsb	r1, [r5, r1]
10000f18:	7199      	strb	r1, [r3, #6]
10000f1a:	2900      	cmp	r1, #0
10000f1c:	db24      	blt.n	10000f68 <irq_remove_handler+0x170>
10000f1e:	88ad      	ldrh	r5, [r5, #4]
10000f20:	1af1      	subs	r1, r6, r3
10000f22:	056d      	lsls	r5, r5, #21
10000f24:	152d      	asrs	r5, r5, #20
10000f26:	444d      	add	r5, r9
10000f28:	1949      	adds	r1, r1, r5
10000f2a:	0509      	lsls	r1, r1, #20
10000f2c:	4d1d      	ldr	r5, [pc, #116]	@ (10000fa4 <irq_remove_handler+0x1ac>)
10000f2e:	0d49      	lsrs	r1, r1, #21
10000f30:	4329      	orrs	r1, r5
10000f32:	8099      	strh	r1, [r3, #4]
10000f34:	1813      	adds	r3, r2, r0
10000f36:	4a1c      	ldr	r2, [pc, #112]	@ (10000fa8 <irq_remove_handler+0x1b0>)
10000f38:	009b      	lsls	r3, r3, #2
10000f3a:	7811      	ldrb	r1, [r2, #0]
10000f3c:	18f3      	adds	r3, r6, r3
10000f3e:	7199      	strb	r1, [r3, #6]
10000f40:	7010      	strb	r0, [r2, #0]
10000f42:	e7aa      	b.n	10000e9a <irq_remove_handler+0xa2>
10000f44:	0013      	movs	r3, r2
10000f46:	9901      	ldr	r1, [sp, #4]
10000f48:	2900      	cmp	r1, #0
10000f4a:	d114      	bne.n	10000f76 <irq_remove_handler+0x17e>
10000f4c:	31ff      	adds	r1, #255	@ 0xff
10000f4e:	7191      	strb	r1, [r2, #6]
10000f50:	4916      	ldr	r1, [pc, #88]	@ (10000fac <irq_remove_handler+0x1b4>)
10000f52:	8091      	strh	r1, [r2, #4]
10000f54:	4914      	ldr	r1, [pc, #80]	@ (10000fa8 <irq_remove_handler+0x1b0>)
10000f56:	780a      	ldrb	r2, [r1, #0]
10000f58:	719a      	strb	r2, [r3, #6]
10000f5a:	4a15      	ldr	r2, [pc, #84]	@ (10000fb0 <irq_remove_handler+0x1b8>)
10000f5c:	1b9b      	subs	r3, r3, r6
10000f5e:	415b      	adcs	r3, r3
10000f60:	435a      	muls	r2, r3
10000f62:	0d12      	lsrs	r2, r2, #20
10000f64:	700a      	strb	r2, [r1, #0]
10000f66:	e798      	b.n	10000e9a <irq_remove_handler+0xa2>
10000f68:	4910      	ldr	r1, [pc, #64]	@ (10000fac <irq_remove_handler+0x1b4>)
10000f6a:	e7e2      	b.n	10000f32 <irq_remove_handler+0x13a>
10000f6c:	2006      	movs	r0, #6
10000f6e:	5610      	ldrsb	r0, [r2, r0]
10000f70:	0013      	movs	r3, r2
10000f72:	2800      	cmp	r0, #0
10000f74:	dac5      	bge.n	10000f02 <irq_remove_handler+0x10a>
10000f76:	4a0f      	ldr	r2, [pc, #60]	@ (10000fb4 <irq_remove_handler+0x1bc>)
10000f78:	490f      	ldr	r1, [pc, #60]	@ (10000fb8 <irq_remove_handler+0x1c0>)
10000f7a:	1ad2      	subs	r2, r2, r3
10000f7c:	3a08      	subs	r2, #8
10000f7e:	0250      	lsls	r0, r2, #9
10000f80:	0d40      	lsrs	r0, r0, #21
10000f82:	4301      	orrs	r1, r0
10000f84:	8099      	strh	r1, [r3, #4]
10000f86:	490d      	ldr	r1, [pc, #52]	@ (10000fbc <irq_remove_handler+0x1c4>)
10000f88:	0852      	lsrs	r2, r2, #1
10000f8a:	430a      	orrs	r2, r1
10000f8c:	80da      	strh	r2, [r3, #6]
10000f8e:	e784      	b.n	10000e9a <irq_remove_handler+0xa2>
10000f90:	d0000124 	.word	0xd0000124
10000f94:	e000ed00 	.word	0xe000ed00
10000f98:	100001cd 	.word	0x100001cd
10000f9c:	20001858 	.word	0x20001858
10000fa0:	e000e100 	.word	0xe000e100
10000fa4:	ffffe000 	.word	0xffffe000
10000fa8:	20002c25 	.word	0x20002c25
10000fac:	ffffbd01 	.word	0xffffbd01
10000fb0:	0000aaaa 	.word	0x0000aaaa
10000fb4:	20001892 	.word	0x20001892
10000fb8:	fffff000 	.word	0xfffff000
10000fbc:	fffff800 	.word	0xfffff800

10000fc0 <irq_add_tail_to_free_list>:
10000fc0:	2301      	movs	r3, #1
10000fc2:	4303      	orrs	r3, r0
10000fc4:	b570      	push	{r4, r5, r6, lr}
10000fc6:	469c      	mov	ip, r3
10000fc8:	f3ef 8105 	mrs	r1, IPSR
10000fcc:	f3ef 8510 	mrs	r5, PRIMASK
10000fd0:	b672      	cpsid	i
10000fd2:	4a21      	ldr	r2, [pc, #132]	@ (10001058 <irq_add_tail_to_free_list+0x98>)
10000fd4:	6813      	ldr	r3, [r2, #0]
10000fd6:	2b00      	cmp	r3, #0
10000fd8:	d0fc      	beq.n	10000fd4 <irq_add_tail_to_free_list+0x14>
10000fda:	f3bf 8f5f 	dmb	sy
10000fde:	4b1f      	ldr	r3, [pc, #124]	@ (1000105c <irq_add_tail_to_free_list+0x9c>)
10000fe0:	0004      	movs	r4, r0
10000fe2:	4a1f      	ldr	r2, [pc, #124]	@ (10001060 <irq_add_tail_to_free_list+0xa0>)
10000fe4:	1ae4      	subs	r4, r4, r3
10000fe6:	4164      	adcs	r4, r4
10000fe8:	4362      	muls	r2, r4
10000fea:	0d12      	lsrs	r2, r2, #20
10000fec:	4c1d      	ldr	r4, [pc, #116]	@ (10001064 <irq_add_tail_to_free_list+0xa4>)
10000fee:	0089      	lsls	r1, r1, #2
10000ff0:	68a6      	ldr	r6, [r4, #8]
10000ff2:	b252      	sxtb	r2, r2
10000ff4:	5876      	ldr	r6, [r6, r1]
10000ff6:	4566      	cmp	r6, ip
10000ff8:	d01c      	beq.n	10001034 <irq_add_tail_to_free_list+0x74>
10000ffa:	2106      	movs	r1, #6
10000ffc:	5659      	ldrsb	r1, [r3, r1]
10000ffe:	4291      	cmp	r1, r2
10001000:	d01c      	beq.n	1000103c <irq_add_tail_to_free_list+0x7c>
10001002:	2112      	movs	r1, #18
10001004:	5659      	ldrsb	r1, [r3, r1]
10001006:	4291      	cmp	r1, r2
10001008:	d022      	beq.n	10001050 <irq_add_tail_to_free_list+0x90>
1000100a:	211e      	movs	r1, #30
1000100c:	5659      	ldrsb	r1, [r3, r1]
1000100e:	4291      	cmp	r1, r2
10001010:	d020      	beq.n	10001054 <irq_add_tail_to_free_list+0x94>
10001012:	212a      	movs	r1, #42	@ 0x2a
10001014:	5659      	ldrsb	r1, [r3, r1]
10001016:	2403      	movs	r4, #3
10001018:	4291      	cmp	r1, r2
1000101a:	d010      	beq.n	1000103e <irq_add_tail_to_free_list+0x7e>
1000101c:	4b12      	ldr	r3, [pc, #72]	@ (10001068 <irq_add_tail_to_free_list+0xa8>)
1000101e:	7819      	ldrb	r1, [r3, #0]
10001020:	701a      	strb	r2, [r3, #0]
10001022:	7181      	strb	r1, [r0, #6]
10001024:	f3bf 8f5f 	dmb	sy
10001028:	2200      	movs	r2, #0
1000102a:	4b0b      	ldr	r3, [pc, #44]	@ (10001058 <irq_add_tail_to_free_list+0x98>)
1000102c:	601a      	str	r2, [r3, #0]
1000102e:	f385 8810 	msr	PRIMASK, r5
10001032:	bd70      	pop	{r4, r5, r6, pc}
10001034:	68a3      	ldr	r3, [r4, #8]
10001036:	4c0d      	ldr	r4, [pc, #52]	@ (1000106c <irq_add_tail_to_free_list+0xac>)
10001038:	505c      	str	r4, [r3, r1]
1000103a:	e7ef      	b.n	1000101c <irq_add_tail_to_free_list+0x5c>
1000103c:	2400      	movs	r4, #0
1000103e:	0061      	lsls	r1, r4, #1
10001040:	1909      	adds	r1, r1, r4
10001042:	0089      	lsls	r1, r1, #2
10001044:	185b      	adds	r3, r3, r1
10001046:	21ff      	movs	r1, #255	@ 0xff
10001048:	7199      	strb	r1, [r3, #6]
1000104a:	4909      	ldr	r1, [pc, #36]	@ (10001070 <irq_add_tail_to_free_list+0xb0>)
1000104c:	8099      	strh	r1, [r3, #4]
1000104e:	e7e5      	b.n	1000101c <irq_add_tail_to_free_list+0x5c>
10001050:	2401      	movs	r4, #1
10001052:	e7f4      	b.n	1000103e <irq_add_tail_to_free_list+0x7e>
10001054:	2402      	movs	r4, #2
10001056:	e7f2      	b.n	1000103e <irq_add_tail_to_free_list+0x7e>
10001058:	d0000124 	.word	0xd0000124
1000105c:	20001858 	.word	0x20001858
10001060:	0000aaaa 	.word	0x0000aaaa
10001064:	e000ed00 	.word	0xe000ed00
10001068:	20002c25 	.word	0x20002c25
1000106c:	100001cd 	.word	0x100001cd
10001070:	ffffbd01 	.word	0xffffbd01

10001074 <user_irq_claim_unused>:
10001074:	b500      	push	{lr}
10001076:	4b07      	ldr	r3, [pc, #28]	@ (10001094 <user_irq_claim_unused+0x20>)
10001078:	b083      	sub	sp, #12
1000107a:	0001      	movs	r1, r0
1000107c:	9300      	str	r3, [sp, #0]
1000107e:	2200      	movs	r2, #0
10001080:	2305      	movs	r3, #5
10001082:	4805      	ldr	r0, [pc, #20]	@ (10001098 <user_irq_claim_unused+0x24>)
10001084:	f7ff fcd2 	bl	10000a2c <hw_claim_unused_from_range>
10001088:	2800      	cmp	r0, #0
1000108a:	db01      	blt.n	10001090 <user_irq_claim_unused+0x1c>
1000108c:	231f      	movs	r3, #31
1000108e:	1a18      	subs	r0, r3, r0
10001090:	b003      	add	sp, #12
10001092:	bd00      	pop	{pc}
10001094:	10007dd4 	.word	0x10007dd4
10001098:	20002c29 	.word	0x20002c29

1000109c <lock_init>:
1000109c:	4b02      	ldr	r3, [pc, #8]	@ (100010a8 <lock_init+0xc>)
1000109e:	18c9      	adds	r1, r1, r3
100010a0:	0089      	lsls	r1, r1, #2
100010a2:	6001      	str	r1, [r0, #0]
100010a4:	4770      	bx	lr
100010a6:	46c0      	nop			@ (mov r8, r8)
100010a8:	34000040 	.word	0x34000040

100010ac <runtime_init_mutex>:
100010ac:	b570      	push	{r4, r5, r6, lr}
100010ae:	4c11      	ldr	r4, [pc, #68]	@ (100010f4 <runtime_init_mutex+0x48>)
100010b0:	4d11      	ldr	r5, [pc, #68]	@ (100010f8 <runtime_init_mutex+0x4c>)
100010b2:	42ac      	cmp	r4, r5
100010b4:	d20f      	bcs.n	100010d6 <runtime_init_mutex+0x2a>
100010b6:	26ff      	movs	r6, #255	@ 0xff
100010b8:	6823      	ldr	r3, [r4, #0]
100010ba:	2b00      	cmp	r3, #0
100010bc:	d00c      	beq.n	100010d8 <runtime_init_mutex+0x2c>
100010be:	f7ff fcf9 	bl	10000ab4 <next_striped_spin_lock_num>
100010c2:	0001      	movs	r1, r0
100010c4:	0020      	movs	r0, r4
100010c6:	f7ff ffe9 	bl	1000109c <lock_init>
100010ca:	80a6      	strh	r6, [r4, #4]
100010cc:	f3bf 8f5f 	dmb	sy
100010d0:	3408      	adds	r4, #8
100010d2:	42ac      	cmp	r4, r5
100010d4:	d3f0      	bcc.n	100010b8 <runtime_init_mutex+0xc>
100010d6:	bd70      	pop	{r4, r5, r6, pc}
100010d8:	f7ff fcec 	bl	10000ab4 <next_striped_spin_lock_num>
100010dc:	0001      	movs	r1, r0
100010de:	0020      	movs	r0, r4
100010e0:	f7ff ffdc 	bl	1000109c <lock_init>
100010e4:	7126      	strb	r6, [r4, #4]
100010e6:	f3bf 8f5f 	dmb	sy
100010ea:	3408      	adds	r4, #8
100010ec:	42ac      	cmp	r4, r5
100010ee:	d3e3      	bcc.n	100010b8 <runtime_init_mutex+0xc>
100010f0:	e7f1      	b.n	100010d6 <runtime_init_mutex+0x2a>
100010f2:	46c0      	nop			@ (mov r8, r8)
100010f4:	20001934 	.word	0x20001934
100010f8:	20001944 	.word	0x20001944

100010fc <mutex_init>:
100010fc:	b510      	push	{r4, lr}
100010fe:	0004      	movs	r4, r0
10001100:	f7ff fcd8 	bl	10000ab4 <next_striped_spin_lock_num>
10001104:	0001      	movs	r1, r0
10001106:	0020      	movs	r0, r4
10001108:	f7ff ffc8 	bl	1000109c <lock_init>
1000110c:	23ff      	movs	r3, #255	@ 0xff
1000110e:	7123      	strb	r3, [r4, #4]
10001110:	f3bf 8f5f 	dmb	sy
10001114:	bd10      	pop	{r4, pc}
10001116:	46c0      	nop			@ (mov r8, r8)

10001118 <critical_section_init>:
10001118:	b510      	push	{r4, lr}
1000111a:	0004      	movs	r4, r0
1000111c:	2001      	movs	r0, #1
1000111e:	f7ff fcd5 	bl	10000acc <spin_lock_claim_unused>
10001122:	4b03      	ldr	r3, [pc, #12]	@ (10001130 <critical_section_init+0x18>)
10001124:	18c0      	adds	r0, r0, r3
10001126:	0080      	lsls	r0, r0, #2
10001128:	6020      	str	r0, [r4, #0]
1000112a:	f3bf 8f5f 	dmb	sy
1000112e:	bd10      	pop	{r4, pc}
10001130:	34000040 	.word	0x34000040

10001134 <critical_section_init_with_lock_num>:
10001134:	4b03      	ldr	r3, [pc, #12]	@ (10001144 <critical_section_init_with_lock_num+0x10>)
10001136:	18c9      	adds	r1, r1, r3
10001138:	0089      	lsls	r1, r1, #2
1000113a:	6001      	str	r1, [r0, #0]
1000113c:	f3bf 8f5f 	dmb	sy
10001140:	4770      	bx	lr
10001142:	46c0      	nop			@ (mov r8, r8)
10001144:	34000040 	.word	0x34000040

10001148 <sleep_until_callback>:
10001148:	4b0a      	ldr	r3, [pc, #40]	@ (10001174 <sleep_until_callback+0x2c>)
1000114a:	6819      	ldr	r1, [r3, #0]
1000114c:	f3ef 8010 	mrs	r0, PRIMASK
10001150:	b672      	cpsid	i
10001152:	680a      	ldr	r2, [r1, #0]
10001154:	2a00      	cmp	r2, #0
10001156:	d0fc      	beq.n	10001152 <sleep_until_callback+0xa>
10001158:	f3bf 8f5f 	dmb	sy
1000115c:	681b      	ldr	r3, [r3, #0]
1000115e:	f3bf 8f5f 	dmb	sy
10001162:	2200      	movs	r2, #0
10001164:	601a      	str	r2, [r3, #0]
10001166:	f380 8810 	msr	PRIMASK, r0
1000116a:	bf40      	sev
1000116c:	2000      	movs	r0, #0
1000116e:	2100      	movs	r1, #0
10001170:	4770      	bx	lr
10001172:	46c0      	nop			@ (mov r8, r8)
10001174:	200029c8 	.word	0x200029c8

10001178 <alarm_pool_irq_handler>:
10001178:	b5f0      	push	{r4, r5, r6, r7, lr}
1000117a:	46de      	mov	lr, fp
1000117c:	4657      	mov	r7, sl
1000117e:	464e      	mov	r6, r9
10001180:	4645      	mov	r5, r8
10001182:	b5e0      	push	{r5, r6, r7, lr}
10001184:	b085      	sub	sp, #20
10001186:	f3ef 8305 	mrs	r3, IPSR
1000118a:	2203      	movs	r2, #3
1000118c:	401a      	ands	r2, r3
1000118e:	4bb3      	ldr	r3, [pc, #716]	@ (1000145c <alarm_pool_irq_handler+0x2e4>)
10001190:	0091      	lsls	r1, r2, #2
10001192:	585f      	ldr	r7, [r3, r1]
10001194:	2301      	movs	r3, #1
10001196:	4093      	lsls	r3, r2
10001198:	469b      	mov	fp, r3
1000119a:	9202      	str	r2, [sp, #8]
1000119c:	465a      	mov	r2, fp
1000119e:	4688      	mov	r8, r1
100011a0:	4baf      	ldr	r3, [pc, #700]	@ (10001460 <alarm_pool_irq_handler+0x2e8>)
100011a2:	601a      	str	r2, [r3, #0]
100011a4:	4baf      	ldr	r3, [pc, #700]	@ (10001464 <alarm_pool_irq_handler+0x2ec>)
100011a6:	9303      	str	r3, [sp, #12]
100011a8:	465b      	mov	r3, fp
100011aa:	48af      	ldr	r0, [pc, #700]	@ (10001468 <alarm_pool_irq_handler+0x2f0>)
100011ac:	6343      	str	r3, [r0, #52]	@ 0x34
100011ae:	2308      	movs	r3, #8
100011b0:	5efe      	ldrsh	r6, [r7, r3]
100011b2:	2e00      	cmp	r6, #0
100011b4:	da37      	bge.n	10001226 <alarm_pool_irq_handler+0xae>
100011b6:	88bb      	ldrh	r3, [r7, #4]
100011b8:	b21b      	sxth	r3, r3
100011ba:	2b00      	cmp	r3, #0
100011bc:	db00      	blt.n	100011c0 <alarm_pool_irq_handler+0x48>
100011be:	e0a4      	b.n	1000130a <alarm_pool_irq_handler+0x192>
100011c0:	79bb      	ldrb	r3, [r7, #6]
100011c2:	2b00      	cmp	r3, #0
100011c4:	d000      	beq.n	100011c8 <alarm_pool_irq_handler+0x50>
100011c6:	e0e5      	b.n	10001394 <alarm_pool_irq_handler+0x21c>
100011c8:	2308      	movs	r3, #8
100011ca:	5ef9      	ldrsh	r1, [r7, r3]
100011cc:	2900      	cmp	r1, #0
100011ce:	db20      	blt.n	10001212 <alarm_pool_irq_handler+0x9a>
100011d0:	004b      	lsls	r3, r1, #1
100011d2:	697a      	ldr	r2, [r7, #20]
100011d4:	185b      	adds	r3, r3, r1
100011d6:	00db      	lsls	r3, r3, #3
100011d8:	18d3      	adds	r3, r2, r3
100011da:	689d      	ldr	r5, [r3, #8]
100011dc:	68dc      	ldr	r4, [r3, #12]
100011de:	1c6b      	adds	r3, r5, #1
100011e0:	d100      	bne.n	100011e4 <alarm_pool_irq_handler+0x6c>
100011e2:	e104      	b.n	100013ee <alarm_pool_irq_handler+0x276>
100011e4:	48a0      	ldr	r0, [pc, #640]	@ (10001468 <alarm_pool_irq_handler+0x2f0>)
100011e6:	0001      	movs	r1, r0
100011e8:	4441      	add	r1, r8
100011ea:	6a82      	ldr	r2, [r0, #40]	@ 0x28
100011ec:	690b      	ldr	r3, [r1, #16]
100011ee:	1aae      	subs	r6, r5, r2
100011f0:	1a9b      	subs	r3, r3, r2
100011f2:	429e      	cmp	r6, r3
100011f4:	d315      	bcc.n	10001222 <alarm_pool_irq_handler+0xaa>
100011f6:	2301      	movs	r3, #1
100011f8:	6a02      	ldr	r2, [r0, #32]
100011fa:	9802      	ldr	r0, [sp, #8]
100011fc:	4083      	lsls	r3, r0
100011fe:	421a      	tst	r2, r3
10001200:	d00f      	beq.n	10001222 <alarm_pool_irq_handler+0xaa>
10001202:	4899      	ldr	r0, [pc, #612]	@ (10001468 <alarm_pool_irq_handler+0x2f0>)
10001204:	f000 fb2c 	bl	10001860 <timer_time_us_64>
10001208:	428c      	cmp	r4, r1
1000120a:	dc02      	bgt.n	10001212 <alarm_pool_irq_handler+0x9a>
1000120c:	d1cc      	bne.n	100011a8 <alarm_pool_irq_handler+0x30>
1000120e:	4285      	cmp	r5, r0
10001210:	d9ca      	bls.n	100011a8 <alarm_pool_irq_handler+0x30>
10001212:	bf40      	sev
10001214:	b005      	add	sp, #20
10001216:	bcf0      	pop	{r4, r5, r6, r7}
10001218:	46bb      	mov	fp, r7
1000121a:	46b2      	mov	sl, r6
1000121c:	46a9      	mov	r9, r5
1000121e:	46a0      	mov	r8, r4
10001220:	bdf0      	pop	{r4, r5, r6, r7, pc}
10001222:	610d      	str	r5, [r1, #16]
10001224:	e7ed      	b.n	10001202 <alarm_pool_irq_handler+0x8a>
10001226:	697a      	ldr	r2, [r7, #20]
10001228:	0073      	lsls	r3, r6, #1
1000122a:	4691      	mov	r9, r2
1000122c:	199b      	adds	r3, r3, r6
1000122e:	00db      	lsls	r3, r3, #3
10001230:	4499      	add	r9, r3
10001232:	464b      	mov	r3, r9
10001234:	689c      	ldr	r4, [r3, #8]
10001236:	68dd      	ldr	r5, [r3, #12]
10001238:	f000 fb12 	bl	10001860 <timer_time_us_64>
1000123c:	428d      	cmp	r5, r1
1000123e:	dcba      	bgt.n	100011b6 <alarm_pool_irq_handler+0x3e>
10001240:	d100      	bne.n	10001244 <alarm_pool_irq_handler+0xcc>
10001242:	e0f6      	b.n	10001432 <alarm_pool_irq_handler+0x2ba>
10001244:	2d00      	cmp	r5, #0
10001246:	da00      	bge.n	1000124a <alarm_pool_irq_handler+0xd2>
10001248:	e0db      	b.n	10001402 <alarm_pool_irq_handler+0x28a>
1000124a:	464a      	mov	r2, r9
1000124c:	464b      	mov	r3, r9
1000124e:	6952      	ldr	r2, [r2, #20]
10001250:	691b      	ldr	r3, [r3, #16]
10001252:	4692      	mov	sl, r2
10001254:	9a03      	ldr	r2, [sp, #12]
10001256:	4293      	cmp	r3, r2
10001258:	d100      	bne.n	1000125c <alarm_pool_irq_handler+0xe4>
1000125a:	e0cc      	b.n	100013f6 <alarm_pool_irq_handler+0x27e>
1000125c:	464a      	mov	r2, r9
1000125e:	2108      	movs	r1, #8
10001260:	5e78      	ldrsh	r0, [r7, r1]
10001262:	8852      	ldrh	r2, [r2, #2]
10001264:	0400      	lsls	r0, r0, #16
10001266:	4651      	mov	r1, sl
10001268:	4310      	orrs	r0, r2
1000126a:	4798      	blx	r3
1000126c:	9000      	str	r0, [sp, #0]
1000126e:	9101      	str	r1, [sp, #4]
10001270:	9900      	ldr	r1, [sp, #0]
10001272:	9a01      	ldr	r2, [sp, #4]
10001274:	000b      	movs	r3, r1
10001276:	4313      	orrs	r3, r2
10001278:	d100      	bne.n	1000127c <alarm_pool_irq_handler+0x104>
1000127a:	e0c2      	b.n	10001402 <alarm_pool_irq_handler+0x28a>
1000127c:	0013      	movs	r3, r2
1000127e:	000a      	movs	r2, r1
10001280:	2b00      	cmp	r3, #0
10001282:	db00      	blt.n	10001286 <alarm_pool_irq_handler+0x10e>
10001284:	e0d9      	b.n	1000143a <alarm_pool_irq_handler+0x2c2>
10001286:	0020      	movs	r0, r4
10001288:	0029      	movs	r1, r5
1000128a:	1a80      	subs	r0, r0, r2
1000128c:	4199      	sbcs	r1, r3
1000128e:	464b      	mov	r3, r9
10001290:	6098      	str	r0, [r3, #8]
10001292:	60d9      	str	r1, [r3, #12]
10001294:	2200      	movs	r2, #0
10001296:	5e9b      	ldrsh	r3, [r3, r2]
10001298:	2b00      	cmp	r3, #0
1000129a:	da00      	bge.n	1000129e <alarm_pool_irq_handler+0x126>
1000129c:	e78b      	b.n	100011b6 <alarm_pool_irq_handler+0x3e>
1000129e:	005d      	lsls	r5, r3, #1
100012a0:	697c      	ldr	r4, [r7, #20]
100012a2:	18ea      	adds	r2, r5, r3
100012a4:	00d2      	lsls	r2, r2, #3
100012a6:	18a2      	adds	r2, r4, r2
100012a8:	9400      	str	r4, [sp, #0]
100012aa:	6894      	ldr	r4, [r2, #8]
100012ac:	68d2      	ldr	r2, [r2, #12]
100012ae:	46a2      	mov	sl, r4
100012b0:	428a      	cmp	r2, r1
100012b2:	dd00      	ble.n	100012b6 <alarm_pool_irq_handler+0x13e>
100012b4:	e77f      	b.n	100011b6 <alarm_pool_irq_handler+0x3e>
100012b6:	d102      	bne.n	100012be <alarm_pool_irq_handler+0x146>
100012b8:	4284      	cmp	r4, r0
100012ba:	d900      	bls.n	100012be <alarm_pool_irq_handler+0x146>
100012bc:	e77b      	b.n	100011b6 <alarm_pool_irq_handler+0x3e>
100012be:	2408      	movs	r4, #8
100012c0:	46a4      	mov	ip, r4
100012c2:	813b      	strh	r3, [r7, #8]
100012c4:	44bc      	add	ip, r7
100012c6:	9c00      	ldr	r4, [sp, #0]
100012c8:	9700      	str	r7, [sp, #0]
100012ca:	002f      	movs	r7, r5
100012cc:	4665      	mov	r5, ip
100012ce:	46b4      	mov	ip, r6
100012d0:	003e      	movs	r6, r7
100012d2:	e006      	b.n	100012e2 <alarm_pool_irq_handler+0x16a>
100012d4:	005e      	lsls	r6, r3, #1
100012d6:	18f2      	adds	r2, r6, r3
100012d8:	00d2      	lsls	r2, r2, #3
100012da:	18a2      	adds	r2, r4, r2
100012dc:	6897      	ldr	r7, [r2, #8]
100012de:	68d2      	ldr	r2, [r2, #12]
100012e0:	46ba      	mov	sl, r7
100012e2:	428a      	cmp	r2, r1
100012e4:	dc07      	bgt.n	100012f6 <alarm_pool_irq_handler+0x17e>
100012e6:	d100      	bne.n	100012ea <alarm_pool_irq_handler+0x172>
100012e8:	e0b4      	b.n	10001454 <alarm_pool_irq_handler+0x2dc>
100012ea:	18f3      	adds	r3, r6, r3
100012ec:	00db      	lsls	r3, r3, #3
100012ee:	18e5      	adds	r5, r4, r3
100012f0:	5ee3      	ldrsh	r3, [r4, r3]
100012f2:	2b00      	cmp	r3, #0
100012f4:	daee      	bge.n	100012d4 <alarm_pool_irq_handler+0x15c>
100012f6:	4666      	mov	r6, ip
100012f8:	464a      	mov	r2, r9
100012fa:	9f00      	ldr	r7, [sp, #0]
100012fc:	8013      	strh	r3, [r2, #0]
100012fe:	802e      	strh	r6, [r5, #0]
10001300:	88bb      	ldrh	r3, [r7, #4]
10001302:	b21b      	sxth	r3, r3
10001304:	2b00      	cmp	r3, #0
10001306:	da00      	bge.n	1000130a <alarm_pool_irq_handler+0x192>
10001308:	e75a      	b.n	100011c0 <alarm_pool_irq_handler+0x48>
1000130a:	693a      	ldr	r2, [r7, #16]
1000130c:	f3ef 8110 	mrs	r1, PRIMASK
10001310:	b672      	cpsid	i
10001312:	6813      	ldr	r3, [r2, #0]
10001314:	2b00      	cmp	r3, #0
10001316:	d0fc      	beq.n	10001312 <alarm_pool_irq_handler+0x19a>
10001318:	f3bf 8f5f 	dmb	sy
1000131c:	2301      	movs	r3, #1
1000131e:	88be      	ldrh	r6, [r7, #4]
10001320:	425b      	negs	r3, r3
10001322:	80bb      	strh	r3, [r7, #4]
10001324:	b236      	sxth	r6, r6
10001326:	693b      	ldr	r3, [r7, #16]
10001328:	f3bf 8f5f 	dmb	sy
1000132c:	2200      	movs	r2, #0
1000132e:	601a      	str	r2, [r3, #0]
10001330:	f381 8810 	msr	PRIMASK, r1
10001334:	2e00      	cmp	r6, #0
10001336:	da00      	bge.n	1000133a <alarm_pool_irq_handler+0x1c2>
10001338:	e742      	b.n	100011c0 <alarm_pool_irq_handler+0x48>
1000133a:	003b      	movs	r3, r7
1000133c:	3308      	adds	r3, #8
1000133e:	003a      	movs	r2, r7
10001340:	4699      	mov	r9, r3
10001342:	697d      	ldr	r5, [r7, #20]
10001344:	0073      	lsls	r3, r6, #1
10001346:	199b      	adds	r3, r3, r6
10001348:	2408      	movs	r4, #8
1000134a:	5f11      	ldrsh	r1, [r2, r4]
1000134c:	00db      	lsls	r3, r3, #3
1000134e:	4648      	mov	r0, r9
10001350:	18eb      	adds	r3, r5, r3
10001352:	2900      	cmp	r1, #0
10001354:	db13      	blt.n	1000137e <alarm_pool_irq_handler+0x206>
10001356:	689c      	ldr	r4, [r3, #8]
10001358:	9300      	str	r3, [sp, #0]
1000135a:	46a4      	mov	ip, r4
1000135c:	68dc      	ldr	r4, [r3, #12]
1000135e:	e006      	b.n	1000136e <alarm_pool_irq_handler+0x1f6>
10001360:	42a3      	cmp	r3, r4
10001362:	d040      	beq.n	100013e6 <alarm_pool_irq_handler+0x26e>
10001364:	2300      	movs	r3, #0
10001366:	5ef9      	ldrsh	r1, [r7, r3]
10001368:	0038      	movs	r0, r7
1000136a:	2900      	cmp	r1, #0
1000136c:	db06      	blt.n	1000137c <alarm_pool_irq_handler+0x204>
1000136e:	004f      	lsls	r7, r1, #1
10001370:	187f      	adds	r7, r7, r1
10001372:	00ff      	lsls	r7, r7, #3
10001374:	19ef      	adds	r7, r5, r7
10001376:	68fb      	ldr	r3, [r7, #12]
10001378:	42a3      	cmp	r3, r4
1000137a:	ddf1      	ble.n	10001360 <alarm_pool_irq_handler+0x1e8>
1000137c:	9b00      	ldr	r3, [sp, #0]
1000137e:	8006      	strh	r6, [r0, #0]
10001380:	2000      	movs	r0, #0
10001382:	5e1e      	ldrsh	r6, [r3, r0]
10001384:	8019      	strh	r1, [r3, #0]
10001386:	2e00      	cmp	r6, #0
10001388:	dadc      	bge.n	10001344 <alarm_pool_irq_handler+0x1cc>
1000138a:	0017      	movs	r7, r2
1000138c:	79bb      	ldrb	r3, [r7, #6]
1000138e:	2b00      	cmp	r3, #0
10001390:	d100      	bne.n	10001394 <alarm_pool_irq_handler+0x21c>
10001392:	e719      	b.n	100011c8 <alarm_pool_irq_handler+0x50>
10001394:	2300      	movs	r3, #0
10001396:	71bb      	strb	r3, [r7, #6]
10001398:	2308      	movs	r3, #8
1000139a:	5ef9      	ldrsh	r1, [r7, r3]
1000139c:	1c4b      	adds	r3, r1, #1
1000139e:	d100      	bne.n	100013a2 <alarm_pool_irq_handler+0x22a>
100013a0:	e737      	b.n	10001212 <alarm_pool_irq_handler+0x9a>
100013a2:	003d      	movs	r5, r7
100013a4:	3508      	adds	r5, #8
100013a6:	46ac      	mov	ip, r5
100013a8:	697c      	ldr	r4, [r7, #20]
100013aa:	e003      	b.n	100013b4 <alarm_pool_irq_handler+0x23c>
100013ac:	4684      	mov	ip, r0
100013ae:	1c4b      	adds	r3, r1, #1
100013b0:	d100      	bne.n	100013b4 <alarm_pool_irq_handler+0x23c>
100013b2:	e709      	b.n	100011c8 <alarm_pool_irq_handler+0x50>
100013b4:	004b      	lsls	r3, r1, #1
100013b6:	185b      	adds	r3, r3, r1
100013b8:	00db      	lsls	r3, r3, #3
100013ba:	18e0      	adds	r0, r4, r3
100013bc:	000a      	movs	r2, r1
100013be:	5ee1      	ldrsh	r1, [r4, r3]
100013c0:	8843      	ldrh	r3, [r0, #2]
100013c2:	b21b      	sxth	r3, r3
100013c4:	2b00      	cmp	r3, #0
100013c6:	daf1      	bge.n	100013ac <alarm_pool_irq_handler+0x234>
100013c8:	2501      	movs	r5, #1
100013ca:	426d      	negs	r5, r5
100013cc:	17ee      	asrs	r6, r5, #31
100013ce:	6085      	str	r5, [r0, #8]
100013d0:	60c6      	str	r6, [r0, #12]
100013d2:	2508      	movs	r5, #8
100013d4:	5f7b      	ldrsh	r3, [r7, r5]
100013d6:	4293      	cmp	r3, r2
100013d8:	d0e9      	beq.n	100013ae <alarm_pool_irq_handler+0x236>
100013da:	4663      	mov	r3, ip
100013dc:	8019      	strh	r1, [r3, #0]
100013de:	893b      	ldrh	r3, [r7, #8]
100013e0:	8003      	strh	r3, [r0, #0]
100013e2:	813a      	strh	r2, [r7, #8]
100013e4:	e7e3      	b.n	100013ae <alarm_pool_irq_handler+0x236>
100013e6:	68bb      	ldr	r3, [r7, #8]
100013e8:	4563      	cmp	r3, ip
100013ea:	d9bb      	bls.n	10001364 <alarm_pool_irq_handler+0x1ec>
100013ec:	e7c6      	b.n	1000137c <alarm_pool_irq_handler+0x204>
100013ee:	1c63      	adds	r3, r4, #1
100013f0:	d000      	beq.n	100013f4 <alarm_pool_irq_handler+0x27c>
100013f2:	e6f7      	b.n	100011e4 <alarm_pool_irq_handler+0x6c>
100013f4:	e705      	b.n	10001202 <alarm_pool_irq_handler+0x8a>
100013f6:	4653      	mov	r3, sl
100013f8:	4650      	mov	r0, sl
100013fa:	691b      	ldr	r3, [r3, #16]
100013fc:	4798      	blx	r3
100013fe:	2800      	cmp	r0, #0
10001400:	d123      	bne.n	1000144a <alarm_pool_irq_handler+0x2d2>
10001402:	464b      	mov	r3, r9
10001404:	881b      	ldrh	r3, [r3, #0]
10001406:	693a      	ldr	r2, [r7, #16]
10001408:	813b      	strh	r3, [r7, #8]
1000140a:	f3ef 8310 	mrs	r3, PRIMASK
1000140e:	b672      	cpsid	i
10001410:	6811      	ldr	r1, [r2, #0]
10001412:	2900      	cmp	r1, #0
10001414:	d0fc      	beq.n	10001410 <alarm_pool_irq_handler+0x298>
10001416:	f3bf 8f5f 	dmb	sy
1000141a:	4649      	mov	r1, r9
1000141c:	887a      	ldrh	r2, [r7, #2]
1000141e:	800a      	strh	r2, [r1, #0]
10001420:	693a      	ldr	r2, [r7, #16]
10001422:	807e      	strh	r6, [r7, #2]
10001424:	f3bf 8f5f 	dmb	sy
10001428:	2100      	movs	r1, #0
1000142a:	6011      	str	r1, [r2, #0]
1000142c:	f383 8810 	msr	PRIMASK, r3
10001430:	e6c1      	b.n	100011b6 <alarm_pool_irq_handler+0x3e>
10001432:	4284      	cmp	r4, r0
10001434:	d800      	bhi.n	10001438 <alarm_pool_irq_handler+0x2c0>
10001436:	e705      	b.n	10001244 <alarm_pool_irq_handler+0xcc>
10001438:	e6bd      	b.n	100011b6 <alarm_pool_irq_handler+0x3e>
1000143a:	480b      	ldr	r0, [pc, #44]	@ (10001468 <alarm_pool_irq_handler+0x2f0>)
1000143c:	f000 fa10 	bl	10001860 <timer_time_us_64>
10001440:	9b00      	ldr	r3, [sp, #0]
10001442:	9c01      	ldr	r4, [sp, #4]
10001444:	18c0      	adds	r0, r0, r3
10001446:	4161      	adcs	r1, r4
10001448:	e721      	b.n	1000128e <alarm_pool_irq_handler+0x116>
1000144a:	4653      	mov	r3, sl
1000144c:	cb0c      	ldmia	r3, {r2, r3}
1000144e:	9200      	str	r2, [sp, #0]
10001450:	9301      	str	r3, [sp, #4]
10001452:	e70d      	b.n	10001270 <alarm_pool_irq_handler+0xf8>
10001454:	4582      	cmp	sl, r0
10001456:	d800      	bhi.n	1000145a <alarm_pool_irq_handler+0x2e2>
10001458:	e747      	b.n	100012ea <alarm_pool_irq_handler+0x172>
1000145a:	e74c      	b.n	100012f6 <alarm_pool_irq_handler+0x17e>
1000145c:	200029ac 	.word	0x200029ac
10001460:	4005703c 	.word	0x4005703c
10001464:	10001179 	.word	0x10001179
10001468:	40054000 	.word	0x40054000

1000146c <runtime_init_default_alarm_pool>:
1000146c:	b570      	push	{r4, r5, r6, lr}
1000146e:	4c2d      	ldr	r4, [pc, #180]	@ (10001524 <runtime_init_default_alarm_pool+0xb8>)
10001470:	6925      	ldr	r5, [r4, #16]
10001472:	2d00      	cmp	r5, #0
10001474:	d004      	beq.n	10001480 <runtime_init_default_alarm_pool+0x14>
10001476:	210a      	movs	r1, #10
10001478:	482b      	ldr	r0, [pc, #172]	@ (10001528 <runtime_init_default_alarm_pool+0xbc>)
1000147a:	f7ff fe0f 	bl	1000109c <lock_init>
1000147e:	bd70      	pop	{r4, r5, r6, pc}
10001480:	4e2a      	ldr	r6, [pc, #168]	@ (1000152c <runtime_init_default_alarm_pool+0xc0>)
10001482:	2103      	movs	r1, #3
10001484:	4829      	ldr	r0, [pc, #164]	@ (1000152c <runtime_init_default_alarm_pool+0xc0>)
10001486:	f000 f9e1 	bl	1000184c <timer_hardware_alarm_claim>
1000148a:	60e6      	str	r6, [r4, #12]
1000148c:	f7ff fb12 	bl	10000ab4 <next_striped_spin_lock_num>
10001490:	4b27      	ldr	r3, [pc, #156]	@ (10001530 <runtime_init_default_alarm_pool+0xc4>)
10001492:	2203      	movs	r2, #3
10001494:	18c0      	adds	r0, r0, r3
10001496:	23d0      	movs	r3, #208	@ 0xd0
10001498:	7022      	strb	r2, [r4, #0]
1000149a:	061b      	lsls	r3, r3, #24
1000149c:	681b      	ldr	r3, [r3, #0]
1000149e:	2101      	movs	r1, #1
100014a0:	7063      	strb	r3, [r4, #1]
100014a2:	4b24      	ldr	r3, [pc, #144]	@ (10001534 <runtime_init_default_alarm_pool+0xc8>)
100014a4:	0080      	lsls	r0, r0, #2
100014a6:	60a3      	str	r3, [r4, #8]
100014a8:	230f      	movs	r3, #15
100014aa:	6120      	str	r0, [r4, #16]
100014ac:	2002      	movs	r0, #2
100014ae:	8063      	strh	r3, [r4, #2]
100014b0:	6963      	ldr	r3, [r4, #20]
100014b2:	4249      	negs	r1, r1
100014b4:	80a1      	strh	r1, [r4, #4]
100014b6:	8019      	strh	r1, [r3, #0]
100014b8:	3102      	adds	r1, #2
100014ba:	8619      	strh	r1, [r3, #48]	@ 0x30
100014bc:	3147      	adds	r1, #71	@ 0x47
100014be:	831d      	strh	r5, [r3, #24]
100014c0:	5258      	strh	r0, [r3, r1]
100014c2:	3118      	adds	r1, #24
100014c4:	525a      	strh	r2, [r3, r1]
100014c6:	3275      	adds	r2, #117	@ 0x75
100014c8:	395c      	subs	r1, #92	@ 0x5c
100014ca:	5299      	strh	r1, [r3, r2]
100014cc:	3218      	adds	r2, #24
100014ce:	3101      	adds	r1, #1
100014d0:	5299      	strh	r1, [r3, r2]
100014d2:	3218      	adds	r2, #24
100014d4:	3101      	adds	r1, #1
100014d6:	5299      	strh	r1, [r3, r2]
100014d8:	3218      	adds	r2, #24
100014da:	3101      	adds	r1, #1
100014dc:	5299      	strh	r1, [r3, r2]
100014de:	3508      	adds	r5, #8
100014e0:	3218      	adds	r2, #24
100014e2:	529d      	strh	r5, [r3, r2]
100014e4:	3102      	adds	r1, #2
100014e6:	3218      	adds	r2, #24
100014e8:	5299      	strh	r1, [r3, r2]
100014ea:	3218      	adds	r2, #24
100014ec:	3101      	adds	r1, #1
100014ee:	5299      	strh	r1, [r3, r2]
100014f0:	3218      	adds	r2, #24
100014f2:	3101      	adds	r1, #1
100014f4:	5299      	strh	r1, [r3, r2]
100014f6:	3218      	adds	r2, #24
100014f8:	3101      	adds	r1, #1
100014fa:	5299      	strh	r1, [r3, r2]
100014fc:	3218      	adds	r2, #24
100014fe:	3101      	adds	r1, #1
10001500:	5299      	strh	r1, [r3, r2]
10001502:	3218      	adds	r2, #24
10001504:	3101      	adds	r1, #1
10001506:	5299      	strh	r1, [r3, r2]
10001508:	4b0b      	ldr	r3, [pc, #44]	@ (10001538 <runtime_init_default_alarm_pool+0xcc>)
1000150a:	490c      	ldr	r1, [pc, #48]	@ (1000153c <runtime_init_default_alarm_pool+0xd0>)
1000150c:	60dc      	str	r4, [r3, #12]
1000150e:	3001      	adds	r0, #1
10001510:	6235      	str	r5, [r6, #32]
10001512:	f7ff fb61 	bl	10000bd8 <irq_set_exclusive_handler>
10001516:	2101      	movs	r1, #1
10001518:	2003      	movs	r0, #3
1000151a:	f7ff fb19 	bl	10000b50 <irq_set_enabled>
1000151e:	4b08      	ldr	r3, [pc, #32]	@ (10001540 <runtime_init_default_alarm_pool+0xd4>)
10001520:	601d      	str	r5, [r3, #0]
10001522:	e7a8      	b.n	10001476 <runtime_init_default_alarm_pool+0xa>
10001524:	200018a0 	.word	0x200018a0
10001528:	200029c8 	.word	0x200029c8
1000152c:	40054000 	.word	0x40054000
10001530:	34000040 	.word	0x34000040
10001534:	0010ffff 	.word	0x0010ffff
10001538:	200029ac 	.word	0x200029ac
1000153c:	10001179 	.word	0x10001179
10001540:	40056038 	.word	0x40056038

10001544 <alarm_pool_get_default>:
10001544:	4800      	ldr	r0, [pc, #0]	@ (10001548 <alarm_pool_get_default+0x4>)
10001546:	4770      	bx	lr
10001548:	200018a0 	.word	0x200018a0

1000154c <alarm_pool_add_alarm_at>:
1000154c:	b5f8      	push	{r3, r4, r5, r6, r7, lr}
1000154e:	001f      	movs	r7, r3
10001550:	ab08      	add	r3, sp, #32
10001552:	781b      	ldrb	r3, [r3, #0]
10001554:	0004      	movs	r4, r0
10001556:	0016      	movs	r6, r2
10001558:	2b00      	cmp	r3, #0
1000155a:	d107      	bne.n	1000156c <alarm_pool_add_alarm_at+0x20>
1000155c:	f000 f988 	bl	10001870 <time_us_64>
10001560:	0032      	movs	r2, r6
10001562:	003b      	movs	r3, r7
10001564:	1a12      	subs	r2, r2, r0
10001566:	418b      	sbcs	r3, r1
10001568:	2b00      	cmp	r3, #0
1000156a:	db51      	blt.n	10001610 <alarm_pool_add_alarm_at+0xc4>
1000156c:	6922      	ldr	r2, [r4, #16]
1000156e:	f3ef 8c10 	mrs	ip, PRIMASK
10001572:	b672      	cpsid	i
10001574:	6813      	ldr	r3, [r2, #0]
10001576:	2b00      	cmp	r3, #0
10001578:	d0fc      	beq.n	10001574 <alarm_pool_add_alarm_at+0x28>
1000157a:	f3bf 8f5f 	dmb	sy
1000157e:	2302      	movs	r3, #2
10001580:	5ee1      	ldrsh	r1, [r4, r3]
10001582:	6925      	ldr	r5, [r4, #16]
10001584:	2900      	cmp	r1, #0
10001586:	db3a      	blt.n	100015fe <alarm_pool_add_alarm_at+0xb2>
10001588:	004b      	lsls	r3, r1, #1
1000158a:	6960      	ldr	r0, [r4, #20]
1000158c:	185b      	adds	r3, r3, r1
1000158e:	00db      	lsls	r3, r3, #3
10001590:	18c2      	adds	r2, r0, r3
10001592:	5ac3      	ldrh	r3, [r0, r3]
10001594:	8063      	strh	r3, [r4, #2]
10001596:	f3bf 8f5f 	dmb	sy
1000159a:	2300      	movs	r3, #0
1000159c:	602b      	str	r3, [r5, #0]
1000159e:	f38c 8810 	msr	PRIMASK, ip
100015a2:	9b06      	ldr	r3, [sp, #24]
100015a4:	6096      	str	r6, [r2, #8]
100015a6:	60d7      	str	r7, [r2, #12]
100015a8:	6113      	str	r3, [r2, #16]
100015aa:	9b07      	ldr	r3, [sp, #28]
100015ac:	6153      	str	r3, [r2, #20]
100015ae:	8853      	ldrh	r3, [r2, #2]
100015b0:	3301      	adds	r3, #1
100015b2:	045b      	lsls	r3, r3, #17
100015b4:	0c5b      	lsrs	r3, r3, #17
100015b6:	1c18      	adds	r0, r3, #0
100015b8:	2b00      	cmp	r3, #0
100015ba:	d01e      	beq.n	100015fa <alarm_pool_add_alarm_at+0xae>
100015bc:	b283      	uxth	r3, r0
100015be:	8050      	strh	r0, [r2, #2]
100015c0:	0408      	lsls	r0, r1, #16
100015c2:	4318      	orrs	r0, r3
100015c4:	6925      	ldr	r5, [r4, #16]
100015c6:	f3ef 8610 	mrs	r6, PRIMASK
100015ca:	b672      	cpsid	i
100015cc:	682b      	ldr	r3, [r5, #0]
100015ce:	2b00      	cmp	r3, #0
100015d0:	d0fc      	beq.n	100015cc <alarm_pool_add_alarm_at+0x80>
100015d2:	f3bf 8f5f 	dmb	sy
100015d6:	88a3      	ldrh	r3, [r4, #4]
100015d8:	8013      	strh	r3, [r2, #0]
100015da:	80a1      	strh	r1, [r4, #4]
100015dc:	6923      	ldr	r3, [r4, #16]
100015de:	f3bf 8f5f 	dmb	sy
100015e2:	2200      	movs	r2, #0
100015e4:	601a      	str	r2, [r3, #0]
100015e6:	f386 8810 	msr	PRIMASK, r6
100015ea:	7823      	ldrb	r3, [r4, #0]
100015ec:	3201      	adds	r2, #1
100015ee:	409a      	lsls	r2, r3
100015f0:	4908      	ldr	r1, [pc, #32]	@ (10001614 <alarm_pool_add_alarm_at+0xc8>)
100015f2:	68e3      	ldr	r3, [r4, #12]
100015f4:	185b      	adds	r3, r3, r1
100015f6:	601a      	str	r2, [r3, #0]
100015f8:	bdf8      	pop	{r3, r4, r5, r6, r7, pc}
100015fa:	2001      	movs	r0, #1
100015fc:	e7de      	b.n	100015bc <alarm_pool_add_alarm_at+0x70>
100015fe:	f3bf 8f5f 	dmb	sy
10001602:	2300      	movs	r3, #0
10001604:	602b      	str	r3, [r5, #0]
10001606:	f38c 8810 	msr	PRIMASK, ip
1000160a:	2001      	movs	r0, #1
1000160c:	4240      	negs	r0, r0
1000160e:	e7f3      	b.n	100015f8 <alarm_pool_add_alarm_at+0xac>
10001610:	2000      	movs	r0, #0
10001612:	e7f1      	b.n	100015f8 <alarm_pool_add_alarm_at+0xac>
10001614:	0000203c 	.word	0x0000203c

10001618 <alarm_pool_add_alarm_at_force_in_context>:
10001618:	b570      	push	{r4, r5, r6, lr}
1000161a:	b082      	sub	sp, #8
1000161c:	9200      	str	r2, [sp, #0]
1000161e:	9301      	str	r3, [sp, #4]
10001620:	0001      	movs	r1, r0
10001622:	6902      	ldr	r2, [r0, #16]
10001624:	f3ef 8410 	mrs	r4, PRIMASK
10001628:	b672      	cpsid	i
1000162a:	6813      	ldr	r3, [r2, #0]
1000162c:	2b00      	cmp	r3, #0
1000162e:	d0fc      	beq.n	1000162a <alarm_pool_add_alarm_at_force_in_context+0x12>
10001630:	f3bf 8f5f 	dmb	sy
10001634:	2302      	movs	r3, #2
10001636:	5ec8      	ldrsh	r0, [r1, r3]
10001638:	690d      	ldr	r5, [r1, #16]
1000163a:	2800      	cmp	r0, #0
1000163c:	db3f      	blt.n	100016be <alarm_pool_add_alarm_at_force_in_context+0xa6>
1000163e:	694a      	ldr	r2, [r1, #20]
10001640:	0043      	lsls	r3, r0, #1
10001642:	0016      	movs	r6, r2
10001644:	181b      	adds	r3, r3, r0
10001646:	00db      	lsls	r3, r3, #3
10001648:	18d2      	adds	r2, r2, r3
1000164a:	5af3      	ldrh	r3, [r6, r3]
1000164c:	804b      	strh	r3, [r1, #2]
1000164e:	f3bf 8f5f 	dmb	sy
10001652:	2300      	movs	r3, #0
10001654:	602b      	str	r3, [r5, #0]
10001656:	f384 8810 	msr	PRIMASK, r4
1000165a:	9b06      	ldr	r3, [sp, #24]
1000165c:	6113      	str	r3, [r2, #16]
1000165e:	9b07      	ldr	r3, [sp, #28]
10001660:	6153      	str	r3, [r2, #20]
10001662:	9b00      	ldr	r3, [sp, #0]
10001664:	9c01      	ldr	r4, [sp, #4]
10001666:	6093      	str	r3, [r2, #8]
10001668:	60d4      	str	r4, [r2, #12]
1000166a:	8853      	ldrh	r3, [r2, #2]
1000166c:	3301      	adds	r3, #1
1000166e:	045b      	lsls	r3, r3, #17
10001670:	0c5b      	lsrs	r3, r3, #17
10001672:	1c1d      	adds	r5, r3, #0
10001674:	2b00      	cmp	r3, #0
10001676:	d020      	beq.n	100016ba <alarm_pool_add_alarm_at_force_in_context+0xa2>
10001678:	b2ac      	uxth	r4, r5
1000167a:	0403      	lsls	r3, r0, #16
1000167c:	8055      	strh	r5, [r2, #2]
1000167e:	4323      	orrs	r3, r4
10001680:	690d      	ldr	r5, [r1, #16]
10001682:	f3ef 8c10 	mrs	ip, PRIMASK
10001686:	b672      	cpsid	i
10001688:	682c      	ldr	r4, [r5, #0]
1000168a:	2c00      	cmp	r4, #0
1000168c:	d0fc      	beq.n	10001688 <alarm_pool_add_alarm_at_force_in_context+0x70>
1000168e:	f3bf 8f5f 	dmb	sy
10001692:	888c      	ldrh	r4, [r1, #4]
10001694:	8014      	strh	r4, [r2, #0]
10001696:	8088      	strh	r0, [r1, #4]
10001698:	690a      	ldr	r2, [r1, #16]
1000169a:	f3bf 8f5f 	dmb	sy
1000169e:	2000      	movs	r0, #0
100016a0:	6010      	str	r0, [r2, #0]
100016a2:	f38c 8810 	msr	PRIMASK, ip
100016a6:	780a      	ldrb	r2, [r1, #0]
100016a8:	3001      	adds	r0, #1
100016aa:	4090      	lsls	r0, r2
100016ac:	68ca      	ldr	r2, [r1, #12]
100016ae:	4908      	ldr	r1, [pc, #32]	@ (100016d0 <alarm_pool_add_alarm_at_force_in_context+0xb8>)
100016b0:	1852      	adds	r2, r2, r1
100016b2:	6010      	str	r0, [r2, #0]
100016b4:	0018      	movs	r0, r3
100016b6:	b002      	add	sp, #8
100016b8:	bd70      	pop	{r4, r5, r6, pc}
100016ba:	2501      	movs	r5, #1
100016bc:	e7dc      	b.n	10001678 <alarm_pool_add_alarm_at_force_in_context+0x60>
100016be:	f3bf 8f5f 	dmb	sy
100016c2:	2300      	movs	r3, #0
100016c4:	602b      	str	r3, [r5, #0]
100016c6:	f384 8810 	msr	PRIMASK, r4
100016ca:	3b01      	subs	r3, #1
100016cc:	e7f2      	b.n	100016b4 <alarm_pool_add_alarm_at_force_in_context+0x9c>
100016ce:	46c0      	nop			@ (mov r8, r8)
100016d0:	0000203c 	.word	0x0000203c

100016d4 <alarm_pool_cancel_alarm>:
100016d4:	b510      	push	{r4, lr}
100016d6:	8943      	ldrh	r3, [r0, #10]
100016d8:	140a      	asrs	r2, r1, #16
100016da:	4293      	cmp	r3, r2
100016dc:	dd1a      	ble.n	10001714 <alarm_pool_cancel_alarm+0x40>
100016de:	0053      	lsls	r3, r2, #1
100016e0:	189b      	adds	r3, r3, r2
100016e2:	6942      	ldr	r2, [r0, #20]
100016e4:	00db      	lsls	r3, r3, #3
100016e6:	18d3      	adds	r3, r2, r3
100016e8:	6904      	ldr	r4, [r0, #16]
100016ea:	f3ef 8c10 	mrs	ip, PRIMASK
100016ee:	b672      	cpsid	i
100016f0:	6822      	ldr	r2, [r4, #0]
100016f2:	2a00      	cmp	r2, #0
100016f4:	d0fc      	beq.n	100016f0 <alarm_pool_cancel_alarm+0x1c>
100016f6:	f3bf 8f5f 	dmb	sy
100016fa:	885a      	ldrh	r2, [r3, #2]
100016fc:	0409      	lsls	r1, r1, #16
100016fe:	b294      	uxth	r4, r2
10001700:	0c09      	lsrs	r1, r1, #16
10001702:	428a      	cmp	r2, r1
10001704:	d008      	beq.n	10001718 <alarm_pool_cancel_alarm+0x44>
10001706:	6903      	ldr	r3, [r0, #16]
10001708:	f3bf 8f5f 	dmb	sy
1000170c:	2200      	movs	r2, #0
1000170e:	601a      	str	r2, [r3, #0]
10001710:	f38c 8810 	msr	PRIMASK, ip
10001714:	2000      	movs	r0, #0
10001716:	bd10      	pop	{r4, pc}
10001718:	4a09      	ldr	r2, [pc, #36]	@ (10001740 <alarm_pool_cancel_alarm+0x6c>)
1000171a:	4322      	orrs	r2, r4
1000171c:	805a      	strh	r2, [r3, #2]
1000171e:	2301      	movs	r3, #1
10001720:	6902      	ldr	r2, [r0, #16]
10001722:	7183      	strb	r3, [r0, #6]
10001724:	f3bf 8f5f 	dmb	sy
10001728:	2100      	movs	r1, #0
1000172a:	6011      	str	r1, [r2, #0]
1000172c:	f38c 8810 	msr	PRIMASK, ip
10001730:	7802      	ldrb	r2, [r0, #0]
10001732:	4904      	ldr	r1, [pc, #16]	@ (10001744 <alarm_pool_cancel_alarm+0x70>)
10001734:	4093      	lsls	r3, r2
10001736:	68c2      	ldr	r2, [r0, #12]
10001738:	2001      	movs	r0, #1
1000173a:	1852      	adds	r2, r2, r1
1000173c:	6013      	str	r3, [r2, #0]
1000173e:	e7ea      	b.n	10001716 <alarm_pool_cancel_alarm+0x42>
10001740:	ffff8000 	.word	0xffff8000
10001744:	0000203c 	.word	0x0000203c

10001748 <alarm_pool_core_num>:
10001748:	7840      	ldrb	r0, [r0, #1]
1000174a:	4770      	bx	lr

1000174c <best_effort_wfe_or_timeout>:
1000174c:	b5f0      	push	{r4, r5, r6, r7, lr}
1000174e:	46ce      	mov	lr, r9
10001750:	4647      	mov	r7, r8
10001752:	b580      	push	{r7, lr}
10001754:	0004      	movs	r4, r0
10001756:	000d      	movs	r5, r1
10001758:	b085      	sub	sp, #20
1000175a:	f3ef 8605 	mrs	r6, IPSR
1000175e:	4689      	mov	r9, r1
10001760:	2e00      	cmp	r6, #0
10001762:	d010      	beq.n	10001786 <best_effort_wfe_or_timeout+0x3a>
10001764:	4936      	ldr	r1, [pc, #216]	@ (10001840 <best_effort_wfe_or_timeout+0xf4>)
10001766:	2000      	movs	r0, #0
10001768:	6a4b      	ldr	r3, [r1, #36]	@ 0x24
1000176a:	42ab      	cmp	r3, r5
1000176c:	d306      	bcc.n	1000177c <best_effort_wfe_or_timeout+0x30>
1000176e:	6a8a      	ldr	r2, [r1, #40]	@ 0x28
10001770:	1b5b      	subs	r3, r3, r5
10001772:	1e59      	subs	r1, r3, #1
10001774:	418b      	sbcs	r3, r1
10001776:	42a2      	cmp	r2, r4
10001778:	4140      	adcs	r0, r0
1000177a:	4318      	orrs	r0, r3
1000177c:	b005      	add	sp, #20
1000177e:	bcc0      	pop	{r6, r7}
10001780:	46b9      	mov	r9, r7
10001782:	46b0      	mov	r8, r6
10001784:	bdf0      	pop	{r4, r5, r6, r7, pc}
10001786:	4f2f      	ldr	r7, [pc, #188]	@ (10001844 <best_effort_wfe_or_timeout+0xf8>)
10001788:	68fb      	ldr	r3, [r7, #12]
1000178a:	783a      	ldrb	r2, [r7, #0]
1000178c:	4698      	mov	r8, r3
1000178e:	0018      	movs	r0, r3
10001790:	9203      	str	r2, [sp, #12]
10001792:	f000 f865 	bl	10001860 <timer_time_us_64>
10001796:	9a03      	ldr	r2, [sp, #12]
10001798:	1d13      	adds	r3, r2, #4
1000179a:	4642      	mov	r2, r8
1000179c:	009b      	lsls	r3, r3, #2
1000179e:	589b      	ldr	r3, [r3, r2]
100017a0:	0022      	movs	r2, r4
100017a2:	1a1b      	subs	r3, r3, r0
100017a4:	469c      	mov	ip, r3
100017a6:	002b      	movs	r3, r5
100017a8:	1a12      	subs	r2, r2, r0
100017aa:	418b      	sbcs	r3, r1
100017ac:	429e      	cmp	r6, r3
100017ae:	dc10      	bgt.n	100017d2 <best_effort_wfe_or_timeout+0x86>
100017b0:	d00d      	beq.n	100017ce <best_effort_wfe_or_timeout+0x82>
100017b2:	bf20      	wfe
100017b4:	4a22      	ldr	r2, [pc, #136]	@ (10001840 <best_effort_wfe_or_timeout+0xf4>)
100017b6:	2000      	movs	r0, #0
100017b8:	6a53      	ldr	r3, [r2, #36]	@ 0x24
100017ba:	454b      	cmp	r3, r9
100017bc:	d3de      	bcc.n	1000177c <best_effort_wfe_or_timeout+0x30>
100017be:	6a92      	ldr	r2, [r2, #40]	@ 0x28
100017c0:	1b5b      	subs	r3, r3, r5
100017c2:	1e59      	subs	r1, r3, #1
100017c4:	418b      	sbcs	r3, r1
100017c6:	42a2      	cmp	r2, r4
100017c8:	4140      	adcs	r0, r0
100017ca:	4318      	orrs	r0, r3
100017cc:	e7d6      	b.n	1000177c <best_effort_wfe_or_timeout+0x30>
100017ce:	4594      	cmp	ip, r2
100017d0:	d9ef      	bls.n	100017b2 <best_effort_wfe_or_timeout+0x66>
100017d2:	f000 f84d 	bl	10001870 <time_us_64>
100017d6:	0022      	movs	r2, r4
100017d8:	002b      	movs	r3, r5
100017da:	1a12      	subs	r2, r2, r0
100017dc:	418b      	sbcs	r3, r1
100017de:	2b00      	cmp	r3, #0
100017e0:	db1b      	blt.n	1000181a <best_effort_wfe_or_timeout+0xce>
100017e2:	2300      	movs	r3, #0
100017e4:	9301      	str	r3, [sp, #4]
100017e6:	4b18      	ldr	r3, [pc, #96]	@ (10001848 <best_effort_wfe_or_timeout+0xfc>)
100017e8:	0022      	movs	r2, r4
100017ea:	9300      	str	r3, [sp, #0]
100017ec:	0038      	movs	r0, r7
100017ee:	002b      	movs	r3, r5
100017f0:	f7ff ff12 	bl	10001618 <alarm_pool_add_alarm_at_force_in_context>
100017f4:	2800      	cmp	r0, #0
100017f6:	dd10      	ble.n	1000181a <best_effort_wfe_or_timeout+0xce>
100017f8:	4b11      	ldr	r3, [pc, #68]	@ (10001840 <best_effort_wfe_or_timeout+0xf4>)
100017fa:	6a5a      	ldr	r2, [r3, #36]	@ 0x24
100017fc:	454a      	cmp	r2, r9
100017fe:	d31c      	bcc.n	1000183a <best_effort_wfe_or_timeout+0xee>
10001800:	6a9b      	ldr	r3, [r3, #40]	@ 0x28
10001802:	42a3      	cmp	r3, r4
10001804:	d317      	bcc.n	10001836 <best_effort_wfe_or_timeout+0xea>
10001806:	0001      	movs	r1, r0
10001808:	0038      	movs	r0, r7
1000180a:	f7ff ff63 	bl	100016d4 <alarm_pool_cancel_alarm>
1000180e:	4a0c      	ldr	r2, [pc, #48]	@ (10001840 <best_effort_wfe_or_timeout+0xf4>)
10001810:	2000      	movs	r0, #0
10001812:	6a53      	ldr	r3, [r2, #36]	@ 0x24
10001814:	454b      	cmp	r3, r9
10001816:	d3b1      	bcc.n	1000177c <best_effort_wfe_or_timeout+0x30>
10001818:	e7d1      	b.n	100017be <best_effort_wfe_or_timeout+0x72>
1000181a:	4a09      	ldr	r2, [pc, #36]	@ (10001840 <best_effort_wfe_or_timeout+0xf4>)
1000181c:	2000      	movs	r0, #0
1000181e:	6a53      	ldr	r3, [r2, #36]	@ 0x24
10001820:	454b      	cmp	r3, r9
10001822:	d3ab      	bcc.n	1000177c <best_effort_wfe_or_timeout+0x30>
10001824:	2000      	movs	r0, #0
10001826:	6a92      	ldr	r2, [r2, #40]	@ 0x28
10001828:	1b5b      	subs	r3, r3, r5
1000182a:	42a2      	cmp	r2, r4
1000182c:	4140      	adcs	r0, r0
1000182e:	1e5a      	subs	r2, r3, #1
10001830:	4193      	sbcs	r3, r2
10001832:	4318      	orrs	r0, r3
10001834:	e7a2      	b.n	1000177c <best_effort_wfe_or_timeout+0x30>
10001836:	454a      	cmp	r2, r9
10001838:	d1e5      	bne.n	10001806 <best_effort_wfe_or_timeout+0xba>
1000183a:	bf20      	wfe
1000183c:	e7e3      	b.n	10001806 <best_effort_wfe_or_timeout+0xba>
1000183e:	46c0      	nop			@ (mov r8, r8)
10001840:	40054000 	.word	0x40054000
10001844:	200018a0 	.word	0x200018a0
10001848:	10001149 	.word	0x10001149

1000184c <timer_hardware_alarm_claim>:
1000184c:	b510      	push	{r4, lr}
1000184e:	4a02      	ldr	r2, [pc, #8]	@ (10001858 <timer_hardware_alarm_claim+0xc>)
10001850:	4802      	ldr	r0, [pc, #8]	@ (1000185c <timer_hardware_alarm_claim+0x10>)
10001852:	f7ff f8c3 	bl	100009dc <hw_claim_or_assert>
10001856:	bd10      	pop	{r4, pc}
10001858:	10007df0 	.word	0x10007df0
1000185c:	2000252c 	.word	0x2000252c

10001860 <timer_time_us_64>:
10001860:	0003      	movs	r3, r0
10001862:	6a41      	ldr	r1, [r0, #36]	@ 0x24
10001864:	000a      	movs	r2, r1
10001866:	6a98      	ldr	r0, [r3, #40]	@ 0x28
10001868:	6a59      	ldr	r1, [r3, #36]	@ 0x24
1000186a:	428a      	cmp	r2, r1
1000186c:	d1fa      	bne.n	10001864 <timer_time_us_64+0x4>
1000186e:	4770      	bx	lr

10001870 <time_us_64>:
10001870:	4b03      	ldr	r3, [pc, #12]	@ (10001880 <time_us_64+0x10>)
10001872:	6a59      	ldr	r1, [r3, #36]	@ 0x24
10001874:	000a      	movs	r2, r1
10001876:	6a98      	ldr	r0, [r3, #40]	@ 0x28
10001878:	6a59      	ldr	r1, [r3, #36]	@ 0x24
1000187a:	4291      	cmp	r1, r2
1000187c:	d1fa      	bne.n	10001874 <time_us_64+0x4>
1000187e:	4770      	bx	lr
10001880:	40054000 	.word	0x40054000

10001884 <busy_wait_us>:
10001884:	b570      	push	{r4, r5, r6, lr}
10001886:	0005      	movs	r5, r0
10001888:	000e      	movs	r6, r1
1000188a:	4a18      	ldr	r2, [pc, #96]	@ (100018ec <busy_wait_us+0x68>)
1000188c:	6a53      	ldr	r3, [r2, #36]	@ 0x24
1000188e:	0019      	movs	r1, r3
10001890:	6a94      	ldr	r4, [r2, #40]	@ 0x28
10001892:	6a53      	ldr	r3, [r2, #36]	@ 0x24
10001894:	428b      	cmp	r3, r1
10001896:	d1fa      	bne.n	1000188e <busy_wait_us+0xa>
10001898:	0020      	movs	r0, r4
1000189a:	0019      	movs	r1, r3
1000189c:	002c      	movs	r4, r5
1000189e:	0035      	movs	r5, r6
100018a0:	1824      	adds	r4, r4, r0
100018a2:	414d      	adcs	r5, r1
100018a4:	42ab      	cmp	r3, r5
100018a6:	d816      	bhi.n	100018d6 <busy_wait_us+0x52>
100018a8:	d013      	beq.n	100018d2 <busy_wait_us+0x4e>
100018aa:	4b10      	ldr	r3, [pc, #64]	@ (100018ec <busy_wait_us+0x68>)
100018ac:	002a      	movs	r2, r5
100018ae:	6a5b      	ldr	r3, [r3, #36]	@ 0x24
100018b0:	429d      	cmp	r5, r3
100018b2:	d903      	bls.n	100018bc <busy_wait_us+0x38>
100018b4:	490d      	ldr	r1, [pc, #52]	@ (100018ec <busy_wait_us+0x68>)
100018b6:	6a4b      	ldr	r3, [r1, #36]	@ 0x24
100018b8:	4293      	cmp	r3, r2
100018ba:	d3fc      	bcc.n	100018b6 <busy_wait_us+0x32>
100018bc:	4293      	cmp	r3, r2
100018be:	d107      	bne.n	100018d0 <busy_wait_us+0x4c>
100018c0:	4a0a      	ldr	r2, [pc, #40]	@ (100018ec <busy_wait_us+0x68>)
100018c2:	e002      	b.n	100018ca <busy_wait_us+0x46>
100018c4:	6a51      	ldr	r1, [r2, #36]	@ 0x24
100018c6:	4299      	cmp	r1, r3
100018c8:	d102      	bne.n	100018d0 <busy_wait_us+0x4c>
100018ca:	6a91      	ldr	r1, [r2, #40]	@ 0x28
100018cc:	42a1      	cmp	r1, r4
100018ce:	d3f9      	bcc.n	100018c4 <busy_wait_us+0x40>
100018d0:	bd70      	pop	{r4, r5, r6, pc}
100018d2:	42a0      	cmp	r0, r4
100018d4:	d9e9      	bls.n	100018aa <busy_wait_us+0x26>
100018d6:	4b05      	ldr	r3, [pc, #20]	@ (100018ec <busy_wait_us+0x68>)
100018d8:	6a5b      	ldr	r3, [r3, #36]	@ 0x24
100018da:	001c      	movs	r4, r3
100018dc:	1c5a      	adds	r2, r3, #1
100018de:	d0ef      	beq.n	100018c0 <busy_wait_us+0x3c>
100018e0:	2201      	movs	r2, #1
100018e2:	2401      	movs	r4, #1
100018e4:	4264      	negs	r4, r4
100018e6:	17e5      	asrs	r5, r4, #31
100018e8:	4252      	negs	r2, r2
100018ea:	e7e3      	b.n	100018b4 <busy_wait_us+0x30>
100018ec:	40054000 	.word	0x40054000

100018f0 <uart_init>:
100018f0:	b5f8      	push	{r3, r4, r5, r6, r7, lr}
100018f2:	0004      	movs	r4, r0
100018f4:	2006      	movs	r0, #6
100018f6:	000d      	movs	r5, r1
100018f8:	f000 f96e 	bl	10001bd8 <clock_get_hz>
100018fc:	2800      	cmp	r0, #0
100018fe:	d043      	beq.n	10001988 <uart_init+0x98>
10001900:	4b36      	ldr	r3, [pc, #216]	@ (100019dc <uart_init+0xec>)
10001902:	4937      	ldr	r1, [pc, #220]	@ (100019e0 <uart_init+0xf0>)
10001904:	18e3      	adds	r3, r4, r3
10001906:	1e5a      	subs	r2, r3, #1
10001908:	4193      	sbcs	r3, r2
1000190a:	2280      	movs	r2, #128	@ 0x80
1000190c:	425b      	negs	r3, r3
1000190e:	0d9b      	lsrs	r3, r3, #22
10001910:	0412      	lsls	r2, r2, #16
10001912:	059b      	lsls	r3, r3, #22
10001914:	189b      	adds	r3, r3, r2
10001916:	4a33      	ldr	r2, [pc, #204]	@ (100019e4 <uart_init+0xf4>)
10001918:	6013      	str	r3, [r2, #0]
1000191a:	4a33      	ldr	r2, [pc, #204]	@ (100019e8 <uart_init+0xf8>)
1000191c:	6013      	str	r3, [r2, #0]
1000191e:	0018      	movs	r0, r3
10001920:	680a      	ldr	r2, [r1, #0]
10001922:	4390      	bics	r0, r2
10001924:	d1fb      	bne.n	1000191e <uart_init+0x2e>
10001926:	4b2d      	ldr	r3, [pc, #180]	@ (100019dc <uart_init+0xec>)
10001928:	4a30      	ldr	r2, [pc, #192]	@ (100019ec <uart_init+0xfc>)
1000192a:	18e3      	adds	r3, r4, r3
1000192c:	4259      	negs	r1, r3
1000192e:	414b      	adcs	r3, r1
10001930:	2180      	movs	r1, #128	@ 0x80
10001932:	005b      	lsls	r3, r3, #1
10001934:	0049      	lsls	r1, r1, #1
10001936:	2006      	movs	r0, #6
10001938:	5299      	strh	r1, [r3, r2]
1000193a:	f000 f94d 	bl	10001bd8 <clock_get_hz>
1000193e:	0029      	movs	r1, r5
10001940:	00c0      	lsls	r0, r0, #3
10001942:	f000 fd9d 	bl	10002480 <__wrap___aeabi_uidiv>
10001946:	3001      	adds	r0, #1
10001948:	09c3      	lsrs	r3, r0, #7
1000194a:	d11e      	bne.n	1000198a <uart_init+0x9a>
1000194c:	2740      	movs	r7, #64	@ 0x40
1000194e:	2201      	movs	r2, #1
10001950:	6262      	str	r2, [r4, #36]	@ 0x24
10001952:	62a3      	str	r3, [r4, #40]	@ 0x28
10001954:	6b26      	ldr	r6, [r4, #48]	@ 0x30
10001956:	07f3      	lsls	r3, r6, #31
10001958:	d422      	bmi.n	100019a0 <uart_init+0xb0>
1000195a:	6ae3      	ldr	r3, [r4, #44]	@ 0x2c
1000195c:	4b24      	ldr	r3, [pc, #144]	@ (100019f0 <uart_init+0x100>)
1000195e:	2006      	movs	r0, #6
10001960:	18e5      	adds	r5, r4, r3
10001962:	2300      	movs	r3, #0
10001964:	602b      	str	r3, [r5, #0]
10001966:	6326      	str	r6, [r4, #48]	@ 0x30
10001968:	f000 f936 	bl	10001bd8 <clock_get_hz>
1000196c:	0039      	movs	r1, r7
1000196e:	0080      	lsls	r0, r0, #2
10001970:	f000 fd86 	bl	10002480 <__wrap___aeabi_uidiv>
10001974:	2370      	movs	r3, #112	@ 0x70
10001976:	6ae2      	ldr	r2, [r4, #44]	@ 0x2c
10001978:	405a      	eors	r2, r3
1000197a:	330e      	adds	r3, #14
1000197c:	4013      	ands	r3, r2
1000197e:	602b      	str	r3, [r5, #0]
10001980:	4b1c      	ldr	r3, [pc, #112]	@ (100019f4 <uart_init+0x104>)
10001982:	6323      	str	r3, [r4, #48]	@ 0x30
10001984:	2303      	movs	r3, #3
10001986:	64a3      	str	r3, [r4, #72]	@ 0x48
10001988:	bdf8      	pop	{r3, r4, r5, r6, r7, pc}
1000198a:	4a1b      	ldr	r2, [pc, #108]	@ (100019f8 <uart_init+0x108>)
1000198c:	4293      	cmp	r3, r2
1000198e:	d91d      	bls.n	100019cc <uart_init+0xdc>
10001990:	2300      	movs	r3, #0
10001992:	4a1a      	ldr	r2, [pc, #104]	@ (100019fc <uart_init+0x10c>)
10001994:	4f1a      	ldr	r7, [pc, #104]	@ (10001a00 <uart_init+0x110>)
10001996:	6262      	str	r2, [r4, #36]	@ 0x24
10001998:	62a3      	str	r3, [r4, #40]	@ 0x28
1000199a:	6b26      	ldr	r6, [r4, #48]	@ 0x30
1000199c:	07f3      	lsls	r3, r6, #31
1000199e:	d5dc      	bpl.n	1000195a <uart_init+0x6a>
100019a0:	4b18      	ldr	r3, [pc, #96]	@ (10001a04 <uart_init+0x114>)
100019a2:	4a14      	ldr	r2, [pc, #80]	@ (100019f4 <uart_init+0x104>)
100019a4:	18e3      	adds	r3, r4, r3
100019a6:	601a      	str	r2, [r3, #0]
100019a8:	6a65      	ldr	r5, [r4, #36]	@ 0x24
100019aa:	6aa3      	ldr	r3, [r4, #40]	@ 0x28
100019ac:	2006      	movs	r0, #6
100019ae:	01ad      	lsls	r5, r5, #6
100019b0:	18ed      	adds	r5, r5, r3
100019b2:	f000 f911 	bl	10001bd8 <clock_get_hz>
100019b6:	4914      	ldr	r1, [pc, #80]	@ (10001a08 <uart_init+0x118>)
100019b8:	f000 fd62 	bl	10002480 <__wrap___aeabi_uidiv>
100019bc:	0001      	movs	r1, r0
100019be:	02a8      	lsls	r0, r5, #10
100019c0:	f000 fd5e 	bl	10002480 <__wrap___aeabi_uidiv>
100019c4:	2100      	movs	r1, #0
100019c6:	f7ff ff5d 	bl	10001884 <busy_wait_us>
100019ca:	e7c6      	b.n	1000195a <uart_init+0x6a>
100019cc:	0640      	lsls	r0, r0, #25
100019ce:	019a      	lsls	r2, r3, #6
100019d0:	0e80      	lsrs	r0, r0, #26
100019d2:	1817      	adds	r7, r2, r0
100019d4:	001a      	movs	r2, r3
100019d6:	0003      	movs	r3, r0
100019d8:	e7ba      	b.n	10001950 <uart_init+0x60>
100019da:	46c0      	nop			@ (mov r8, r8)
100019dc:	bffc8000 	.word	0xbffc8000
100019e0:	4000c008 	.word	0x4000c008
100019e4:	4000e000 	.word	0x4000e000
100019e8:	4000f000 	.word	0x4000f000
100019ec:	20002c08 	.word	0x20002c08
100019f0:	0000102c 	.word	0x0000102c
100019f4:	00000301 	.word	0x00000301
100019f8:	0000fffe 	.word	0x0000fffe
100019fc:	0000ffff 	.word	0x0000ffff
10001a00:	003fffc0 	.word	0x003fffc0
10001a04:	00003030 	.word	0x00003030
10001a08:	00000e4e 	.word	0x00000e4e

10001a0c <clock_configure_int_divider>:
10001a0c:	b5f8      	push	{r3, r4, r5, r6, r7, lr}
10001a0e:	46de      	mov	lr, fp
10001a10:	464e      	mov	r6, r9
10001a12:	4645      	mov	r5, r8
10001a14:	4657      	mov	r7, sl
10001a16:	b5e0      	push	{r5, r6, r7, lr}
10001a18:	0005      	movs	r5, r0
10001a1a:	468b      	mov	fp, r1
10001a1c:	0018      	movs	r0, r3
10001a1e:	990a      	ldr	r1, [sp, #40]	@ 0x28
10001a20:	4691      	mov	r9, r2
10001a22:	f000 fd2d 	bl	10002480 <__wrap___aeabi_uidiv>
10001a26:	9b0a      	ldr	r3, [sp, #40]	@ 0x28
10001a28:	006c      	lsls	r4, r5, #1
10001a2a:	021e      	lsls	r6, r3, #8
10001a2c:	1964      	adds	r4, r4, r5
10001a2e:	4b30      	ldr	r3, [pc, #192]	@ (10001af0 <clock_configure_int_divider+0xe4>)
10001a30:	00a4      	lsls	r4, r4, #2
10001a32:	18e4      	adds	r4, r4, r3
10001a34:	6863      	ldr	r3, [r4, #4]
10001a36:	4680      	mov	r8, r0
10001a38:	429e      	cmp	r6, r3
10001a3a:	d900      	bls.n	10001a3e <clock_configure_int_divider+0x32>
10001a3c:	6066      	str	r6, [r4, #4]
10001a3e:	1f2f      	subs	r7, r5, #4
10001a40:	b2fb      	uxtb	r3, r7
10001a42:	469a      	mov	sl, r3
10001a44:	2b01      	cmp	r3, #1
10001a46:	d92f      	bls.n	10001aa8 <clock_configure_int_divider+0x9c>
10001a48:	23c0      	movs	r3, #192	@ 0xc0
10001a4a:	2280      	movs	r2, #128	@ 0x80
10001a4c:	4f29      	ldr	r7, [pc, #164]	@ (10001af4 <clock_configure_int_divider+0xe8>)
10001a4e:	00ad      	lsls	r5, r5, #2
10001a50:	019b      	lsls	r3, r3, #6
10001a52:	5979      	ldr	r1, [r7, r5]
10001a54:	0112      	lsls	r2, r2, #4
10001a56:	18e3      	adds	r3, r4, r3
10001a58:	601a      	str	r2, [r3, #0]
10001a5a:	2900      	cmp	r1, #0
10001a5c:	d11b      	bne.n	10001a96 <clock_configure_int_divider+0x8a>
10001a5e:	464b      	mov	r3, r9
10001a60:	6822      	ldr	r2, [r4, #0]
10001a62:	015b      	lsls	r3, r3, #5
10001a64:	4053      	eors	r3, r2
10001a66:	22e0      	movs	r2, #224	@ 0xe0
10001a68:	4013      	ands	r3, r2
10001a6a:	2280      	movs	r2, #128	@ 0x80
10001a6c:	0152      	lsls	r2, r2, #5
10001a6e:	18a2      	adds	r2, r4, r2
10001a70:	6013      	str	r3, [r2, #0]
10001a72:	4653      	mov	r3, sl
10001a74:	2b01      	cmp	r3, #1
10001a76:	d92f      	bls.n	10001ad8 <clock_configure_int_divider+0xcc>
10001a78:	2380      	movs	r3, #128	@ 0x80
10001a7a:	2280      	movs	r2, #128	@ 0x80
10001a7c:	019b      	lsls	r3, r3, #6
10001a7e:	18e3      	adds	r3, r4, r3
10001a80:	0112      	lsls	r2, r2, #4
10001a82:	601a      	str	r2, [r3, #0]
10001a84:	4643      	mov	r3, r8
10001a86:	6066      	str	r6, [r4, #4]
10001a88:	517b      	str	r3, [r7, r5]
10001a8a:	bcf0      	pop	{r4, r5, r6, r7}
10001a8c:	46bb      	mov	fp, r7
10001a8e:	46b2      	mov	sl, r6
10001a90:	46a9      	mov	r9, r5
10001a92:	46a0      	mov	r8, r4
10001a94:	bdf8      	pop	{r3, r4, r5, r6, r7, pc}
10001a96:	6978      	ldr	r0, [r7, #20]
10001a98:	f000 fcf2 	bl	10002480 <__wrap___aeabi_uidiv>
10001a9c:	3001      	adds	r0, #1
10001a9e:	0043      	lsls	r3, r0, #1
10001aa0:	181b      	adds	r3, r3, r0
10001aa2:	3b03      	subs	r3, #3
10001aa4:	d2fd      	bcs.n	10001aa2 <clock_configure_int_divider+0x96>
10001aa6:	e7da      	b.n	10001a5e <clock_configure_int_divider+0x52>
10001aa8:	465b      	mov	r3, fp
10001aaa:	2b01      	cmp	r3, #1
10001aac:	d1cc      	bne.n	10001a48 <clock_configure_int_divider+0x3c>
10001aae:	23c0      	movs	r3, #192	@ 0xc0
10001ab0:	2203      	movs	r2, #3
10001ab2:	019b      	lsls	r3, r3, #6
10001ab4:	18e3      	adds	r3, r4, r3
10001ab6:	601a      	str	r2, [r3, #0]
10001ab8:	3a02      	subs	r2, #2
10001aba:	68a3      	ldr	r3, [r4, #8]
10001abc:	421a      	tst	r2, r3
10001abe:	d0fc      	beq.n	10001aba <clock_configure_int_divider+0xae>
10001ac0:	464a      	mov	r2, r9
10001ac2:	6823      	ldr	r3, [r4, #0]
10001ac4:	0152      	lsls	r2, r2, #5
10001ac6:	405a      	eors	r2, r3
10001ac8:	23e0      	movs	r3, #224	@ 0xe0
10001aca:	4013      	ands	r3, r2
10001acc:	2280      	movs	r2, #128	@ 0x80
10001ace:	0152      	lsls	r2, r2, #5
10001ad0:	18a2      	adds	r2, r4, r2
10001ad2:	4f08      	ldr	r7, [pc, #32]	@ (10001af4 <clock_configure_int_divider+0xe8>)
10001ad4:	6013      	str	r3, [r2, #0]
10001ad6:	00ad      	lsls	r5, r5, #2
10001ad8:	4658      	mov	r0, fp
10001ada:	2303      	movs	r3, #3
10001adc:	6821      	ldr	r1, [r4, #0]
10001ade:	4041      	eors	r1, r0
10001ae0:	400b      	ands	r3, r1
10001ae2:	6013      	str	r3, [r2, #0]
10001ae4:	2201      	movs	r2, #1
10001ae6:	4082      	lsls	r2, r0
10001ae8:	68a3      	ldr	r3, [r4, #8]
10001aea:	421a      	tst	r2, r3
10001aec:	d0fc      	beq.n	10001ae8 <clock_configure_int_divider+0xdc>
10001aee:	e7c3      	b.n	10001a78 <clock_configure_int_divider+0x6c>
10001af0:	40008000 	.word	0x40008000
10001af4:	20002530 	.word	0x20002530

10001af8 <clock_configure_undivided>:
10001af8:	b5f0      	push	{r4, r5, r6, r7, lr}
10001afa:	46d6      	mov	lr, sl
10001afc:	464f      	mov	r7, r9
10001afe:	4646      	mov	r6, r8
10001b00:	0044      	lsls	r4, r0, #1
10001b02:	4698      	mov	r8, r3
10001b04:	1824      	adds	r4, r4, r0
10001b06:	4b32      	ldr	r3, [pc, #200]	@ (10001bd0 <clock_configure_undivided+0xd8>)
10001b08:	00a4      	lsls	r4, r4, #2
10001b0a:	18e4      	adds	r4, r4, r3
10001b0c:	6863      	ldr	r3, [r4, #4]
10001b0e:	468a      	mov	sl, r1
10001b10:	4691      	mov	r9, r2
10001b12:	b5c0      	push	{r6, r7, lr}
10001b14:	2bff      	cmp	r3, #255	@ 0xff
10001b16:	d802      	bhi.n	10001b1e <clock_configure_undivided+0x26>
10001b18:	2380      	movs	r3, #128	@ 0x80
10001b1a:	005b      	lsls	r3, r3, #1
10001b1c:	6063      	str	r3, [r4, #4]
10001b1e:	1f06      	subs	r6, r0, #4
10001b20:	b2f6      	uxtb	r6, r6
10001b22:	2e01      	cmp	r6, #1
10001b24:	d92f      	bls.n	10001b86 <clock_configure_undivided+0x8e>
10001b26:	23c0      	movs	r3, #192	@ 0xc0
10001b28:	2280      	movs	r2, #128	@ 0x80
10001b2a:	4f2a      	ldr	r7, [pc, #168]	@ (10001bd4 <clock_configure_undivided+0xdc>)
10001b2c:	0085      	lsls	r5, r0, #2
10001b2e:	019b      	lsls	r3, r3, #6
10001b30:	5979      	ldr	r1, [r7, r5]
10001b32:	0112      	lsls	r2, r2, #4
10001b34:	18e3      	adds	r3, r4, r3
10001b36:	601a      	str	r2, [r3, #0]
10001b38:	2900      	cmp	r1, #0
10001b3a:	d11b      	bne.n	10001b74 <clock_configure_undivided+0x7c>
10001b3c:	464b      	mov	r3, r9
10001b3e:	6822      	ldr	r2, [r4, #0]
10001b40:	015b      	lsls	r3, r3, #5
10001b42:	4053      	eors	r3, r2
10001b44:	22e0      	movs	r2, #224	@ 0xe0
10001b46:	4013      	ands	r3, r2
10001b48:	2280      	movs	r2, #128	@ 0x80
10001b4a:	0152      	lsls	r2, r2, #5
10001b4c:	18a2      	adds	r2, r4, r2
10001b4e:	6013      	str	r3, [r2, #0]
10001b50:	2e01      	cmp	r6, #1
10001b52:	d930      	bls.n	10001bb6 <clock_configure_undivided+0xbe>
10001b54:	2380      	movs	r3, #128	@ 0x80
10001b56:	2280      	movs	r2, #128	@ 0x80
10001b58:	019b      	lsls	r3, r3, #6
10001b5a:	18e3      	adds	r3, r4, r3
10001b5c:	0112      	lsls	r2, r2, #4
10001b5e:	601a      	str	r2, [r3, #0]
10001b60:	2380      	movs	r3, #128	@ 0x80
10001b62:	005b      	lsls	r3, r3, #1
10001b64:	6063      	str	r3, [r4, #4]
10001b66:	4643      	mov	r3, r8
10001b68:	517b      	str	r3, [r7, r5]
10001b6a:	bce0      	pop	{r5, r6, r7}
10001b6c:	46ba      	mov	sl, r7
10001b6e:	46b1      	mov	r9, r6
10001b70:	46a8      	mov	r8, r5
10001b72:	bdf0      	pop	{r4, r5, r6, r7, pc}
10001b74:	6978      	ldr	r0, [r7, #20]
10001b76:	f000 fc83 	bl	10002480 <__wrap___aeabi_uidiv>
10001b7a:	3001      	adds	r0, #1
10001b7c:	0043      	lsls	r3, r0, #1
10001b7e:	181b      	adds	r3, r3, r0
10001b80:	3b03      	subs	r3, #3
10001b82:	d2fd      	bcs.n	10001b80 <clock_configure_undivided+0x88>
10001b84:	e7da      	b.n	10001b3c <clock_configure_undivided+0x44>
10001b86:	4653      	mov	r3, sl
10001b88:	2b01      	cmp	r3, #1
10001b8a:	d1cc      	bne.n	10001b26 <clock_configure_undivided+0x2e>
10001b8c:	23c0      	movs	r3, #192	@ 0xc0
10001b8e:	2203      	movs	r2, #3
10001b90:	019b      	lsls	r3, r3, #6
10001b92:	18e3      	adds	r3, r4, r3
10001b94:	601a      	str	r2, [r3, #0]
10001b96:	3a02      	subs	r2, #2
10001b98:	68a3      	ldr	r3, [r4, #8]
10001b9a:	421a      	tst	r2, r3
10001b9c:	d0fc      	beq.n	10001b98 <clock_configure_undivided+0xa0>
10001b9e:	464a      	mov	r2, r9
10001ba0:	6823      	ldr	r3, [r4, #0]
10001ba2:	0152      	lsls	r2, r2, #5
10001ba4:	405a      	eors	r2, r3
10001ba6:	23e0      	movs	r3, #224	@ 0xe0
10001ba8:	4013      	ands	r3, r2
10001baa:	2280      	movs	r2, #128	@ 0x80
10001bac:	0152      	lsls	r2, r2, #5
10001bae:	18a2      	adds	r2, r4, r2
10001bb0:	4f08      	ldr	r7, [pc, #32]	@ (10001bd4 <clock_configure_undivided+0xdc>)
10001bb2:	6013      	str	r3, [r2, #0]
10001bb4:	0085      	lsls	r5, r0, #2
10001bb6:	4650      	mov	r0, sl
10001bb8:	2303      	movs	r3, #3
10001bba:	6821      	ldr	r1, [r4, #0]
10001bbc:	4041      	eors	r1, r0
10001bbe:	400b      	ands	r3, r1
10001bc0:	6013      	str	r3, [r2, #0]
10001bc2:	2201      	movs	r2, #1
10001bc4:	4082      	lsls	r2, r0
10001bc6:	68a3      	ldr	r3, [r4, #8]
10001bc8:	421a      	tst	r2, r3
10001bca:	d0fc      	beq.n	10001bc6 <clock_configure_undivided+0xce>
10001bcc:	e7c2      	b.n	10001b54 <clock_configure_undivided+0x5c>
10001bce:	46c0      	nop			@ (mov r8, r8)
10001bd0:	40008000 	.word	0x40008000
10001bd4:	20002530 	.word	0x20002530

10001bd8 <clock_get_hz>:
10001bd8:	4b01      	ldr	r3, [pc, #4]	@ (10001be0 <clock_get_hz+0x8>)
10001bda:	0080      	lsls	r0, r0, #2
10001bdc:	58c0      	ldr	r0, [r0, r3]
10001bde:	4770      	bx	lr
10001be0:	20002530 	.word	0x20002530

10001be4 <set_sys_clock_pll>:
10001be4:	b5f0      	push	{r4, r5, r6, r7, lr}
10001be6:	46c6      	mov	lr, r8
10001be8:	b500      	push	{lr}
10001bea:	4b5b      	ldr	r3, [pc, #364]	@ (10001d58 <set_sys_clock_pll+0x174>)
10001bec:	0015      	movs	r5, r2
10001bee:	685a      	ldr	r2, [r3, #4]
10001bf0:	4684      	mov	ip, r0
10001bf2:	000f      	movs	r7, r1
10001bf4:	b082      	sub	sp, #8
10001bf6:	2aff      	cmp	r2, #255	@ 0xff
10001bf8:	d802      	bhi.n	10001c00 <set_sys_clock_pll+0x1c>
10001bfa:	2280      	movs	r2, #128	@ 0x80
10001bfc:	0052      	lsls	r2, r2, #1
10001bfe:	605a      	str	r2, [r3, #4]
10001c00:	2203      	movs	r2, #3
10001c02:	4b56      	ldr	r3, [pc, #344]	@ (10001d5c <set_sys_clock_pll+0x178>)
10001c04:	4854      	ldr	r0, [pc, #336]	@ (10001d58 <set_sys_clock_pll+0x174>)
10001c06:	601a      	str	r2, [r3, #0]
10001c08:	2301      	movs	r3, #1
10001c0a:	6882      	ldr	r2, [r0, #8]
10001c0c:	4213      	tst	r3, r2
10001c0e:	d0fc      	beq.n	10001c0a <set_sys_clock_pll+0x26>
10001c10:	2220      	movs	r2, #32
10001c12:	6801      	ldr	r1, [r0, #0]
10001c14:	4051      	eors	r1, r2
10001c16:	32c0      	adds	r2, #192	@ 0xc0
10001c18:	400a      	ands	r2, r1
10001c1a:	4951      	ldr	r1, [pc, #324]	@ (10001d60 <set_sys_clock_pll+0x17c>)
10001c1c:	600a      	str	r2, [r1, #0]
10001c1e:	6802      	ldr	r2, [r0, #0]
10001c20:	484d      	ldr	r0, [pc, #308]	@ (10001d58 <set_sys_clock_pll+0x174>)
10001c22:	405a      	eors	r2, r3
10001c24:	2303      	movs	r3, #3
10001c26:	4013      	ands	r3, r2
10001c28:	600b      	str	r3, [r1, #0]
10001c2a:	2302      	movs	r3, #2
10001c2c:	6882      	ldr	r2, [r0, #8]
10001c2e:	4213      	tst	r3, r2
10001c30:	d0fc      	beq.n	10001c2c <set_sys_clock_pll+0x48>
10001c32:	2280      	movs	r2, #128	@ 0x80
10001c34:	2680      	movs	r6, #128	@ 0x80
10001c36:	4b4b      	ldr	r3, [pc, #300]	@ (10001d64 <set_sys_clock_pll+0x180>)
10001c38:	0112      	lsls	r2, r2, #4
10001c3a:	601a      	str	r2, [r3, #0]
10001c3c:	4c4a      	ldr	r4, [pc, #296]	@ (10001d68 <set_sys_clock_pll+0x184>)
10001c3e:	4b4b      	ldr	r3, [pc, #300]	@ (10001d6c <set_sys_clock_pll+0x188>)
10001c40:	0076      	lsls	r6, r6, #1
10001c42:	6046      	str	r6, [r0, #4]
10001c44:	4662      	mov	r2, ip
10001c46:	6163      	str	r3, [r4, #20]
10001c48:	2101      	movs	r1, #1
10001c4a:	003b      	movs	r3, r7
10001c4c:	4848      	ldr	r0, [pc, #288]	@ (10001d70 <set_sys_clock_pll+0x18c>)
10001c4e:	9500      	str	r5, [sp, #0]
10001c50:	46e0      	mov	r8, ip
10001c52:	f000 f9e5 	bl	10002020 <pll_init>
10001c56:	0029      	movs	r1, r5
10001c58:	4640      	mov	r0, r8
10001c5a:	4379      	muls	r1, r7
10001c5c:	f000 fc10 	bl	10002480 <__wrap___aeabi_uidiv>
10001c60:	4b44      	ldr	r3, [pc, #272]	@ (10001d74 <set_sys_clock_pll+0x190>)
10001c62:	0005      	movs	r5, r0
10001c64:	685a      	ldr	r2, [r3, #4]
10001c66:	2aff      	cmp	r2, #255	@ 0xff
10001c68:	d800      	bhi.n	10001c6c <set_sys_clock_pll+0x88>
10001c6a:	605e      	str	r6, [r3, #4]
10001c6c:	2280      	movs	r2, #128	@ 0x80
10001c6e:	4b42      	ldr	r3, [pc, #264]	@ (10001d78 <set_sys_clock_pll+0x194>)
10001c70:	0112      	lsls	r2, r2, #4
10001c72:	601a      	str	r2, [r3, #0]
10001c74:	6921      	ldr	r1, [r4, #16]
10001c76:	2900      	cmp	r1, #0
10001c78:	d007      	beq.n	10001c8a <set_sys_clock_pll+0xa6>
10001c7a:	6960      	ldr	r0, [r4, #20]
10001c7c:	f000 fc00 	bl	10002480 <__wrap___aeabi_uidiv>
10001c80:	3001      	adds	r0, #1
10001c82:	0043      	lsls	r3, r0, #1
10001c84:	181b      	adds	r3, r3, r0
10001c86:	3b03      	subs	r3, #3
10001c88:	d2fd      	bcs.n	10001c86 <set_sys_clock_pll+0xa2>
10001c8a:	23e0      	movs	r3, #224	@ 0xe0
10001c8c:	4a39      	ldr	r2, [pc, #228]	@ (10001d74 <set_sys_clock_pll+0x190>)
10001c8e:	483b      	ldr	r0, [pc, #236]	@ (10001d7c <set_sys_clock_pll+0x198>)
10001c90:	6811      	ldr	r1, [r2, #0]
10001c92:	400b      	ands	r3, r1
10001c94:	6003      	str	r3, [r0, #0]
10001c96:	2302      	movs	r3, #2
10001c98:	6811      	ldr	r1, [r2, #0]
10001c9a:	4059      	eors	r1, r3
10001c9c:	3301      	adds	r3, #1
10001c9e:	400b      	ands	r3, r1
10001ca0:	2104      	movs	r1, #4
10001ca2:	6003      	str	r3, [r0, #0]
10001ca4:	6893      	ldr	r3, [r2, #8]
10001ca6:	4219      	tst	r1, r3
10001ca8:	d0fc      	beq.n	10001ca4 <set_sys_clock_pll+0xc0>
10001caa:	2180      	movs	r1, #128	@ 0x80
10001cac:	4b34      	ldr	r3, [pc, #208]	@ (10001d80 <set_sys_clock_pll+0x19c>)
10001cae:	0109      	lsls	r1, r1, #4
10001cb0:	6019      	str	r1, [r3, #0]
10001cb2:	2180      	movs	r1, #128	@ 0x80
10001cb4:	4b33      	ldr	r3, [pc, #204]	@ (10001d84 <set_sys_clock_pll+0x1a0>)
10001cb6:	0049      	lsls	r1, r1, #1
10001cb8:	6051      	str	r1, [r2, #4]
10001cba:	6123      	str	r3, [r4, #16]
10001cbc:	4b26      	ldr	r3, [pc, #152]	@ (10001d58 <set_sys_clock_pll+0x174>)
10001cbe:	685a      	ldr	r2, [r3, #4]
10001cc0:	2aff      	cmp	r2, #255	@ 0xff
10001cc2:	d800      	bhi.n	10001cc6 <set_sys_clock_pll+0xe2>
10001cc4:	6059      	str	r1, [r3, #4]
10001cc6:	2203      	movs	r2, #3
10001cc8:	2101      	movs	r1, #1
10001cca:	4b24      	ldr	r3, [pc, #144]	@ (10001d5c <set_sys_clock_pll+0x178>)
10001ccc:	601a      	str	r2, [r3, #0]
10001cce:	4a22      	ldr	r2, [pc, #136]	@ (10001d58 <set_sys_clock_pll+0x174>)
10001cd0:	6893      	ldr	r3, [r2, #8]
10001cd2:	4219      	tst	r1, r3
10001cd4:	d0fc      	beq.n	10001cd0 <set_sys_clock_pll+0xec>
10001cd6:	23e0      	movs	r3, #224	@ 0xe0
10001cd8:	6810      	ldr	r0, [r2, #0]
10001cda:	4003      	ands	r3, r0
10001cdc:	4820      	ldr	r0, [pc, #128]	@ (10001d60 <set_sys_clock_pll+0x17c>)
10001cde:	6003      	str	r3, [r0, #0]
10001ce0:	6812      	ldr	r2, [r2, #0]
10001ce2:	2303      	movs	r3, #3
10001ce4:	404a      	eors	r2, r1
10001ce6:	2102      	movs	r1, #2
10001ce8:	4013      	ands	r3, r2
10001cea:	4a1b      	ldr	r2, [pc, #108]	@ (10001d58 <set_sys_clock_pll+0x174>)
10001cec:	6003      	str	r3, [r0, #0]
10001cee:	6893      	ldr	r3, [r2, #8]
10001cf0:	4219      	tst	r1, r3
10001cf2:	d0fc      	beq.n	10001cee <set_sys_clock_pll+0x10a>
10001cf4:	2180      	movs	r1, #128	@ 0x80
10001cf6:	4b1b      	ldr	r3, [pc, #108]	@ (10001d64 <set_sys_clock_pll+0x180>)
10001cf8:	0109      	lsls	r1, r1, #4
10001cfa:	6019      	str	r1, [r3, #0]
10001cfc:	2180      	movs	r1, #128	@ 0x80
10001cfe:	4b22      	ldr	r3, [pc, #136]	@ (10001d88 <set_sys_clock_pll+0x1a4>)
10001d00:	0049      	lsls	r1, r1, #1
10001d02:	6051      	str	r1, [r2, #4]
10001d04:	6165      	str	r5, [r4, #20]
10001d06:	685a      	ldr	r2, [r3, #4]
10001d08:	2aff      	cmp	r2, #255	@ 0xff
10001d0a:	d800      	bhi.n	10001d0e <set_sys_clock_pll+0x12a>
10001d0c:	6059      	str	r1, [r3, #4]
10001d0e:	2280      	movs	r2, #128	@ 0x80
10001d10:	4b1e      	ldr	r3, [pc, #120]	@ (10001d8c <set_sys_clock_pll+0x1a8>)
10001d12:	0112      	lsls	r2, r2, #4
10001d14:	601a      	str	r2, [r3, #0]
10001d16:	69a1      	ldr	r1, [r4, #24]
10001d18:	2900      	cmp	r1, #0
10001d1a:	d007      	beq.n	10001d2c <set_sys_clock_pll+0x148>
10001d1c:	6960      	ldr	r0, [r4, #20]
10001d1e:	f000 fbaf 	bl	10002480 <__wrap___aeabi_uidiv>
10001d22:	3001      	adds	r0, #1
10001d24:	0043      	lsls	r3, r0, #1
10001d26:	181b      	adds	r3, r3, r0
10001d28:	3b03      	subs	r3, #3
10001d2a:	d2fd      	bcs.n	10001d28 <set_sys_clock_pll+0x144>
10001d2c:	2340      	movs	r3, #64	@ 0x40
10001d2e:	4916      	ldr	r1, [pc, #88]	@ (10001d88 <set_sys_clock_pll+0x1a4>)
10001d30:	680a      	ldr	r2, [r1, #0]
10001d32:	405a      	eors	r2, r3
10001d34:	33a0      	adds	r3, #160	@ 0xa0
10001d36:	4013      	ands	r3, r2
10001d38:	4a15      	ldr	r2, [pc, #84]	@ (10001d90 <set_sys_clock_pll+0x1ac>)
10001d3a:	6013      	str	r3, [r2, #0]
10001d3c:	2280      	movs	r2, #128	@ 0x80
10001d3e:	4b15      	ldr	r3, [pc, #84]	@ (10001d94 <set_sys_clock_pll+0x1b0>)
10001d40:	0112      	lsls	r2, r2, #4
10001d42:	601a      	str	r2, [r3, #0]
10001d44:	2380      	movs	r3, #128	@ 0x80
10001d46:	005b      	lsls	r3, r3, #1
10001d48:	604b      	str	r3, [r1, #4]
10001d4a:	4b08      	ldr	r3, [pc, #32]	@ (10001d6c <set_sys_clock_pll+0x188>)
10001d4c:	61a3      	str	r3, [r4, #24]
10001d4e:	b002      	add	sp, #8
10001d50:	bc80      	pop	{r7}
10001d52:	46b8      	mov	r8, r7
10001d54:	bdf0      	pop	{r4, r5, r6, r7, pc}
10001d56:	46c0      	nop			@ (mov r8, r8)
10001d58:	4000803c 	.word	0x4000803c
10001d5c:	4000b03c 	.word	0x4000b03c
10001d60:	4000903c 	.word	0x4000903c
10001d64:	4000a03c 	.word	0x4000a03c
10001d68:	20002530 	.word	0x20002530
10001d6c:	02dc6c00 	.word	0x02dc6c00
10001d70:	40028000 	.word	0x40028000
10001d74:	40008030 	.word	0x40008030
10001d78:	4000b030 	.word	0x4000b030
10001d7c:	40009030 	.word	0x40009030
10001d80:	4000a030 	.word	0x4000a030
10001d84:	00b71b00 	.word	0x00b71b00
10001d88:	40008048 	.word	0x40008048
10001d8c:	4000b048 	.word	0x4000b048
10001d90:	40009048 	.word	0x40009048
10001d94:	4000a048 	.word	0x4000a048

10001d98 <check_sys_clock_khz>:
10001d98:	b5f0      	push	{r4, r5, r6, r7, lr}
10001d9a:	4645      	mov	r5, r8
10001d9c:	4680      	mov	r8, r0
10001d9e:	20a0      	movs	r0, #160	@ 0xa0
10001da0:	4657      	mov	r7, sl
10001da2:	464e      	mov	r6, r9
10001da4:	46de      	mov	lr, fp
10001da6:	001c      	movs	r4, r3
10001da8:	4b98      	ldr	r3, [pc, #608]	@ (1000200c <check_sys_clock_khz+0x274>)
10001daa:	0040      	lsls	r0, r0, #1
10001dac:	4681      	mov	r9, r0
10001dae:	469a      	mov	sl, r3
10001db0:	b5e0      	push	{r5, r6, r7, lr}
10001db2:	b085      	sub	sp, #20
10001db4:	9101      	str	r1, [sp, #4]
10001db6:	9202      	str	r2, [sp, #8]
10001db8:	9403      	str	r4, [sp, #12]
10001dba:	4b95      	ldr	r3, [pc, #596]	@ (10002010 <check_sys_clock_khz+0x278>)
10001dbc:	459a      	cmp	sl, r3
10001dbe:	d909      	bls.n	10001dd4 <check_sys_clock_khz+0x3c>
10001dc0:	2301      	movs	r3, #1
10001dc2:	425b      	negs	r3, r3
10001dc4:	4499      	add	r9, r3
10001dc6:	4b93      	ldr	r3, [pc, #588]	@ (10002014 <check_sys_clock_khz+0x27c>)
10001dc8:	449a      	add	sl, r3
10001dca:	464b      	mov	r3, r9
10001dcc:	2b0f      	cmp	r3, #15
10001dce:	d1f4      	bne.n	10001dba <check_sys_clock_khz+0x22>
10001dd0:	2000      	movs	r0, #0
10001dd2:	e08e      	b.n	10001ef2 <check_sys_clock_khz+0x15a>
10001dd4:	2507      	movs	r5, #7
10001dd6:	4c90      	ldr	r4, [pc, #576]	@ (10002018 <check_sys_clock_khz+0x280>)
10001dd8:	4454      	add	r4, sl
10001dda:	002f      	movs	r7, r5
10001ddc:	436f      	muls	r7, r5
10001dde:	0020      	movs	r0, r4
10001de0:	0039      	movs	r1, r7
10001de2:	f000 fb4d 	bl	10002480 <__wrap___aeabi_uidiv>
10001de6:	46ab      	mov	fp, r5
10001de8:	1e6e      	subs	r6, r5, #1
10001dea:	4540      	cmp	r0, r8
10001dec:	d053      	beq.n	10001e96 <check_sys_clock_khz+0xfe>
10001dee:	4375      	muls	r5, r6
10001df0:	0020      	movs	r0, r4
10001df2:	0029      	movs	r1, r5
10001df4:	002f      	movs	r7, r5
10001df6:	f000 fb43 	bl	10002480 <__wrap___aeabi_uidiv>
10001dfa:	4580      	cmp	r8, r0
10001dfc:	d05c      	beq.n	10001eb8 <check_sys_clock_khz+0x120>
10001dfe:	4643      	mov	r3, r8
10001e00:	1e75      	subs	r5, r6, #1
10001e02:	46a8      	mov	r8, r5
10001e04:	001d      	movs	r5, r3
10001e06:	465b      	mov	r3, fp
10001e08:	1aff      	subs	r7, r7, r3
10001e0a:	0039      	movs	r1, r7
10001e0c:	0020      	movs	r0, r4
10001e0e:	f000 fb37 	bl	10002480 <__wrap___aeabi_uidiv>
10001e12:	4285      	cmp	r5, r0
10001e14:	d05d      	beq.n	10001ed2 <check_sys_clock_khz+0x13a>
10001e16:	1eb3      	subs	r3, r6, #2
10001e18:	4698      	mov	r8, r3
10001e1a:	2e02      	cmp	r6, #2
10001e1c:	d100      	bne.n	10001e20 <check_sys_clock_khz+0x88>
10001e1e:	e0ba      	b.n	10001f96 <check_sys_clock_khz+0x1fe>
10001e20:	465b      	mov	r3, fp
10001e22:	1aff      	subs	r7, r7, r3
10001e24:	0039      	movs	r1, r7
10001e26:	0020      	movs	r0, r4
10001e28:	f000 fb2a 	bl	10002480 <__wrap___aeabi_uidiv>
10001e2c:	4285      	cmp	r5, r0
10001e2e:	d067      	beq.n	10001f00 <check_sys_clock_khz+0x168>
10001e30:	1ef3      	subs	r3, r6, #3
10001e32:	4698      	mov	r8, r3
10001e34:	2e03      	cmp	r6, #3
10001e36:	d069      	beq.n	10001f0c <check_sys_clock_khz+0x174>
10001e38:	465b      	mov	r3, fp
10001e3a:	1aff      	subs	r7, r7, r3
10001e3c:	0039      	movs	r1, r7
10001e3e:	0020      	movs	r0, r4
10001e40:	f000 fb1e 	bl	10002480 <__wrap___aeabi_uidiv>
10001e44:	4285      	cmp	r5, r0
10001e46:	d100      	bne.n	10001e4a <check_sys_clock_khz+0xb2>
10001e48:	e076      	b.n	10001f38 <check_sys_clock_khz+0x1a0>
10001e4a:	1f33      	subs	r3, r6, #4
10001e4c:	4698      	mov	r8, r3
10001e4e:	2e04      	cmp	r6, #4
10001e50:	d100      	bne.n	10001e54 <check_sys_clock_khz+0xbc>
10001e52:	e078      	b.n	10001f46 <check_sys_clock_khz+0x1ae>
10001e54:	465b      	mov	r3, fp
10001e56:	1aff      	subs	r7, r7, r3
10001e58:	0039      	movs	r1, r7
10001e5a:	0020      	movs	r0, r4
10001e5c:	f000 fb10 	bl	10002480 <__wrap___aeabi_uidiv>
10001e60:	4285      	cmp	r5, r0
10001e62:	d100      	bne.n	10001e66 <check_sys_clock_khz+0xce>
10001e64:	e07e      	b.n	10001f64 <check_sys_clock_khz+0x1cc>
10001e66:	2e05      	cmp	r6, #5
10001e68:	d100      	bne.n	10001e6c <check_sys_clock_khz+0xd4>
10001e6a:	e080      	b.n	10001f6e <check_sys_clock_khz+0x1d6>
10001e6c:	465b      	mov	r3, fp
10001e6e:	0020      	movs	r0, r4
10001e70:	1af9      	subs	r1, r7, r3
10001e72:	46a8      	mov	r8, r5
10001e74:	f000 fb04 	bl	10002480 <__wrap___aeabi_uidiv>
10001e78:	2506      	movs	r5, #6
10001e7a:	4580      	cmp	r8, r0
10001e7c:	d1ad      	bne.n	10001dda <check_sys_clock_khz+0x42>
10001e7e:	2900      	cmp	r1, #0
10001e80:	d1ab      	bne.n	10001dda <check_sys_clock_khz+0x42>
10001e82:	46ca      	mov	sl, r9
10001e84:	9901      	ldr	r1, [sp, #4]
10001e86:	46d9      	mov	r9, fp
10001e88:	9a02      	ldr	r2, [sp, #8]
10001e8a:	9c03      	ldr	r4, [sp, #12]
10001e8c:	3d05      	subs	r5, #5
10001e8e:	e028      	b.n	10001ee2 <check_sys_clock_khz+0x14a>
10001e90:	002b      	movs	r3, r5
10001e92:	4645      	mov	r5, r8
10001e94:	4698      	mov	r8, r3
10001e96:	0039      	movs	r1, r7
10001e98:	0020      	movs	r0, r4
10001e9a:	f000 faf1 	bl	10002480 <__wrap___aeabi_uidiv>
10001e9e:	2900      	cmp	r1, #0
10001ea0:	d100      	bne.n	10001ea4 <check_sys_clock_khz+0x10c>
10001ea2:	e0a4      	b.n	10001fee <check_sys_clock_khz+0x256>
10001ea4:	1e6e      	subs	r6, r5, #1
10001ea6:	46ab      	mov	fp, r5
10001ea8:	4375      	muls	r5, r6
10001eaa:	0020      	movs	r0, r4
10001eac:	0029      	movs	r1, r5
10001eae:	002f      	movs	r7, r5
10001eb0:	f000 fae6 	bl	10002480 <__wrap___aeabi_uidiv>
10001eb4:	4580      	cmp	r8, r0
10001eb6:	d1a2      	bne.n	10001dfe <check_sys_clock_khz+0x66>
10001eb8:	0039      	movs	r1, r7
10001eba:	0020      	movs	r0, r4
10001ebc:	f000 fae0 	bl	10002480 <__wrap___aeabi_uidiv>
10001ec0:	2900      	cmp	r1, #0
10001ec2:	d19c      	bne.n	10001dfe <check_sys_clock_khz+0x66>
10001ec4:	46ca      	mov	sl, r9
10001ec6:	0035      	movs	r5, r6
10001ec8:	46d9      	mov	r9, fp
10001eca:	9901      	ldr	r1, [sp, #4]
10001ecc:	9a02      	ldr	r2, [sp, #8]
10001ece:	9c03      	ldr	r4, [sp, #12]
10001ed0:	e007      	b.n	10001ee2 <check_sys_clock_khz+0x14a>
10001ed2:	2900      	cmp	r1, #0
10001ed4:	d19f      	bne.n	10001e16 <check_sys_clock_khz+0x7e>
10001ed6:	46ca      	mov	sl, r9
10001ed8:	4645      	mov	r5, r8
10001eda:	46d9      	mov	r9, fp
10001edc:	9901      	ldr	r1, [sp, #4]
10001ede:	9a02      	ldr	r2, [sp, #8]
10001ee0:	9c03      	ldr	r4, [sp, #12]
10001ee2:	4650      	mov	r0, sl
10001ee4:	4b4d      	ldr	r3, [pc, #308]	@ (1000201c <check_sys_clock_khz+0x284>)
10001ee6:	4343      	muls	r3, r0
10001ee8:	600b      	str	r3, [r1, #0]
10001eea:	464b      	mov	r3, r9
10001eec:	2001      	movs	r0, #1
10001eee:	6013      	str	r3, [r2, #0]
10001ef0:	6025      	str	r5, [r4, #0]
10001ef2:	b005      	add	sp, #20
10001ef4:	bcf0      	pop	{r4, r5, r6, r7}
10001ef6:	46bb      	mov	fp, r7
10001ef8:	46b2      	mov	sl, r6
10001efa:	46a9      	mov	r9, r5
10001efc:	46a0      	mov	r8, r4
10001efe:	bdf0      	pop	{r4, r5, r6, r7, pc}
10001f00:	2900      	cmp	r1, #0
10001f02:	d0e8      	beq.n	10001ed6 <check_sys_clock_khz+0x13e>
10001f04:	1ef3      	subs	r3, r6, #3
10001f06:	4698      	mov	r8, r3
10001f08:	2e03      	cmp	r6, #3
10001f0a:	d195      	bne.n	10001e38 <check_sys_clock_khz+0xa0>
10001f0c:	2303      	movs	r3, #3
10001f0e:	2109      	movs	r1, #9
10001f10:	0020      	movs	r0, r4
10001f12:	2709      	movs	r7, #9
10001f14:	4698      	mov	r8, r3
10001f16:	f000 fab3 	bl	10002480 <__wrap___aeabi_uidiv>
10001f1a:	42a8      	cmp	r0, r5
10001f1c:	d0b8      	beq.n	10001e90 <check_sys_clock_khz+0xf8>
10001f1e:	2303      	movs	r3, #3
10001f20:	2106      	movs	r1, #6
10001f22:	0020      	movs	r0, r4
10001f24:	469b      	mov	fp, r3
10001f26:	2602      	movs	r6, #2
10001f28:	3f03      	subs	r7, #3
10001f2a:	f000 faa9 	bl	10002480 <__wrap___aeabi_uidiv>
10001f2e:	4285      	cmp	r5, r0
10001f30:	d048      	beq.n	10001fc4 <check_sys_clock_khz+0x22c>
10001f32:	2301      	movs	r3, #1
10001f34:	4698      	mov	r8, r3
10001f36:	e766      	b.n	10001e06 <check_sys_clock_khz+0x6e>
10001f38:	2900      	cmp	r1, #0
10001f3a:	d0cc      	beq.n	10001ed6 <check_sys_clock_khz+0x13e>
10001f3c:	1f33      	subs	r3, r6, #4
10001f3e:	4698      	mov	r8, r3
10001f40:	2e04      	cmp	r6, #4
10001f42:	d000      	beq.n	10001f46 <check_sys_clock_khz+0x1ae>
10001f44:	e786      	b.n	10001e54 <check_sys_clock_khz+0xbc>
10001f46:	0923      	lsrs	r3, r4, #4
10001f48:	429d      	cmp	r5, r3
10001f4a:	d056      	beq.n	10001ffa <check_sys_clock_khz+0x262>
10001f4c:	270c      	movs	r7, #12
10001f4e:	0020      	movs	r0, r4
10001f50:	0039      	movs	r1, r7
10001f52:	46b3      	mov	fp, r6
10001f54:	3e01      	subs	r6, #1
10001f56:	f000 fa93 	bl	10002480 <__wrap___aeabi_uidiv>
10001f5a:	4285      	cmp	r5, r0
10001f5c:	d032      	beq.n	10001fc4 <check_sys_clock_khz+0x22c>
10001f5e:	2302      	movs	r3, #2
10001f60:	4698      	mov	r8, r3
10001f62:	e750      	b.n	10001e06 <check_sys_clock_khz+0x6e>
10001f64:	2900      	cmp	r1, #0
10001f66:	d0b6      	beq.n	10001ed6 <check_sys_clock_khz+0x13e>
10001f68:	2e05      	cmp	r6, #5
10001f6a:	d000      	beq.n	10001f6e <check_sys_clock_khz+0x1d6>
10001f6c:	e77e      	b.n	10001e6c <check_sys_clock_khz+0xd4>
10001f6e:	2119      	movs	r1, #25
10001f70:	0020      	movs	r0, r4
10001f72:	2719      	movs	r7, #25
10001f74:	f000 fa84 	bl	10002480 <__wrap___aeabi_uidiv>
10001f78:	4285      	cmp	r5, r0
10001f7a:	d02d      	beq.n	10001fd8 <check_sys_clock_khz+0x240>
10001f7c:	2114      	movs	r1, #20
10001f7e:	0020      	movs	r0, r4
10001f80:	3f05      	subs	r7, #5
10001f82:	f000 fa7d 	bl	10002480 <__wrap___aeabi_uidiv>
10001f86:	4285      	cmp	r5, r0
10001f88:	d017      	beq.n	10001fba <check_sys_clock_khz+0x222>
10001f8a:	2305      	movs	r3, #5
10001f8c:	469b      	mov	fp, r3
10001f8e:	3b02      	subs	r3, #2
10001f90:	2604      	movs	r6, #4
10001f92:	4698      	mov	r8, r3
10001f94:	e737      	b.n	10001e06 <check_sys_clock_khz+0x6e>
10001f96:	46a8      	mov	r8, r5
10001f98:	08a1      	lsrs	r1, r4, #2
10001f9a:	428d      	cmp	r5, r1
10001f9c:	d014      	beq.n	10001fc8 <check_sys_clock_khz+0x230>
10001f9e:	0861      	lsrs	r1, r4, #1
10001fa0:	428d      	cmp	r5, r1
10001fa2:	d01c      	beq.n	10001fde <check_sys_clock_khz+0x246>
10001fa4:	4544      	cmp	r4, r8
10001fa6:	d000      	beq.n	10001faa <check_sys_clock_khz+0x212>
10001fa8:	e70a      	b.n	10001dc0 <check_sys_clock_khz+0x28>
10001faa:	2301      	movs	r3, #1
10001fac:	46ca      	mov	sl, r9
10001fae:	2501      	movs	r5, #1
10001fb0:	4699      	mov	r9, r3
10001fb2:	9901      	ldr	r1, [sp, #4]
10001fb4:	9a02      	ldr	r2, [sp, #8]
10001fb6:	9c03      	ldr	r4, [sp, #12]
10001fb8:	e793      	b.n	10001ee2 <check_sys_clock_khz+0x14a>
10001fba:	2305      	movs	r3, #5
10001fbc:	46a8      	mov	r8, r5
10001fbe:	469b      	mov	fp, r3
10001fc0:	2604      	movs	r6, #4
10001fc2:	e779      	b.n	10001eb8 <check_sys_clock_khz+0x120>
10001fc4:	46a8      	mov	r8, r5
10001fc6:	e777      	b.n	10001eb8 <check_sys_clock_khz+0x120>
10001fc8:	2302      	movs	r3, #2
10001fca:	46ca      	mov	sl, r9
10001fcc:	2502      	movs	r5, #2
10001fce:	4699      	mov	r9, r3
10001fd0:	9901      	ldr	r1, [sp, #4]
10001fd2:	9a02      	ldr	r2, [sp, #8]
10001fd4:	9c03      	ldr	r4, [sp, #12]
10001fd6:	e784      	b.n	10001ee2 <check_sys_clock_khz+0x14a>
10001fd8:	46a8      	mov	r8, r5
10001fda:	2505      	movs	r5, #5
10001fdc:	e75b      	b.n	10001e96 <check_sys_clock_khz+0xfe>
10001fde:	2302      	movs	r3, #2
10001fe0:	46ca      	mov	sl, r9
10001fe2:	2501      	movs	r5, #1
10001fe4:	4699      	mov	r9, r3
10001fe6:	9901      	ldr	r1, [sp, #4]
10001fe8:	9a02      	ldr	r2, [sp, #8]
10001fea:	9c03      	ldr	r4, [sp, #12]
10001fec:	e779      	b.n	10001ee2 <check_sys_clock_khz+0x14a>
10001fee:	46ca      	mov	sl, r9
10001ff0:	9901      	ldr	r1, [sp, #4]
10001ff2:	46a9      	mov	r9, r5
10001ff4:	9a02      	ldr	r2, [sp, #8]
10001ff6:	9c03      	ldr	r4, [sp, #12]
10001ff8:	e773      	b.n	10001ee2 <check_sys_clock_khz+0x14a>
10001ffa:	2304      	movs	r3, #4
10001ffc:	46ca      	mov	sl, r9
10001ffe:	001d      	movs	r5, r3
10002000:	4699      	mov	r9, r3
10002002:	9901      	ldr	r1, [sp, #4]
10002004:	9a02      	ldr	r2, [sp, #8]
10002006:	9c03      	ldr	r4, [sp, #12]
10002008:	e76b      	b.n	10001ee2 <check_sys_clock_khz+0x14a>
1000200a:	46c0      	nop			@ (mov r8, r8)
1000200c:	002f2650 	.word	0x002f2650
10002010:	000cf850 	.word	0x000cf850
10002014:	ffffd120 	.word	0xffffd120
10002018:	000b71b0 	.word	0x000b71b0
1000201c:	00b71b00 	.word	0x00b71b00

10002020 <pll_init>:
10002020:	b5f0      	push	{r4, r5, r6, r7, lr}
10002022:	46c6      	mov	lr, r8
10002024:	0004      	movs	r4, r0
10002026:	b500      	push	{lr}
10002028:	4823      	ldr	r0, [pc, #140]	@ (100020b8 <pll_init+0x98>)
1000202a:	0016      	movs	r6, r2
1000202c:	4698      	mov	r8, r3
1000202e:	000d      	movs	r5, r1
10002030:	f000 fa26 	bl	10002480 <__wrap___aeabi_uidiv>
10002034:	0001      	movs	r1, r0
10002036:	0030      	movs	r0, r6
10002038:	f000 fa22 	bl	10002480 <__wrap___aeabi_uidiv>
1000203c:	4643      	mov	r3, r8
1000203e:	9a06      	ldr	r2, [sp, #24]
10002040:	041b      	lsls	r3, r3, #16
10002042:	0312      	lsls	r2, r2, #12
10002044:	4313      	orrs	r3, r2
10002046:	469c      	mov	ip, r3
10002048:	6823      	ldr	r3, [r4, #0]
1000204a:	0006      	movs	r6, r0
1000204c:	2b00      	cmp	r3, #0
1000204e:	db22      	blt.n	10002096 <pll_init+0x76>
10002050:	4b1a      	ldr	r3, [pc, #104]	@ (100020bc <pll_init+0x9c>)
10002052:	481b      	ldr	r0, [pc, #108]	@ (100020c0 <pll_init+0xa0>)
10002054:	18e2      	adds	r2, r4, r3
10002056:	1e53      	subs	r3, r2, #1
10002058:	419a      	sbcs	r2, r3
1000205a:	2380      	movs	r3, #128	@ 0x80
1000205c:	4252      	negs	r2, r2
1000205e:	0b12      	lsrs	r2, r2, #12
10002060:	019b      	lsls	r3, r3, #6
10002062:	0312      	lsls	r2, r2, #12
10002064:	18d2      	adds	r2, r2, r3
10002066:	4b17      	ldr	r3, [pc, #92]	@ (100020c4 <pll_init+0xa4>)
10002068:	601a      	str	r2, [r3, #0]
1000206a:	4b17      	ldr	r3, [pc, #92]	@ (100020c8 <pll_init+0xa8>)
1000206c:	601a      	str	r2, [r3, #0]
1000206e:	0013      	movs	r3, r2
10002070:	6801      	ldr	r1, [r0, #0]
10002072:	438b      	bics	r3, r1
10002074:	d1fb      	bne.n	1000206e <pll_init+0x4e>
10002076:	2221      	movs	r2, #33	@ 0x21
10002078:	4b14      	ldr	r3, [pc, #80]	@ (100020cc <pll_init+0xac>)
1000207a:	6025      	str	r5, [r4, #0]
1000207c:	18e3      	adds	r3, r4, r3
1000207e:	60a6      	str	r6, [r4, #8]
10002080:	601a      	str	r2, [r3, #0]
10002082:	6822      	ldr	r2, [r4, #0]
10002084:	2a00      	cmp	r2, #0
10002086:	dafc      	bge.n	10002082 <pll_init+0x62>
10002088:	4662      	mov	r2, ip
1000208a:	60e2      	str	r2, [r4, #12]
1000208c:	2208      	movs	r2, #8
1000208e:	601a      	str	r2, [r3, #0]
10002090:	bc80      	pop	{r7}
10002092:	46b8      	mov	r8, r7
10002094:	bdf0      	pop	{r4, r5, r6, r7, pc}
10002096:	233f      	movs	r3, #63	@ 0x3f
10002098:	6822      	ldr	r2, [r4, #0]
1000209a:	4013      	ands	r3, r2
1000209c:	42ab      	cmp	r3, r5
1000209e:	d1d7      	bne.n	10002050 <pll_init+0x30>
100020a0:	68a3      	ldr	r3, [r4, #8]
100020a2:	051b      	lsls	r3, r3, #20
100020a4:	0d1b      	lsrs	r3, r3, #20
100020a6:	4283      	cmp	r3, r0
100020a8:	d1d2      	bne.n	10002050 <pll_init+0x30>
100020aa:	22ee      	movs	r2, #238	@ 0xee
100020ac:	68e3      	ldr	r3, [r4, #12]
100020ae:	02d2      	lsls	r2, r2, #11
100020b0:	4013      	ands	r3, r2
100020b2:	4563      	cmp	r3, ip
100020b4:	d1cc      	bne.n	10002050 <pll_init+0x30>
100020b6:	e7eb      	b.n	10002090 <pll_init+0x70>
100020b8:	00b71b00 	.word	0x00b71b00
100020bc:	bffd4000 	.word	0xbffd4000
100020c0:	4000c008 	.word	0x4000c008
100020c4:	4000e000 	.word	0x4000e000
100020c8:	4000f000 	.word	0x4000f000
100020cc:	00003004 	.word	0x00003004

100020d0 <watchdog_reboot>:
100020d0:	b510      	push	{r4, lr}
100020d2:	2480      	movs	r4, #128	@ 0x80
100020d4:	4b1c      	ldr	r3, [pc, #112]	@ (10002148 <watchdog_reboot+0x78>)
100020d6:	05e4      	lsls	r4, r4, #23
100020d8:	601c      	str	r4, [r3, #0]
100020da:	2800      	cmp	r0, #0
100020dc:	d01a      	beq.n	10002114 <watchdog_reboot+0x44>
100020de:	2301      	movs	r3, #1
100020e0:	4c1a      	ldr	r4, [pc, #104]	@ (1000214c <watchdog_reboot+0x7c>)
100020e2:	4318      	orrs	r0, r3
100020e4:	4b1a      	ldr	r3, [pc, #104]	@ (10002150 <watchdog_reboot+0x80>)
100020e6:	61dc      	str	r4, [r3, #28]
100020e8:	4c1a      	ldr	r4, [pc, #104]	@ (10002154 <watchdog_reboot+0x84>)
100020ea:	4044      	eors	r4, r0
100020ec:	621c      	str	r4, [r3, #32]
100020ee:	6259      	str	r1, [r3, #36]	@ 0x24
100020f0:	6298      	str	r0, [r3, #40]	@ 0x28
100020f2:	2180      	movs	r1, #128	@ 0x80
100020f4:	4b14      	ldr	r3, [pc, #80]	@ (10002148 <watchdog_reboot+0x78>)
100020f6:	05c9      	lsls	r1, r1, #23
100020f8:	6019      	str	r1, [r3, #0]
100020fa:	4817      	ldr	r0, [pc, #92]	@ (10002158 <watchdog_reboot+0x88>)
100020fc:	4917      	ldr	r1, [pc, #92]	@ (1000215c <watchdog_reboot+0x8c>)
100020fe:	6008      	str	r0, [r1, #0]
10002100:	21e0      	movs	r1, #224	@ 0xe0
10002102:	04c9      	lsls	r1, r1, #19
10002104:	6019      	str	r1, [r3, #0]
10002106:	2a00      	cmp	r2, #0
10002108:	d107      	bne.n	1000211a <watchdog_reboot+0x4a>
1000210a:	2280      	movs	r2, #128	@ 0x80
1000210c:	4b14      	ldr	r3, [pc, #80]	@ (10002160 <watchdog_reboot+0x90>)
1000210e:	0612      	lsls	r2, r2, #24
10002110:	601a      	str	r2, [r3, #0]
10002112:	bd10      	pop	{r4, pc}
10002114:	4b0e      	ldr	r3, [pc, #56]	@ (10002150 <watchdog_reboot+0x80>)
10002116:	61d8      	str	r0, [r3, #28]
10002118:	e7eb      	b.n	100020f2 <watchdog_reboot+0x22>
1000211a:	0153      	lsls	r3, r2, #5
1000211c:	1a9b      	subs	r3, r3, r2
1000211e:	009b      	lsls	r3, r3, #2
10002120:	189a      	adds	r2, r3, r2
10002122:	2380      	movs	r3, #128	@ 0x80
10002124:	0112      	lsls	r2, r2, #4
10002126:	045b      	lsls	r3, r3, #17
10002128:	429a      	cmp	r2, r3
1000212a:	d209      	bcs.n	10002140 <watchdog_reboot+0x70>
1000212c:	0013      	movs	r3, r2
1000212e:	490d      	ldr	r1, [pc, #52]	@ (10002164 <watchdog_reboot+0x94>)
10002130:	600b      	str	r3, [r1, #0]
10002132:	4b07      	ldr	r3, [pc, #28]	@ (10002150 <watchdog_reboot+0x80>)
10002134:	605a      	str	r2, [r3, #4]
10002136:	2280      	movs	r2, #128	@ 0x80
10002138:	4b09      	ldr	r3, [pc, #36]	@ (10002160 <watchdog_reboot+0x90>)
1000213a:	05d2      	lsls	r2, r2, #23
1000213c:	601a      	str	r2, [r3, #0]
1000213e:	e7e8      	b.n	10002112 <watchdog_reboot+0x42>
10002140:	4b09      	ldr	r3, [pc, #36]	@ (10002168 <watchdog_reboot+0x98>)
10002142:	001a      	movs	r2, r3
10002144:	e7f3      	b.n	1000212e <watchdog_reboot+0x5e>
10002146:	46c0      	nop			@ (mov r8, r8)
10002148:	4005b000 	.word	0x4005b000
1000214c:	b007c0d3 	.word	0xb007c0d3
10002150:	40058000 	.word	0x40058000
10002154:	4ff83f2d 	.word	0x4ff83f2d
10002158:	0001fffc 	.word	0x0001fffc
1000215c:	40012008 	.word	0x40012008
10002160:	4005a000 	.word	0x4005a000
10002164:	20002994 	.word	0x20002994
10002168:	00ffffff 	.word	0x00ffffff

1000216c <tick_start>:
1000216c:	2380      	movs	r3, #128	@ 0x80
1000216e:	4a02      	ldr	r2, [pc, #8]	@ (10002178 <tick_start+0xc>)
10002170:	009b      	lsls	r3, r3, #2
10002172:	430b      	orrs	r3, r1
10002174:	62d3      	str	r3, [r2, #44]	@ 0x2c
10002176:	4770      	bx	lr
10002178:	40058000 	.word	0x40058000

1000217c <rom_func_lookup>:
1000217c:	2300      	movs	r3, #0
1000217e:	b510      	push	{r4, lr}
10002180:	0001      	movs	r1, r0
10002182:	8a98      	ldrh	r0, [r3, #20]
10002184:	8b1b      	ldrh	r3, [r3, #24]
10002186:	4798      	blx	r3
10002188:	bd10      	pop	{r4, pc}
1000218a:	46c0      	nop			@ (mov r8, r8)

1000218c <rom_data_lookup>:
1000218c:	2316      	movs	r3, #22
1000218e:	b510      	push	{r4, lr}
10002190:	0001      	movs	r1, r0
10002192:	8818      	ldrh	r0, [r3, #0]
10002194:	885b      	ldrh	r3, [r3, #2]
10002196:	4798      	blx	r3
10002198:	bd10      	pop	{r4, pc}
1000219a:	46c0      	nop			@ (mov r8, r8)

1000219c <rom_funcs_lookup>:
1000219c:	b5f8      	push	{r3, r4, r5, r6, r7, lr}
1000219e:	4647      	mov	r7, r8
100021a0:	46ce      	mov	lr, r9
100021a2:	b580      	push	{r7, lr}
100021a4:	1e0f      	subs	r7, r1, #0
100021a6:	d018      	beq.n	100021da <rom_funcs_lookup+0x3e>
100021a8:	2314      	movs	r3, #20
100021aa:	4699      	mov	r9, r3
100021ac:	3304      	adds	r3, #4
100021ae:	0004      	movs	r4, r0
100021b0:	2500      	movs	r5, #0
100021b2:	2601      	movs	r6, #1
100021b4:	4698      	mov	r8, r3
100021b6:	464b      	mov	r3, r9
100021b8:	8818      	ldrh	r0, [r3, #0]
100021ba:	4643      	mov	r3, r8
100021bc:	6821      	ldr	r1, [r4, #0]
100021be:	881b      	ldrh	r3, [r3, #0]
100021c0:	4798      	blx	r3
100021c2:	c401      	stmia	r4!, {r0}
100021c4:	1e43      	subs	r3, r0, #1
100021c6:	4198      	sbcs	r0, r3
100021c8:	3501      	adds	r5, #1
100021ca:	4006      	ands	r6, r0
100021cc:	42af      	cmp	r7, r5
100021ce:	d1f2      	bne.n	100021b6 <rom_funcs_lookup+0x1a>
100021d0:	0030      	movs	r0, r6
100021d2:	bcc0      	pop	{r6, r7}
100021d4:	46b9      	mov	r9, r7
100021d6:	46b0      	mov	r8, r6
100021d8:	bdf8      	pop	{r3, r4, r5, r6, r7, pc}
100021da:	2601      	movs	r6, #1
100021dc:	e7f8      	b.n	100021d0 <rom_funcs_lookup+0x34>
100021de:	46c0      	nop			@ (mov r8, r8)

100021e0 <rom_reset_usb_boot>:
100021e0:	2300      	movs	r3, #0
100021e2:	b570      	push	{r4, r5, r6, lr}
100021e4:	0004      	movs	r4, r0
100021e6:	000d      	movs	r5, r1
100021e8:	8a98      	ldrh	r0, [r3, #20]
100021ea:	4903      	ldr	r1, [pc, #12]	@ (100021f8 <rom_reset_usb_boot+0x18>)
100021ec:	8b1b      	ldrh	r3, [r3, #24]
100021ee:	4798      	blx	r3
100021f0:	0029      	movs	r1, r5
100021f2:	0003      	movs	r3, r0
100021f4:	0020      	movs	r0, r4
100021f6:	4798      	blx	r3
100021f8:	00004255 	.word	0x00004255

100021fc <rom_reset_usb_boot_extra>:
100021fc:	2300      	movs	r3, #0
100021fe:	b570      	push	{r4, r5, r6, lr}
10002200:	0004      	movs	r4, r0
10002202:	000d      	movs	r5, r1
10002204:	8a98      	ldrh	r0, [r3, #20]
10002206:	4905      	ldr	r1, [pc, #20]	@ (1000221c <rom_reset_usb_boot_extra+0x20>)
10002208:	8b1b      	ldrh	r3, [r3, #24]
1000220a:	4798      	blx	r3
1000220c:	0003      	movs	r3, r0
1000220e:	2000      	movs	r0, #0
10002210:	2c00      	cmp	r4, #0
10002212:	db01      	blt.n	10002218 <rom_reset_usb_boot_extra+0x1c>
10002214:	3001      	adds	r0, #1
10002216:	40a0      	lsls	r0, r4
10002218:	0029      	movs	r1, r5
1000221a:	4798      	blx	r3
1000221c:	00004255 	.word	0x00004255

10002220 <xosc_init>:
10002220:	23aa      	movs	r3, #170	@ 0xaa
10002222:	4a06      	ldr	r2, [pc, #24]	@ (1000223c <xosc_init+0x1c>)
10002224:	011b      	lsls	r3, r3, #4
10002226:	6013      	str	r3, [r2, #0]
10002228:	238d      	movs	r3, #141	@ 0x8d
1000222a:	005b      	lsls	r3, r3, #1
1000222c:	60d3      	str	r3, [r2, #12]
1000222e:	4904      	ldr	r1, [pc, #16]	@ (10002240 <xosc_init+0x20>)
10002230:	4b04      	ldr	r3, [pc, #16]	@ (10002244 <xosc_init+0x24>)
10002232:	6019      	str	r1, [r3, #0]
10002234:	6853      	ldr	r3, [r2, #4]
10002236:	2b00      	cmp	r3, #0
10002238:	dafc      	bge.n	10002234 <xosc_init+0x14>
1000223a:	4770      	bx	lr
1000223c:	40024000 	.word	0x40024000
10002240:	00fab000 	.word	0x00fab000
10002244:	40026000 	.word	0x40026000

10002248 <first_per_core_initializer>:
10002248:	4770      	bx	lr
1000224a:	46c0      	nop			@ (mov r8, r8)

1000224c <hard_assertion_failure>:
1000224c:	b510      	push	{r4, lr}
1000224e:	4801      	ldr	r0, [pc, #4]	@ (10002254 <hard_assertion_failure+0x8>)
10002250:	f7fe fbac 	bl	100009ac <panic>
10002254:	10007e14 	.word	0x10007e14

10002258 <runtime_run_initializers>:
10002258:	b570      	push	{r4, r5, r6, lr}
1000225a:	4d07      	ldr	r5, [pc, #28]	@ (10002278 <runtime_run_initializers+0x20>)
1000225c:	4e07      	ldr	r6, [pc, #28]	@ (1000227c <runtime_run_initializers+0x24>)
1000225e:	42b5      	cmp	r5, r6
10002260:	d209      	bcs.n	10002276 <runtime_run_initializers+0x1e>
10002262:	2400      	movs	r4, #0
10002264:	3e01      	subs	r6, #1
10002266:	1b76      	subs	r6, r6, r5
10002268:	08b6      	lsrs	r6, r6, #2
1000226a:	3601      	adds	r6, #1
1000226c:	cd08      	ldmia	r5!, {r3}
1000226e:	3401      	adds	r4, #1
10002270:	4798      	blx	r3
10002272:	42b4      	cmp	r4, r6
10002274:	d1fa      	bne.n	1000226c <runtime_run_initializers+0x14>
10002276:	bd70      	pop	{r4, r5, r6, pc}
10002278:	10007ae8 	.word	0x10007ae8
1000227c:	10007b24 	.word	0x10007b24

10002280 <runtime_run_per_core_initializers>:
10002280:	b570      	push	{r4, r5, r6, lr}
10002282:	4d07      	ldr	r5, [pc, #28]	@ (100022a0 <runtime_run_per_core_initializers+0x20>)
10002284:	4e07      	ldr	r6, [pc, #28]	@ (100022a4 <runtime_run_per_core_initializers+0x24>)
10002286:	42b5      	cmp	r5, r6
10002288:	d209      	bcs.n	1000229e <runtime_run_per_core_initializers+0x1e>
1000228a:	2400      	movs	r4, #0
1000228c:	3e01      	subs	r6, #1
1000228e:	1b76      	subs	r6, r6, r5
10002290:	08b6      	lsrs	r6, r6, #2
10002292:	3601      	adds	r6, #1
10002294:	cd08      	ldmia	r5!, {r3}
10002296:	3401      	adds	r4, #1
10002298:	4798      	blx	r3
1000229a:	42b4      	cmp	r4, r6
1000229c:	d1fa      	bne.n	10002294 <runtime_run_per_core_initializers+0x14>
1000229e:	bd70      	pop	{r4, r5, r6, pc}
100022a0:	10007b1c 	.word	0x10007b1c
100022a4:	10007b24 	.word	0x10007b24

100022a8 <runtime_init_early_resets>:
100022a8:	4b05      	ldr	r3, [pc, #20]	@ (100022c0 <runtime_init_early_resets+0x18>)
100022aa:	4a06      	ldr	r2, [pc, #24]	@ (100022c4 <runtime_init_early_resets+0x1c>)
100022ac:	4906      	ldr	r1, [pc, #24]	@ (100022c8 <runtime_init_early_resets+0x20>)
100022ae:	601a      	str	r2, [r3, #0]
100022b0:	4a06      	ldr	r2, [pc, #24]	@ (100022cc <runtime_init_early_resets+0x24>)
100022b2:	4b07      	ldr	r3, [pc, #28]	@ (100022d0 <runtime_init_early_resets+0x28>)
100022b4:	601a      	str	r2, [r3, #0]
100022b6:	0010      	movs	r0, r2
100022b8:	680b      	ldr	r3, [r1, #0]
100022ba:	4398      	bics	r0, r3
100022bc:	d1fb      	bne.n	100022b6 <runtime_init_early_resets+0xe>
100022be:	4770      	bx	lr
100022c0:	4000e000 	.word	0x4000e000
100022c4:	fefbcdbf 	.word	0xfefbcdbf
100022c8:	4000c008 	.word	0x4000c008
100022cc:	003c7ffe 	.word	0x003c7ffe
100022d0:	4000f000 	.word	0x4000f000

100022d4 <runtime_init_usb_power_down>:
100022d4:	4b04      	ldr	r3, [pc, #16]	@ (100022e8 <runtime_init_usb_power_down+0x14>)
100022d6:	6cdb      	ldr	r3, [r3, #76]	@ 0x4c
100022d8:	2b00      	cmp	r3, #0
100022da:	d103      	bne.n	100022e4 <runtime_init_usb_power_down+0x10>
100022dc:	2280      	movs	r2, #128	@ 0x80
100022de:	4b03      	ldr	r3, [pc, #12]	@ (100022ec <runtime_init_usb_power_down+0x18>)
100022e0:	02d2      	lsls	r2, r2, #11
100022e2:	601a      	str	r2, [r3, #0]
100022e4:	4770      	bx	lr
100022e6:	46c0      	nop			@ (mov r8, r8)
100022e8:	50110000 	.word	0x50110000
100022ec:	5011204c 	.word	0x5011204c

100022f0 <runtime_init_post_clock_resets>:
100022f0:	4a04      	ldr	r2, [pc, #16]	@ (10002304 <runtime_init_post_clock_resets+0x14>)
100022f2:	4b05      	ldr	r3, [pc, #20]	@ (10002308 <runtime_init_post_clock_resets+0x18>)
100022f4:	601a      	str	r2, [r3, #0]
100022f6:	4a05      	ldr	r2, [pc, #20]	@ (1000230c <runtime_init_post_clock_resets+0x1c>)
100022f8:	6813      	ldr	r3, [r2, #0]
100022fa:	01db      	lsls	r3, r3, #7
100022fc:	3380      	adds	r3, #128	@ 0x80
100022fe:	d1fb      	bne.n	100022f8 <runtime_init_post_clock_resets+0x8>
10002300:	4770      	bx	lr
10002302:	46c0      	nop			@ (mov r8, r8)
10002304:	01ffffff 	.word	0x01ffffff
10002308:	4000f000 	.word	0x4000f000
1000230c:	4000c008 	.word	0x4000c008

10002310 <runtime_init_rp2040_gpio_ie_disable>:
10002310:	2240      	movs	r2, #64	@ 0x40
10002312:	4b03      	ldr	r3, [pc, #12]	@ (10002320 <runtime_init_rp2040_gpio_ie_disable+0x10>)
10002314:	679a      	str	r2, [r3, #120]	@ 0x78
10002316:	675a      	str	r2, [r3, #116]	@ 0x74
10002318:	671a      	str	r2, [r3, #112]	@ 0x70
1000231a:	66da      	str	r2, [r3, #108]	@ 0x6c
1000231c:	4770      	bx	lr
1000231e:	46c0      	nop			@ (mov r8, r8)
10002320:	4001f000 	.word	0x4001f000

10002324 <runtime_init_spin_locks_reset>:
10002324:	b510      	push	{r4, lr}
10002326:	f7fe fbe1 	bl	10000aec <spin_locks_reset>
1000232a:	bd10      	pop	{r4, pc}

1000232c <runtime_init_install_ram_vector_table>:
1000232c:	b570      	push	{r4, r5, r6, lr}
1000232e:	4d04      	ldr	r5, [pc, #16]	@ (10002340 <runtime_init_install_ram_vector_table+0x14>)
10002330:	4c04      	ldr	r4, [pc, #16]	@ (10002344 <runtime_init_install_ram_vector_table+0x18>)
10002332:	68a9      	ldr	r1, [r5, #8]
10002334:	22c0      	movs	r2, #192	@ 0xc0
10002336:	0020      	movs	r0, r4
10002338:	f000 ff38 	bl	100031ac <__wrap___aeabi_memcpy>
1000233c:	60ac      	str	r4, [r5, #8]
1000233e:	bd70      	pop	{r4, r5, r6, pc}
10002340:	e000ed00 	.word	0xe000ed00
10002344:	20000000 	.word	0x20000000

10002348 <runtime_init_clocks>:
10002348:	2300      	movs	r3, #0
1000234a:	b510      	push	{r4, lr}
1000234c:	4c29      	ldr	r4, [pc, #164]	@ (100023f4 <runtime_init_clocks+0xac>)
1000234e:	b082      	sub	sp, #8
10002350:	67a3      	str	r3, [r4, #120]	@ 0x78
10002352:	f7ff ff65 	bl	10002220 <xosc_init>
10002356:	2201      	movs	r2, #1
10002358:	4b27      	ldr	r3, [pc, #156]	@ (100023f8 <runtime_init_clocks+0xb0>)
1000235a:	601a      	str	r2, [r3, #0]
1000235c:	6c63      	ldr	r3, [r4, #68]	@ 0x44
1000235e:	2b01      	cmp	r3, #1
10002360:	d1fc      	bne.n	1000235c <runtime_init_clocks+0x14>
10002362:	2203      	movs	r2, #3
10002364:	4b25      	ldr	r3, [pc, #148]	@ (100023fc <runtime_init_clocks+0xb4>)
10002366:	601a      	str	r2, [r3, #0]
10002368:	4a22      	ldr	r2, [pc, #136]	@ (100023f4 <runtime_init_clocks+0xac>)
1000236a:	6b93      	ldr	r3, [r2, #56]	@ 0x38
1000236c:	2b01      	cmp	r3, #1
1000236e:	d1fc      	bne.n	1000236a <runtime_init_clocks+0x22>
10002370:	3301      	adds	r3, #1
10002372:	9300      	str	r3, [sp, #0]
10002374:	2101      	movs	r1, #1
10002376:	4a22      	ldr	r2, [pc, #136]	@ (10002400 <runtime_init_clocks+0xb8>)
10002378:	4822      	ldr	r0, [pc, #136]	@ (10002404 <runtime_init_clocks+0xbc>)
1000237a:	3304      	adds	r3, #4
1000237c:	f7ff fe50 	bl	10002020 <pll_init>
10002380:	2305      	movs	r3, #5
10002382:	2101      	movs	r1, #1
10002384:	9300      	str	r3, [sp, #0]
10002386:	4a20      	ldr	r2, [pc, #128]	@ (10002408 <runtime_init_clocks+0xc0>)
10002388:	4820      	ldr	r0, [pc, #128]	@ (1000240c <runtime_init_clocks+0xc4>)
1000238a:	f7ff fe49 	bl	10002020 <pll_init>
1000238e:	2200      	movs	r2, #0
10002390:	2102      	movs	r1, #2
10002392:	2004      	movs	r0, #4
10002394:	4b1e      	ldr	r3, [pc, #120]	@ (10002410 <runtime_init_clocks+0xc8>)
10002396:	f7ff fbaf 	bl	10001af8 <clock_configure_undivided>
1000239a:	2200      	movs	r2, #0
1000239c:	2101      	movs	r1, #1
1000239e:	2005      	movs	r0, #5
100023a0:	4b1c      	ldr	r3, [pc, #112]	@ (10002414 <runtime_init_clocks+0xcc>)
100023a2:	f7ff fba9 	bl	10001af8 <clock_configure_undivided>
100023a6:	2200      	movs	r2, #0
100023a8:	2100      	movs	r1, #0
100023aa:	2007      	movs	r0, #7
100023ac:	4b1a      	ldr	r3, [pc, #104]	@ (10002418 <runtime_init_clocks+0xd0>)
100023ae:	f7ff fba3 	bl	10001af8 <clock_configure_undivided>
100023b2:	2200      	movs	r2, #0
100023b4:	2100      	movs	r1, #0
100023b6:	2008      	movs	r0, #8
100023b8:	4b17      	ldr	r3, [pc, #92]	@ (10002418 <runtime_init_clocks+0xd0>)
100023ba:	f7ff fb9d 	bl	10001af8 <clock_configure_undivided>
100023be:	2380      	movs	r3, #128	@ 0x80
100023c0:	00db      	lsls	r3, r3, #3
100023c2:	9300      	str	r3, [sp, #0]
100023c4:	2200      	movs	r2, #0
100023c6:	2100      	movs	r1, #0
100023c8:	2009      	movs	r0, #9
100023ca:	4b13      	ldr	r3, [pc, #76]	@ (10002418 <runtime_init_clocks+0xd0>)
100023cc:	f7ff fb1e 	bl	10001a0c <clock_configure_int_divider>
100023d0:	2200      	movs	r2, #0
100023d2:	4b10      	ldr	r3, [pc, #64]	@ (10002414 <runtime_init_clocks+0xcc>)
100023d4:	2100      	movs	r1, #0
100023d6:	2006      	movs	r0, #6
100023d8:	f7ff fb8e 	bl	10001af8 <clock_configure_undivided>
100023dc:	2004      	movs	r0, #4
100023de:	f7ff fbfb 	bl	10001bd8 <clock_get_hz>
100023e2:	490e      	ldr	r1, [pc, #56]	@ (1000241c <runtime_init_clocks+0xd4>)
100023e4:	f000 f84c 	bl	10002480 <__wrap___aeabi_uidiv>
100023e8:	0001      	movs	r1, r0
100023ea:	2000      	movs	r0, #0
100023ec:	f7ff febe 	bl	1000216c <tick_start>
100023f0:	b002      	add	sp, #8
100023f2:	bd10      	pop	{r4, pc}
100023f4:	40008000 	.word	0x40008000
100023f8:	4000b03c 	.word	0x4000b03c
100023fc:	4000b030 	.word	0x4000b030
10002400:	59682f00 	.word	0x59682f00
10002404:	40028000 	.word	0x40028000
10002408:	47868c00 	.word	0x47868c00
1000240c:	4002c000 	.word	0x4002c000
10002410:	00b71b00 	.word	0x00b71b00
10002414:	07735940 	.word	0x07735940
10002418:	02dc6c00 	.word	0x02dc6c00
1000241c:	000f4240 	.word	0x000f4240

10002420 <__aeabi_bits_init>:
10002420:	4801      	ldr	r0, [pc, #4]	@ (10002428 <__aeabi_bits_init+0x8>)
10002422:	2104      	movs	r1, #4
10002424:	4b01      	ldr	r3, [pc, #4]	@ (1000242c <__aeabi_bits_init+0xc>)
10002426:	4718      	bx	r3
10002428:	200018c0 	.word	0x200018c0
1000242c:	1000219d 	.word	0x1000219d

10002430 <__wrap___aeabi_idiv>:
10002430:	4a12      	ldr	r2, [pc, #72]	@ (1000247c <divmod_s32s32_savestate+0x18>)
10002432:	6f93      	ldr	r3, [r2, #120]	@ 0x78
10002434:	089b      	lsrs	r3, r3, #2
10002436:	d215      	bcs.n	10002464 <divmod_s32s32_savestate>

10002438 <divmod_s32s32_unsafe>:
10002438:	6690      	str	r0, [r2, #104]	@ 0x68
1000243a:	66d1      	str	r1, [r2, #108]	@ 0x6c
1000243c:	2900      	cmp	r1, #0
1000243e:	d005      	beq.n	1000244c <divmod_s32s32_unsafe+0x14>
10002440:	e7ff      	b.n	10002442 <divmod_s32s32_unsafe+0xa>
10002442:	e7ff      	b.n	10002444 <divmod_s32s32_unsafe+0xc>
10002444:	e7ff      	b.n	10002446 <divmod_s32s32_unsafe+0xe>
10002446:	6f51      	ldr	r1, [r2, #116]	@ 0x74
10002448:	6f10      	ldr	r0, [r2, #112]	@ 0x70
1000244a:	4770      	bx	lr
1000244c:	b504      	push	{r2, lr}
1000244e:	2180      	movs	r1, #128	@ 0x80
10002450:	0609      	lsls	r1, r1, #24
10002452:	17c2      	asrs	r2, r0, #31
10002454:	4051      	eors	r1, r2
10002456:	2800      	cmp	r0, #0
10002458:	d000      	beq.n	1000245c <divmod_s32s32_unsafe+0x24>
1000245a:	43c8      	mvns	r0, r1
1000245c:	f005 fb0c 	bl	10007a78 <____aeabi_idiv0_veneer>
10002460:	2100      	movs	r1, #0
10002462:	bd04      	pop	{r2, pc}

10002464 <divmod_s32s32_savestate>:
10002464:	b5f0      	push	{r4, r5, r6, r7, lr}
10002466:	6e14      	ldr	r4, [r2, #96]	@ 0x60
10002468:	6e55      	ldr	r5, [r2, #100]	@ 0x64
1000246a:	6f57      	ldr	r7, [r2, #116]	@ 0x74
1000246c:	6f16      	ldr	r6, [r2, #112]	@ 0x70
1000246e:	f7ff ffe3 	bl	10002438 <divmod_s32s32_unsafe>
10002472:	6614      	str	r4, [r2, #96]	@ 0x60
10002474:	6655      	str	r5, [r2, #100]	@ 0x64
10002476:	6757      	str	r7, [r2, #116]	@ 0x74
10002478:	6716      	str	r6, [r2, #112]	@ 0x70
1000247a:	bdf0      	pop	{r4, r5, r6, r7, pc}
1000247c:	d0000000 	.word	0xd0000000

10002480 <__wrap___aeabi_uidiv>:
10002480:	4a11      	ldr	r2, [pc, #68]	@ (100024c8 <divmod_u32u32_savestate+0x18>)
10002482:	6f93      	ldr	r3, [r2, #120]	@ 0x78
10002484:	089b      	lsrs	r3, r3, #2
10002486:	d213      	bcs.n	100024b0 <divmod_u32u32_savestate>

10002488 <divmod_u32u32_unsafe>:
10002488:	6610      	str	r0, [r2, #96]	@ 0x60
1000248a:	6651      	str	r1, [r2, #100]	@ 0x64
1000248c:	2900      	cmp	r1, #0
1000248e:	d005      	beq.n	1000249c <divmod_u32u32_unsafe+0x14>
10002490:	e7ff      	b.n	10002492 <divmod_u32u32_unsafe+0xa>
10002492:	e7ff      	b.n	10002494 <divmod_u32u32_unsafe+0xc>
10002494:	e7ff      	b.n	10002496 <divmod_u32u32_unsafe+0xe>
10002496:	6f51      	ldr	r1, [r2, #116]	@ 0x74
10002498:	6f10      	ldr	r0, [r2, #112]	@ 0x70
1000249a:	4770      	bx	lr
1000249c:	b504      	push	{r2, lr}
1000249e:	2800      	cmp	r0, #0
100024a0:	d001      	beq.n	100024a6 <divmod_u32u32_unsafe+0x1e>
100024a2:	2000      	movs	r0, #0
100024a4:	43c0      	mvns	r0, r0
100024a6:	f005 fae7 	bl	10007a78 <____aeabi_idiv0_veneer>
100024aa:	2100      	movs	r1, #0
100024ac:	bd04      	pop	{r2, pc}
100024ae:	46c0      	nop			@ (mov r8, r8)

100024b0 <divmod_u32u32_savestate>:
100024b0:	b5f0      	push	{r4, r5, r6, r7, lr}
100024b2:	6e14      	ldr	r4, [r2, #96]	@ 0x60
100024b4:	6e55      	ldr	r5, [r2, #100]	@ 0x64
100024b6:	6f57      	ldr	r7, [r2, #116]	@ 0x74
100024b8:	6f16      	ldr	r6, [r2, #112]	@ 0x70
100024ba:	f7ff ffe5 	bl	10002488 <divmod_u32u32_unsafe>
100024be:	6614      	str	r4, [r2, #96]	@ 0x60
100024c0:	6655      	str	r5, [r2, #100]	@ 0x64
100024c2:	6757      	str	r7, [r2, #116]	@ 0x74
100024c4:	6716      	str	r6, [r2, #112]	@ 0x70
100024c6:	bdf0      	pop	{r4, r5, r6, r7, pc}
100024c8:	d0000000 	.word	0xd0000000

100024cc <__wrap___aeabi_ldivmod>:
100024cc:	4694      	mov	ip, r2
100024ce:	4a4a      	ldr	r2, [pc, #296]	@ (100025f8 <udiv0+0x1a>)
100024d0:	6f92      	ldr	r2, [r2, #120]	@ 0x78
100024d2:	0892      	lsrs	r2, r2, #2
100024d4:	4662      	mov	r2, ip
100024d6:	d201      	bcs.n	100024dc <divmod_s64s64_savestate>
100024d8:	e028      	b.n	1000252c <divmod_s64s64_unsafe>
100024da:	46c0      	nop			@ (mov r8, r8)

100024dc <divmod_s64s64_savestate>:
100024dc:	b5f0      	push	{r4, r5, r6, r7, lr}
100024de:	4e46      	ldr	r6, [pc, #280]	@ (100025f8 <udiv0+0x1a>)
100024e0:	6e34      	ldr	r4, [r6, #96]	@ 0x60
100024e2:	6e75      	ldr	r5, [r6, #100]	@ 0x64
100024e4:	6f77      	ldr	r7, [r6, #116]	@ 0x74
100024e6:	6f36      	ldr	r6, [r6, #112]	@ 0x70
100024e8:	f000 f820 	bl	1000252c <divmod_s64s64_unsafe>
100024ec:	4694      	mov	ip, r2
100024ee:	4a42      	ldr	r2, [pc, #264]	@ (100025f8 <udiv0+0x1a>)
100024f0:	6614      	str	r4, [r2, #96]	@ 0x60
100024f2:	6655      	str	r5, [r2, #100]	@ 0x64
100024f4:	6757      	str	r7, [r2, #116]	@ 0x74
100024f6:	6716      	str	r6, [r2, #112]	@ 0x70
100024f8:	4662      	mov	r2, ip
100024fa:	bdf0      	pop	{r4, r5, r6, r7, pc}

100024fc <__wrap___aeabi_uldivmod>:
100024fc:	4694      	mov	ip, r2
100024fe:	4a3e      	ldr	r2, [pc, #248]	@ (100025f8 <udiv0+0x1a>)
10002500:	6f92      	ldr	r2, [r2, #120]	@ 0x78
10002502:	0892      	lsrs	r2, r2, #2
10002504:	4662      	mov	r2, ip
10002506:	d201      	bcs.n	1000250c <divmod_u64u64_savestate>
10002508:	e054      	b.n	100025b4 <divmod_u64u64_unsafe>
1000250a:	46c0      	nop			@ (mov r8, r8)

1000250c <divmod_u64u64_savestate>:
1000250c:	b5f0      	push	{r4, r5, r6, r7, lr}
1000250e:	4e3a      	ldr	r6, [pc, #232]	@ (100025f8 <udiv0+0x1a>)
10002510:	6e34      	ldr	r4, [r6, #96]	@ 0x60
10002512:	6e75      	ldr	r5, [r6, #100]	@ 0x64
10002514:	6f77      	ldr	r7, [r6, #116]	@ 0x74
10002516:	6f36      	ldr	r6, [r6, #112]	@ 0x70
10002518:	f000 f84c 	bl	100025b4 <divmod_u64u64_unsafe>
1000251c:	4694      	mov	ip, r2
1000251e:	4a36      	ldr	r2, [pc, #216]	@ (100025f8 <udiv0+0x1a>)
10002520:	6614      	str	r4, [r2, #96]	@ 0x60
10002522:	6655      	str	r5, [r2, #100]	@ 0x64
10002524:	6757      	str	r7, [r2, #116]	@ 0x74
10002526:	6716      	str	r6, [r2, #112]	@ 0x70
10002528:	4662      	mov	r2, ip
1000252a:	bdf0      	pop	{r4, r5, r6, r7, pc}

1000252c <divmod_s64s64_unsafe>:
1000252c:	2b00      	cmp	r3, #0
1000252e:	db24      	blt.n	1000257a <l42_1+0x26>
10002530:	d011      	beq.n	10002556 <l42_1+0x2>
10002532:	2900      	cmp	r1, #0
10002534:	da3e      	bge.n	100025b4 <divmod_u64u64_unsafe>
10002536:	b500      	push	{lr}
10002538:	43c9      	mvns	r1, r1
1000253a:	4240      	negs	r0, r0
1000253c:	d100      	bne.n	10002540 <l40_1>
1000253e:	3101      	adds	r1, #1

10002540 <l40_1>:
10002540:	f000 f838 	bl	100025b4 <divmod_u64u64_unsafe>
10002544:	43c9      	mvns	r1, r1
10002546:	4240      	negs	r0, r0
10002548:	d100      	bne.n	1000254c <l41_1>
1000254a:	3101      	adds	r1, #1

1000254c <l41_1>:
1000254c:	43db      	mvns	r3, r3
1000254e:	4252      	negs	r2, r2
10002550:	d100      	bne.n	10002554 <l42_1>
10002552:	3301      	adds	r3, #1

10002554 <l42_1>:
10002554:	bd00      	pop	{pc}
10002556:	2a00      	cmp	r2, #0
10002558:	d1eb      	bne.n	10002532 <divmod_s64s64_unsafe+0x6>
1000255a:	2800      	cmp	r0, #0
1000255c:	d101      	bne.n	10002562 <l42_1+0xe>
1000255e:	2900      	cmp	r1, #0
10002560:	d005      	beq.n	1000256e <l42_1+0x1a>
10002562:	2000      	movs	r0, #0
10002564:	0fc9      	lsrs	r1, r1, #31
10002566:	07c9      	lsls	r1, r1, #31
10002568:	d101      	bne.n	1000256e <l42_1+0x1a>
1000256a:	43c0      	mvns	r0, r0
1000256c:	0841      	lsrs	r1, r0, #1
1000256e:	b500      	push	{lr}
10002570:	f005 fa6a 	bl	10007a48 <____aeabi_ldiv0_veneer>
10002574:	2200      	movs	r2, #0
10002576:	2300      	movs	r3, #0
10002578:	bd00      	pop	{pc}
1000257a:	b500      	push	{lr}
1000257c:	2900      	cmp	r1, #0
1000257e:	db0a      	blt.n	10002596 <l44_1+0x2>
10002580:	43db      	mvns	r3, r3
10002582:	4252      	negs	r2, r2
10002584:	d100      	bne.n	10002588 <l43_1>
10002586:	3301      	adds	r3, #1

10002588 <l43_1>:
10002588:	f000 f814 	bl	100025b4 <divmod_u64u64_unsafe>
1000258c:	43c9      	mvns	r1, r1
1000258e:	4240      	negs	r0, r0
10002590:	d100      	bne.n	10002594 <l44_1>
10002592:	3101      	adds	r1, #1

10002594 <l44_1>:
10002594:	bd00      	pop	{pc}
10002596:	43c9      	mvns	r1, r1
10002598:	4240      	negs	r0, r0
1000259a:	d100      	bne.n	1000259e <l45_1>
1000259c:	3101      	adds	r1, #1

1000259e <l45_1>:
1000259e:	43db      	mvns	r3, r3
100025a0:	4252      	negs	r2, r2
100025a2:	d100      	bne.n	100025a6 <l46_1>
100025a4:	3301      	adds	r3, #1

100025a6 <l46_1>:
100025a6:	f000 f805 	bl	100025b4 <divmod_u64u64_unsafe>
100025aa:	43db      	mvns	r3, r3
100025ac:	4252      	negs	r2, r2
100025ae:	d100      	bne.n	100025b2 <l47_1>
100025b0:	3301      	adds	r3, #1

100025b2 <l47_1>:
100025b2:	bd00      	pop	{pc}

100025b4 <divmod_u64u64_unsafe>:
100025b4:	2900      	cmp	r1, #0
100025b6:	d123      	bne.n	10002600 <y64>
100025b8:	2b00      	cmp	r3, #0
100025ba:	d118      	bne.n	100025ee <udiv0+0x10>
100025bc:	2a00      	cmp	r2, #0
100025be:	d00c      	beq.n	100025da <divmod_u64u64_unsafe+0x26>
100025c0:	46bc      	mov	ip, r7
100025c2:	4f0d      	ldr	r7, [pc, #52]	@ (100025f8 <udiv0+0x1a>)
100025c4:	6638      	str	r0, [r7, #96]	@ 0x60
100025c6:	667a      	str	r2, [r7, #100]	@ 0x64
100025c8:	2100      	movs	r1, #0
100025ca:	2300      	movs	r3, #0
100025cc:	e7ff      	b.n	100025ce <divmod_u64u64_unsafe+0x1a>
100025ce:	e7ff      	b.n	100025d0 <divmod_u64u64_unsafe+0x1c>
100025d0:	e7ff      	b.n	100025d2 <divmod_u64u64_unsafe+0x1e>
100025d2:	6f7a      	ldr	r2, [r7, #116]	@ 0x74
100025d4:	6f38      	ldr	r0, [r7, #112]	@ 0x70
100025d6:	4667      	mov	r7, ip
100025d8:	4770      	bx	lr
100025da:	2800      	cmp	r0, #0
100025dc:	d001      	beq.n	100025e2 <udiv0+0x4>

100025de <udiv0>:
100025de:	4807      	ldr	r0, [pc, #28]	@ (100025fc <udiv0+0x1e>)
100025e0:	0001      	movs	r1, r0
100025e2:	b500      	push	{lr}
100025e4:	f005 fa30 	bl	10007a48 <____aeabi_ldiv0_veneer>
100025e8:	2200      	movs	r2, #0
100025ea:	2300      	movs	r3, #0
100025ec:	bd00      	pop	{pc}
100025ee:	0002      	movs	r2, r0
100025f0:	000b      	movs	r3, r1
100025f2:	2000      	movs	r0, #0
100025f4:	2100      	movs	r1, #0
100025f6:	4770      	bx	lr
100025f8:	d0000000 	.word	0xd0000000
100025fc:	ffffffff 	.word	0xffffffff

10002600 <y64>:
10002600:	2b00      	cmp	r3, #0
10002602:	d000      	beq.n	10002606 <y64+0x6>
10002604:	e0bf      	b.n	10002786 <y64_x48>
10002606:	0c13      	lsrs	r3, r2, #16
10002608:	d128      	bne.n	1000265c <y64_x32>
1000260a:	2a00      	cmp	r2, #0
1000260c:	d0e7      	beq.n	100025de <udiv0>
1000260e:	b480      	push	{r7}
10002610:	4f11      	ldr	r7, [pc, #68]	@ (10002658 <y64+0x58>)
10002612:	6639      	str	r1, [r7, #96]	@ 0x60
10002614:	667a      	str	r2, [r7, #100]	@ 0x64
10002616:	e7ff      	b.n	10002618 <y64+0x18>
10002618:	e7ff      	b.n	1000261a <y64+0x1a>
1000261a:	b430      	push	{r4, r5}
1000261c:	0c04      	lsrs	r4, r0, #16
1000261e:	6f7b      	ldr	r3, [r7, #116]	@ 0x74
10002620:	6f39      	ldr	r1, [r7, #112]	@ 0x70
10002622:	041b      	lsls	r3, r3, #16
10002624:	4323      	orrs	r3, r4
10002626:	663b      	str	r3, [r7, #96]	@ 0x60
10002628:	667a      	str	r2, [r7, #100]	@ 0x64
1000262a:	e7ff      	b.n	1000262c <y64+0x2c>
1000262c:	e7ff      	b.n	1000262e <y64+0x2e>
1000262e:	e7ff      	b.n	10002630 <y64+0x30>
10002630:	46c0      	nop			@ (mov r8, r8)
10002632:	b284      	uxth	r4, r0
10002634:	6f7b      	ldr	r3, [r7, #116]	@ 0x74
10002636:	6f3d      	ldr	r5, [r7, #112]	@ 0x70
10002638:	041b      	lsls	r3, r3, #16
1000263a:	4323      	orrs	r3, r4
1000263c:	663b      	str	r3, [r7, #96]	@ 0x60
1000263e:	667a      	str	r2, [r7, #100]	@ 0x64
10002640:	e7ff      	b.n	10002642 <y64+0x42>
10002642:	e7ff      	b.n	10002644 <y64+0x44>
10002644:	46c0      	nop			@ (mov r8, r8)
10002646:	2300      	movs	r3, #0
10002648:	042c      	lsls	r4, r5, #16
1000264a:	0c2d      	lsrs	r5, r5, #16
1000264c:	6f7a      	ldr	r2, [r7, #116]	@ 0x74
1000264e:	6f38      	ldr	r0, [r7, #112]	@ 0x70
10002650:	1900      	adds	r0, r0, r4
10002652:	4169      	adcs	r1, r5
10002654:	bcb0      	pop	{r4, r5, r7}
10002656:	4770      	bx	lr
10002658:	d0000000 	.word	0xd0000000

1000265c <y64_x32>:
1000265c:	b5f0      	push	{r4, r5, r6, r7, lr}
1000265e:	4694      	mov	ip, r2
10002660:	2500      	movs	r5, #0
10002662:	0e14      	lsrs	r4, r2, #24
10002664:	d101      	bne.n	1000266a <y64_x32+0xe>
10002666:	0212      	lsls	r2, r2, #8
10002668:	3508      	adds	r5, #8
1000266a:	0f14      	lsrs	r4, r2, #28
1000266c:	d101      	bne.n	10002672 <y64_x32+0x16>
1000266e:	0112      	lsls	r2, r2, #4
10002670:	3504      	adds	r5, #4
10002672:	0f94      	lsrs	r4, r2, #30
10002674:	d101      	bne.n	1000267a <y64_x32+0x1e>
10002676:	0092      	lsls	r2, r2, #2
10002678:	3502      	adds	r5, #2
1000267a:	0fd4      	lsrs	r4, r2, #31
1000267c:	d101      	bne.n	10002682 <y64_x32+0x26>
1000267e:	0052      	lsls	r2, r2, #1
10002680:	3501      	adds	r5, #1
10002682:	0bd4      	lsrs	r4, r2, #15
10002684:	3401      	adds	r4, #1
10002686:	4f25      	ldr	r7, [pc, #148]	@ (1000271c <y64_x32+0xc0>)
10002688:	667c      	str	r4, [r7, #100]	@ 0x64
1000268a:	4c25      	ldr	r4, [pc, #148]	@ (10002720 <y64_x32+0xc4>)
1000268c:	663c      	str	r4, [r7, #96]	@ 0x60
1000268e:	0c0e      	lsrs	r6, r1, #16
10002690:	b293      	uxth	r3, r2
10002692:	e7ff      	b.n	10002694 <y64_x32+0x38>
10002694:	e7ff      	b.n	10002696 <y64_x32+0x3a>
10002696:	e7ff      	b.n	10002698 <y64_x32+0x3c>
10002698:	6f3c      	ldr	r4, [r7, #112]	@ 0x70
1000269a:	4366      	muls	r6, r4
1000269c:	0c36      	lsrs	r6, r6, #16
1000269e:	0377      	lsls	r7, r6, #13
100026a0:	46be      	mov	lr, r7
100026a2:	4373      	muls	r3, r6
100026a4:	0bdf      	lsrs	r7, r3, #15
100026a6:	045b      	lsls	r3, r3, #17
100026a8:	1ac0      	subs	r0, r0, r3
100026aa:	41b9      	sbcs	r1, r7
100026ac:	0c13      	lsrs	r3, r2, #16
100026ae:	4373      	muls	r3, r6
100026b0:	18db      	adds	r3, r3, r3
100026b2:	1ac9      	subs	r1, r1, r3
100026b4:	08ce      	lsrs	r6, r1, #3
100026b6:	4366      	muls	r6, r4
100026b8:	0c36      	lsrs	r6, r6, #16
100026ba:	44b6      	add	lr, r6
100026bc:	b293      	uxth	r3, r2
100026be:	4373      	muls	r3, r6
100026c0:	0f1f      	lsrs	r7, r3, #28
100026c2:	011b      	lsls	r3, r3, #4
100026c4:	1ac0      	subs	r0, r0, r3
100026c6:	41b9      	sbcs	r1, r7
100026c8:	0c13      	lsrs	r3, r2, #16
100026ca:	4373      	muls	r3, r6
100026cc:	0b1f      	lsrs	r7, r3, #12
100026ce:	051b      	lsls	r3, r3, #20
100026d0:	1ac0      	subs	r0, r0, r3
100026d2:	41b9      	sbcs	r1, r7
100026d4:	0d86      	lsrs	r6, r0, #22
100026d6:	028f      	lsls	r7, r1, #10
100026d8:	433e      	orrs	r6, r7
100026da:	4366      	muls	r6, r4
100026dc:	0c36      	lsrs	r6, r6, #16
100026de:	2d09      	cmp	r5, #9
100026e0:	db24      	blt.n	1000272c <last0>
100026e2:	0a52      	lsrs	r2, r2, #9
100026e4:	4372      	muls	r2, r6
100026e6:	1a80      	subs	r0, r0, r2
100026e8:	0377      	lsls	r7, r6, #13
100026ea:	0a46      	lsrs	r6, r0, #9
100026ec:	4366      	muls	r6, r4
100026ee:	0c36      	lsrs	r6, r6, #16
100026f0:	2316      	movs	r3, #22
100026f2:	1b5b      	subs	r3, r3, r5
100026f4:	40de      	lsrs	r6, r3
100026f6:	40df      	lsrs	r7, r3
100026f8:	19bf      	adds	r7, r7, r6
100026fa:	4664      	mov	r4, ip
100026fc:	4366      	muls	r6, r4
100026fe:	1b82      	subs	r2, r0, r6
10002700:	4670      	mov	r0, lr
10002702:	3504      	adds	r5, #4
10002704:	3306      	adds	r3, #6
10002706:	0001      	movs	r1, r0
10002708:	40d9      	lsrs	r1, r3
1000270a:	40a8      	lsls	r0, r5
1000270c:	19c0      	adds	r0, r0, r7
1000270e:	d300      	bcc.n	10002712 <y64_x32+0xb6>
10002710:	3101      	adds	r1, #1
10002712:	42a2      	cmp	r2, r4
10002714:	d206      	bcs.n	10002724 <y64_x32+0xc8>
10002716:	2300      	movs	r3, #0
10002718:	bdf0      	pop	{r4, r5, r6, r7, pc}
1000271a:	0000      	.short	0x0000
1000271c:	d0000000 	.word	0xd0000000
10002720:	ffffffff 	.word	0xffffffff
10002724:	1b12      	subs	r2, r2, r4
10002726:	3001      	adds	r0, #1
10002728:	d3f3      	bcc.n	10002712 <y64_x32+0xb6>
1000272a:	e7f1      	b.n	10002710 <y64_x32+0xb4>

1000272c <last0>:
1000272c:	2709      	movs	r7, #9
1000272e:	1b7f      	subs	r7, r7, r5
10002730:	40fe      	lsrs	r6, r7
10002732:	4664      	mov	r4, ip
10002734:	b2a2      	uxth	r2, r4
10002736:	4372      	muls	r2, r6
10002738:	1a80      	subs	r0, r0, r2
1000273a:	d200      	bcs.n	1000273e <last0+0x12>
1000273c:	3901      	subs	r1, #1
1000273e:	0c22      	lsrs	r2, r4, #16
10002740:	4372      	muls	r2, r6
10002742:	0c13      	lsrs	r3, r2, #16
10002744:	0412      	lsls	r2, r2, #16
10002746:	1a82      	subs	r2, r0, r2
10002748:	4199      	sbcs	r1, r3
1000274a:	000b      	movs	r3, r1
1000274c:	4670      	mov	r0, lr
1000274e:	3504      	adds	r5, #4
10002750:	3713      	adds	r7, #19
10002752:	0001      	movs	r1, r0
10002754:	40f9      	lsrs	r1, r7
10002756:	40a8      	lsls	r0, r5
10002758:	1980      	adds	r0, r0, r6
1000275a:	d300      	bcc.n	1000275e <last0+0x32>
1000275c:	3101      	adds	r1, #1
1000275e:	2b00      	cmp	r3, #0
10002760:	d102      	bne.n	10002768 <last0+0x3c>
10002762:	42a2      	cmp	r2, r4
10002764:	d20a      	bcs.n	1000277c <last0+0x50>
10002766:	bdf0      	pop	{r4, r5, r6, r7, pc}
10002768:	3001      	adds	r0, #1
1000276a:	d300      	bcc.n	1000276e <last0+0x42>
1000276c:	3101      	adds	r1, #1
1000276e:	1b12      	subs	r2, r2, r4
10002770:	d2fa      	bcs.n	10002768 <last0+0x3c>
10002772:	3b01      	subs	r3, #1
10002774:	d1f8      	bne.n	10002768 <last0+0x3c>
10002776:	42a2      	cmp	r2, r4
10002778:	d200      	bcs.n	1000277c <last0+0x50>
1000277a:	bdf0      	pop	{r4, r5, r6, r7, pc}
1000277c:	3001      	adds	r0, #1
1000277e:	d300      	bcc.n	10002782 <last0+0x56>
10002780:	3101      	adds	r1, #1
10002782:	1b12      	subs	r2, r2, r4
10002784:	e7f7      	b.n	10002776 <last0+0x4a>

10002786 <y64_x48>:
10002786:	b5f0      	push	{r4, r5, r6, r7, lr}
10002788:	0c1c      	lsrs	r4, r3, #16
1000278a:	d000      	beq.n	1000278e <y64_x48+0x8>
1000278c:	e080      	b.n	10002890 <y64_x64>
1000278e:	b40c      	push	{r2, r3}
10002790:	2500      	movs	r5, #0
10002792:	0a1c      	lsrs	r4, r3, #8
10002794:	d104      	bne.n	100027a0 <y64_x48+0x1a>
10002796:	021b      	lsls	r3, r3, #8
10002798:	0e16      	lsrs	r6, r2, #24
1000279a:	4333      	orrs	r3, r6
1000279c:	0212      	lsls	r2, r2, #8
1000279e:	3508      	adds	r5, #8
100027a0:	0b1c      	lsrs	r4, r3, #12
100027a2:	d104      	bne.n	100027ae <y64_x48+0x28>
100027a4:	011b      	lsls	r3, r3, #4
100027a6:	0f16      	lsrs	r6, r2, #28
100027a8:	4333      	orrs	r3, r6
100027aa:	0112      	lsls	r2, r2, #4
100027ac:	3504      	adds	r5, #4
100027ae:	0b9c      	lsrs	r4, r3, #14
100027b0:	d104      	bne.n	100027bc <y64_x48+0x36>
100027b2:	009b      	lsls	r3, r3, #2
100027b4:	0f96      	lsrs	r6, r2, #30
100027b6:	4333      	orrs	r3, r6
100027b8:	0092      	lsls	r2, r2, #2
100027ba:	3502      	adds	r5, #2
100027bc:	0bdc      	lsrs	r4, r3, #15
100027be:	d102      	bne.n	100027c6 <y64_x48+0x40>
100027c0:	1892      	adds	r2, r2, r2
100027c2:	415b      	adcs	r3, r3
100027c4:	3501      	adds	r5, #1
100027c6:	001c      	movs	r4, r3
100027c8:	1897      	adds	r7, r2, r2
100027ca:	4164      	adcs	r4, r4
100027cc:	3401      	adds	r4, #1
100027ce:	4f46      	ldr	r7, [pc, #280]	@ (100028e8 <y64_x64+0x58>)
100027d0:	667c      	str	r4, [r7, #100]	@ 0x64
100027d2:	4c46      	ldr	r4, [pc, #280]	@ (100028ec <y64_x64+0x5c>)
100027d4:	663c      	str	r4, [r7, #96]	@ 0x60
100027d6:	0c0e      	lsrs	r6, r1, #16
100027d8:	e7ff      	b.n	100027da <y64_x48+0x54>
100027da:	e7ff      	b.n	100027dc <y64_x48+0x56>
100027dc:	e7ff      	b.n	100027de <y64_x48+0x58>
100027de:	46c0      	nop			@ (mov r8, r8)
100027e0:	6f3c      	ldr	r4, [r7, #112]	@ 0x70
100027e2:	4366      	muls	r6, r4
100027e4:	0c36      	lsrs	r6, r6, #16
100027e6:	0377      	lsls	r7, r6, #13
100027e8:	46be      	mov	lr, r7
100027ea:	b297      	uxth	r7, r2
100027ec:	4377      	muls	r7, r6
100027ee:	1bc0      	subs	r0, r0, r7
100027f0:	d200      	bcs.n	100027f4 <y64_x48+0x6e>
100027f2:	3901      	subs	r1, #1
100027f4:	1bc0      	subs	r0, r0, r7
100027f6:	d200      	bcs.n	100027fa <y64_x48+0x74>
100027f8:	3901      	subs	r1, #1
100027fa:	b29f      	uxth	r7, r3
100027fc:	4377      	muls	r7, r6
100027fe:	1bc9      	subs	r1, r1, r7
10002800:	1bc9      	subs	r1, r1, r7
10002802:	0c17      	lsrs	r7, r2, #16
10002804:	4377      	muls	r7, r6
10002806:	047e      	lsls	r6, r7, #17
10002808:	0bff      	lsrs	r7, r7, #15
1000280a:	1b80      	subs	r0, r0, r6
1000280c:	41b9      	sbcs	r1, r7
1000280e:	08ce      	lsrs	r6, r1, #3
10002810:	4366      	muls	r6, r4
10002812:	0c36      	lsrs	r6, r6, #16
10002814:	2d0c      	cmp	r5, #12
10002816:	db33      	blt.n	10002880 <last1>
10002818:	44b6      	add	lr, r6
1000281a:	0b12      	lsrs	r2, r2, #12
1000281c:	051f      	lsls	r7, r3, #20
1000281e:	433a      	orrs	r2, r7
10002820:	0b1b      	lsrs	r3, r3, #12
10002822:	b297      	uxth	r7, r2
10002824:	4377      	muls	r7, r6
10002826:	1bc0      	subs	r0, r0, r7
10002828:	d200      	bcs.n	1000282c <y64_x48+0xa6>
1000282a:	3901      	subs	r1, #1
1000282c:	b29f      	uxth	r7, r3
1000282e:	4377      	muls	r7, r6
10002830:	1bc9      	subs	r1, r1, r7
10002832:	0c17      	lsrs	r7, r2, #16
10002834:	4377      	muls	r7, r6
10002836:	043e      	lsls	r6, r7, #16
10002838:	0c3f      	lsrs	r7, r7, #16
1000283a:	1b80      	subs	r0, r0, r6
1000283c:	41b9      	sbcs	r1, r7
1000283e:	0d86      	lsrs	r6, r0, #22
10002840:	028f      	lsls	r7, r1, #10
10002842:	433e      	orrs	r6, r7
10002844:	4366      	muls	r6, r4
10002846:	2729      	movs	r7, #41	@ 0x29
10002848:	1b7f      	subs	r7, r7, r5
1000284a:	40fe      	lsrs	r6, r7
1000284c:	3d0c      	subs	r5, #12
1000284e:	4677      	mov	r7, lr
10002850:	40af      	lsls	r7, r5
10002852:	19bf      	adds	r7, r7, r6
10002854:	bc30      	pop	{r4, r5}
10002856:	b2a2      	uxth	r2, r4
10002858:	b2ab      	uxth	r3, r5
1000285a:	4372      	muls	r2, r6
1000285c:	4373      	muls	r3, r6
1000285e:	1a80      	subs	r0, r0, r2
10002860:	4199      	sbcs	r1, r3
10002862:	0c22      	lsrs	r2, r4, #16
10002864:	4372      	muls	r2, r6
10002866:	0c13      	lsrs	r3, r2, #16
10002868:	0412      	lsls	r2, r2, #16
1000286a:	1a80      	subs	r0, r0, r2
1000286c:	4199      	sbcs	r1, r3
1000286e:	0002      	movs	r2, r0
10002870:	000b      	movs	r3, r1
10002872:	3701      	adds	r7, #1
10002874:	1b00      	subs	r0, r0, r4
10002876:	41a9      	sbcs	r1, r5
10002878:	d2f9      	bcs.n	1000286e <y64_x48+0xe8>
1000287a:	1e78      	subs	r0, r7, #1
1000287c:	2100      	movs	r1, #0
1000287e:	bdf0      	pop	{r4, r5, r6, r7, pc}

10002880 <last1>:
10002880:	270c      	movs	r7, #12
10002882:	1b7f      	subs	r7, r7, r5
10002884:	40fe      	lsrs	r6, r7
10002886:	4677      	mov	r7, lr
10002888:	0b7f      	lsrs	r7, r7, #13
1000288a:	40af      	lsls	r7, r5
1000288c:	19ff      	adds	r7, r7, r7
1000288e:	e7e0      	b.n	10002852 <y64_x48+0xcc>

10002890 <y64_x64>:
10002890:	2400      	movs	r4, #0
10002892:	1c5d      	adds	r5, r3, #1
10002894:	d007      	beq.n	100028a6 <y64_x64+0x16>
10002896:	4f14      	ldr	r7, [pc, #80]	@ (100028e8 <y64_x64+0x58>)
10002898:	667d      	str	r5, [r7, #100]	@ 0x64
1000289a:	6639      	str	r1, [r7, #96]	@ 0x60
1000289c:	e7ff      	b.n	1000289e <y64_x64+0xe>
1000289e:	e7ff      	b.n	100028a0 <y64_x64+0x10>
100028a0:	e7ff      	b.n	100028a2 <y64_x64+0x12>
100028a2:	e7ff      	b.n	100028a4 <y64_x64+0x14>
100028a4:	6f3c      	ldr	r4, [r7, #112]	@ 0x70
100028a6:	b295      	uxth	r5, r2
100028a8:	b29e      	uxth	r6, r3
100028aa:	4365      	muls	r5, r4
100028ac:	4366      	muls	r6, r4
100028ae:	1b40      	subs	r0, r0, r5
100028b0:	41b1      	sbcs	r1, r6
100028b2:	0c15      	lsrs	r5, r2, #16
100028b4:	0c1e      	lsrs	r6, r3, #16
100028b6:	4365      	muls	r5, r4
100028b8:	4366      	muls	r6, r4
100028ba:	0436      	lsls	r6, r6, #16
100028bc:	0c2f      	lsrs	r7, r5, #16
100028be:	433e      	orrs	r6, r7
100028c0:	042d      	lsls	r5, r5, #16
100028c2:	1b40      	subs	r0, r0, r5
100028c4:	41b1      	sbcs	r1, r6
100028c6:	4299      	cmp	r1, r3
100028c8:	d204      	bcs.n	100028d4 <y64_x64+0x44>
100028ca:	0002      	movs	r2, r0
100028cc:	000b      	movs	r3, r1
100028ce:	0020      	movs	r0, r4
100028d0:	2100      	movs	r1, #0
100028d2:	bdf0      	pop	{r4, r5, r6, r7, pc}
100028d4:	d101      	bne.n	100028da <y64_x64+0x4a>
100028d6:	4290      	cmp	r0, r2
100028d8:	d3f7      	bcc.n	100028ca <y64_x64+0x3a>
100028da:	1a80      	subs	r0, r0, r2
100028dc:	4199      	sbcs	r1, r3
100028de:	3401      	adds	r4, #1
100028e0:	4299      	cmp	r1, r3
100028e2:	d3f2      	bcc.n	100028ca <y64_x64+0x3a>
100028e4:	e7f6      	b.n	100028d4 <y64_x64+0x44>
100028e6:	0000      	.short	0x0000
100028e8:	d0000000 	.word	0xd0000000
100028ec:	ffffffff 	.word	0xffffffff

100028f0 <__wrap___aeabi_drsub>:
100028f0:	4048      	eors	r0, r1
100028f2:	4041      	eors	r1, r0
100028f4:	4048      	eors	r0, r1

100028f6 <__wrap___aeabi_dsub>:
100028f6:	b418      	push	{r3, r4}
100028f8:	4b1b      	ldr	r3, [pc, #108]	@ (10002968 <__wrap___aeabi_dmul+0x12>)
100028fa:	685b      	ldr	r3, [r3, #4]
100028fc:	46fc      	mov	ip, pc
100028fe:	9301      	str	r3, [sp, #4]
10002900:	bd08      	pop	{r3, pc}
10002902:	df04      	.short	0xdf04
10002904:	10002b9b 	.word	0x10002b9b

10002908 <__wrap___aeabi_dadd>:
10002908:	b418      	push	{r3, r4}
1000290a:	4b17      	ldr	r3, [pc, #92]	@ (10002968 <__wrap___aeabi_dmul+0x12>)
1000290c:	681b      	ldr	r3, [r3, #0]
1000290e:	46fc      	mov	ip, pc
10002910:	9301      	str	r3, [sp, #4]
10002912:	bd08      	pop	{r3, pc}
10002914:	2ba5df00 	.word	0x2ba5df00
10002918:	1000      	.short	0x1000

1000291a <__wrap___aeabi_ddiv>:
1000291a:	4694      	mov	ip, r2
1000291c:	4a13      	ldr	r2, [pc, #76]	@ (1000296c <__wrap___aeabi_dmul+0x16>)
1000291e:	6f92      	ldr	r2, [r2, #120]	@ 0x78
10002920:	0892      	lsrs	r2, r2, #2
10002922:	d209      	bcs.n	10002938 <ddiv_save_state>
10002924:	4662      	mov	r2, ip

10002926 <ddiv_shim_call>:
10002926:	b418      	push	{r3, r4}
10002928:	4b0f      	ldr	r3, [pc, #60]	@ (10002968 <__wrap___aeabi_dmul+0x12>)
1000292a:	68db      	ldr	r3, [r3, #12]
1000292c:	46fc      	mov	ip, pc
1000292e:	9301      	str	r3, [sp, #4]
10002930:	bd08      	pop	{r3, pc}
10002932:	df0c      	.short	0xdf0c
10002934:	10002e5d 	.word	0x10002e5d

10002938 <ddiv_save_state>:
10002938:	4a0c      	ldr	r2, [pc, #48]	@ (1000296c <__wrap___aeabi_dmul+0x16>)
1000293a:	b5f0      	push	{r4, r5, r6, r7, lr}
1000293c:	6e14      	ldr	r4, [r2, #96]	@ 0x60
1000293e:	6e55      	ldr	r5, [r2, #100]	@ 0x64
10002940:	6f57      	ldr	r7, [r2, #116]	@ 0x74
10002942:	6f16      	ldr	r6, [r2, #112]	@ 0x70
10002944:	4662      	mov	r2, ip
10002946:	f7ff ffee 	bl	10002926 <ddiv_shim_call>
1000294a:	4a08      	ldr	r2, [pc, #32]	@ (1000296c <__wrap___aeabi_dmul+0x16>)
1000294c:	6614      	str	r4, [r2, #96]	@ 0x60
1000294e:	6655      	str	r5, [r2, #100]	@ 0x64
10002950:	6757      	str	r7, [r2, #116]	@ 0x74
10002952:	6716      	str	r6, [r2, #112]	@ 0x70
10002954:	bdf0      	pop	{r4, r5, r6, r7, pc}

10002956 <__wrap___aeabi_dmul>:
10002956:	b418      	push	{r3, r4}
10002958:	4b03      	ldr	r3, [pc, #12]	@ (10002968 <__wrap___aeabi_dmul+0x12>)
1000295a:	689b      	ldr	r3, [r3, #8]
1000295c:	46fc      	mov	ip, pc
1000295e:	9301      	str	r3, [sp, #4]
10002960:	bd08      	pop	{r3, pc}
10002962:	df08      	.short	0xdf08
10002964:	10002d01 	.word	0x10002d01
10002968:	20001c18 	.word	0x20001c18
1000296c:	d0000000 	.word	0xd0000000

10002970 <__wrap___aeabi_cdrcmple>:
10002970:	b5ff      	push	{r0, r1, r2, r3, r4, r5, r6, r7, lr}
10002972:	4050      	eors	r0, r2
10002974:	4042      	eors	r2, r0
10002976:	4050      	eors	r0, r2
10002978:	4059      	eors	r1, r3
1000297a:	404b      	eors	r3, r1
1000297c:	4059      	eors	r1, r3
1000297e:	e000      	b.n	10002982 <__aeabi_dfcmple_guts>

10002980 <__wrap___aeabi_cdcmpeq>:
10002980:	b5ff      	push	{r0, r1, r2, r3, r4, r5, r6, r7, lr}

10002982 <__aeabi_dfcmple_guts>:
10002982:	4f15      	ldr	r7, [pc, #84]	@ (100029d8 <__aeabi_dfcmple_guts+0x56>)
10002984:	004c      	lsls	r4, r1, #1
10002986:	0d64      	lsrs	r4, r4, #21
10002988:	d003      	beq.n	10002992 <__aeabi_dfcmple_guts+0x10>
1000298a:	42bc      	cmp	r4, r7
1000298c:	d104      	bne.n	10002998 <__aeabi_dfcmple_guts+0x16>
1000298e:	030c      	lsls	r4, r1, #12
10002990:	d814      	bhi.n	100029bc <__aeabi_dfcmple_guts+0x3a>
10002992:	2000      	movs	r0, #0
10002994:	0d09      	lsrs	r1, r1, #20
10002996:	0509      	lsls	r1, r1, #20
10002998:	005c      	lsls	r4, r3, #1
1000299a:	0d64      	lsrs	r4, r4, #21
1000299c:	d003      	beq.n	100029a6 <__aeabi_dfcmple_guts+0x24>
1000299e:	42bc      	cmp	r4, r7
100029a0:	d104      	bne.n	100029ac <__aeabi_dfcmple_guts+0x2a>
100029a2:	031c      	lsls	r4, r3, #12
100029a4:	d80a      	bhi.n	100029bc <__aeabi_dfcmple_guts+0x3a>
100029a6:	2200      	movs	r2, #0
100029a8:	0d1b      	lsrs	r3, r3, #20
100029aa:	051b      	lsls	r3, r3, #20
100029ac:	2601      	movs	r6, #1
100029ae:	404b      	eors	r3, r1
100029b0:	d409      	bmi.n	100029c6 <__aeabi_dfcmple_guts+0x44>
100029b2:	404b      	eors	r3, r1
100029b4:	d503      	bpl.n	100029be <__aeabi_dfcmple_guts+0x3c>
100029b6:	428b      	cmp	r3, r1
100029b8:	d100      	bne.n	100029bc <__aeabi_dfcmple_guts+0x3a>
100029ba:	4282      	cmp	r2, r0
100029bc:	bdff      	pop	{r0, r1, r2, r3, r4, r5, r6, r7, pc}
100029be:	4299      	cmp	r1, r3
100029c0:	d1fc      	bne.n	100029bc <__aeabi_dfcmple_guts+0x3a>
100029c2:	4290      	cmp	r0, r2
100029c4:	bdff      	pop	{r0, r1, r2, r3, r4, r5, r6, r7, pc}
100029c6:	430b      	orrs	r3, r1
100029c8:	18db      	adds	r3, r3, r3
100029ca:	4303      	orrs	r3, r0
100029cc:	4313      	orrs	r3, r2
100029ce:	d0f5      	beq.n	100029bc <__aeabi_dfcmple_guts+0x3a>
100029d0:	43c9      	mvns	r1, r1
100029d2:	1849      	adds	r1, r1, r1
100029d4:	bdff      	pop	{r0, r1, r2, r3, r4, r5, r6, r7, pc}
100029d6:	0000      	.short	0x0000
100029d8:	000007ff 	.word	0x000007ff

100029dc <__wrap___aeabi_dcmplt>:
100029dc:	b500      	push	{lr}
100029de:	f7ff ffcf 	bl	10002980 <__wrap___aeabi_cdcmpeq>
100029e2:	4180      	sbcs	r0, r0
100029e4:	bd00      	pop	{pc}
100029e6:	46c0      	nop			@ (mov r8, r8)

100029e8 <__wrap___aeabi_dcmple>:
100029e8:	b500      	push	{lr}
100029ea:	f7ff ffc9 	bl	10002980 <__wrap___aeabi_cdcmpeq>
100029ee:	d901      	bls.n	100029f4 <__wrap___aeabi_dcmple+0xc>
100029f0:	2000      	movs	r0, #0
100029f2:	bd00      	pop	{pc}
100029f4:	2001      	movs	r0, #1
100029f6:	bd00      	pop	{pc}

100029f8 <__wrap___aeabi_dcmpge>:
100029f8:	b500      	push	{lr}
100029fa:	f7ff ffb9 	bl	10002970 <__wrap___aeabi_cdrcmple>
100029fe:	d901      	bls.n	10002a04 <__wrap___aeabi_dcmpge+0xc>
10002a00:	2000      	movs	r0, #0
10002a02:	bd00      	pop	{pc}
10002a04:	2001      	movs	r0, #1
10002a06:	bd00      	pop	{pc}

10002a08 <__wrap___aeabi_dcmpgt>:
10002a08:	b500      	push	{lr}
10002a0a:	f7ff ffb1 	bl	10002970 <__wrap___aeabi_cdrcmple>
10002a0e:	4180      	sbcs	r0, r0
10002a10:	bd00      	pop	{pc}

10002a12 <__wrap___aeabi_dcmpun>:
10002a12:	2001      	movs	r0, #1
10002a14:	0540      	lsls	r0, r0, #21
10002a16:	004a      	lsls	r2, r1, #1
10002a18:	1812      	adds	r2, r2, r0
10002a1a:	d804      	bhi.n	10002a26 <__wrap___aeabi_dcmpun+0x14>
10002a1c:	005a      	lsls	r2, r3, #1
10002a1e:	1812      	adds	r2, r2, r0
10002a20:	d801      	bhi.n	10002a26 <__wrap___aeabi_dcmpun+0x14>
10002a22:	2000      	movs	r0, #0
10002a24:	4770      	bx	lr
10002a26:	2001      	movs	r0, #1
10002a28:	4770      	bx	lr
	...

10002a2c <__wrap___aeabi_ui2d>:
10002a2c:	2100      	movs	r1, #0
10002a2e:	2800      	cmp	r0, #0
10002a30:	d105      	bne.n	10002a3e <__wrap___aeabi_i2d+0xa>
10002a32:	4770      	bx	lr

10002a34 <__wrap___aeabi_i2d>:
10002a34:	17c1      	asrs	r1, r0, #31
10002a36:	4048      	eors	r0, r1
10002a38:	1a40      	subs	r0, r0, r1
10002a3a:	d0fa      	beq.n	10002a32 <__wrap___aeabi_ui2d+0x6>
10002a3c:	07c9      	lsls	r1, r1, #31
10002a3e:	b513      	push	{r0, r1, r4, lr}
10002a40:	4b06      	ldr	r3, [pc, #24]	@ (10002a5c <__wrap___aeabi_i2d+0x28>)
10002a42:	681b      	ldr	r3, [r3, #0]
10002a44:	4798      	blx	r3
10002a46:	bc0c      	pop	{r2, r3}
10002a48:	1c44      	adds	r4, r0, #1
10002a4a:	40a2      	lsls	r2, r4
10002a4c:	0510      	lsls	r0, r2, #20
10002a4e:	0b12      	lsrs	r2, r2, #12
10002a50:	4903      	ldr	r1, [pc, #12]	@ (10002a60 <__wrap___aeabi_i2d+0x2c>)
10002a52:	1b09      	subs	r1, r1, r4
10002a54:	0509      	lsls	r1, r1, #20
10002a56:	4319      	orrs	r1, r3
10002a58:	4311      	orrs	r1, r2
10002a5a:	bd10      	pop	{r4, pc}
10002a5c:	200029c4 	.word	0x200029c4
10002a60:	0000041f 	.word	0x0000041f

10002a64 <__wrap___aeabi_d2iz>:
10002a64:	b510      	push	{r4, lr}
10002a66:	004c      	lsls	r4, r1, #1
10002a68:	0d62      	lsrs	r2, r4, #21
10002a6a:	2380      	movs	r3, #128	@ 0x80
10002a6c:	18d2      	adds	r2, r2, r3
10002a6e:	00db      	lsls	r3, r3, #3
10002a70:	1ad2      	subs	r2, r2, r3
10002a72:	055b      	lsls	r3, r3, #21
10002a74:	2a7e      	cmp	r2, #126	@ 0x7e
10002a76:	dd10      	ble.n	10002a9a <__wrap___aeabi_d2iz+0x36>
10002a78:	3a9e      	subs	r2, #158	@ 0x9e
10002a7a:	da13      	bge.n	10002aa4 <__wrap___aeabi_d2iz+0x40>
10002a7c:	17cc      	asrs	r4, r1, #31
10002a7e:	0309      	lsls	r1, r1, #12
10002a80:	0849      	lsrs	r1, r1, #1
10002a82:	4319      	orrs	r1, r3
10002a84:	4252      	negs	r2, r2
10002a86:	40d1      	lsrs	r1, r2
10002a88:	0064      	lsls	r4, r4, #1
10002a8a:	3401      	adds	r4, #1
10002a8c:	3215      	adds	r2, #21
10002a8e:	2a20      	cmp	r2, #32
10002a90:	da05      	bge.n	10002a9e <__wrap___aeabi_d2iz+0x3a>
10002a92:	40d0      	lsrs	r0, r2
10002a94:	4308      	orrs	r0, r1
10002a96:	4360      	muls	r0, r4
10002a98:	bd10      	pop	{r4, pc}
10002a9a:	2000      	movs	r0, #0
10002a9c:	bd10      	pop	{r4, pc}
10002a9e:	4608      	mov	r0, r1
10002aa0:	4360      	muls	r0, r4
10002aa2:	bd10      	pop	{r4, pc}
10002aa4:	0fc8      	lsrs	r0, r1, #31
10002aa6:	18c0      	adds	r0, r0, r3
10002aa8:	3801      	subs	r0, #1
10002aaa:	bd10      	pop	{r4, pc}

10002aac <__wrap___aeabi_d2uiz>:
10002aac:	b418      	push	{r3, r4}
10002aae:	4b04      	ldr	r3, [pc, #16]	@ (10002ac0 <__wrap___aeabi_d2uiz+0x14>)
10002ab0:	6a5b      	ldr	r3, [r3, #36]	@ 0x24
10002ab2:	46fc      	mov	ip, pc
10002ab4:	9301      	str	r3, [sp, #4]
10002ab6:	bd08      	pop	{r3, pc}
10002ab8:	300ddf24 	.word	0x300ddf24
10002abc:	00001000 	.word	0x00001000
10002ac0:	20001c18 	.word	0x20001c18

10002ac4 <__aeabi_double_init>:
10002ac4:	2313      	movs	r3, #19
10002ac6:	b570      	push	{r4, r5, r6, lr}
10002ac8:	781d      	ldrb	r5, [r3, #0]
10002aca:	2d01      	cmp	r5, #1
10002acc:	d019      	beq.n	10002b02 <__aeabi_double_init+0x3e>
10002ace:	dd14      	ble.n	10002afa <__aeabi_double_init+0x36>
10002ad0:	481f      	ldr	r0, [pc, #124]	@ (10002b50 <__aeabi_double_init+0x8c>)
10002ad2:	f7ff fb5b 	bl	1000218c <rom_data_lookup>
10002ad6:	0006      	movs	r6, r0
10002ad8:	481e      	ldr	r0, [pc, #120]	@ (10002b54 <__aeabi_double_init+0x90>)
10002ada:	f7ff fb57 	bl	1000218c <rom_data_lookup>
10002ade:	4c1e      	ldr	r4, [pc, #120]	@ (10002b58 <__aeabi_double_init+0x94>)
10002ae0:	2280      	movs	r2, #128	@ 0x80
10002ae2:	0031      	movs	r1, r6
10002ae4:	0020      	movs	r0, r4
10002ae6:	f000 fb61 	bl	100031ac <__wrap___aeabi_memcpy>
10002aea:	2d02      	cmp	r5, #2
10002aec:	d02d      	beq.n	10002b4a <__aeabi_double_init+0x86>
10002aee:	481b      	ldr	r0, [pc, #108]	@ (10002b5c <__aeabi_double_init+0x98>)
10002af0:	f7ff fb44 	bl	1000217c <rom_func_lookup>
10002af4:	4b1a      	ldr	r3, [pc, #104]	@ (10002b60 <__aeabi_double_init+0x9c>)
10002af6:	6018      	str	r0, [r3, #0]
10002af8:	bd70      	pop	{r4, r5, r6, pc}
10002afa:	4b1a      	ldr	r3, [pc, #104]	@ (10002b64 <__aeabi_double_init+0xa0>)
10002afc:	4c16      	ldr	r4, [pc, #88]	@ (10002b58 <__aeabi_double_init+0x94>)
10002afe:	64a3      	str	r3, [r4, #72]	@ 0x48
10002b00:	e7f5      	b.n	10002aee <__aeabi_double_init+0x2a>
10002b02:	4b18      	ldr	r3, [pc, #96]	@ (10002b64 <__aeabi_double_init+0xa0>)
10002b04:	4c14      	ldr	r4, [pc, #80]	@ (10002b58 <__aeabi_double_init+0x94>)
10002b06:	6023      	str	r3, [r4, #0]
10002b08:	6063      	str	r3, [r4, #4]
10002b0a:	60a3      	str	r3, [r4, #8]
10002b0c:	60e3      	str	r3, [r4, #12]
10002b0e:	6123      	str	r3, [r4, #16]
10002b10:	6163      	str	r3, [r4, #20]
10002b12:	61a3      	str	r3, [r4, #24]
10002b14:	61e3      	str	r3, [r4, #28]
10002b16:	6223      	str	r3, [r4, #32]
10002b18:	6263      	str	r3, [r4, #36]	@ 0x24
10002b1a:	62a3      	str	r3, [r4, #40]	@ 0x28
10002b1c:	62e3      	str	r3, [r4, #44]	@ 0x2c
10002b1e:	6323      	str	r3, [r4, #48]	@ 0x30
10002b20:	6363      	str	r3, [r4, #52]	@ 0x34
10002b22:	63a3      	str	r3, [r4, #56]	@ 0x38
10002b24:	63e3      	str	r3, [r4, #60]	@ 0x3c
10002b26:	6423      	str	r3, [r4, #64]	@ 0x40
10002b28:	6463      	str	r3, [r4, #68]	@ 0x44
10002b2a:	64a3      	str	r3, [r4, #72]	@ 0x48
10002b2c:	64e3      	str	r3, [r4, #76]	@ 0x4c
10002b2e:	6523      	str	r3, [r4, #80]	@ 0x50
10002b30:	6563      	str	r3, [r4, #84]	@ 0x54
10002b32:	65a3      	str	r3, [r4, #88]	@ 0x58
10002b34:	65e3      	str	r3, [r4, #92]	@ 0x5c
10002b36:	6623      	str	r3, [r4, #96]	@ 0x60
10002b38:	6663      	str	r3, [r4, #100]	@ 0x64
10002b3a:	66a3      	str	r3, [r4, #104]	@ 0x68
10002b3c:	66e3      	str	r3, [r4, #108]	@ 0x6c
10002b3e:	6723      	str	r3, [r4, #112]	@ 0x70
10002b40:	6763      	str	r3, [r4, #116]	@ 0x74
10002b42:	67a3      	str	r3, [r4, #120]	@ 0x78
10002b44:	67e3      	str	r3, [r4, #124]	@ 0x7c
10002b46:	64a3      	str	r3, [r4, #72]	@ 0x48
10002b48:	e7d1      	b.n	10002aee <__aeabi_double_init+0x2a>
10002b4a:	4b06      	ldr	r3, [pc, #24]	@ (10002b64 <__aeabi_double_init+0xa0>)
10002b4c:	64a3      	str	r3, [r4, #72]	@ 0x48
10002b4e:	e7ce      	b.n	10002aee <__aeabi_double_init+0x2a>
10002b50:	00004453 	.word	0x00004453
10002b54:	00004653 	.word	0x00004653
10002b58:	20001c18 	.word	0x20001c18
10002b5c:	0000334c 	.word	0x0000334c
10002b60:	200029c4 	.word	0x200029c4
10002b64:	10002b69 	.word	0x10002b69

10002b68 <double_table_shim_on_use_helper>:
10002b68:	b507      	push	{r0, r1, r2, lr}
10002b6a:	4660      	mov	r0, ip
10002b6c:	8801      	ldrh	r1, [r0, #0]
10002b6e:	0a0a      	lsrs	r2, r1, #8
10002b70:	3002      	adds	r0, #2
10002b72:	2adf      	cmp	r2, #223	@ 0xdf
10002b74:	d1fa      	bne.n	10002b6c <double_table_shim_on_use_helper+0x4>
10002b76:	b2c9      	uxtb	r1, r1
10002b78:	0882      	lsrs	r2, r0, #2
10002b7a:	d304      	bcc.n	10002b86 <double_table_shim_on_use_helper+0x1e>
10002b7c:	8802      	ldrh	r2, [r0, #0]
10002b7e:	8840      	ldrh	r0, [r0, #2]
10002b80:	0400      	lsls	r0, r0, #16
10002b82:	4310      	orrs	r0, r2
10002b84:	e000      	b.n	10002b88 <double_table_shim_on_use_helper+0x20>
10002b86:	6800      	ldr	r0, [r0, #0]
10002b88:	4a01      	ldr	r2, [pc, #4]	@ (10002b90 <double_table_shim_on_use_helper+0x28>)
10002b8a:	5050      	str	r0, [r2, r1]
10002b8c:	9003      	str	r0, [sp, #12]
10002b8e:	bd07      	pop	{r0, r1, r2, pc}
10002b90:	20001c18 	.word	0x20001c18

10002b94 <drsub_shim>:
10002b94:	b40f      	push	{r0, r1, r2, r3}
10002b96:	bc03      	pop	{r0, r1}
10002b98:	bc0c      	pop	{r2, r3}

10002b9a <dsub_shim>:
10002b9a:	b5f0      	push	{r4, r5, r6, r7, lr}
10002b9c:	2401      	movs	r4, #1
10002b9e:	07e4      	lsls	r4, r4, #31
10002ba0:	4063      	eors	r3, r4
10002ba2:	e000      	b.n	10002ba6 <da_entry>

10002ba4 <dadd_shim>:
10002ba4:	b5f0      	push	{r4, r5, r6, r7, lr}

10002ba6 <da_entry>:
10002ba6:	0d0c      	lsrs	r4, r1, #20
10002ba8:	0fcf      	lsrs	r7, r1, #31
10002baa:	1e66      	subs	r6, r4, #1
10002bac:	0536      	lsls	r6, r6, #20
10002bae:	1b89      	subs	r1, r1, r6
10002bb0:	0564      	lsls	r4, r4, #21
10002bb2:	d303      	bcc.n	10002bbc <l8_1>
10002bb4:	43c9      	mvns	r1, r1
10002bb6:	4240      	negs	r0, r0
10002bb8:	d300      	bcc.n	10002bbc <l8_1>
10002bba:	3101      	adds	r1, #1

10002bbc <l8_1>:
10002bbc:	0d64      	lsrs	r4, r4, #21
10002bbe:	d003      	beq.n	10002bc8 <l8_2>
10002bc0:	1c66      	adds	r6, r4, #1
10002bc2:	0af6      	lsrs	r6, r6, #11
10002bc4:	d007      	beq.n	10002bd6 <l8_3>
10002bc6:	1be4      	subs	r4, r4, r7

10002bc8 <l8_2>:
10002bc8:	2000      	movs	r0, #0
10002bca:	007f      	lsls	r7, r7, #1
10002bcc:	1c79      	adds	r1, r7, #1
10002bce:	0789      	lsls	r1, r1, #30
10002bd0:	1289      	asrs	r1, r1, #10
10002bd2:	3c80      	subs	r4, #128	@ 0x80
10002bd4:	0324      	lsls	r4, r4, #12

10002bd6 <l8_3>:
10002bd6:	0d1d      	lsrs	r5, r3, #20
10002bd8:	0fdf      	lsrs	r7, r3, #31
10002bda:	1e6e      	subs	r6, r5, #1
10002bdc:	0536      	lsls	r6, r6, #20
10002bde:	1b9b      	subs	r3, r3, r6
10002be0:	056d      	lsls	r5, r5, #21
10002be2:	d303      	bcc.n	10002bec <l9_1>
10002be4:	43db      	mvns	r3, r3
10002be6:	4252      	negs	r2, r2
10002be8:	d300      	bcc.n	10002bec <l9_1>
10002bea:	3301      	adds	r3, #1

10002bec <l9_1>:
10002bec:	0d6d      	lsrs	r5, r5, #21
10002bee:	d003      	beq.n	10002bf8 <l9_2>
10002bf0:	1c6e      	adds	r6, r5, #1
10002bf2:	0af6      	lsrs	r6, r6, #11
10002bf4:	d007      	beq.n	10002c06 <l9_3>
10002bf6:	1bed      	subs	r5, r5, r7

10002bf8 <l9_2>:
10002bf8:	2200      	movs	r2, #0
10002bfa:	007f      	lsls	r7, r7, #1
10002bfc:	1c7b      	adds	r3, r7, #1
10002bfe:	079b      	lsls	r3, r3, #30
10002c00:	129b      	asrs	r3, r3, #10
10002c02:	3d80      	subs	r5, #128	@ 0x80
10002c04:	032d      	lsls	r5, r5, #12

10002c06 <l9_3>:
10002c06:	1b2f      	subs	r7, r5, r4
10002c08:	1b66      	subs	r6, r4, r5
10002c0a:	d458      	bmi.n	10002cbe <da_ygtx>
10002c0c:	46a4      	mov	ip, r4
10002c0e:	2e20      	cmp	r6, #32
10002c10:	da46      	bge.n	10002ca0 <da_xrgty>
10002c12:	3720      	adds	r7, #32
10002c14:	0014      	movs	r4, r2
10002c16:	40bc      	lsls	r4, r7

10002c18 <da_xgty0>:
10002c18:	001d      	movs	r5, r3
10002c1a:	40bd      	lsls	r5, r7
10002c1c:	40f2      	lsrs	r2, r6
10002c1e:	4133      	asrs	r3, r6
10002c20:	432a      	orrs	r2, r5

10002c22 <da_add>:
10002c22:	1880      	adds	r0, r0, r2
10002c24:	4159      	adcs	r1, r3

10002c26 <da_pack>:
10002c26:	0fcb      	lsrs	r3, r1, #31
10002c28:	d005      	beq.n	10002c36 <da_pack+0x10>
10002c2a:	43c9      	mvns	r1, r1
10002c2c:	43c0      	mvns	r0, r0
10002c2e:	2200      	movs	r2, #0
10002c30:	4264      	negs	r4, r4
10002c32:	4150      	adcs	r0, r2
10002c34:	4151      	adcs	r1, r2
10002c36:	4662      	mov	r2, ip
10002c38:	0d4d      	lsrs	r5, r1, #21
10002c3a:	d128      	bne.n	10002c8e <da_0>
10002c3c:	0d0d      	lsrs	r5, r1, #20
10002c3e:	d107      	bne.n	10002c50 <da_1>
10002c40:	2800      	cmp	r0, #0
10002c42:	d01f      	beq.n	10002c84 <da_5>

10002c44 <da_2>:
10002c44:	1924      	adds	r4, r4, r4
10002c46:	4140      	adcs	r0, r0
10002c48:	4149      	adcs	r1, r1
10002c4a:	3a01      	subs	r2, #1
10002c4c:	0d0d      	lsrs	r5, r1, #20
10002c4e:	d0f9      	beq.n	10002c44 <da_2>

10002c50 <da_1>:
10002c50:	0064      	lsls	r4, r4, #1
10002c52:	d306      	bcc.n	10002c62 <da_3>

10002c54 <da_4>:
10002c54:	3001      	adds	r0, #1
10002c56:	d300      	bcc.n	10002c5a <da_4+0x6>
10002c58:	3101      	adds	r1, #1
10002c5a:	2c00      	cmp	r4, #0
10002c5c:	d101      	bne.n	10002c62 <da_3>
10002c5e:	0840      	lsrs	r0, r0, #1
10002c60:	0040      	lsls	r0, r0, #1

10002c62 <da_3>:
10002c62:	3a01      	subs	r2, #1
10002c64:	d40b      	bmi.n	10002c7e <da_6>
10002c66:	1c94      	adds	r4, r2, #2
10002c68:	0ae4      	lsrs	r4, r4, #11
10002c6a:	d104      	bne.n	10002c76 <da_7>
10002c6c:	0512      	lsls	r2, r2, #20
10002c6e:	4411      	add	r1, r2
10002c70:	07db      	lsls	r3, r3, #31
10002c72:	4419      	add	r1, r3
10002c74:	bdf0      	pop	{r4, r5, r6, r7, pc}

10002c76 <da_7>:
10002c76:	07d9      	lsls	r1, r3, #31
10002c78:	4b20      	ldr	r3, [pc, #128]	@ (10002cfc <da_xmgty+0x4>)
10002c7a:	4319      	orrs	r1, r3
10002c7c:	e000      	b.n	10002c80 <da_6+0x2>

10002c7e <da_6>:
10002c7e:	07d9      	lsls	r1, r3, #31
10002c80:	2000      	movs	r0, #0
10002c82:	bdf0      	pop	{r4, r5, r6, r7, pc}

10002c84 <da_5>:
10002c84:	2900      	cmp	r1, #0
10002c86:	d1dd      	bne.n	10002c44 <da_2>
10002c88:	2c00      	cmp	r4, #0
10002c8a:	d1db      	bne.n	10002c44 <da_2>
10002c8c:	bdf0      	pop	{r4, r5, r6, r7, pc}

10002c8e <da_0>:
10002c8e:	3201      	adds	r2, #1
10002c90:	07c6      	lsls	r6, r0, #31
10002c92:	0840      	lsrs	r0, r0, #1
10002c94:	07cd      	lsls	r5, r1, #31
10002c96:	4328      	orrs	r0, r5
10002c98:	0849      	lsrs	r1, r1, #1
10002c9a:	2e00      	cmp	r6, #0
10002c9c:	d0e1      	beq.n	10002c62 <da_3>
10002c9e:	e7d9      	b.n	10002c54 <da_4>

10002ca0 <da_xrgty>:
10002ca0:	2e3c      	cmp	r6, #60	@ 0x3c
10002ca2:	da29      	bge.n	10002cf8 <da_xmgty>
10002ca4:	3e20      	subs	r6, #32
10002ca6:	3740      	adds	r7, #64	@ 0x40
10002ca8:	0014      	movs	r4, r2
10002caa:	40bc      	lsls	r4, r7
10002cac:	d000      	beq.n	10002cb0 <da_xrgty+0x10>
10002cae:	2401      	movs	r4, #1
10002cb0:	40f2      	lsrs	r2, r6
10002cb2:	4314      	orrs	r4, r2
10002cb4:	001a      	movs	r2, r3
10002cb6:	40bb      	lsls	r3, r7
10002cb8:	431c      	orrs	r4, r3
10002cba:	17d3      	asrs	r3, r2, #31
10002cbc:	e7ac      	b.n	10002c18 <da_xgty0>

10002cbe <da_ygtx>:
10002cbe:	46ac      	mov	ip, r5
10002cc0:	2f20      	cmp	r7, #32
10002cc2:	da08      	bge.n	10002cd6 <da_yrgtx>
10002cc4:	3620      	adds	r6, #32
10002cc6:	0004      	movs	r4, r0
10002cc8:	40b4      	lsls	r4, r6

10002cca <da_ygtx0>:
10002cca:	000d      	movs	r5, r1
10002ccc:	40b5      	lsls	r5, r6
10002cce:	40f8      	lsrs	r0, r7
10002cd0:	4139      	asrs	r1, r7
10002cd2:	4328      	orrs	r0, r5
10002cd4:	e7a5      	b.n	10002c22 <da_add>

10002cd6 <da_yrgtx>:
10002cd6:	2f3c      	cmp	r7, #60	@ 0x3c
10002cd8:	da0c      	bge.n	10002cf4 <da_ymgtx>
10002cda:	3f20      	subs	r7, #32
10002cdc:	3640      	adds	r6, #64	@ 0x40
10002cde:	0004      	movs	r4, r0
10002ce0:	40b4      	lsls	r4, r6
10002ce2:	d000      	beq.n	10002ce6 <da_yrgtx+0x10>
10002ce4:	2401      	movs	r4, #1
10002ce6:	40f8      	lsrs	r0, r7
10002ce8:	4304      	orrs	r4, r0
10002cea:	0008      	movs	r0, r1
10002cec:	40b1      	lsls	r1, r6
10002cee:	430c      	orrs	r4, r1
10002cf0:	17c1      	asrs	r1, r0, #31
10002cf2:	e7ea      	b.n	10002cca <da_ygtx0>

10002cf4 <da_ymgtx>:
10002cf4:	0010      	movs	r0, r2
10002cf6:	0019      	movs	r1, r3

10002cf8 <da_xmgty>:
10002cf8:	2400      	movs	r4, #0
10002cfa:	e794      	b.n	10002c26 <da_pack>
10002cfc:	7ff00000 	.word	0x7ff00000

10002d00 <dmul_shim>:
10002d00:	b5f0      	push	{r4, r5, r6, r7, lr}
10002d02:	0d0c      	lsrs	r4, r1, #20
10002d04:	1e66      	subs	r6, r4, #1
10002d06:	0536      	lsls	r6, r6, #20
10002d08:	1b89      	subs	r1, r1, r6
10002d0a:	0ae6      	lsrs	r6, r4, #11
10002d0c:	0564      	lsls	r4, r4, #21
10002d0e:	0d64      	lsrs	r4, r4, #21
10002d10:	d002      	beq.n	10002d18 <l12_1>
10002d12:	1c65      	adds	r5, r4, #1
10002d14:	0aed      	lsrs	r5, r5, #11
10002d16:	d004      	beq.n	10002d22 <l12_2>

10002d18 <l12_1>:
10002d18:	2000      	movs	r0, #0
10002d1a:	2101      	movs	r1, #1
10002d1c:	0509      	lsls	r1, r1, #20
10002d1e:	3c80      	subs	r4, #128	@ 0x80
10002d20:	0324      	lsls	r4, r4, #12

10002d22 <l12_2>:
10002d22:	46a4      	mov	ip, r4
10002d24:	0d1c      	lsrs	r4, r3, #20
10002d26:	1e67      	subs	r7, r4, #1
10002d28:	053f      	lsls	r7, r7, #20
10002d2a:	1bdb      	subs	r3, r3, r7
10002d2c:	0ae7      	lsrs	r7, r4, #11
10002d2e:	0564      	lsls	r4, r4, #21
10002d30:	0d64      	lsrs	r4, r4, #21
10002d32:	d002      	beq.n	10002d3a <l13_1>
10002d34:	1c65      	adds	r5, r4, #1
10002d36:	0aed      	lsrs	r5, r5, #11
10002d38:	d004      	beq.n	10002d44 <l13_2>

10002d3a <l13_1>:
10002d3a:	2200      	movs	r2, #0
10002d3c:	2301      	movs	r3, #1
10002d3e:	051b      	lsls	r3, r3, #20
10002d40:	3c80      	subs	r4, #128	@ 0x80
10002d42:	0324      	lsls	r4, r4, #12

10002d44 <l13_2>:
10002d44:	4077      	eors	r7, r6
10002d46:	4464      	add	r4, ip
10002d48:	b497      	push	{r0, r1, r2, r4, r7}
10002d4a:	b284      	uxth	r4, r0
10002d4c:	b296      	uxth	r6, r2
10002d4e:	4374      	muls	r4, r6
10002d50:	0c07      	lsrs	r7, r0, #16
10002d52:	437e      	muls	r6, r7
10002d54:	0c15      	lsrs	r5, r2, #16
10002d56:	436f      	muls	r7, r5
10002d58:	b280      	uxth	r0, r0
10002d5a:	4368      	muls	r0, r5
10002d5c:	1836      	adds	r6, r6, r0
10002d5e:	d302      	bcc.n	10002d66 <l14_1>
10002d60:	2001      	movs	r0, #1
10002d62:	0400      	lsls	r0, r0, #16
10002d64:	183f      	adds	r7, r7, r0

10002d66 <l14_1>:
10002d66:	0430      	lsls	r0, r6, #16
10002d68:	0c35      	lsrs	r5, r6, #16
10002d6a:	1900      	adds	r0, r0, r4
10002d6c:	417d      	adcs	r5, r7
10002d6e:	4684      	mov	ip, r0
10002d70:	b288      	uxth	r0, r1
10002d72:	b29a      	uxth	r2, r3
10002d74:	4350      	muls	r0, r2
10002d76:	0c0c      	lsrs	r4, r1, #16
10002d78:	4362      	muls	r2, r4
10002d7a:	0c1f      	lsrs	r7, r3, #16
10002d7c:	437c      	muls	r4, r7
10002d7e:	b28e      	uxth	r6, r1
10002d80:	437e      	muls	r6, r7
10002d82:	1992      	adds	r2, r2, r6
10002d84:	d302      	bcc.n	10002d8c <l15_1>
10002d86:	2601      	movs	r6, #1
10002d88:	0436      	lsls	r6, r6, #16
10002d8a:	19a4      	adds	r4, r4, r6

10002d8c <l15_1>:
10002d8c:	0416      	lsls	r6, r2, #16
10002d8e:	0c17      	lsrs	r7, r2, #16
10002d90:	1836      	adds	r6, r6, r0
10002d92:	4167      	adcs	r7, r4
10002d94:	bc01      	pop	{r0}
10002d96:	b281      	uxth	r1, r0
10002d98:	b29a      	uxth	r2, r3
10002d9a:	4351      	muls	r1, r2
10002d9c:	0c04      	lsrs	r4, r0, #16
10002d9e:	4362      	muls	r2, r4
10002da0:	0c1b      	lsrs	r3, r3, #16
10002da2:	435c      	muls	r4, r3
10002da4:	b280      	uxth	r0, r0
10002da6:	4358      	muls	r0, r3
10002da8:	1812      	adds	r2, r2, r0
10002daa:	d302      	bcc.n	10002db2 <l16_1>
10002dac:	2001      	movs	r0, #1
10002dae:	0400      	lsls	r0, r0, #16
10002db0:	1824      	adds	r4, r4, r0

10002db2 <l16_1>:
10002db2:	0410      	lsls	r0, r2, #16
10002db4:	0c13      	lsrs	r3, r2, #16
10002db6:	1840      	adds	r0, r0, r1
10002db8:	4163      	adcs	r3, r4
10002dba:	182d      	adds	r5, r5, r0
10002dbc:	415e      	adcs	r6, r3
10002dbe:	2000      	movs	r0, #0
10002dc0:	4147      	adcs	r7, r0
10002dc2:	bc06      	pop	{r1, r2}
10002dc4:	b288      	uxth	r0, r1
10002dc6:	b293      	uxth	r3, r2
10002dc8:	4358      	muls	r0, r3
10002dca:	0c0c      	lsrs	r4, r1, #16
10002dcc:	4363      	muls	r3, r4
10002dce:	0c12      	lsrs	r2, r2, #16
10002dd0:	4354      	muls	r4, r2
10002dd2:	b289      	uxth	r1, r1
10002dd4:	4351      	muls	r1, r2
10002dd6:	185b      	adds	r3, r3, r1
10002dd8:	d302      	bcc.n	10002de0 <l17_1>
10002dda:	2101      	movs	r1, #1
10002ddc:	0409      	lsls	r1, r1, #16
10002dde:	1864      	adds	r4, r4, r1

10002de0 <l17_1>:
10002de0:	0419      	lsls	r1, r3, #16
10002de2:	0c1a      	lsrs	r2, r3, #16
10002de4:	1809      	adds	r1, r1, r0
10002de6:	4162      	adcs	r2, r4
10002de8:	186d      	adds	r5, r5, r1
10002dea:	4156      	adcs	r6, r2
10002dec:	2000      	movs	r0, #0
10002dee:	4147      	adcs	r7, r0
10002df0:	bc18      	pop	{r3, r4}
10002df2:	02f9      	lsls	r1, r7, #11
10002df4:	0d72      	lsrs	r2, r6, #21
10002df6:	4311      	orrs	r1, r2
10002df8:	02f0      	lsls	r0, r6, #11
10002dfa:	0d6a      	lsrs	r2, r5, #21
10002dfc:	4310      	orrs	r0, r2
10002dfe:	02ed      	lsls	r5, r5, #11
10002e00:	0d0a      	lsrs	r2, r1, #20
10002e02:	d103      	bne.n	10002e0c <l17_1+0x2c>
10002e04:	196d      	adds	r5, r5, r5
10002e06:	4140      	adcs	r0, r0
10002e08:	4149      	adcs	r1, r1
10002e0a:	3b01      	subs	r3, #1
10002e0c:	4e12      	ldr	r6, [pc, #72]	@ (10002e58 <dm_1+0xa>)
10002e0e:	1b9b      	subs	r3, r3, r6
10002e10:	0076      	lsls	r6, r6, #1
10002e12:	42b3      	cmp	r3, r6
10002e14:	d20e      	bcs.n	10002e34 <dm_0>
10002e16:	006d      	lsls	r5, r5, #1
10002e18:	d307      	bcc.n	10002e2a <l17_1+0x4a>
10002e1a:	3001      	adds	r0, #1
10002e1c:	2600      	movs	r6, #0
10002e1e:	4171      	adcs	r1, r6
10002e20:	4666      	mov	r6, ip
10002e22:	4335      	orrs	r5, r6
10002e24:	d101      	bne.n	10002e2a <l17_1+0x4a>
10002e26:	0840      	lsrs	r0, r0, #1
10002e28:	0040      	lsls	r0, r0, #1
10002e2a:	051b      	lsls	r3, r3, #20
10002e2c:	18c9      	adds	r1, r1, r3

10002e2e <dm_2>:
10002e2e:	07e4      	lsls	r4, r4, #31
10002e30:	4421      	add	r1, r4
10002e32:	bdf0      	pop	{r4, r5, r6, r7, pc}

10002e34 <dm_0>:
10002e34:	da0b      	bge.n	10002e4e <dm_1>
10002e36:	3301      	adds	r3, #1
10002e38:	d106      	bne.n	10002e48 <dm_0+0x14>
10002e3a:	3001      	adds	r0, #1
10002e3c:	d104      	bne.n	10002e48 <dm_0+0x14>
10002e3e:	3101      	adds	r1, #1
10002e40:	0d4f      	lsrs	r7, r1, #21
10002e42:	d001      	beq.n	10002e48 <dm_0+0x14>
10002e44:	0849      	lsrs	r1, r1, #1
10002e46:	e7f2      	b.n	10002e2e <dm_2>
10002e48:	07e1      	lsls	r1, r4, #31
10002e4a:	2000      	movs	r0, #0
10002e4c:	bdf0      	pop	{r4, r5, r6, r7, pc}

10002e4e <dm_1>:
10002e4e:	3601      	adds	r6, #1
10002e50:	0531      	lsls	r1, r6, #20
10002e52:	2000      	movs	r0, #0
10002e54:	e7eb      	b.n	10002e2e <dm_2>
10002e56:	0000      	.short	0x0000
10002e58:	000003ff 	.word	0x000003ff

10002e5c <ddiv_shim>:
10002e5c:	b5f0      	push	{r4, r5, r6, r7, lr}

10002e5e <ddiv0>:
10002e5e:	0d1c      	lsrs	r4, r3, #20
10002e60:	1e67      	subs	r7, r4, #1
10002e62:	053f      	lsls	r7, r7, #20
10002e64:	1bdb      	subs	r3, r3, r7
10002e66:	0ae7      	lsrs	r7, r4, #11
10002e68:	0564      	lsls	r4, r4, #21
10002e6a:	0d64      	lsrs	r4, r4, #21
10002e6c:	d002      	beq.n	10002e74 <l20_1>
10002e6e:	1c66      	adds	r6, r4, #1
10002e70:	0af6      	lsrs	r6, r6, #11
10002e72:	d004      	beq.n	10002e7e <l20_2>

10002e74 <l20_1>:
10002e74:	2200      	movs	r2, #0
10002e76:	2301      	movs	r3, #1
10002e78:	051b      	lsls	r3, r3, #20
10002e7a:	3c80      	subs	r4, #128	@ 0x80
10002e7c:	0324      	lsls	r4, r4, #12

10002e7e <l20_2>:
10002e7e:	25d0      	movs	r5, #208	@ 0xd0
10002e80:	062d      	lsls	r5, r5, #24
10002e82:	2600      	movs	r6, #0
10002e84:	43f6      	mvns	r6, r6
10002e86:	662e      	str	r6, [r5, #96]	@ 0x60
10002e88:	091e      	lsrs	r6, r3, #4
10002e8a:	666e      	str	r6, [r5, #100]	@ 0x64
10002e8c:	0fce      	lsrs	r6, r1, #31
10002e8e:	19f6      	adds	r6, r6, r7
10002e90:	46b4      	mov	ip, r6
10002e92:	0049      	lsls	r1, r1, #1
10002e94:	0d4f      	lsrs	r7, r1, #21
10002e96:	d002      	beq.n	10002e9e <l20_2+0x20>
10002e98:	1c7e      	adds	r6, r7, #1
10002e9a:	0af6      	lsrs	r6, r6, #11
10002e9c:	d003      	beq.n	10002ea6 <l20_2+0x28>
10002e9e:	2000      	movs	r0, #0
10002ea0:	2100      	movs	r1, #0
10002ea2:	3f40      	subs	r7, #64	@ 0x40
10002ea4:	033f      	lsls	r7, r7, #12
10002ea6:	1b3e      	subs	r6, r7, r4
10002ea8:	00b6      	lsls	r6, r6, #2
10002eaa:	44b4      	add	ip, r6
10002eac:	3f01      	subs	r7, #1
10002eae:	057f      	lsls	r7, r7, #21
10002eb0:	1bc9      	subs	r1, r1, r7
10002eb2:	0849      	lsrs	r1, r1, #1
10002eb4:	6f2e      	ldr	r6, [r5, #112]	@ 0x70
10002eb6:	3601      	adds	r6, #1
10002eb8:	0876      	lsrs	r6, r6, #1
10002eba:	029c      	lsls	r4, r3, #10
10002ebc:	0d95      	lsrs	r5, r2, #22
10002ebe:	4325      	orrs	r5, r4
10002ec0:	4375      	muls	r5, r6
10002ec2:	13ed      	asrs	r5, r5, #15
10002ec4:	4375      	muls	r5, r6
10002ec6:	13ad      	asrs	r5, r5, #14
10002ec8:	3501      	adds	r5, #1
10002eca:	106d      	asrs	r5, r5, #1
10002ecc:	03f6      	lsls	r6, r6, #15
10002ece:	1b76      	subs	r6, r6, r5
10002ed0:	b40c      	push	{r2, r3}
10002ed2:	02cc      	lsls	r4, r1, #11
10002ed4:	0d45      	lsrs	r5, r0, #21
10002ed6:	432c      	orrs	r4, r5
10002ed8:	b2a2      	uxth	r2, r4
10002eda:	b2b3      	uxth	r3, r6
10002edc:	435a      	muls	r2, r3
10002ede:	0c27      	lsrs	r7, r4, #16
10002ee0:	437b      	muls	r3, r7
10002ee2:	0c35      	lsrs	r5, r6, #16
10002ee4:	436f      	muls	r7, r5
10002ee6:	b2a4      	uxth	r4, r4
10002ee8:	436c      	muls	r4, r5
10002eea:	191b      	adds	r3, r3, r4
10002eec:	d302      	bcc.n	10002ef4 <l21_1>
10002eee:	2401      	movs	r4, #1
10002ef0:	0424      	lsls	r4, r4, #16
10002ef2:	193f      	adds	r7, r7, r4

10002ef4 <l21_1>:
10002ef4:	041c      	lsls	r4, r3, #16
10002ef6:	0c1d      	lsrs	r5, r3, #16
10002ef8:	18a4      	adds	r4, r4, r2
10002efa:	417d      	adcs	r5, r7
10002efc:	1924      	adds	r4, r4, r4
10002efe:	416d      	adcs	r5, r5
10002f00:	9a00      	ldr	r2, [sp, #0]
10002f02:	b291      	uxth	r1, r2
10002f04:	b2ac      	uxth	r4, r5
10002f06:	4361      	muls	r1, r4
10002f08:	0c17      	lsrs	r7, r2, #16
10002f0a:	437c      	muls	r4, r7
10002f0c:	0c2b      	lsrs	r3, r5, #16
10002f0e:	435f      	muls	r7, r3
10002f10:	b292      	uxth	r2, r2
10002f12:	435a      	muls	r2, r3
10002f14:	18a4      	adds	r4, r4, r2
10002f16:	d302      	bcc.n	10002f1e <l22_1>
10002f18:	2201      	movs	r2, #1
10002f1a:	0412      	lsls	r2, r2, #16
10002f1c:	18bf      	adds	r7, r7, r2

10002f1e <l22_1>:
10002f1e:	0422      	lsls	r2, r4, #16
10002f20:	0c23      	lsrs	r3, r4, #16
10002f22:	1852      	adds	r2, r2, r1
10002f24:	417b      	adcs	r3, r7
10002f26:	9c01      	ldr	r4, [sp, #4]
10002f28:	436c      	muls	r4, r5
10002f2a:	191b      	adds	r3, r3, r4
10002f2c:	0e52      	lsrs	r2, r2, #25
10002f2e:	01d9      	lsls	r1, r3, #7
10002f30:	430a      	orrs	r2, r1
10002f32:	0144      	lsls	r4, r0, #5
10002f34:	1aa0      	subs	r0, r4, r2
10002f36:	b281      	uxth	r1, r0
10002f38:	b2b2      	uxth	r2, r6
10002f3a:	4351      	muls	r1, r2
10002f3c:	1403      	asrs	r3, r0, #16
10002f3e:	435a      	muls	r2, r3
10002f40:	0c36      	lsrs	r6, r6, #16
10002f42:	4373      	muls	r3, r6
10002f44:	b287      	uxth	r7, r0
10002f46:	4377      	muls	r7, r6
10002f48:	17d6      	asrs	r6, r2, #31
10002f4a:	19d2      	adds	r2, r2, r7
10002f4c:	2700      	movs	r7, #0
10002f4e:	417e      	adcs	r6, r7
10002f50:	0436      	lsls	r6, r6, #16
10002f52:	199b      	adds	r3, r3, r6
10002f54:	0417      	lsls	r7, r2, #16
10002f56:	0c16      	lsrs	r6, r2, #16
10002f58:	187f      	adds	r7, r7, r1
10002f5a:	415e      	adcs	r6, r3
10002f5c:	1673      	asrs	r3, r6, #25
10002f5e:	18ed      	adds	r5, r5, r3
10002f60:	01f3      	lsls	r3, r6, #7
10002f62:	2600      	movs	r6, #0
10002f64:	3380      	adds	r3, #128	@ 0x80
10002f66:	4175      	adcs	r5, r6
10002f68:	0fa9      	lsrs	r1, r5, #30
10002f6a:	d106      	bne.n	10002f7a <dd_0>
10002f6c:	0064      	lsls	r4, r4, #1
10002f6e:	0a69      	lsrs	r1, r5, #9
10002f70:	05e8      	lsls	r0, r5, #23
10002f72:	0a5b      	lsrs	r3, r3, #9
10002f74:	4318      	orrs	r0, r3
10002f76:	d209      	bcs.n	10002f8c <dd_1>
10002f78:	e02f      	b.n	10002fda <dd_2>

10002f7a <dd_0>:
10002f7a:	2204      	movs	r2, #4
10002f7c:	4494      	add	ip, r2
10002f7e:	3380      	adds	r3, #128	@ 0x80
10002f80:	4175      	adcs	r5, r6
10002f82:	0aa9      	lsrs	r1, r5, #10
10002f84:	05a8      	lsls	r0, r5, #22
10002f86:	0a9b      	lsrs	r3, r3, #10
10002f88:	4318      	orrs	r0, r3
10002f8a:	d326      	bcc.n	10002fda <dd_2>

10002f8c <dd_1>:
10002f8c:	4140      	adcs	r0, r0
10002f8e:	4149      	adcs	r1, r1
10002f90:	0424      	lsls	r4, r4, #16
10002f92:	9a00      	ldr	r2, [sp, #0]
10002f94:	9b01      	ldr	r3, [sp, #4]
10002f96:	000d      	movs	r5, r1
10002f98:	4355      	muls	r5, r2
10002f9a:	1b64      	subs	r4, r4, r5
10002f9c:	4343      	muls	r3, r0
10002f9e:	1ae4      	subs	r4, r4, r3
10002fa0:	b295      	uxth	r5, r2
10002fa2:	b286      	uxth	r6, r0
10002fa4:	4375      	muls	r5, r6
10002fa6:	0c17      	lsrs	r7, r2, #16
10002fa8:	437e      	muls	r6, r7
10002faa:	0c03      	lsrs	r3, r0, #16
10002fac:	435f      	muls	r7, r3
10002fae:	b292      	uxth	r2, r2
10002fb0:	435a      	muls	r2, r3
10002fb2:	18b6      	adds	r6, r6, r2
10002fb4:	d302      	bcc.n	10002fbc <l24_1>
10002fb6:	2201      	movs	r2, #1
10002fb8:	0412      	lsls	r2, r2, #16
10002fba:	18bf      	adds	r7, r7, r2

10002fbc <l24_1>:
10002fbc:	0432      	lsls	r2, r6, #16
10002fbe:	0c33      	lsrs	r3, r6, #16
10002fc0:	1952      	adds	r2, r2, r5
10002fc2:	417b      	adcs	r3, r7
10002fc4:	4252      	negs	r2, r2
10002fc6:	419c      	sbcs	r4, r3
10002fc8:	2c00      	cmp	r4, #0
10002fca:	d402      	bmi.n	10002fd2 <l24_1+0x16>
10002fcc:	2200      	movs	r2, #0
10002fce:	3001      	adds	r0, #1
10002fd0:	4151      	adcs	r1, r2
10002fd2:	0840      	lsrs	r0, r0, #1
10002fd4:	07ca      	lsls	r2, r1, #31
10002fd6:	4310      	orrs	r0, r2
10002fd8:	0849      	lsrs	r1, r1, #1

10002fda <dd_2>:
10002fda:	b002      	add	sp, #8
10002fdc:	4662      	mov	r2, ip
10002fde:	07d7      	lsls	r7, r2, #31
10002fe0:	1092      	asrs	r2, r2, #2
10002fe2:	4b08      	ldr	r3, [pc, #32]	@ (10003004 <dd_4+0x6>)
10002fe4:	18d2      	adds	r2, r2, r3
10002fe6:	4b08      	ldr	r3, [pc, #32]	@ (10003008 <dd_4+0xa>)
10002fe8:	429a      	cmp	r2, r3
10002fea:	d203      	bcs.n	10002ff4 <dd_3>
10002fec:	0512      	lsls	r2, r2, #20
10002fee:	1889      	adds	r1, r1, r2

10002ff0 <dd_5>:
10002ff0:	19c9      	adds	r1, r1, r7
10002ff2:	bdf0      	pop	{r4, r5, r6, r7, pc}

10002ff4 <dd_3>:
10002ff4:	2000      	movs	r0, #0
10002ff6:	2a00      	cmp	r2, #0
10002ff8:	dc01      	bgt.n	10002ffe <dd_4>
10002ffa:	0039      	movs	r1, r7
10002ffc:	bdf0      	pop	{r4, r5, r6, r7, pc}

10002ffe <dd_4>:
10002ffe:	3301      	adds	r3, #1
10003000:	0519      	lsls	r1, r3, #20
10003002:	e7f5      	b.n	10002ff0 <dd_5>
10003004:	000003fd 	.word	0x000003fd
10003008:	000007fe 	.word	0x000007fe

1000300c <double2uint_shim>:
1000300c:	2200      	movs	r2, #0

1000300e <double2ufix_shim>:
1000300e:	b500      	push	{lr}
10003010:	3220      	adds	r2, #32
10003012:	f000 f804 	bl	1000301e <double2ufix64_shim>
10003016:	0008      	movs	r0, r1
10003018:	bd00      	pop	{pc}
	...

1000301c <double2uint64_shim>:
1000301c:	2200      	movs	r2, #0

1000301e <double2ufix64_shim>:
1000301e:	150b      	asrs	r3, r1, #20
10003020:	d40a      	bmi.n	10003038 <ret_dzero>

10003022 <d2fix>:
10003022:	b510      	push	{r4, lr}
10003024:	4694      	mov	ip, r2
10003026:	f000 f831 	bl	1000308c <dunpacks>
1000302a:	1414      	asrs	r4, r2, #16
1000302c:	3401      	adds	r4, #1
1000302e:	da00      	bge.n	10003032 <d2fix+0x10>
10003030:	2100      	movs	r1, #0
10003032:	17cb      	asrs	r3, r1, #31
10003034:	4c14      	ldr	r4, [pc, #80]	@ (10003088 <d2fix_a+0x4a>)
10003036:	4720      	bx	r4

10003038 <ret_dzero>:
10003038:	2000      	movs	r0, #0
1000303a:	2100      	movs	r1, #0
1000303c:	4770      	bx	lr

1000303e <d2fix_a>:
1000303e:	4462      	add	r2, ip
10003040:	3a34      	subs	r2, #52	@ 0x34
10003042:	d40c      	bmi.n	1000305e <d2fix_a+0x20>
10003044:	2a0c      	cmp	r2, #12
10003046:	da07      	bge.n	10003058 <d2fix_a+0x1a>
10003048:	0004      	movs	r4, r0
1000304a:	4091      	lsls	r1, r2
1000304c:	4090      	lsls	r0, r2
1000304e:	4252      	negs	r2, r2
10003050:	3220      	adds	r2, #32
10003052:	40d4      	lsrs	r4, r2
10003054:	4321      	orrs	r1, r4
10003056:	bd10      	pop	{r4, pc}
10003058:	43d8      	mvns	r0, r3
1000305a:	43d9      	mvns	r1, r3
1000305c:	bd10      	pop	{r4, pc}
1000305e:	3220      	adds	r2, #32
10003060:	d407      	bmi.n	10003072 <d2fix_a+0x34>
10003062:	460c      	mov	r4, r1
10003064:	4094      	lsls	r4, r2
10003066:	4252      	negs	r2, r2
10003068:	3220      	adds	r2, #32
1000306a:	4111      	asrs	r1, r2
1000306c:	40d0      	lsrs	r0, r2
1000306e:	4320      	orrs	r0, r4
10003070:	bd10      	pop	{r4, pc}
10003072:	0008      	movs	r0, r1
10003074:	17c9      	asrs	r1, r1, #31
10003076:	3220      	adds	r2, #32
10003078:	d403      	bmi.n	10003082 <d2fix_a+0x44>
1000307a:	4252      	negs	r2, r2
1000307c:	3220      	adds	r2, #32
1000307e:	4110      	asrs	r0, r2
10003080:	bd10      	pop	{r4, pc}
10003082:	0018      	movs	r0, r3
10003084:	0019      	movs	r1, r3
10003086:	bd10      	pop	{r4, pc}
10003088:	1000303f 	.word	0x1000303f

1000308c <dunpacks>:
1000308c:	0d0a      	lsrs	r2, r1, #20
1000308e:	0fcc      	lsrs	r4, r1, #31
10003090:	1e53      	subs	r3, r2, #1
10003092:	051b      	lsls	r3, r3, #20
10003094:	1ac9      	subs	r1, r1, r3
10003096:	0552      	lsls	r2, r2, #21
10003098:	d303      	bcc.n	100030a2 <l60_1>
1000309a:	43c9      	mvns	r1, r1
1000309c:	4240      	negs	r0, r0
1000309e:	d300      	bcc.n	100030a2 <l60_1>
100030a0:	3101      	adds	r1, #1

100030a2 <l60_1>:
100030a2:	0d52      	lsrs	r2, r2, #21
100030a4:	d003      	beq.n	100030ae <l60_2>
100030a6:	1c53      	adds	r3, r2, #1
100030a8:	0adb      	lsrs	r3, r3, #11
100030aa:	d007      	beq.n	100030bc <l60_3>
100030ac:	1b12      	subs	r2, r2, r4

100030ae <l60_2>:
100030ae:	2000      	movs	r0, #0
100030b0:	0064      	lsls	r4, r4, #1
100030b2:	1c61      	adds	r1, r4, #1
100030b4:	0789      	lsls	r1, r1, #30
100030b6:	1289      	asrs	r1, r1, #10
100030b8:	3a80      	subs	r2, #128	@ 0x80
100030ba:	0312      	lsls	r2, r2, #12

100030bc <l60_3>:
100030bc:	4b01      	ldr	r3, [pc, #4]	@ (100030c4 <l60_3+0x8>)
100030be:	1ad2      	subs	r2, r2, r3
100030c0:	4770      	bx	lr
100030c2:	0000      	.short	0x0000
100030c4:	000003ff 	.word	0x000003ff

100030c8 <__wrap___aeabi_lmul>:
100030c8:	4351      	muls	r1, r2
100030ca:	4343      	muls	r3, r0
100030cc:	18c9      	adds	r1, r1, r3
100030ce:	468c      	mov	ip, r1
100030d0:	0c11      	lsrs	r1, r2, #16
100030d2:	b283      	uxth	r3, r0
100030d4:	434b      	muls	r3, r1
100030d6:	b410      	push	{r4}
100030d8:	0c04      	lsrs	r4, r0, #16
100030da:	4361      	muls	r1, r4
100030dc:	b292      	uxth	r2, r2
100030de:	b280      	uxth	r0, r0
100030e0:	4350      	muls	r0, r2
100030e2:	4362      	muls	r2, r4
100030e4:	041c      	lsls	r4, r3, #16
100030e6:	0c1b      	lsrs	r3, r3, #16
100030e8:	1900      	adds	r0, r0, r4
100030ea:	bc10      	pop	{r4}
100030ec:	4159      	adcs	r1, r3
100030ee:	0413      	lsls	r3, r2, #16
100030f0:	0c12      	lsrs	r2, r2, #16
100030f2:	18c0      	adds	r0, r0, r3
100030f4:	4151      	adcs	r1, r2
100030f6:	4461      	add	r1, ip
100030f8:	4770      	bx	lr
	...

100030fc <__aeabi_float_init>:
100030fc:	2313      	movs	r3, #19
100030fe:	b510      	push	{r4, lr}
10003100:	781c      	ldrb	r4, [r3, #0]
10003102:	4813      	ldr	r0, [pc, #76]	@ (10003150 <__aeabi_float_init+0x54>)
10003104:	f7ff f842 	bl	1000218c <rom_data_lookup>
10003108:	2c01      	cmp	r4, #1
1000310a:	d00b      	beq.n	10003124 <__aeabi_float_init+0x28>
1000310c:	dd04      	ble.n	10003118 <__aeabi_float_init+0x1c>
1000310e:	0001      	movs	r1, r0
10003110:	2280      	movs	r2, #128	@ 0x80
10003112:	4810      	ldr	r0, [pc, #64]	@ (10003154 <__aeabi_float_init+0x58>)
10003114:	f000 f84a 	bl	100031ac <__wrap___aeabi_memcpy>
10003118:	480f      	ldr	r0, [pc, #60]	@ (10003158 <__aeabi_float_init+0x5c>)
1000311a:	f7ff f82f 	bl	1000217c <rom_func_lookup>
1000311e:	4b0f      	ldr	r3, [pc, #60]	@ (1000315c <__aeabi_float_init+0x60>)
10003120:	6018      	str	r0, [r3, #0]
10003122:	bd10      	pop	{r4, pc}
10003124:	4c0b      	ldr	r4, [pc, #44]	@ (10003154 <__aeabi_float_init+0x58>)
10003126:	0001      	movs	r1, r0
10003128:	2254      	movs	r2, #84	@ 0x54
1000312a:	0020      	movs	r0, r4
1000312c:	f000 f83e 	bl	100031ac <__wrap___aeabi_memcpy>
10003130:	4b0b      	ldr	r3, [pc, #44]	@ (10003160 <__aeabi_float_init+0x64>)
10003132:	6563      	str	r3, [r4, #84]	@ 0x54
10003134:	65a3      	str	r3, [r4, #88]	@ 0x58
10003136:	65e3      	str	r3, [r4, #92]	@ 0x5c
10003138:	6623      	str	r3, [r4, #96]	@ 0x60
1000313a:	6663      	str	r3, [r4, #100]	@ 0x64
1000313c:	66a3      	str	r3, [r4, #104]	@ 0x68
1000313e:	66e3      	str	r3, [r4, #108]	@ 0x6c
10003140:	6723      	str	r3, [r4, #112]	@ 0x70
10003142:	6763      	str	r3, [r4, #116]	@ 0x74
10003144:	67a3      	str	r3, [r4, #120]	@ 0x78
10003146:	67e3      	str	r3, [r4, #124]	@ 0x7c
10003148:	6223      	str	r3, [r4, #32]
1000314a:	61e3      	str	r3, [r4, #28]
1000314c:	e7e4      	b.n	10003118 <__aeabi_float_init+0x1c>
1000314e:	46c0      	nop			@ (mov r8, r8)
10003150:	00004653 	.word	0x00004653
10003154:	20001d18 	.word	0x20001d18
10003158:	0000334c 	.word	0x0000334c
1000315c:	200029c4 	.word	0x200029c4
10003160:	10003165 	.word	0x10003165

10003164 <float_table_shim_on_use_helper>:
10003164:	b507      	push	{r0, r1, r2, lr}
10003166:	4660      	mov	r0, ip
10003168:	8801      	ldrh	r1, [r0, #0]
1000316a:	0a0a      	lsrs	r2, r1, #8
1000316c:	3002      	adds	r0, #2
1000316e:	2adf      	cmp	r2, #223	@ 0xdf
10003170:	d1fa      	bne.n	10003168 <float_table_shim_on_use_helper+0x4>
10003172:	b2c9      	uxtb	r1, r1
10003174:	0882      	lsrs	r2, r0, #2
10003176:	d304      	bcc.n	10003182 <float_table_shim_on_use_helper+0x1e>
10003178:	8802      	ldrh	r2, [r0, #0]
1000317a:	8840      	ldrh	r0, [r0, #2]
1000317c:	0400      	lsls	r0, r0, #16
1000317e:	4310      	orrs	r0, r2
10003180:	e000      	b.n	10003184 <float_table_shim_on_use_helper+0x20>
10003182:	6800      	ldr	r0, [r0, #0]
10003184:	4a01      	ldr	r2, [pc, #4]	@ (1000318c <float_table_shim_on_use_helper+0x28>)
10003186:	5050      	str	r0, [r2, r1]
10003188:	9003      	str	r0, [sp, #12]
1000318a:	bd07      	pop	{r0, r1, r2, pc}
1000318c:	20001d18 	.word	0x20001d18

10003190 <__aeabi_mem_init>:
10003190:	4801      	ldr	r0, [pc, #4]	@ (10003198 <__aeabi_mem_init+0x8>)
10003192:	2104      	movs	r1, #4
10003194:	4b01      	ldr	r3, [pc, #4]	@ (1000319c <__aeabi_mem_init+0xc>)
10003196:	4718      	bx	r3
10003198:	200018d0 	.word	0x200018d0
1000319c:	1000219d 	.word	0x1000219d

100031a0 <__wrap_memset>:
100031a0:	4b01      	ldr	r3, [pc, #4]	@ (100031a8 <__wrap_memset+0x8>)
100031a2:	681b      	ldr	r3, [r3, #0]
100031a4:	4718      	bx	r3
100031a6:	0000      	.short	0x0000
100031a8:	200018d0 	.word	0x200018d0

100031ac <__wrap___aeabi_memcpy>:
100031ac:	4b01      	ldr	r3, [pc, #4]	@ (100031b4 <__wrap___aeabi_memcpy+0x8>)
100031ae:	685b      	ldr	r3, [r3, #4]
100031b0:	4718      	bx	r3
100031b2:	0000      	.short	0x0000
100031b4:	200018d0 	.word	0x200018d0

100031b8 <_out_buffer>:
100031b8:	429a      	cmp	r2, r3
100031ba:	d200      	bcs.n	100031be <_out_buffer+0x6>
100031bc:	5488      	strb	r0, [r1, r2]
100031be:	4770      	bx	lr

100031c0 <_out_null>:
100031c0:	4770      	bx	lr
100031c2:	46c0      	nop			@ (mov r8, r8)

100031c4 <_out_rev>:
100031c4:	b5f8      	push	{r3, r4, r5, r6, r7, lr}
100031c6:	46de      	mov	lr, fp
100031c8:	4657      	mov	r7, sl
100031ca:	464e      	mov	r6, r9
100031cc:	4645      	mov	r5, r8
100031ce:	b5e0      	push	{r5, r6, r7, lr}
100031d0:	4699      	mov	r9, r3
100031d2:	9b0d      	ldr	r3, [sp, #52]	@ 0x34
100031d4:	0007      	movs	r7, r0
100031d6:	4688      	mov	r8, r1
100031d8:	4693      	mov	fp, r2
100031da:	079b      	lsls	r3, r3, #30
100031dc:	d028      	beq.n	10003230 <_out_rev+0x6c>
100031de:	9b0b      	ldr	r3, [sp, #44]	@ 0x2c
100031e0:	2b00      	cmp	r3, #0
100031e2:	d03c      	beq.n	1000325e <_out_rev+0x9a>
100031e4:	0016      	movs	r6, r2
100031e6:	9c0b      	ldr	r4, [sp, #44]	@ 0x2c
100031e8:	9d0a      	ldr	r5, [sp, #40]	@ 0x28
100031ea:	1936      	adds	r6, r6, r4
100031ec:	1b32      	subs	r2, r6, r4
100031ee:	3c01      	subs	r4, #1
100031f0:	464b      	mov	r3, r9
100031f2:	4641      	mov	r1, r8
100031f4:	5d28      	ldrb	r0, [r5, r4]
100031f6:	47b8      	blx	r7
100031f8:	2c00      	cmp	r4, #0
100031fa:	d1f7      	bne.n	100031ec <_out_rev+0x28>
100031fc:	0035      	movs	r5, r6
100031fe:	9b0d      	ldr	r3, [sp, #52]	@ 0x34
10003200:	079b      	lsls	r3, r3, #30
10003202:	d50e      	bpl.n	10003222 <_out_rev+0x5e>
10003204:	465b      	mov	r3, fp
10003206:	1aec      	subs	r4, r5, r3
10003208:	9b0c      	ldr	r3, [sp, #48]	@ 0x30
1000320a:	42a3      	cmp	r3, r4
1000320c:	d909      	bls.n	10003222 <_out_rev+0x5e>
1000320e:	001e      	movs	r6, r3
10003210:	002a      	movs	r2, r5
10003212:	464b      	mov	r3, r9
10003214:	4641      	mov	r1, r8
10003216:	2020      	movs	r0, #32
10003218:	3401      	adds	r4, #1
1000321a:	47b8      	blx	r7
1000321c:	3501      	adds	r5, #1
1000321e:	42b4      	cmp	r4, r6
10003220:	d3f6      	bcc.n	10003210 <_out_rev+0x4c>
10003222:	0028      	movs	r0, r5
10003224:	bcf0      	pop	{r4, r5, r6, r7}
10003226:	46bb      	mov	fp, r7
10003228:	46b2      	mov	sl, r6
1000322a:	46a9      	mov	r9, r5
1000322c:	46a0      	mov	r8, r4
1000322e:	bdf8      	pop	{r3, r4, r5, r6, r7, pc}
10003230:	9b0b      	ldr	r3, [sp, #44]	@ 0x2c
10003232:	9a0c      	ldr	r2, [sp, #48]	@ 0x30
10003234:	4293      	cmp	r3, r2
10003236:	d214      	bcs.n	10003262 <_out_rev+0x9e>
10003238:	0013      	movs	r3, r2
1000323a:	465d      	mov	r5, fp
1000323c:	000c      	movs	r4, r1
1000323e:	9a0b      	ldr	r2, [sp, #44]	@ 0x2c
10003240:	1a9e      	subs	r6, r3, r2
10003242:	1976      	adds	r6, r6, r5
10003244:	002a      	movs	r2, r5
10003246:	464b      	mov	r3, r9
10003248:	3501      	adds	r5, #1
1000324a:	0021      	movs	r1, r4
1000324c:	2020      	movs	r0, #32
1000324e:	47b8      	blx	r7
10003250:	42b5      	cmp	r5, r6
10003252:	d1f7      	bne.n	10003244 <_out_rev+0x80>
10003254:	9b0b      	ldr	r3, [sp, #44]	@ 0x2c
10003256:	46a0      	mov	r8, r4
10003258:	2b00      	cmp	r3, #0
1000325a:	d1c4      	bne.n	100031e6 <_out_rev+0x22>
1000325c:	e7e1      	b.n	10003222 <_out_rev+0x5e>
1000325e:	0015      	movs	r5, r2
10003260:	e7cd      	b.n	100031fe <_out_rev+0x3a>
10003262:	465e      	mov	r6, fp
10003264:	2b00      	cmp	r3, #0
10003266:	d1be      	bne.n	100031e6 <_out_rev+0x22>
10003268:	465d      	mov	r5, fp
1000326a:	e7da      	b.n	10003222 <_out_rev+0x5e>

1000326c <_ntoa_format>:
1000326c:	b5f0      	push	{r4, r5, r6, r7, lr}
1000326e:	464f      	mov	r7, r9
10003270:	46d6      	mov	lr, sl
10003272:	4646      	mov	r6, r8
10003274:	b5c0      	push	{r6, r7, lr}
10003276:	b084      	sub	sp, #16
10003278:	469c      	mov	ip, r3
1000327a:	ab0e      	add	r3, sp, #56	@ 0x38
1000327c:	781f      	ldrb	r7, [r3, #0]
1000327e:	9b12      	ldr	r3, [sp, #72]	@ 0x48
10003280:	4691      	mov	r9, r2
10003282:	46ba      	mov	sl, r7
10003284:	9c0d      	ldr	r4, [sp, #52]	@ 0x34
10003286:	9e10      	ldr	r6, [sp, #64]	@ 0x40
10003288:	9d11      	ldr	r5, [sp, #68]	@ 0x44
1000328a:	079b      	lsls	r3, r3, #30
1000328c:	d44c      	bmi.n	10003328 <_ntoa_format+0xbc>
1000328e:	2d00      	cmp	r5, #0
10003290:	d141      	bne.n	10003316 <_ntoa_format+0xaa>
10003292:	42b4      	cmp	r4, r6
10003294:	d248      	bcs.n	10003328 <_ntoa_format+0xbc>
10003296:	2301      	movs	r3, #1
10003298:	9f12      	ldr	r7, [sp, #72]	@ 0x48
1000329a:	401f      	ands	r7, r3
1000329c:	46b8      	mov	r8, r7
1000329e:	9b0c      	ldr	r3, [sp, #48]	@ 0x30
100032a0:	1e5f      	subs	r7, r3, #1
100032a2:	2330      	movs	r3, #48	@ 0x30
100032a4:	e003      	b.n	100032ae <_ntoa_format+0x42>
100032a6:	3401      	adds	r4, #1
100032a8:	553b      	strb	r3, [r7, r4]
100032aa:	42a6      	cmp	r6, r4
100032ac:	d901      	bls.n	100032b2 <_ntoa_format+0x46>
100032ae:	2c20      	cmp	r4, #32
100032b0:	d1f9      	bne.n	100032a6 <_ntoa_format+0x3a>
100032b2:	4643      	mov	r3, r8
100032b4:	2b00      	cmp	r3, #0
100032b6:	d100      	bne.n	100032ba <_ntoa_format+0x4e>
100032b8:	e087      	b.n	100033ca <_ntoa_format+0x15e>
100032ba:	9b0c      	ldr	r3, [sp, #48]	@ 0x30
100032bc:	1e5f      	subs	r7, r3, #1
100032be:	2330      	movs	r3, #48	@ 0x30
100032c0:	42a5      	cmp	r5, r4
100032c2:	d804      	bhi.n	100032ce <_ntoa_format+0x62>
100032c4:	e030      	b.n	10003328 <_ntoa_format+0xbc>
100032c6:	3401      	adds	r4, #1
100032c8:	553b      	strb	r3, [r7, r4]
100032ca:	42ac      	cmp	r4, r5
100032cc:	d02c      	beq.n	10003328 <_ntoa_format+0xbc>
100032ce:	2c20      	cmp	r4, #32
100032d0:	d1f9      	bne.n	100032c6 <_ntoa_format+0x5a>
100032d2:	9b12      	ldr	r3, [sp, #72]	@ 0x48
100032d4:	06db      	lsls	r3, r3, #27
100032d6:	d50d      	bpl.n	100032f4 <_ntoa_format+0x88>
100032d8:	9b12      	ldr	r3, [sp, #72]	@ 0x48
100032da:	055b      	lsls	r3, r3, #21
100032dc:	d457      	bmi.n	1000338e <_ntoa_format+0x122>
100032de:	42a6      	cmp	r6, r4
100032e0:	d067      	beq.n	100033b2 <_ntoa_format+0x146>
100032e2:	42a5      	cmp	r5, r4
100032e4:	d065      	beq.n	100033b2 <_ntoa_format+0x146>
100032e6:	9b0f      	ldr	r3, [sp, #60]	@ 0x3c
100032e8:	2b10      	cmp	r3, #16
100032ea:	d053      	beq.n	10003394 <_ntoa_format+0x128>
100032ec:	2b02      	cmp	r3, #2
100032ee:	d05b      	beq.n	100033a8 <_ntoa_format+0x13c>
100032f0:	2c20      	cmp	r4, #32
100032f2:	d136      	bne.n	10003362 <_ntoa_format+0xf6>
100032f4:	2320      	movs	r3, #32
100032f6:	9c12      	ldr	r4, [sp, #72]	@ 0x48
100032f8:	9301      	str	r3, [sp, #4]
100032fa:	9b0c      	ldr	r3, [sp, #48]	@ 0x30
100032fc:	464a      	mov	r2, r9
100032fe:	9300      	str	r3, [sp, #0]
10003300:	9403      	str	r4, [sp, #12]
10003302:	4663      	mov	r3, ip
10003304:	9502      	str	r5, [sp, #8]
10003306:	f7ff ff5d 	bl	100031c4 <_out_rev>
1000330a:	b004      	add	sp, #16
1000330c:	bce0      	pop	{r5, r6, r7}
1000330e:	46ba      	mov	sl, r7
10003310:	46b1      	mov	r9, r6
10003312:	46a8      	mov	r8, r5
10003314:	bdf0      	pop	{r4, r5, r6, r7, pc}
10003316:	2301      	movs	r3, #1
10003318:	9a12      	ldr	r2, [sp, #72]	@ 0x48
1000331a:	4013      	ands	r3, r2
1000331c:	4698      	mov	r8, r3
1000331e:	2301      	movs	r3, #1
10003320:	4213      	tst	r3, r2
10003322:	d12d      	bne.n	10003380 <_ntoa_format+0x114>
10003324:	42b4      	cmp	r4, r6
10003326:	d3ba      	bcc.n	1000329e <_ntoa_format+0x32>
10003328:	9b12      	ldr	r3, [sp, #72]	@ 0x48
1000332a:	06db      	lsls	r3, r3, #27
1000332c:	d51e      	bpl.n	1000336c <_ntoa_format+0x100>
1000332e:	9b12      	ldr	r3, [sp, #72]	@ 0x48
10003330:	055b      	lsls	r3, r3, #21
10003332:	d4d8      	bmi.n	100032e6 <_ntoa_format+0x7a>
10003334:	2c00      	cmp	r4, #0
10003336:	d1d2      	bne.n	100032de <_ntoa_format+0x72>
10003338:	9b0f      	ldr	r3, [sp, #60]	@ 0x3c
1000333a:	2b10      	cmp	r3, #16
1000333c:	d060      	beq.n	10003400 <_ntoa_format+0x194>
1000333e:	9b0f      	ldr	r3, [sp, #60]	@ 0x3c
10003340:	2b02      	cmp	r3, #2
10003342:	d071      	beq.n	10003428 <_ntoa_format+0x1bc>
10003344:	2330      	movs	r3, #48	@ 0x30
10003346:	2401      	movs	r4, #1
10003348:	9a0c      	ldr	r2, [sp, #48]	@ 0x30
1000334a:	7013      	strb	r3, [r2, #0]
1000334c:	4653      	mov	r3, sl
1000334e:	2b00      	cmp	r3, #0
10003350:	d111      	bne.n	10003376 <_ntoa_format+0x10a>
10003352:	9b12      	ldr	r3, [sp, #72]	@ 0x48
10003354:	075b      	lsls	r3, r3, #29
10003356:	d540      	bpl.n	100033da <_ntoa_format+0x16e>
10003358:	262b      	movs	r6, #43	@ 0x2b
1000335a:	9a0c      	ldr	r2, [sp, #48]	@ 0x30
1000335c:	1c63      	adds	r3, r4, #1
1000335e:	5516      	strb	r6, [r2, r4]
10003360:	e7c9      	b.n	100032f6 <_ntoa_format+0x8a>
10003362:	0023      	movs	r3, r4
10003364:	3401      	adds	r4, #1
10003366:	2630      	movs	r6, #48	@ 0x30
10003368:	9a0c      	ldr	r2, [sp, #48]	@ 0x30
1000336a:	54d6      	strb	r6, [r2, r3]
1000336c:	2c20      	cmp	r4, #32
1000336e:	d0c1      	beq.n	100032f4 <_ntoa_format+0x88>
10003370:	4653      	mov	r3, sl
10003372:	2b00      	cmp	r3, #0
10003374:	d0ed      	beq.n	10003352 <_ntoa_format+0xe6>
10003376:	262d      	movs	r6, #45	@ 0x2d
10003378:	9a0c      	ldr	r2, [sp, #48]	@ 0x30
1000337a:	1c63      	adds	r3, r4, #1
1000337c:	5516      	strb	r6, [r2, r4]
1000337e:	e7ba      	b.n	100032f6 <_ntoa_format+0x8a>
10003380:	2f00      	cmp	r7, #0
10003382:	d034      	beq.n	100033ee <_ntoa_format+0x182>
10003384:	3d01      	subs	r5, #1
10003386:	42b4      	cmp	r4, r6
10003388:	d200      	bcs.n	1000338c <_ntoa_format+0x120>
1000338a:	e788      	b.n	1000329e <_ntoa_format+0x32>
1000338c:	e795      	b.n	100032ba <_ntoa_format+0x4e>
1000338e:	9b0f      	ldr	r3, [sp, #60]	@ 0x3c
10003390:	2b10      	cmp	r3, #16
10003392:	d1af      	bne.n	100032f4 <_ntoa_format+0x88>
10003394:	9b12      	ldr	r3, [sp, #72]	@ 0x48
10003396:	069b      	lsls	r3, r3, #26
10003398:	d53c      	bpl.n	10003414 <_ntoa_format+0x1a8>
1000339a:	2c20      	cmp	r4, #32
1000339c:	d0aa      	beq.n	100032f4 <_ntoa_format+0x88>
1000339e:	2358      	movs	r3, #88	@ 0x58
100033a0:	9a0c      	ldr	r2, [sp, #48]	@ 0x30
100033a2:	5513      	strb	r3, [r2, r4]
100033a4:	3401      	adds	r4, #1
100033a6:	e7a3      	b.n	100032f0 <_ntoa_format+0x84>
100033a8:	2c20      	cmp	r4, #32
100033aa:	d0a3      	beq.n	100032f4 <_ntoa_format+0x88>
100033ac:	0023      	movs	r3, r4
100033ae:	3401      	adds	r4, #1
100033b0:	e007      	b.n	100033c2 <_ntoa_format+0x156>
100033b2:	1e63      	subs	r3, r4, #1
100033b4:	2c01      	cmp	r4, #1
100033b6:	d0bf      	beq.n	10003338 <_ntoa_format+0xcc>
100033b8:	9a0f      	ldr	r2, [sp, #60]	@ 0x3c
100033ba:	2a10      	cmp	r2, #16
100033bc:	d036      	beq.n	1000342c <_ntoa_format+0x1c0>
100033be:	2a02      	cmp	r2, #2
100033c0:	d1d1      	bne.n	10003366 <_ntoa_format+0xfa>
100033c2:	2662      	movs	r6, #98	@ 0x62
100033c4:	9a0c      	ldr	r2, [sp, #48]	@ 0x30
100033c6:	54d6      	strb	r6, [r2, r3]
100033c8:	e792      	b.n	100032f0 <_ntoa_format+0x84>
100033ca:	9b12      	ldr	r3, [sp, #72]	@ 0x48
100033cc:	06db      	lsls	r3, r3, #27
100033ce:	d5cd      	bpl.n	1000336c <_ntoa_format+0x100>
100033d0:	9b12      	ldr	r3, [sp, #72]	@ 0x48
100033d2:	055b      	lsls	r3, r3, #21
100033d4:	d400      	bmi.n	100033d8 <_ntoa_format+0x16c>
100033d6:	e782      	b.n	100032de <_ntoa_format+0x72>
100033d8:	e785      	b.n	100032e6 <_ntoa_format+0x7a>
100033da:	9a12      	ldr	r2, [sp, #72]	@ 0x48
100033dc:	0023      	movs	r3, r4
100033de:	0716      	lsls	r6, r2, #28
100033e0:	d400      	bmi.n	100033e4 <_ntoa_format+0x178>
100033e2:	e788      	b.n	100032f6 <_ntoa_format+0x8a>
100033e4:	2620      	movs	r6, #32
100033e6:	9a0c      	ldr	r2, [sp, #48]	@ 0x30
100033e8:	3301      	adds	r3, #1
100033ea:	5516      	strb	r6, [r2, r4]
100033ec:	e783      	b.n	100032f6 <_ntoa_format+0x8a>
100033ee:	230c      	movs	r3, #12
100033f0:	4013      	ands	r3, r2
100033f2:	1e5f      	subs	r7, r3, #1
100033f4:	41bb      	sbcs	r3, r7
100033f6:	1aed      	subs	r5, r5, r3
100033f8:	42b4      	cmp	r4, r6
100033fa:	d200      	bcs.n	100033fe <_ntoa_format+0x192>
100033fc:	e74f      	b.n	1000329e <_ntoa_format+0x32>
100033fe:	e75c      	b.n	100032ba <_ntoa_format+0x4e>
10003400:	9b12      	ldr	r3, [sp, #72]	@ 0x48
10003402:	069b      	lsls	r3, r3, #26
10003404:	d40e      	bmi.n	10003424 <_ntoa_format+0x1b8>
10003406:	2378      	movs	r3, #120	@ 0x78
10003408:	9a0c      	ldr	r2, [sp, #48]	@ 0x30
1000340a:	2402      	movs	r4, #2
1000340c:	7013      	strb	r3, [r2, #0]
1000340e:	2330      	movs	r3, #48	@ 0x30
10003410:	7053      	strb	r3, [r2, #1]
10003412:	e79b      	b.n	1000334c <_ntoa_format+0xe0>
10003414:	2c20      	cmp	r4, #32
10003416:	d100      	bne.n	1000341a <_ntoa_format+0x1ae>
10003418:	e76c      	b.n	100032f4 <_ntoa_format+0x88>
1000341a:	2378      	movs	r3, #120	@ 0x78
1000341c:	9a0c      	ldr	r2, [sp, #48]	@ 0x30
1000341e:	5513      	strb	r3, [r2, r4]
10003420:	3401      	adds	r4, #1
10003422:	e765      	b.n	100032f0 <_ntoa_format+0x84>
10003424:	2358      	movs	r3, #88	@ 0x58
10003426:	e7ef      	b.n	10003408 <_ntoa_format+0x19c>
10003428:	3360      	adds	r3, #96	@ 0x60
1000342a:	e7ed      	b.n	10003408 <_ntoa_format+0x19c>
1000342c:	9a0c      	ldr	r2, [sp, #48]	@ 0x30
1000342e:	1ea6      	subs	r6, r4, #2
10003430:	18b6      	adds	r6, r6, r2
10003432:	9a12      	ldr	r2, [sp, #72]	@ 0x48
10003434:	0692      	lsls	r2, r2, #26
10003436:	d502      	bpl.n	1000343e <_ntoa_format+0x1d2>
10003438:	2258      	movs	r2, #88	@ 0x58
1000343a:	7032      	strb	r2, [r6, #0]
1000343c:	e793      	b.n	10003366 <_ntoa_format+0xfa>
1000343e:	2278      	movs	r2, #120	@ 0x78
10003440:	7032      	strb	r2, [r6, #0]
10003442:	e790      	b.n	10003366 <_ntoa_format+0xfa>

10003444 <_out_char>:
10003444:	b510      	push	{r4, lr}
10003446:	2800      	cmp	r0, #0
10003448:	d100      	bne.n	1000344c <_out_char+0x8>
1000344a:	bd10      	pop	{r4, pc}
1000344c:	f001 fc24 	bl	10004c98 <__wrap_putchar>
10003450:	e7fb      	b.n	1000344a <_out_char+0x6>
10003452:	46c0      	nop			@ (mov r8, r8)

10003454 <_out_fct>:
10003454:	b510      	push	{r4, lr}
10003456:	2800      	cmp	r0, #0
10003458:	d003      	beq.n	10003462 <_out_fct+0xe>
1000345a:	684a      	ldr	r2, [r1, #4]
1000345c:	680b      	ldr	r3, [r1, #0]
1000345e:	0011      	movs	r1, r2
10003460:	4798      	blx	r3
10003462:	bd10      	pop	{r4, pc}

10003464 <_ftoa>:
10003464:	b5f0      	push	{r4, r5, r6, r7, lr}
10003466:	464e      	mov	r6, r9
10003468:	46de      	mov	lr, fp
1000346a:	4657      	mov	r7, sl
1000346c:	4645      	mov	r5, r8
1000346e:	b5e0      	push	{r5, r6, r7, lr}
10003470:	b095      	sub	sp, #84	@ 0x54
10003472:	4683      	mov	fp, r0
10003474:	4689      	mov	r9, r1
10003476:	4692      	mov	sl, r2
10003478:	4698      	mov	r8, r3
1000347a:	9a1e      	ldr	r2, [sp, #120]	@ 0x78
1000347c:	9b1f      	ldr	r3, [sp, #124]	@ 0x7c
1000347e:	0010      	movs	r0, r2
10003480:	0019      	movs	r1, r3
10003482:	9e20      	ldr	r6, [sp, #128]	@ 0x80
10003484:	f7ff fac5 	bl	10002a12 <__wrap___aeabi_dcmpun>
10003488:	2800      	cmp	r0, #0
1000348a:	d000      	beq.n	1000348e <_ftoa+0x2a>
1000348c:	e1d2      	b.n	10003834 <_ftoa+0x3d0>
1000348e:	981e      	ldr	r0, [sp, #120]	@ 0x78
10003490:	991f      	ldr	r1, [sp, #124]	@ 0x7c
10003492:	2201      	movs	r2, #1
10003494:	4bc4      	ldr	r3, [pc, #784]	@ (100037a8 <_ftoa+0x344>)
10003496:	4252      	negs	r2, r2
10003498:	f7ff faa0 	bl	100029dc <__wrap___aeabi_dcmplt>
1000349c:	2800      	cmp	r0, #0
1000349e:	d000      	beq.n	100034a2 <_ftoa+0x3e>
100034a0:	e101      	b.n	100036a6 <_ftoa+0x242>
100034a2:	981e      	ldr	r0, [sp, #120]	@ 0x78
100034a4:	991f      	ldr	r1, [sp, #124]	@ 0x7c
100034a6:	2201      	movs	r2, #1
100034a8:	4bc0      	ldr	r3, [pc, #768]	@ (100037ac <_ftoa+0x348>)
100034aa:	4252      	negs	r2, r2
100034ac:	f7ff faac 	bl	10002a08 <__wrap___aeabi_dcmpgt>
100034b0:	2800      	cmp	r0, #0
100034b2:	d000      	beq.n	100034b6 <_ftoa+0x52>
100034b4:	e0d6      	b.n	10003664 <_ftoa+0x200>
100034b6:	981e      	ldr	r0, [sp, #120]	@ 0x78
100034b8:	991f      	ldr	r1, [sp, #124]	@ 0x7c
100034ba:	2200      	movs	r2, #0
100034bc:	4bbc      	ldr	r3, [pc, #752]	@ (100037b0 <_ftoa+0x34c>)
100034be:	f7ff faa3 	bl	10002a08 <__wrap___aeabi_dcmpgt>
100034c2:	2800      	cmp	r0, #0
100034c4:	d000      	beq.n	100034c8 <_ftoa+0x64>
100034c6:	e0b5      	b.n	10003634 <_ftoa+0x1d0>
100034c8:	981e      	ldr	r0, [sp, #120]	@ 0x78
100034ca:	991f      	ldr	r1, [sp, #124]	@ 0x7c
100034cc:	2200      	movs	r2, #0
100034ce:	4bb9      	ldr	r3, [pc, #740]	@ (100037b4 <_ftoa+0x350>)
100034d0:	f7ff fa84 	bl	100029dc <__wrap___aeabi_dcmplt>
100034d4:	2800      	cmp	r0, #0
100034d6:	d000      	beq.n	100034da <_ftoa+0x76>
100034d8:	e0ac      	b.n	10003634 <_ftoa+0x1d0>
100034da:	981e      	ldr	r0, [sp, #120]	@ 0x78
100034dc:	991f      	ldr	r1, [sp, #124]	@ 0x7c
100034de:	2200      	movs	r2, #0
100034e0:	2300      	movs	r3, #0
100034e2:	f7ff fa7b 	bl	100029dc <__wrap___aeabi_dcmplt>
100034e6:	2800      	cmp	r0, #0
100034e8:	d000      	beq.n	100034ec <_ftoa+0x88>
100034ea:	e0d1      	b.n	10003690 <_ftoa+0x22c>
100034ec:	2300      	movs	r3, #0
100034ee:	930b      	str	r3, [sp, #44]	@ 0x2c
100034f0:	9b22      	ldr	r3, [sp, #136]	@ 0x88
100034f2:	055b      	lsls	r3, r3, #21
100034f4:	d400      	bmi.n	100034f8 <_ftoa+0x94>
100034f6:	2606      	movs	r6, #6
100034f8:	2400      	movs	r4, #0
100034fa:	2330      	movs	r3, #48	@ 0x30
100034fc:	e006      	b.n	1000350c <_ftoa+0xa8>
100034fe:	aa06      	add	r2, sp, #24
10003500:	3401      	adds	r4, #1
10003502:	3217      	adds	r2, #23
10003504:	5513      	strb	r3, [r2, r4]
10003506:	3e01      	subs	r6, #1
10003508:	2c20      	cmp	r4, #32
1000350a:	d001      	beq.n	10003510 <_ftoa+0xac>
1000350c:	2e09      	cmp	r6, #9
1000350e:	d8f6      	bhi.n	100034fe <_ftoa+0x9a>
10003510:	981e      	ldr	r0, [sp, #120]	@ 0x78
10003512:	991f      	ldr	r1, [sp, #124]	@ 0x7c
10003514:	f7ff faa6 	bl	10002a64 <__wrap___aeabi_d2iz>
10003518:	4ba7      	ldr	r3, [pc, #668]	@ (100037b8 <_ftoa+0x354>)
1000351a:	00f2      	lsls	r2, r6, #3
1000351c:	189b      	adds	r3, r3, r2
1000351e:	cb0c      	ldmia	r3, {r2, r3}
10003520:	0005      	movs	r5, r0
10003522:	9208      	str	r2, [sp, #32]
10003524:	9309      	str	r3, [sp, #36]	@ 0x24
10003526:	f7ff fa85 	bl	10002a34 <__wrap___aeabi_i2d>
1000352a:	0002      	movs	r2, r0
1000352c:	000b      	movs	r3, r1
1000352e:	981e      	ldr	r0, [sp, #120]	@ 0x78
10003530:	991f      	ldr	r1, [sp, #124]	@ 0x7c
10003532:	f7ff f9e0 	bl	100028f6 <__wrap___aeabi_dsub>
10003536:	9a08      	ldr	r2, [sp, #32]
10003538:	9b09      	ldr	r3, [sp, #36]	@ 0x24
1000353a:	f7ff fa0c 	bl	10002956 <__wrap___aeabi_dmul>
1000353e:	9006      	str	r0, [sp, #24]
10003540:	9107      	str	r1, [sp, #28]
10003542:	f7ff fab3 	bl	10002aac <__wrap___aeabi_d2uiz>
10003546:	0007      	movs	r7, r0
10003548:	f7ff fa70 	bl	10002a2c <__wrap___aeabi_ui2d>
1000354c:	0002      	movs	r2, r0
1000354e:	000b      	movs	r3, r1
10003550:	9806      	ldr	r0, [sp, #24]
10003552:	9907      	ldr	r1, [sp, #28]
10003554:	f7ff f9cf 	bl	100028f6 <__wrap___aeabi_dsub>
10003558:	2200      	movs	r2, #0
1000355a:	4b98      	ldr	r3, [pc, #608]	@ (100037bc <_ftoa+0x358>)
1000355c:	9006      	str	r0, [sp, #24]
1000355e:	9107      	str	r1, [sp, #28]
10003560:	f7ff fa52 	bl	10002a08 <__wrap___aeabi_dcmpgt>
10003564:	2800      	cmp	r0, #0
10003566:	d100      	bne.n	1000356a <_ftoa+0x106>
10003568:	e0e9      	b.n	1000373e <_ftoa+0x2da>
1000356a:	3701      	adds	r7, #1
1000356c:	0038      	movs	r0, r7
1000356e:	f7ff fa5d 	bl	10002a2c <__wrap___aeabi_ui2d>
10003572:	0002      	movs	r2, r0
10003574:	000b      	movs	r3, r1
10003576:	9808      	ldr	r0, [sp, #32]
10003578:	9909      	ldr	r1, [sp, #36]	@ 0x24
1000357a:	f7ff fa35 	bl	100029e8 <__wrap___aeabi_dcmple>
1000357e:	2800      	cmp	r0, #0
10003580:	d001      	beq.n	10003586 <_ftoa+0x122>
10003582:	2700      	movs	r7, #0
10003584:	3501      	adds	r5, #1
10003586:	2e00      	cmp	r6, #0
10003588:	d100      	bne.n	1000358c <_ftoa+0x128>
1000358a:	e0b7      	b.n	100036fc <_ftoa+0x298>
1000358c:	9506      	str	r5, [sp, #24]
1000358e:	e013      	b.n	100035b8 <_ftoa+0x154>
10003590:	2317      	movs	r3, #23
10003592:	aa06      	add	r2, sp, #24
10003594:	189b      	adds	r3, r3, r2
10003596:	210a      	movs	r1, #10
10003598:	0038      	movs	r0, r7
1000359a:	3401      	adds	r4, #1
1000359c:	191d      	adds	r5, r3, r4
1000359e:	f7fe ff6f 	bl	10002480 <__wrap___aeabi_uidiv>
100035a2:	3130      	adds	r1, #48	@ 0x30
100035a4:	7029      	strb	r1, [r5, #0]
100035a6:	0038      	movs	r0, r7
100035a8:	210a      	movs	r1, #10
100035aa:	3e01      	subs	r6, #1
100035ac:	f7fe ff68 	bl	10002480 <__wrap___aeabi_uidiv>
100035b0:	2f09      	cmp	r7, #9
100035b2:	d800      	bhi.n	100035b6 <_ftoa+0x152>
100035b4:	e0e1      	b.n	1000377a <_ftoa+0x316>
100035b6:	0007      	movs	r7, r0
100035b8:	2c20      	cmp	r4, #32
100035ba:	d1e9      	bne.n	10003590 <_ftoa+0x12c>
100035bc:	9d06      	ldr	r5, [sp, #24]
100035be:	2420      	movs	r4, #32
100035c0:	ab0c      	add	r3, sp, #48	@ 0x30
100035c2:	9306      	str	r3, [sp, #24]
100035c4:	2717      	movs	r7, #23
100035c6:	ab06      	add	r3, sp, #24
100035c8:	18ff      	adds	r7, r7, r3
100035ca:	e00d      	b.n	100035e8 <_ftoa+0x184>
100035cc:	0028      	movs	r0, r5
100035ce:	210a      	movs	r1, #10
100035d0:	f7fe ff2e 	bl	10002430 <__wrap___aeabi_idiv>
100035d4:	3401      	adds	r4, #1
100035d6:	3130      	adds	r1, #48	@ 0x30
100035d8:	0028      	movs	r0, r5
100035da:	5539      	strb	r1, [r7, r4]
100035dc:	210a      	movs	r1, #10
100035de:	f7fe ff27 	bl	10002430 <__wrap___aeabi_idiv>
100035e2:	1e05      	subs	r5, r0, #0
100035e4:	d100      	bne.n	100035e8 <_ftoa+0x184>
100035e6:	e0b7      	b.n	10003758 <_ftoa+0x2f4>
100035e8:	2c20      	cmp	r4, #32
100035ea:	d1ef      	bne.n	100035cc <_ftoa+0x168>
100035ec:	2303      	movs	r3, #3
100035ee:	9a22      	ldr	r2, [sp, #136]	@ 0x88
100035f0:	4013      	ands	r3, r2
100035f2:	2b01      	cmp	r3, #1
100035f4:	d117      	bne.n	10003626 <_ftoa+0x1c2>
100035f6:	9b21      	ldr	r3, [sp, #132]	@ 0x84
100035f8:	2b00      	cmp	r3, #0
100035fa:	d014      	beq.n	10003626 <_ftoa+0x1c2>
100035fc:	9b0b      	ldr	r3, [sp, #44]	@ 0x2c
100035fe:	2b00      	cmp	r3, #0
10003600:	d100      	bne.n	10003604 <_ftoa+0x1a0>
10003602:	e0e3      	b.n	100037cc <_ftoa+0x368>
10003604:	9b21      	ldr	r3, [sp, #132]	@ 0x84
10003606:	3b01      	subs	r3, #1
10003608:	9321      	str	r3, [sp, #132]	@ 0x84
1000360a:	2b20      	cmp	r3, #32
1000360c:	d90b      	bls.n	10003626 <_ftoa+0x1c2>
1000360e:	2330      	movs	r3, #48	@ 0x30
10003610:	9a21      	ldr	r2, [sp, #132]	@ 0x84
10003612:	e006      	b.n	10003622 <_ftoa+0x1be>
10003614:	a906      	add	r1, sp, #24
10003616:	3401      	adds	r4, #1
10003618:	3117      	adds	r1, #23
1000361a:	550b      	strb	r3, [r1, r4]
1000361c:	4294      	cmp	r4, r2
1000361e:	d300      	bcc.n	10003622 <_ftoa+0x1be>
10003620:	e0a0      	b.n	10003764 <_ftoa+0x300>
10003622:	2c20      	cmp	r4, #32
10003624:	d1f6      	bne.n	10003614 <_ftoa+0x1b0>
10003626:	9b22      	ldr	r3, [sp, #136]	@ 0x88
10003628:	9401      	str	r4, [sp, #4]
1000362a:	9303      	str	r3, [sp, #12]
1000362c:	9b21      	ldr	r3, [sp, #132]	@ 0x84
1000362e:	9302      	str	r3, [sp, #8]
10003630:	9b06      	ldr	r3, [sp, #24]
10003632:	e021      	b.n	10003678 <_ftoa+0x214>
10003634:	9b22      	ldr	r3, [sp, #136]	@ 0x88
10003636:	4652      	mov	r2, sl
10003638:	9304      	str	r3, [sp, #16]
1000363a:	9b21      	ldr	r3, [sp, #132]	@ 0x84
1000363c:	4649      	mov	r1, r9
1000363e:	9303      	str	r3, [sp, #12]
10003640:	4658      	mov	r0, fp
10003642:	9b1e      	ldr	r3, [sp, #120]	@ 0x78
10003644:	9c1f      	ldr	r4, [sp, #124]	@ 0x7c
10003646:	9602      	str	r6, [sp, #8]
10003648:	9300      	str	r3, [sp, #0]
1000364a:	9401      	str	r4, [sp, #4]
1000364c:	4643      	mov	r3, r8
1000364e:	f000 f943 	bl	100038d8 <_etoa>
10003652:	0004      	movs	r4, r0
10003654:	0020      	movs	r0, r4
10003656:	b015      	add	sp, #84	@ 0x54
10003658:	bcf0      	pop	{r4, r5, r6, r7}
1000365a:	46bb      	mov	fp, r7
1000365c:	46b2      	mov	sl, r6
1000365e:	46a9      	mov	r9, r5
10003660:	46a0      	mov	r8, r4
10003662:	bdf0      	pop	{r4, r5, r6, r7, pc}
10003664:	9b22      	ldr	r3, [sp, #136]	@ 0x88
10003666:	075b      	lsls	r3, r3, #29
10003668:	d40f      	bmi.n	1000368a <_ftoa+0x226>
1000366a:	2203      	movs	r2, #3
1000366c:	4b54      	ldr	r3, [pc, #336]	@ (100037c0 <_ftoa+0x35c>)
1000366e:	9922      	ldr	r1, [sp, #136]	@ 0x88
10003670:	9201      	str	r2, [sp, #4]
10003672:	9103      	str	r1, [sp, #12]
10003674:	9921      	ldr	r1, [sp, #132]	@ 0x84
10003676:	9102      	str	r1, [sp, #8]
10003678:	9300      	str	r3, [sp, #0]
1000367a:	4652      	mov	r2, sl
1000367c:	4643      	mov	r3, r8
1000367e:	4649      	mov	r1, r9
10003680:	4658      	mov	r0, fp
10003682:	f7ff fd9f 	bl	100031c4 <_out_rev>
10003686:	0004      	movs	r4, r0
10003688:	e7e4      	b.n	10003654 <_ftoa+0x1f0>
1000368a:	2204      	movs	r2, #4
1000368c:	4b4d      	ldr	r3, [pc, #308]	@ (100037c4 <_ftoa+0x360>)
1000368e:	e7ee      	b.n	1000366e <_ftoa+0x20a>
10003690:	9a1e      	ldr	r2, [sp, #120]	@ 0x78
10003692:	9b1f      	ldr	r3, [sp, #124]	@ 0x7c
10003694:	2000      	movs	r0, #0
10003696:	2100      	movs	r1, #0
10003698:	f7ff f92d 	bl	100028f6 <__wrap___aeabi_dsub>
1000369c:	2301      	movs	r3, #1
1000369e:	901e      	str	r0, [sp, #120]	@ 0x78
100036a0:	911f      	str	r1, [sp, #124]	@ 0x7c
100036a2:	930b      	str	r3, [sp, #44]	@ 0x2c
100036a4:	e724      	b.n	100034f0 <_ftoa+0x8c>
100036a6:	2302      	movs	r3, #2
100036a8:	9a22      	ldr	r2, [sp, #136]	@ 0x88
100036aa:	4654      	mov	r4, sl
100036ac:	401a      	ands	r2, r3
100036ae:	9b22      	ldr	r3, [sp, #136]	@ 0x88
100036b0:	9206      	str	r2, [sp, #24]
100036b2:	079b      	lsls	r3, r3, #30
100036b4:	d100      	bne.n	100036b8 <_ftoa+0x254>
100036b6:	e0ac      	b.n	10003812 <_ftoa+0x3ae>
100036b8:	0026      	movs	r6, r4
100036ba:	4d43      	ldr	r5, [pc, #268]	@ (100037c8 <_ftoa+0x364>)
100036bc:	9408      	str	r4, [sp, #32]
100036be:	1f2f      	subs	r7, r5, #4
100036c0:	0032      	movs	r2, r6
100036c2:	78e8      	ldrb	r0, [r5, #3]
100036c4:	4643      	mov	r3, r8
100036c6:	4649      	mov	r1, r9
100036c8:	3d01      	subs	r5, #1
100036ca:	47d8      	blx	fp
100036cc:	3601      	adds	r6, #1
100036ce:	42bd      	cmp	r5, r7
100036d0:	d1f6      	bne.n	100036c0 <_ftoa+0x25c>
100036d2:	9c08      	ldr	r4, [sp, #32]
100036d4:	9b06      	ldr	r3, [sp, #24]
100036d6:	3404      	adds	r4, #4
100036d8:	2b00      	cmp	r3, #0
100036da:	d0bb      	beq.n	10003654 <_ftoa+0x1f0>
100036dc:	4657      	mov	r7, sl
100036de:	9a21      	ldr	r2, [sp, #132]	@ 0x84
100036e0:	1be3      	subs	r3, r4, r7
100036e2:	429a      	cmp	r2, r3
100036e4:	d9b6      	bls.n	10003654 <_ftoa+0x1f0>
100036e6:	0015      	movs	r5, r2
100036e8:	0022      	movs	r2, r4
100036ea:	4643      	mov	r3, r8
100036ec:	4649      	mov	r1, r9
100036ee:	2020      	movs	r0, #32
100036f0:	3401      	adds	r4, #1
100036f2:	47d8      	blx	fp
100036f4:	1be3      	subs	r3, r4, r7
100036f6:	42ab      	cmp	r3, r5
100036f8:	d3f6      	bcc.n	100036e8 <_ftoa+0x284>
100036fa:	e7ab      	b.n	10003654 <_ftoa+0x1f0>
100036fc:	0028      	movs	r0, r5
100036fe:	f7ff f999 	bl	10002a34 <__wrap___aeabi_i2d>
10003702:	0002      	movs	r2, r0
10003704:	000b      	movs	r3, r1
10003706:	981e      	ldr	r0, [sp, #120]	@ 0x78
10003708:	991f      	ldr	r1, [sp, #124]	@ 0x7c
1000370a:	f7ff f8f4 	bl	100028f6 <__wrap___aeabi_dsub>
1000370e:	4b2b      	ldr	r3, [pc, #172]	@ (100037bc <_ftoa+0x358>)
10003710:	2200      	movs	r2, #0
10003712:	0006      	movs	r6, r0
10003714:	000f      	movs	r7, r1
10003716:	f7ff f961 	bl	100029dc <__wrap___aeabi_dcmplt>
1000371a:	ab0c      	add	r3, sp, #48	@ 0x30
1000371c:	9306      	str	r3, [sp, #24]
1000371e:	2800      	cmp	r0, #0
10003720:	d000      	beq.n	10003724 <_ftoa+0x2c0>
10003722:	e74f      	b.n	100035c4 <_ftoa+0x160>
10003724:	2200      	movs	r2, #0
10003726:	0030      	movs	r0, r6
10003728:	0039      	movs	r1, r7
1000372a:	4b24      	ldr	r3, [pc, #144]	@ (100037bc <_ftoa+0x358>)
1000372c:	f7ff f96c 	bl	10002a08 <__wrap___aeabi_dcmpgt>
10003730:	2800      	cmp	r0, #0
10003732:	d000      	beq.n	10003736 <_ftoa+0x2d2>
10003734:	e746      	b.n	100035c4 <_ftoa+0x160>
10003736:	2301      	movs	r3, #1
10003738:	3501      	adds	r5, #1
1000373a:	439d      	bics	r5, r3
1000373c:	e742      	b.n	100035c4 <_ftoa+0x160>
1000373e:	2200      	movs	r2, #0
10003740:	9806      	ldr	r0, [sp, #24]
10003742:	9907      	ldr	r1, [sp, #28]
10003744:	4b1d      	ldr	r3, [pc, #116]	@ (100037bc <_ftoa+0x358>)
10003746:	f7ff f949 	bl	100029dc <__wrap___aeabi_dcmplt>
1000374a:	2800      	cmp	r0, #0
1000374c:	d000      	beq.n	10003750 <_ftoa+0x2ec>
1000374e:	e71a      	b.n	10003586 <_ftoa+0x122>
10003750:	2f00      	cmp	r7, #0
10003752:	d159      	bne.n	10003808 <_ftoa+0x3a4>
10003754:	3701      	adds	r7, #1
10003756:	e716      	b.n	10003586 <_ftoa+0x122>
10003758:	2303      	movs	r3, #3
1000375a:	9a22      	ldr	r2, [sp, #136]	@ 0x88
1000375c:	4013      	ands	r3, r2
1000375e:	2b01      	cmp	r3, #1
10003760:	d100      	bne.n	10003764 <_ftoa+0x300>
10003762:	e0a6      	b.n	100038b2 <_ftoa+0x44e>
10003764:	2c20      	cmp	r4, #32
10003766:	d100      	bne.n	1000376a <_ftoa+0x306>
10003768:	e75d      	b.n	10003626 <_ftoa+0x1c2>
1000376a:	9b0b      	ldr	r3, [sp, #44]	@ 0x2c
1000376c:	2b00      	cmp	r3, #0
1000376e:	d03a      	beq.n	100037e6 <_ftoa+0x382>
10003770:	232d      	movs	r3, #45	@ 0x2d
10003772:	9a06      	ldr	r2, [sp, #24]
10003774:	5513      	strb	r3, [r2, r4]
10003776:	3401      	adds	r4, #1
10003778:	e755      	b.n	10003626 <_ftoa+0x1c2>
1000377a:	9d06      	ldr	r5, [sp, #24]
1000377c:	2c20      	cmp	r4, #32
1000377e:	d100      	bne.n	10003782 <_ftoa+0x31e>
10003780:	e71d      	b.n	100035be <_ftoa+0x15a>
10003782:	2330      	movs	r3, #48	@ 0x30
10003784:	1936      	adds	r6, r6, r4
10003786:	e006      	b.n	10003796 <_ftoa+0x332>
10003788:	aa06      	add	r2, sp, #24
1000378a:	3401      	adds	r4, #1
1000378c:	3217      	adds	r2, #23
1000378e:	5513      	strb	r3, [r2, r4]
10003790:	2c20      	cmp	r4, #32
10003792:	d100      	bne.n	10003796 <_ftoa+0x332>
10003794:	e713      	b.n	100035be <_ftoa+0x15a>
10003796:	42a6      	cmp	r6, r4
10003798:	d1f6      	bne.n	10003788 <_ftoa+0x324>
1000379a:	232e      	movs	r3, #46	@ 0x2e
1000379c:	aa0c      	add	r2, sp, #48	@ 0x30
1000379e:	3401      	adds	r4, #1
100037a0:	9206      	str	r2, [sp, #24]
100037a2:	5593      	strb	r3, [r2, r6]
100037a4:	e70e      	b.n	100035c4 <_ftoa+0x160>
100037a6:	46c0      	nop			@ (mov r8, r8)
100037a8:	ffefffff 	.word	0xffefffff
100037ac:	7fefffff 	.word	0x7fefffff
100037b0:	41cdcd65 	.word	0x41cdcd65
100037b4:	c1cdcd65 	.word	0xc1cdcd65
100037b8:	100081a0 	.word	0x100081a0
100037bc:	3fe00000 	.word	0x3fe00000
100037c0:	10007e6c 	.word	0x10007e6c
100037c4:	10007e64 	.word	0x10007e64
100037c8:	10007e74 	.word	0x10007e74
100037cc:	230c      	movs	r3, #12
100037ce:	9a22      	ldr	r2, [sp, #136]	@ 0x88
100037d0:	4213      	tst	r3, r2
100037d2:	d057      	beq.n	10003884 <_ftoa+0x420>
100037d4:	9b21      	ldr	r3, [sp, #132]	@ 0x84
100037d6:	3b01      	subs	r3, #1
100037d8:	9321      	str	r3, [sp, #132]	@ 0x84
100037da:	42a3      	cmp	r3, r4
100037dc:	d900      	bls.n	100037e0 <_ftoa+0x37c>
100037de:	e716      	b.n	1000360e <_ftoa+0x1aa>
100037e0:	2c20      	cmp	r4, #32
100037e2:	d100      	bne.n	100037e6 <_ftoa+0x382>
100037e4:	e71f      	b.n	10003626 <_ftoa+0x1c2>
100037e6:	9b22      	ldr	r3, [sp, #136]	@ 0x88
100037e8:	075b      	lsls	r3, r3, #29
100037ea:	d504      	bpl.n	100037f6 <_ftoa+0x392>
100037ec:	232b      	movs	r3, #43	@ 0x2b
100037ee:	9a06      	ldr	r2, [sp, #24]
100037f0:	5513      	strb	r3, [r2, r4]
100037f2:	3401      	adds	r4, #1
100037f4:	e717      	b.n	10003626 <_ftoa+0x1c2>
100037f6:	9b22      	ldr	r3, [sp, #136]	@ 0x88
100037f8:	071b      	lsls	r3, r3, #28
100037fa:	d400      	bmi.n	100037fe <_ftoa+0x39a>
100037fc:	e713      	b.n	10003626 <_ftoa+0x1c2>
100037fe:	2320      	movs	r3, #32
10003800:	9a06      	ldr	r2, [sp, #24]
10003802:	5513      	strb	r3, [r2, r4]
10003804:	3401      	adds	r4, #1
10003806:	e70e      	b.n	10003626 <_ftoa+0x1c2>
10003808:	07fb      	lsls	r3, r7, #31
1000380a:	d400      	bmi.n	1000380e <_ftoa+0x3aa>
1000380c:	e6bb      	b.n	10003586 <_ftoa+0x122>
1000380e:	3701      	adds	r7, #1
10003810:	e6b9      	b.n	10003586 <_ftoa+0x122>
10003812:	9b21      	ldr	r3, [sp, #132]	@ 0x84
10003814:	2b04      	cmp	r3, #4
10003816:	d800      	bhi.n	1000381a <_ftoa+0x3b6>
10003818:	e74e      	b.n	100036b8 <_ftoa+0x254>
1000381a:	4655      	mov	r5, sl
1000381c:	464f      	mov	r7, r9
1000381e:	3c04      	subs	r4, #4
10003820:	18e4      	adds	r4, r4, r3
10003822:	002a      	movs	r2, r5
10003824:	4643      	mov	r3, r8
10003826:	3501      	adds	r5, #1
10003828:	0039      	movs	r1, r7
1000382a:	2020      	movs	r0, #32
1000382c:	47d8      	blx	fp
1000382e:	42ac      	cmp	r4, r5
10003830:	d1f7      	bne.n	10003822 <_ftoa+0x3be>
10003832:	e741      	b.n	100036b8 <_ftoa+0x254>
10003834:	2702      	movs	r7, #2
10003836:	9b22      	ldr	r3, [sp, #136]	@ 0x88
10003838:	4655      	mov	r5, sl
1000383a:	401f      	ands	r7, r3
1000383c:	079b      	lsls	r3, r3, #30
1000383e:	d026      	beq.n	1000388e <_ftoa+0x42a>
10003840:	9706      	str	r7, [sp, #24]
10003842:	465f      	mov	r7, fp
10003844:	4e23      	ldr	r6, [pc, #140]	@ (100038d4 <_ftoa+0x470>)
10003846:	1cec      	adds	r4, r5, #3
10003848:	002a      	movs	r2, r5
1000384a:	78b0      	ldrb	r0, [r6, #2]
1000384c:	4643      	mov	r3, r8
1000384e:	4649      	mov	r1, r9
10003850:	3501      	adds	r5, #1
10003852:	47b8      	blx	r7
10003854:	3e01      	subs	r6, #1
10003856:	42ac      	cmp	r4, r5
10003858:	d1f6      	bne.n	10003848 <_ftoa+0x3e4>
1000385a:	9f06      	ldr	r7, [sp, #24]
1000385c:	2f00      	cmp	r7, #0
1000385e:	d100      	bne.n	10003862 <_ftoa+0x3fe>
10003860:	e6f8      	b.n	10003654 <_ftoa+0x1f0>
10003862:	4657      	mov	r7, sl
10003864:	9a21      	ldr	r2, [sp, #132]	@ 0x84
10003866:	1be3      	subs	r3, r4, r7
10003868:	429a      	cmp	r2, r3
1000386a:	d800      	bhi.n	1000386e <_ftoa+0x40a>
1000386c:	e6f2      	b.n	10003654 <_ftoa+0x1f0>
1000386e:	0015      	movs	r5, r2
10003870:	0022      	movs	r2, r4
10003872:	4643      	mov	r3, r8
10003874:	4649      	mov	r1, r9
10003876:	2020      	movs	r0, #32
10003878:	3401      	adds	r4, #1
1000387a:	47d8      	blx	fp
1000387c:	1be3      	subs	r3, r4, r7
1000387e:	42ab      	cmp	r3, r5
10003880:	d3f6      	bcc.n	10003870 <_ftoa+0x40c>
10003882:	e6e7      	b.n	10003654 <_ftoa+0x1f0>
10003884:	9b21      	ldr	r3, [sp, #132]	@ 0x84
10003886:	42a3      	cmp	r3, r4
10003888:	d900      	bls.n	1000388c <_ftoa+0x428>
1000388a:	e6c0      	b.n	1000360e <_ftoa+0x1aa>
1000388c:	e6cb      	b.n	10003626 <_ftoa+0x1c2>
1000388e:	9b21      	ldr	r3, [sp, #132]	@ 0x84
10003890:	2b03      	cmp	r3, #3
10003892:	d9d5      	bls.n	10003840 <_ftoa+0x3dc>
10003894:	9706      	str	r7, [sp, #24]
10003896:	4654      	mov	r4, sl
10003898:	464f      	mov	r7, r9
1000389a:	3d03      	subs	r5, #3
1000389c:	18ed      	adds	r5, r5, r3
1000389e:	0022      	movs	r2, r4
100038a0:	4643      	mov	r3, r8
100038a2:	3401      	adds	r4, #1
100038a4:	0039      	movs	r1, r7
100038a6:	2020      	movs	r0, #32
100038a8:	47d8      	blx	fp
100038aa:	42a5      	cmp	r5, r4
100038ac:	d1f7      	bne.n	1000389e <_ftoa+0x43a>
100038ae:	9f06      	ldr	r7, [sp, #24]
100038b0:	e7c6      	b.n	10003840 <_ftoa+0x3dc>
100038b2:	9b21      	ldr	r3, [sp, #132]	@ 0x84
100038b4:	2b00      	cmp	r3, #0
100038b6:	d100      	bne.n	100038ba <_ftoa+0x456>
100038b8:	e754      	b.n	10003764 <_ftoa+0x300>
100038ba:	9b0b      	ldr	r3, [sp, #44]	@ 0x2c
100038bc:	2b00      	cmp	r3, #0
100038be:	d085      	beq.n	100037cc <_ftoa+0x368>
100038c0:	9b21      	ldr	r3, [sp, #132]	@ 0x84
100038c2:	3b01      	subs	r3, #1
100038c4:	9321      	str	r3, [sp, #132]	@ 0x84
100038c6:	429c      	cmp	r4, r3
100038c8:	d200      	bcs.n	100038cc <_ftoa+0x468>
100038ca:	e6a0      	b.n	1000360e <_ftoa+0x1aa>
100038cc:	2c20      	cmp	r4, #32
100038ce:	d000      	beq.n	100038d2 <_ftoa+0x46e>
100038d0:	e74e      	b.n	10003770 <_ftoa+0x30c>
100038d2:	e6a8      	b.n	10003626 <_ftoa+0x1c2>
100038d4:	10007e70 	.word	0x10007e70

100038d8 <_etoa>:
100038d8:	b5f0      	push	{r4, r5, r6, r7, lr}
100038da:	4645      	mov	r5, r8
100038dc:	46de      	mov	lr, fp
100038de:	4657      	mov	r7, sl
100038e0:	464e      	mov	r6, r9
100038e2:	b5e0      	push	{r5, r6, r7, lr}
100038e4:	b09b      	sub	sp, #108	@ 0x6c
100038e6:	9c24      	ldr	r4, [sp, #144]	@ 0x90
100038e8:	9d25      	ldr	r5, [sp, #148]	@ 0x94
100038ea:	4682      	mov	sl, r0
100038ec:	4688      	mov	r8, r1
100038ee:	4693      	mov	fp, r2
100038f0:	4699      	mov	r9, r3
100038f2:	0022      	movs	r2, r4
100038f4:	002b      	movs	r3, r5
100038f6:	0020      	movs	r0, r4
100038f8:	0029      	movs	r1, r5
100038fa:	f7ff f88a 	bl	10002a12 <__wrap___aeabi_dcmpun>
100038fe:	2800      	cmp	r0, #0
10003900:	d000      	beq.n	10003904 <_etoa+0x2c>
10003902:	e0c1      	b.n	10003a88 <_etoa+0x1b0>
10003904:	2201      	movs	r2, #1
10003906:	0020      	movs	r0, r4
10003908:	0029      	movs	r1, r5
1000390a:	4b7c      	ldr	r3, [pc, #496]	@ (10003afc <_etoa+0x224>)
1000390c:	4252      	negs	r2, r2
1000390e:	f7ff f87b 	bl	10002a08 <__wrap___aeabi_dcmpgt>
10003912:	2800      	cmp	r0, #0
10003914:	d000      	beq.n	10003918 <_etoa+0x40>
10003916:	e0b7      	b.n	10003a88 <_etoa+0x1b0>
10003918:	2201      	movs	r2, #1
1000391a:	0020      	movs	r0, r4
1000391c:	0029      	movs	r1, r5
1000391e:	4b78      	ldr	r3, [pc, #480]	@ (10003b00 <_etoa+0x228>)
10003920:	4252      	negs	r2, r2
10003922:	f7ff f85b 	bl	100029dc <__wrap___aeabi_dcmplt>
10003926:	2800      	cmp	r0, #0
10003928:	d000      	beq.n	1000392c <_etoa+0x54>
1000392a:	e0ad      	b.n	10003a88 <_etoa+0x1b0>
1000392c:	2200      	movs	r2, #0
1000392e:	2300      	movs	r3, #0
10003930:	0020      	movs	r0, r4
10003932:	0029      	movs	r1, r5
10003934:	f7ff f852 	bl	100029dc <__wrap___aeabi_dcmplt>
10003938:	2800      	cmp	r0, #0
1000393a:	d000      	beq.n	1000393e <_etoa+0x66>
1000393c:	e1bb      	b.n	10003cb6 <_etoa+0x3de>
1000393e:	9408      	str	r4, [sp, #32]
10003940:	9509      	str	r5, [sp, #36]	@ 0x24
10003942:	9808      	ldr	r0, [sp, #32]
10003944:	9909      	ldr	r1, [sp, #36]	@ 0x24
10003946:	2380      	movs	r3, #128	@ 0x80
10003948:	9a28      	ldr	r2, [sp, #160]	@ 0xa0
1000394a:	00db      	lsls	r3, r3, #3
1000394c:	401a      	ands	r2, r3
1000394e:	920f      	str	r2, [sp, #60]	@ 0x3c
10003950:	2280      	movs	r2, #128	@ 0x80
10003952:	9e28      	ldr	r6, [sp, #160]	@ 0xa0
10003954:	0112      	lsls	r2, r2, #4
10003956:	4016      	ands	r6, r2
10003958:	0032      	movs	r2, r6
1000395a:	960e      	str	r6, [sp, #56]	@ 0x38
1000395c:	9e28      	ldr	r6, [sp, #160]	@ 0xa0
1000395e:	000f      	movs	r7, r1
10003960:	900a      	str	r0, [sp, #40]	@ 0x28
10003962:	421e      	tst	r6, r3
10003964:	d000      	beq.n	10003968 <_etoa+0x90>
10003966:	e0a4      	b.n	10003ab2 <_etoa+0x1da>
10003968:	000b      	movs	r3, r1
1000396a:	4303      	orrs	r3, r0
1000396c:	d000      	beq.n	10003970 <_etoa+0x98>
1000396e:	e0cb      	b.n	10003b08 <_etoa+0x230>
10003970:	2a00      	cmp	r2, #0
10003972:	d000      	beq.n	10003976 <_etoa+0x9e>
10003974:	e212      	b.n	10003d9c <_etoa+0x4c4>
10003976:	0032      	movs	r2, r6
10003978:	3306      	adds	r3, #6
1000397a:	9326      	str	r3, [sp, #152]	@ 0x98
1000397c:	2302      	movs	r3, #2
1000397e:	4013      	ands	r3, r2
10003980:	930c      	str	r3, [sp, #48]	@ 0x30
10003982:	2302      	movs	r3, #2
10003984:	4213      	tst	r3, r2
10003986:	d000      	beq.n	1000398a <_etoa+0xb2>
10003988:	e20a      	b.n	10003da0 <_etoa+0x4c8>
1000398a:	9b27      	ldr	r3, [sp, #156]	@ 0x9c
1000398c:	2b04      	cmp	r3, #4
1000398e:	d200      	bcs.n	10003992 <_etoa+0xba>
10003990:	e215      	b.n	10003dbe <_etoa+0x4e6>
10003992:	2700      	movs	r7, #0
10003994:	2604      	movs	r6, #4
10003996:	3b04      	subs	r3, #4
10003998:	930e      	str	r3, [sp, #56]	@ 0x38
1000399a:	2200      	movs	r2, #0
1000399c:	2300      	movs	r3, #0
1000399e:	0020      	movs	r0, r4
100039a0:	0029      	movs	r1, r5
100039a2:	f7ff f81b 	bl	100029dc <__wrap___aeabi_dcmplt>
100039a6:	2800      	cmp	r0, #0
100039a8:	d000      	beq.n	100039ac <_etoa+0xd4>
100039aa:	e1c8      	b.n	10003d3e <_etoa+0x466>
100039ac:	4b55      	ldr	r3, [pc, #340]	@ (10003b04 <_etoa+0x22c>)
100039ae:	9a28      	ldr	r2, [sp, #160]	@ 0xa0
100039b0:	4013      	ands	r3, r2
100039b2:	9304      	str	r3, [sp, #16]
100039b4:	9b0e      	ldr	r3, [sp, #56]	@ 0x38
100039b6:	9303      	str	r3, [sp, #12]
100039b8:	9b26      	ldr	r3, [sp, #152]	@ 0x98
100039ba:	9302      	str	r3, [sp, #8]
100039bc:	9b08      	ldr	r3, [sp, #32]
100039be:	9c09      	ldr	r4, [sp, #36]	@ 0x24
100039c0:	9300      	str	r3, [sp, #0]
100039c2:	9401      	str	r4, [sp, #4]
100039c4:	4641      	mov	r1, r8
100039c6:	464b      	mov	r3, r9
100039c8:	465a      	mov	r2, fp
100039ca:	4650      	mov	r0, sl
100039cc:	f7ff fd4a 	bl	10003464 <_ftoa>
100039d0:	0002      	movs	r2, r0
100039d2:	2020      	movs	r0, #32
100039d4:	9b28      	ldr	r3, [sp, #160]	@ 0xa0
100039d6:	2500      	movs	r5, #0
100039d8:	4003      	ands	r3, r0
100039da:	4259      	negs	r1, r3
100039dc:	414b      	adcs	r3, r1
100039de:	425b      	negs	r3, r3
100039e0:	4018      	ands	r0, r3
100039e2:	1c53      	adds	r3, r2, #1
100039e4:	9308      	str	r3, [sp, #32]
100039e6:	4641      	mov	r1, r8
100039e8:	464b      	mov	r3, r9
100039ea:	3045      	adds	r0, #69	@ 0x45
100039ec:	47d0      	blx	sl
100039ee:	17fb      	asrs	r3, r7, #31
100039f0:	18fc      	adds	r4, r7, r3
100039f2:	405c      	eors	r4, r3
100039f4:	0ffb      	lsrs	r3, r7, #31
100039f6:	271f      	movs	r7, #31
100039f8:	930a      	str	r3, [sp, #40]	@ 0x28
100039fa:	1e73      	subs	r3, r6, #1
100039fc:	930e      	str	r3, [sp, #56]	@ 0x38
100039fe:	ab0a      	add	r3, sp, #40	@ 0x28
10003a00:	18ff      	adds	r7, r7, r3
10003a02:	e006      	b.n	10003a12 <_etoa+0x13a>
10003a04:	0020      	movs	r0, r4
10003a06:	210a      	movs	r1, #10
10003a08:	f7fe fd3a 	bl	10002480 <__wrap___aeabi_uidiv>
10003a0c:	0004      	movs	r4, r0
10003a0e:	2d20      	cmp	r5, #32
10003a10:	d008      	beq.n	10003a24 <_etoa+0x14c>
10003a12:	210a      	movs	r1, #10
10003a14:	0020      	movs	r0, r4
10003a16:	f7fe fd33 	bl	10002480 <__wrap___aeabi_uidiv>
10003a1a:	3501      	adds	r5, #1
10003a1c:	3130      	adds	r1, #48	@ 0x30
10003a1e:	5579      	strb	r1, [r7, r5]
10003a20:	2c09      	cmp	r4, #9
10003a22:	d8ef      	bhi.n	10003a04 <_etoa+0x12c>
10003a24:	2305      	movs	r3, #5
10003a26:	9306      	str	r3, [sp, #24]
10003a28:	9b0e      	ldr	r3, [sp, #56]	@ 0x38
10003a2a:	4656      	mov	r6, sl
10003a2c:	9305      	str	r3, [sp, #20]
10003a2e:	2300      	movs	r3, #0
10003a30:	9304      	str	r3, [sp, #16]
10003a32:	330a      	adds	r3, #10
10003a34:	9303      	str	r3, [sp, #12]
10003a36:	9b0a      	ldr	r3, [sp, #40]	@ 0x28
10003a38:	4641      	mov	r1, r8
10003a3a:	9302      	str	r3, [sp, #8]
10003a3c:	ab12      	add	r3, sp, #72	@ 0x48
10003a3e:	9300      	str	r3, [sp, #0]
10003a40:	0030      	movs	r0, r6
10003a42:	464b      	mov	r3, r9
10003a44:	9a08      	ldr	r2, [sp, #32]
10003a46:	9501      	str	r5, [sp, #4]
10003a48:	f7ff fc10 	bl	1000326c <_ntoa_format>
10003a4c:	9b0c      	ldr	r3, [sp, #48]	@ 0x30
10003a4e:	2b00      	cmp	r3, #0
10003a50:	d028      	beq.n	10003aa4 <_etoa+0x1cc>
10003a52:	465f      	mov	r7, fp
10003a54:	9b27      	ldr	r3, [sp, #156]	@ 0x9c
10003a56:	1bc4      	subs	r4, r0, r7
10003a58:	42a3      	cmp	r3, r4
10003a5a:	d923      	bls.n	10003aa4 <_etoa+0x1cc>
10003a5c:	4682      	mov	sl, r0
10003a5e:	001d      	movs	r5, r3
10003a60:	193a      	adds	r2, r7, r4
10003a62:	464b      	mov	r3, r9
10003a64:	4641      	mov	r1, r8
10003a66:	2020      	movs	r0, #32
10003a68:	3401      	adds	r4, #1
10003a6a:	47b0      	blx	r6
10003a6c:	42a5      	cmp	r5, r4
10003a6e:	d8f7      	bhi.n	10003a60 <_etoa+0x188>
10003a70:	4650      	mov	r0, sl
10003a72:	4659      	mov	r1, fp
10003a74:	9c27      	ldr	r4, [sp, #156]	@ 0x9c
10003a76:	1a42      	subs	r2, r0, r1
10003a78:	3201      	adds	r2, #1
10003a7a:	2300      	movs	r3, #0
10003a7c:	4294      	cmp	r4, r2
10003a7e:	d300      	bcc.n	10003a82 <_etoa+0x1aa>
10003a80:	e195      	b.n	10003dae <_etoa+0x4d6>
10003a82:	3001      	adds	r0, #1
10003a84:	1818      	adds	r0, r3, r0
10003a86:	e00d      	b.n	10003aa4 <_etoa+0x1cc>
10003a88:	9b28      	ldr	r3, [sp, #160]	@ 0xa0
10003a8a:	9400      	str	r4, [sp, #0]
10003a8c:	9501      	str	r5, [sp, #4]
10003a8e:	9304      	str	r3, [sp, #16]
10003a90:	9b27      	ldr	r3, [sp, #156]	@ 0x9c
10003a92:	9303      	str	r3, [sp, #12]
10003a94:	9b26      	ldr	r3, [sp, #152]	@ 0x98
10003a96:	9302      	str	r3, [sp, #8]
10003a98:	464b      	mov	r3, r9
10003a9a:	465a      	mov	r2, fp
10003a9c:	4641      	mov	r1, r8
10003a9e:	4650      	mov	r0, sl
10003aa0:	f7ff fce0 	bl	10003464 <_ftoa>
10003aa4:	b01b      	add	sp, #108	@ 0x6c
10003aa6:	bcf0      	pop	{r4, r5, r6, r7}
10003aa8:	46bb      	mov	fp, r7
10003aaa:	46b2      	mov	sl, r6
10003aac:	46a9      	mov	r9, r5
10003aae:	46a0      	mov	r8, r4
10003ab0:	bdf0      	pop	{r4, r5, r6, r7, pc}
10003ab2:	4301      	orrs	r1, r0
10003ab4:	d12a      	bne.n	10003b0c <_etoa+0x234>
10003ab6:	9b0e      	ldr	r3, [sp, #56]	@ 0x38
10003ab8:	0032      	movs	r2, r6
10003aba:	2b00      	cmp	r3, #0
10003abc:	d100      	bne.n	10003ac0 <_etoa+0x1e8>
10003abe:	e75d      	b.n	1000397c <_etoa+0xa4>
10003ac0:	2700      	movs	r7, #0
10003ac2:	9b26      	ldr	r3, [sp, #152]	@ 0x98
10003ac4:	2600      	movs	r6, #0
10003ac6:	42bb      	cmp	r3, r7
10003ac8:	dd00      	ble.n	10003acc <_etoa+0x1f4>
10003aca:	e182      	b.n	10003dd2 <_etoa+0x4fa>
10003acc:	2200      	movs	r2, #0
10003ace:	2300      	movs	r3, #0
10003ad0:	0020      	movs	r0, r4
10003ad2:	0029      	movs	r1, r5
10003ad4:	f7fe ff82 	bl	100029dc <__wrap___aeabi_dcmplt>
10003ad8:	2800      	cmp	r0, #0
10003ada:	d000      	beq.n	10003ade <_etoa+0x206>
10003adc:	e14b      	b.n	10003d76 <_etoa+0x49e>
10003ade:	9b28      	ldr	r3, [sp, #160]	@ 0xa0
10003ae0:	4a08      	ldr	r2, [pc, #32]	@ (10003b04 <_etoa+0x22c>)
10003ae2:	9602      	str	r6, [sp, #8]
10003ae4:	401a      	ands	r2, r3
10003ae6:	2380      	movs	r3, #128	@ 0x80
10003ae8:	00db      	lsls	r3, r3, #3
10003aea:	4313      	orrs	r3, r2
10003aec:	9304      	str	r3, [sp, #16]
10003aee:	9b27      	ldr	r3, [sp, #156]	@ 0x9c
10003af0:	9303      	str	r3, [sp, #12]
10003af2:	9b08      	ldr	r3, [sp, #32]
10003af4:	9c09      	ldr	r4, [sp, #36]	@ 0x24
10003af6:	9300      	str	r3, [sp, #0]
10003af8:	9401      	str	r4, [sp, #4]
10003afa:	e7cd      	b.n	10003a98 <_etoa+0x1c0>
10003afc:	7fefffff 	.word	0x7fefffff
10003b00:	ffefffff 	.word	0xffefffff
10003b04:	fffff7ff 	.word	0xfffff7ff
10003b08:	2306      	movs	r3, #6
10003b0a:	9326      	str	r3, [sp, #152]	@ 0x98
10003b0c:	4bb2      	ldr	r3, [pc, #712]	@ (10003dd8 <_etoa+0x500>)
10003b0e:	0078      	lsls	r0, r7, #1
10003b10:	0d40      	lsrs	r0, r0, #21
10003b12:	18c0      	adds	r0, r0, r3
10003b14:	f7fe ff8e 	bl	10002a34 <__wrap___aeabi_i2d>
10003b18:	4ab0      	ldr	r2, [pc, #704]	@ (10003ddc <_etoa+0x504>)
10003b1a:	4bb1      	ldr	r3, [pc, #708]	@ (10003de0 <_etoa+0x508>)
10003b1c:	f7fe ff1b 	bl	10002956 <__wrap___aeabi_dmul>
10003b20:	4ab0      	ldr	r2, [pc, #704]	@ (10003de4 <_etoa+0x50c>)
10003b22:	4bb1      	ldr	r3, [pc, #708]	@ (10003de8 <_etoa+0x510>)
10003b24:	f7fe fef0 	bl	10002908 <__wrap___aeabi_dadd>
10003b28:	033f      	lsls	r7, r7, #12
10003b2a:	4bb0      	ldr	r3, [pc, #704]	@ (10003dec <_etoa+0x514>)
10003b2c:	0b3f      	lsrs	r7, r7, #12
10003b2e:	433b      	orrs	r3, r7
10003b30:	900c      	str	r0, [sp, #48]	@ 0x30
10003b32:	910d      	str	r1, [sp, #52]	@ 0x34
10003b34:	2200      	movs	r2, #0
10003b36:	980a      	ldr	r0, [sp, #40]	@ 0x28
10003b38:	0019      	movs	r1, r3
10003b3a:	4bad      	ldr	r3, [pc, #692]	@ (10003df0 <_etoa+0x518>)
10003b3c:	f7fe fedb 	bl	100028f6 <__wrap___aeabi_dsub>
10003b40:	4aac      	ldr	r2, [pc, #688]	@ (10003df4 <_etoa+0x51c>)
10003b42:	4bad      	ldr	r3, [pc, #692]	@ (10003df8 <_etoa+0x520>)
10003b44:	f7fe ff07 	bl	10002956 <__wrap___aeabi_dmul>
10003b48:	0002      	movs	r2, r0
10003b4a:	000b      	movs	r3, r1
10003b4c:	980c      	ldr	r0, [sp, #48]	@ 0x30
10003b4e:	990d      	ldr	r1, [sp, #52]	@ 0x34
10003b50:	f7fe feda 	bl	10002908 <__wrap___aeabi_dadd>
10003b54:	f7fe ff86 	bl	10002a64 <__wrap___aeabi_d2iz>
10003b58:	0007      	movs	r7, r0
10003b5a:	f7fe ff6b 	bl	10002a34 <__wrap___aeabi_i2d>
10003b5e:	4aa7      	ldr	r2, [pc, #668]	@ (10003dfc <_etoa+0x524>)
10003b60:	4ba7      	ldr	r3, [pc, #668]	@ (10003e00 <_etoa+0x528>)
10003b62:	900a      	str	r0, [sp, #40]	@ 0x28
10003b64:	910b      	str	r1, [sp, #44]	@ 0x2c
10003b66:	f7fe fef6 	bl	10002956 <__wrap___aeabi_dmul>
10003b6a:	2200      	movs	r2, #0
10003b6c:	4ba5      	ldr	r3, [pc, #660]	@ (10003e04 <_etoa+0x52c>)
10003b6e:	f7fe fecb 	bl	10002908 <__wrap___aeabi_dadd>
10003b72:	f7fe ff77 	bl	10002a64 <__wrap___aeabi_d2iz>
10003b76:	4aa4      	ldr	r2, [pc, #656]	@ (10003e08 <_etoa+0x530>)
10003b78:	0006      	movs	r6, r0
10003b7a:	980a      	ldr	r0, [sp, #40]	@ 0x28
10003b7c:	990b      	ldr	r1, [sp, #44]	@ 0x2c
10003b7e:	4ba3      	ldr	r3, [pc, #652]	@ (10003e0c <_etoa+0x534>)
10003b80:	f7fe fee9 	bl	10002956 <__wrap___aeabi_dmul>
10003b84:	900a      	str	r0, [sp, #40]	@ 0x28
10003b86:	910b      	str	r1, [sp, #44]	@ 0x2c
10003b88:	0030      	movs	r0, r6
10003b8a:	f7fe ff53 	bl	10002a34 <__wrap___aeabi_i2d>
10003b8e:	4aa0      	ldr	r2, [pc, #640]	@ (10003e10 <_etoa+0x538>)
10003b90:	4ba0      	ldr	r3, [pc, #640]	@ (10003e14 <_etoa+0x53c>)
10003b92:	f7fe fee0 	bl	10002956 <__wrap___aeabi_dmul>
10003b96:	0002      	movs	r2, r0
10003b98:	000b      	movs	r3, r1
10003b9a:	980a      	ldr	r0, [sp, #40]	@ 0x28
10003b9c:	990b      	ldr	r1, [sp, #44]	@ 0x2c
10003b9e:	f7fe feaa 	bl	100028f6 <__wrap___aeabi_dsub>
10003ba2:	0002      	movs	r2, r0
10003ba4:	000b      	movs	r3, r1
10003ba6:	900a      	str	r0, [sp, #40]	@ 0x28
10003ba8:	910b      	str	r1, [sp, #44]	@ 0x2c
10003baa:	f7fe fed4 	bl	10002956 <__wrap___aeabi_dmul>
10003bae:	900c      	str	r0, [sp, #48]	@ 0x30
10003bb0:	910d      	str	r1, [sp, #52]	@ 0x34
10003bb2:	980a      	ldr	r0, [sp, #40]	@ 0x28
10003bb4:	990b      	ldr	r1, [sp, #44]	@ 0x2c
10003bb6:	0002      	movs	r2, r0
10003bb8:	000b      	movs	r3, r1
10003bba:	f7fe fea5 	bl	10002908 <__wrap___aeabi_dadd>
10003bbe:	2200      	movs	r2, #0
10003bc0:	9010      	str	r0, [sp, #64]	@ 0x40
10003bc2:	9111      	str	r1, [sp, #68]	@ 0x44
10003bc4:	980c      	ldr	r0, [sp, #48]	@ 0x30
10003bc6:	990d      	ldr	r1, [sp, #52]	@ 0x34
10003bc8:	4b93      	ldr	r3, [pc, #588]	@ (10003e18 <_etoa+0x540>)
10003bca:	f7fe fea6 	bl	1000291a <__wrap___aeabi_ddiv>
10003bce:	2200      	movs	r2, #0
10003bd0:	4b92      	ldr	r3, [pc, #584]	@ (10003e1c <_etoa+0x544>)
10003bd2:	f7fe fe99 	bl	10002908 <__wrap___aeabi_dadd>
10003bd6:	0002      	movs	r2, r0
10003bd8:	000b      	movs	r3, r1
10003bda:	980c      	ldr	r0, [sp, #48]	@ 0x30
10003bdc:	990d      	ldr	r1, [sp, #52]	@ 0x34
10003bde:	f7fe fe9c 	bl	1000291a <__wrap___aeabi_ddiv>
10003be2:	2200      	movs	r2, #0
10003be4:	4b8e      	ldr	r3, [pc, #568]	@ (10003e20 <_etoa+0x548>)
10003be6:	f7fe fe8f 	bl	10002908 <__wrap___aeabi_dadd>
10003bea:	0002      	movs	r2, r0
10003bec:	000b      	movs	r3, r1
10003bee:	980c      	ldr	r0, [sp, #48]	@ 0x30
10003bf0:	990d      	ldr	r1, [sp, #52]	@ 0x34
10003bf2:	f7fe fe92 	bl	1000291a <__wrap___aeabi_ddiv>
10003bf6:	9a0a      	ldr	r2, [sp, #40]	@ 0x28
10003bf8:	9b0b      	ldr	r3, [sp, #44]	@ 0x2c
10003bfa:	900c      	str	r0, [sp, #48]	@ 0x30
10003bfc:	910d      	str	r1, [sp, #52]	@ 0x34
10003bfe:	2180      	movs	r1, #128	@ 0x80
10003c00:	2000      	movs	r0, #0
10003c02:	05c9      	lsls	r1, r1, #23
10003c04:	f7fe fe77 	bl	100028f6 <__wrap___aeabi_dsub>
10003c08:	0002      	movs	r2, r0
10003c0a:	000b      	movs	r3, r1
10003c0c:	980c      	ldr	r0, [sp, #48]	@ 0x30
10003c0e:	990d      	ldr	r1, [sp, #52]	@ 0x34
10003c10:	f7fe fe7a 	bl	10002908 <__wrap___aeabi_dadd>
10003c14:	0002      	movs	r2, r0
10003c16:	000b      	movs	r3, r1
10003c18:	9810      	ldr	r0, [sp, #64]	@ 0x40
10003c1a:	9911      	ldr	r1, [sp, #68]	@ 0x44
10003c1c:	f7fe fe7d 	bl	1000291a <__wrap___aeabi_ddiv>
10003c20:	2200      	movs	r2, #0
10003c22:	4b72      	ldr	r3, [pc, #456]	@ (10003dec <_etoa+0x514>)
10003c24:	f7fe fe70 	bl	10002908 <__wrap___aeabi_dadd>
10003c28:	4b7e      	ldr	r3, [pc, #504]	@ (10003e24 <_etoa+0x54c>)
10003c2a:	2200      	movs	r2, #0
10003c2c:	18f6      	adds	r6, r6, r3
10003c2e:	0533      	lsls	r3, r6, #20
10003c30:	f7fe fe91 	bl	10002956 <__wrap___aeabi_dmul>
10003c34:	0002      	movs	r2, r0
10003c36:	000b      	movs	r3, r1
10003c38:	900a      	str	r0, [sp, #40]	@ 0x28
10003c3a:	910b      	str	r1, [sp, #44]	@ 0x2c
10003c3c:	9808      	ldr	r0, [sp, #32]
10003c3e:	9909      	ldr	r1, [sp, #36]	@ 0x24
10003c40:	f7fe fecc 	bl	100029dc <__wrap___aeabi_dcmplt>
10003c44:	2800      	cmp	r0, #0
10003c46:	d008      	beq.n	10003c5a <_etoa+0x382>
10003c48:	980a      	ldr	r0, [sp, #40]	@ 0x28
10003c4a:	990b      	ldr	r1, [sp, #44]	@ 0x2c
10003c4c:	2200      	movs	r2, #0
10003c4e:	4b73      	ldr	r3, [pc, #460]	@ (10003e1c <_etoa+0x544>)
10003c50:	f7fe fe63 	bl	1000291a <__wrap___aeabi_ddiv>
10003c54:	900a      	str	r0, [sp, #40]	@ 0x28
10003c56:	910b      	str	r1, [sp, #44]	@ 0x2c
10003c58:	3f01      	subs	r7, #1
10003c5a:	990a      	ldr	r1, [sp, #40]	@ 0x28
10003c5c:	9a0b      	ldr	r2, [sp, #44]	@ 0x2c
10003c5e:	000b      	movs	r3, r1
10003c60:	0011      	movs	r1, r2
10003c62:	003a      	movs	r2, r7
10003c64:	3263      	adds	r2, #99	@ 0x63
10003c66:	2ac6      	cmp	r2, #198	@ 0xc6
10003c68:	d812      	bhi.n	10003c90 <_etoa+0x3b8>
10003c6a:	2202      	movs	r2, #2
10003c6c:	9828      	ldr	r0, [sp, #160]	@ 0xa0
10003c6e:	2604      	movs	r6, #4
10003c70:	4010      	ands	r0, r2
10003c72:	9a0e      	ldr	r2, [sp, #56]	@ 0x38
10003c74:	900c      	str	r0, [sp, #48]	@ 0x30
10003c76:	2a00      	cmp	r2, #0
10003c78:	d126      	bne.n	10003cc8 <_etoa+0x3f0>
10003c7a:	9b27      	ldr	r3, [sp, #156]	@ 0x9c
10003c7c:	2b04      	cmp	r3, #4
10003c7e:	d905      	bls.n	10003c8c <_etoa+0x3b4>
10003c80:	2800      	cmp	r0, #0
10003c82:	d000      	beq.n	10003c86 <_etoa+0x3ae>
10003c84:	e0a1      	b.n	10003dca <_etoa+0x4f2>
10003c86:	9b27      	ldr	r3, [sp, #156]	@ 0x9c
10003c88:	3b04      	subs	r3, #4
10003c8a:	930e      	str	r3, [sp, #56]	@ 0x38
10003c8c:	2604      	movs	r6, #4
10003c8e:	e042      	b.n	10003d16 <_etoa+0x43e>
10003c90:	2202      	movs	r2, #2
10003c92:	9828      	ldr	r0, [sp, #160]	@ 0xa0
10003c94:	4010      	ands	r0, r2
10003c96:	9a0e      	ldr	r2, [sp, #56]	@ 0x38
10003c98:	900c      	str	r0, [sp, #48]	@ 0x30
10003c9a:	2a00      	cmp	r2, #0
10003c9c:	d113      	bne.n	10003cc6 <_etoa+0x3ee>
10003c9e:	9b27      	ldr	r3, [sp, #156]	@ 0x9c
10003ca0:	2b05      	cmp	r3, #5
10003ca2:	d800      	bhi.n	10003ca6 <_etoa+0x3ce>
10003ca4:	e089      	b.n	10003dba <_etoa+0x4e2>
10003ca6:	2800      	cmp	r0, #0
10003ca8:	d000      	beq.n	10003cac <_etoa+0x3d4>
10003caa:	e084      	b.n	10003db6 <_etoa+0x4de>
10003cac:	9b27      	ldr	r3, [sp, #156]	@ 0x9c
10003cae:	2605      	movs	r6, #5
10003cb0:	3b05      	subs	r3, #5
10003cb2:	930e      	str	r3, [sp, #56]	@ 0x38
10003cb4:	e032      	b.n	10003d1c <_etoa+0x444>
10003cb6:	2380      	movs	r3, #128	@ 0x80
10003cb8:	061b      	lsls	r3, r3, #24
10003cba:	469c      	mov	ip, r3
10003cbc:	44ac      	add	ip, r5
10003cbe:	4663      	mov	r3, ip
10003cc0:	9408      	str	r4, [sp, #32]
10003cc2:	9309      	str	r3, [sp, #36]	@ 0x24
10003cc4:	e63d      	b.n	10003942 <_etoa+0x6a>
10003cc6:	2605      	movs	r6, #5
10003cc8:	430b      	orrs	r3, r1
10003cca:	d100      	bne.n	10003cce <_etoa+0x3f6>
10003ccc:	e6f9      	b.n	10003ac2 <_etoa+0x1ea>
10003cce:	9808      	ldr	r0, [sp, #32]
10003cd0:	9909      	ldr	r1, [sp, #36]	@ 0x24
10003cd2:	4a55      	ldr	r2, [pc, #340]	@ (10003e28 <_etoa+0x550>)
10003cd4:	4b55      	ldr	r3, [pc, #340]	@ (10003e2c <_etoa+0x554>)
10003cd6:	f7fe fe8f 	bl	100029f8 <__wrap___aeabi_dcmpge>
10003cda:	2800      	cmp	r0, #0
10003cdc:	d008      	beq.n	10003cf0 <_etoa+0x418>
10003cde:	9808      	ldr	r0, [sp, #32]
10003ce0:	9909      	ldr	r1, [sp, #36]	@ 0x24
10003ce2:	2200      	movs	r2, #0
10003ce4:	4b52      	ldr	r3, [pc, #328]	@ (10003e30 <_etoa+0x558>)
10003ce6:	f7fe fe79 	bl	100029dc <__wrap___aeabi_dcmplt>
10003cea:	2800      	cmp	r0, #0
10003cec:	d000      	beq.n	10003cf0 <_etoa+0x418>
10003cee:	e6e8      	b.n	10003ac2 <_etoa+0x1ea>
10003cf0:	9b26      	ldr	r3, [sp, #152]	@ 0x98
10003cf2:	2b00      	cmp	r3, #0
10003cf4:	d034      	beq.n	10003d60 <_etoa+0x488>
10003cf6:	9b0f      	ldr	r3, [sp, #60]	@ 0x3c
10003cf8:	2b00      	cmp	r3, #0
10003cfa:	d031      	beq.n	10003d60 <_etoa+0x488>
10003cfc:	9b26      	ldr	r3, [sp, #152]	@ 0x98
10003cfe:	3b01      	subs	r3, #1
10003d00:	9326      	str	r3, [sp, #152]	@ 0x98
10003d02:	9b27      	ldr	r3, [sp, #156]	@ 0x9c
10003d04:	42b3      	cmp	r3, r6
10003d06:	d904      	bls.n	10003d12 <_etoa+0x43a>
10003d08:	9b0c      	ldr	r3, [sp, #48]	@ 0x30
10003d0a:	2b00      	cmp	r3, #0
10003d0c:	d059      	beq.n	10003dc2 <_etoa+0x4ea>
10003d0e:	2302      	movs	r3, #2
10003d10:	930c      	str	r3, [sp, #48]	@ 0x30
10003d12:	2300      	movs	r3, #0
10003d14:	930e      	str	r3, [sp, #56]	@ 0x38
10003d16:	2f00      	cmp	r7, #0
10003d18:	d100      	bne.n	10003d1c <_etoa+0x444>
10003d1a:	e63e      	b.n	1000399a <_etoa+0xc2>
10003d1c:	9a0a      	ldr	r2, [sp, #40]	@ 0x28
10003d1e:	9b0b      	ldr	r3, [sp, #44]	@ 0x2c
10003d20:	9808      	ldr	r0, [sp, #32]
10003d22:	9909      	ldr	r1, [sp, #36]	@ 0x24
10003d24:	f7fe fdf9 	bl	1000291a <__wrap___aeabi_ddiv>
10003d28:	2200      	movs	r2, #0
10003d2a:	9008      	str	r0, [sp, #32]
10003d2c:	9109      	str	r1, [sp, #36]	@ 0x24
10003d2e:	2300      	movs	r3, #0
10003d30:	0020      	movs	r0, r4
10003d32:	0029      	movs	r1, r5
10003d34:	f7fe fe52 	bl	100029dc <__wrap___aeabi_dcmplt>
10003d38:	2800      	cmp	r0, #0
10003d3a:	d100      	bne.n	10003d3e <_etoa+0x466>
10003d3c:	e636      	b.n	100039ac <_etoa+0xd4>
10003d3e:	9c08      	ldr	r4, [sp, #32]
10003d40:	9d09      	ldr	r5, [sp, #36]	@ 0x24
10003d42:	9a28      	ldr	r2, [sp, #160]	@ 0xa0
10003d44:	2080      	movs	r0, #128	@ 0x80
10003d46:	4b3b      	ldr	r3, [pc, #236]	@ (10003e34 <_etoa+0x55c>)
10003d48:	0600      	lsls	r0, r0, #24
10003d4a:	4013      	ands	r3, r2
10003d4c:	0022      	movs	r2, r4
10003d4e:	9304      	str	r3, [sp, #16]
10003d50:	9b0e      	ldr	r3, [sp, #56]	@ 0x38
10003d52:	9303      	str	r3, [sp, #12]
10003d54:	9b26      	ldr	r3, [sp, #152]	@ 0x98
10003d56:	9302      	str	r3, [sp, #8]
10003d58:	182b      	adds	r3, r5, r0
10003d5a:	9200      	str	r2, [sp, #0]
10003d5c:	9301      	str	r3, [sp, #4]
10003d5e:	e631      	b.n	100039c4 <_etoa+0xec>
10003d60:	9b27      	ldr	r3, [sp, #156]	@ 0x9c
10003d62:	42b3      	cmp	r3, r6
10003d64:	d9d5      	bls.n	10003d12 <_etoa+0x43a>
10003d66:	9b0c      	ldr	r3, [sp, #48]	@ 0x30
10003d68:	2b00      	cmp	r3, #0
10003d6a:	d02a      	beq.n	10003dc2 <_etoa+0x4ea>
10003d6c:	2300      	movs	r3, #0
10003d6e:	930e      	str	r3, [sp, #56]	@ 0x38
10003d70:	3302      	adds	r3, #2
10003d72:	930c      	str	r3, [sp, #48]	@ 0x30
10003d74:	e7cf      	b.n	10003d16 <_etoa+0x43e>
10003d76:	9b28      	ldr	r3, [sp, #160]	@ 0xa0
10003d78:	4a2e      	ldr	r2, [pc, #184]	@ (10003e34 <_etoa+0x55c>)
10003d7a:	2080      	movs	r0, #128	@ 0x80
10003d7c:	9c08      	ldr	r4, [sp, #32]
10003d7e:	9d09      	ldr	r5, [sp, #36]	@ 0x24
10003d80:	401a      	ands	r2, r3
10003d82:	2380      	movs	r3, #128	@ 0x80
10003d84:	00db      	lsls	r3, r3, #3
10003d86:	4313      	orrs	r3, r2
10003d88:	0022      	movs	r2, r4
10003d8a:	9304      	str	r3, [sp, #16]
10003d8c:	9b27      	ldr	r3, [sp, #156]	@ 0x9c
10003d8e:	0600      	lsls	r0, r0, #24
10003d90:	9303      	str	r3, [sp, #12]
10003d92:	182b      	adds	r3, r5, r0
10003d94:	9200      	str	r2, [sp, #0]
10003d96:	9301      	str	r3, [sp, #4]
10003d98:	9602      	str	r6, [sp, #8]
10003d9a:	e67d      	b.n	10003a98 <_etoa+0x1c0>
10003d9c:	2605      	movs	r6, #5
10003d9e:	e695      	b.n	10003acc <_etoa+0x1f4>
10003da0:	2300      	movs	r3, #0
10003da2:	930e      	str	r3, [sp, #56]	@ 0x38
10003da4:	3302      	adds	r3, #2
10003da6:	2700      	movs	r7, #0
10003da8:	2604      	movs	r6, #4
10003daa:	930c      	str	r3, [sp, #48]	@ 0x30
10003dac:	e5f5      	b.n	1000399a <_etoa+0xc2>
10003dae:	1e4b      	subs	r3, r1, #1
10003db0:	191b      	adds	r3, r3, r4
10003db2:	1a1b      	subs	r3, r3, r0
10003db4:	e665      	b.n	10003a82 <_etoa+0x1aa>
10003db6:	2302      	movs	r3, #2
10003db8:	930c      	str	r3, [sp, #48]	@ 0x30
10003dba:	2605      	movs	r6, #5
10003dbc:	e7ae      	b.n	10003d1c <_etoa+0x444>
10003dbe:	2304      	movs	r3, #4
10003dc0:	e5e7      	b.n	10003992 <_etoa+0xba>
10003dc2:	9b27      	ldr	r3, [sp, #156]	@ 0x9c
10003dc4:	1b9b      	subs	r3, r3, r6
10003dc6:	930e      	str	r3, [sp, #56]	@ 0x38
10003dc8:	e7a5      	b.n	10003d16 <_etoa+0x43e>
10003dca:	2302      	movs	r3, #2
10003dcc:	2604      	movs	r6, #4
10003dce:	930c      	str	r3, [sp, #48]	@ 0x30
10003dd0:	e7a1      	b.n	10003d16 <_etoa+0x43e>
10003dd2:	1bdb      	subs	r3, r3, r7
10003dd4:	1e5e      	subs	r6, r3, #1
10003dd6:	e679      	b.n	10003acc <_etoa+0x1f4>
10003dd8:	fffffc01 	.word	0xfffffc01
10003ddc:	509f79fb 	.word	0x509f79fb
10003de0:	3fd34413 	.word	0x3fd34413
10003de4:	8b60c8b3 	.word	0x8b60c8b3
10003de8:	3fc68a28 	.word	0x3fc68a28
10003dec:	3ff00000 	.word	0x3ff00000
10003df0:	3ff80000 	.word	0x3ff80000
10003df4:	636f4361 	.word	0x636f4361
10003df8:	3fd287a7 	.word	0x3fd287a7
10003dfc:	0979a371 	.word	0x0979a371
10003e00:	400a934f 	.word	0x400a934f
10003e04:	3fe00000 	.word	0x3fe00000
10003e08:	bbb55516 	.word	0xbbb55516
10003e0c:	40026bb1 	.word	0x40026bb1
10003e10:	fefa39ef 	.word	0xfefa39ef
10003e14:	3fe62e42 	.word	0x3fe62e42
10003e18:	402c0000 	.word	0x402c0000
10003e1c:	40240000 	.word	0x40240000
10003e20:	40180000 	.word	0x40180000
10003e24:	000003ff 	.word	0x000003ff
10003e28:	eb1c432d 	.word	0xeb1c432d
10003e2c:	3f1a36e2 	.word	0x3f1a36e2
10003e30:	412e8480 	.word	0x412e8480
10003e34:	fffff7ff 	.word	0xfffff7ff

10003e38 <_vsnprintf>:
10003e38:	b5f0      	push	{r4, r5, r6, r7, lr}
10003e3a:	4657      	mov	r7, sl
10003e3c:	46de      	mov	lr, fp
10003e3e:	464e      	mov	r6, r9
10003e40:	4645      	mov	r5, r8
10003e42:	b5e0      	push	{r5, r6, r7, lr}
10003e44:	b0a3      	sub	sp, #140	@ 0x8c
10003e46:	001f      	movs	r7, r3
10003e48:	9b2c      	ldr	r3, [sp, #176]	@ 0xb0
10003e4a:	4692      	mov	sl, r2
10003e4c:	930c      	str	r3, [sp, #48]	@ 0x30
10003e4e:	4ac9      	ldr	r2, [pc, #804]	@ (10004174 <_vsnprintf+0x33c>)
10003e50:	4bc9      	ldr	r3, [pc, #804]	@ (10004178 <_vsnprintf+0x340>)
10003e52:	468b      	mov	fp, r1
10003e54:	900b      	str	r0, [sp, #44]	@ 0x2c
10003e56:	601a      	str	r2, [r3, #0]
10003e58:	2900      	cmp	r1, #0
10003e5a:	d100      	bne.n	10003e5e <_vsnprintf+0x26>
10003e5c:	e1bf      	b.n	100041de <_vsnprintf+0x3a6>
10003e5e:	2300      	movs	r3, #0
10003e60:	7838      	ldrb	r0, [r7, #0]
10003e62:	4699      	mov	r9, r3
10003e64:	2800      	cmp	r0, #0
10003e66:	d100      	bne.n	10003e6a <_vsnprintf+0x32>
10003e68:	e1c1      	b.n	100041ee <_vsnprintf+0x3b6>
10003e6a:	4bc4      	ldr	r3, [pc, #784]	@ (1000417c <_vsnprintf+0x344>)
10003e6c:	464c      	mov	r4, r9
10003e6e:	9309      	str	r3, [sp, #36]	@ 0x24
10003e70:	4bc3      	ldr	r3, [pc, #780]	@ (10004180 <_vsnprintf+0x348>)
10003e72:	930e      	str	r3, [sp, #56]	@ 0x38
10003e74:	465b      	mov	r3, fp
10003e76:	930a      	str	r3, [sp, #40]	@ 0x28
10003e78:	e008      	b.n	10003e8c <_vsnprintf+0x54>
10003e7a:	0022      	movs	r2, r4
10003e7c:	4653      	mov	r3, sl
10003e7e:	990a      	ldr	r1, [sp, #40]	@ 0x28
10003e80:	9d0b      	ldr	r5, [sp, #44]	@ 0x2c
10003e82:	47a8      	blx	r5
10003e84:	3401      	adds	r4, #1
10003e86:	7838      	ldrb	r0, [r7, #0]
10003e88:	2800      	cmp	r0, #0
10003e8a:	d076      	beq.n	10003f7a <_vsnprintf+0x142>
10003e8c:	3701      	adds	r7, #1
10003e8e:	2825      	cmp	r0, #37	@ 0x25
10003e90:	d1f3      	bne.n	10003e7a <_vsnprintf+0x42>
10003e92:	2310      	movs	r3, #16
10003e94:	469b      	mov	fp, r3
10003e96:	3b08      	subs	r3, #8
10003e98:	4699      	mov	r9, r3
10003e9a:	3b04      	subs	r3, #4
10003e9c:	4698      	mov	r8, r3
10003e9e:	3b03      	subs	r3, #3
10003ea0:	2600      	movs	r6, #0
10003ea2:	2502      	movs	r5, #2
10003ea4:	469c      	mov	ip, r3
10003ea6:	7838      	ldrb	r0, [r7, #0]
10003ea8:	1c79      	adds	r1, r7, #1
10003eaa:	0003      	movs	r3, r0
10003eac:	3b20      	subs	r3, #32
10003eae:	b2db      	uxtb	r3, r3
10003eb0:	2b10      	cmp	r3, #16
10003eb2:	d803      	bhi.n	10003ebc <_vsnprintf+0x84>
10003eb4:	9a09      	ldr	r2, [sp, #36]	@ 0x24
10003eb6:	009b      	lsls	r3, r3, #2
10003eb8:	58d3      	ldr	r3, [r2, r3]
10003eba:	469f      	mov	pc, r3
10003ebc:	0003      	movs	r3, r0
10003ebe:	3b30      	subs	r3, #48	@ 0x30
10003ec0:	2b09      	cmp	r3, #9
10003ec2:	d936      	bls.n	10003f32 <_vsnprintf+0xfa>
10003ec4:	2500      	movs	r5, #0
10003ec6:	282a      	cmp	r0, #42	@ 0x2a
10003ec8:	d100      	bne.n	10003ecc <_vsnprintf+0x94>
10003eca:	e0a7      	b.n	1000401c <_vsnprintf+0x1e4>
10003ecc:	2300      	movs	r3, #0
10003ece:	930d      	str	r3, [sp, #52]	@ 0x34
10003ed0:	282e      	cmp	r0, #46	@ 0x2e
10003ed2:	d03f      	beq.n	10003f54 <_vsnprintf+0x11c>
10003ed4:	0003      	movs	r3, r0
10003ed6:	3b68      	subs	r3, #104	@ 0x68
10003ed8:	b2db      	uxtb	r3, r3
10003eda:	2b12      	cmp	r3, #18
10003edc:	d81b      	bhi.n	10003f16 <_vsnprintf+0xde>
10003ede:	9a0e      	ldr	r2, [sp, #56]	@ 0x38
10003ee0:	009b      	lsls	r3, r3, #2
10003ee2:	58d3      	ldr	r3, [r2, r3]
10003ee4:	469f      	mov	pc, r3
10003ee6:	4663      	mov	r3, ip
10003ee8:	000f      	movs	r7, r1
10003eea:	431e      	orrs	r6, r3
10003eec:	e7db      	b.n	10003ea6 <_vsnprintf+0x6e>
10003eee:	000f      	movs	r7, r1
10003ef0:	432e      	orrs	r6, r5
10003ef2:	e7d8      	b.n	10003ea6 <_vsnprintf+0x6e>
10003ef4:	4643      	mov	r3, r8
10003ef6:	000f      	movs	r7, r1
10003ef8:	431e      	orrs	r6, r3
10003efa:	e7d4      	b.n	10003ea6 <_vsnprintf+0x6e>
10003efc:	465b      	mov	r3, fp
10003efe:	000f      	movs	r7, r1
10003f00:	431e      	orrs	r6, r3
10003f02:	e7d0      	b.n	10003ea6 <_vsnprintf+0x6e>
10003f04:	464b      	mov	r3, r9
10003f06:	000f      	movs	r7, r1
10003f08:	431e      	orrs	r6, r3
10003f0a:	e7cc      	b.n	10003ea6 <_vsnprintf+0x6e>
10003f0c:	2380      	movs	r3, #128	@ 0x80
10003f0e:	7878      	ldrb	r0, [r7, #1]
10003f10:	005b      	lsls	r3, r3, #1
10003f12:	431e      	orrs	r6, r3
10003f14:	3101      	adds	r1, #1
10003f16:	000f      	movs	r7, r1
10003f18:	2867      	cmp	r0, #103	@ 0x67
10003f1a:	d845      	bhi.n	10003fa8 <_vsnprintf+0x170>
10003f1c:	2824      	cmp	r0, #36	@ 0x24
10003f1e:	d9ac      	bls.n	10003e7a <_vsnprintf+0x42>
10003f20:	0003      	movs	r3, r0
10003f22:	3b25      	subs	r3, #37	@ 0x25
10003f24:	b2db      	uxtb	r3, r3
10003f26:	2b42      	cmp	r3, #66	@ 0x42
10003f28:	d8a7      	bhi.n	10003e7a <_vsnprintf+0x42>
10003f2a:	4996      	ldr	r1, [pc, #600]	@ (10004184 <_vsnprintf+0x34c>)
10003f2c:	009b      	lsls	r3, r3, #2
10003f2e:	58cb      	ldr	r3, [r1, r3]
10003f30:	469f      	mov	pc, r3
10003f32:	2500      	movs	r5, #0
10003f34:	00ab      	lsls	r3, r5, #2
10003f36:	195d      	adds	r5, r3, r5
10003f38:	006d      	lsls	r5, r5, #1
10003f3a:	182d      	adds	r5, r5, r0
10003f3c:	7808      	ldrb	r0, [r1, #0]
10003f3e:	000f      	movs	r7, r1
10003f40:	0003      	movs	r3, r0
10003f42:	3b30      	subs	r3, #48	@ 0x30
10003f44:	3d30      	subs	r5, #48	@ 0x30
10003f46:	3101      	adds	r1, #1
10003f48:	2b09      	cmp	r3, #9
10003f4a:	d9f3      	bls.n	10003f34 <_vsnprintf+0xfc>
10003f4c:	2300      	movs	r3, #0
10003f4e:	930d      	str	r3, [sp, #52]	@ 0x34
10003f50:	282e      	cmp	r0, #46	@ 0x2e
10003f52:	d1bf      	bne.n	10003ed4 <_vsnprintf+0x9c>
10003f54:	2230      	movs	r2, #48	@ 0x30
10003f56:	2080      	movs	r0, #128	@ 0x80
10003f58:	4252      	negs	r2, r2
10003f5a:	4690      	mov	r8, r2
10003f5c:	00c0      	lsls	r0, r0, #3
10003f5e:	4306      	orrs	r6, r0
10003f60:	7878      	ldrb	r0, [r7, #1]
10003f62:	000b      	movs	r3, r1
10003f64:	4480      	add	r8, r0
10003f66:	4642      	mov	r2, r8
10003f68:	2a09      	cmp	r2, #9
10003f6a:	d800      	bhi.n	10003f6e <_vsnprintf+0x136>
10003f6c:	e151      	b.n	10004212 <_vsnprintf+0x3da>
10003f6e:	282a      	cmp	r0, #42	@ 0x2a
10003f70:	d100      	bne.n	10003f74 <_vsnprintf+0x13c>
10003f72:	e15e      	b.n	10004232 <_vsnprintf+0x3fa>
10003f74:	000f      	movs	r7, r1
10003f76:	3101      	adds	r1, #1
10003f78:	e7ac      	b.n	10003ed4 <_vsnprintf+0x9c>
10003f7a:	9b0a      	ldr	r3, [sp, #40]	@ 0x28
10003f7c:	46a1      	mov	r9, r4
10003f7e:	469b      	mov	fp, r3
10003f80:	45ca      	cmp	sl, r9
10003f82:	d803      	bhi.n	10003f8c <_vsnprintf+0x154>
10003f84:	2301      	movs	r3, #1
10003f86:	425b      	negs	r3, r3
10003f88:	4453      	add	r3, sl
10003f8a:	4699      	mov	r9, r3
10003f8c:	4653      	mov	r3, sl
10003f8e:	464a      	mov	r2, r9
10003f90:	4659      	mov	r1, fp
10003f92:	2000      	movs	r0, #0
10003f94:	9d0b      	ldr	r5, [sp, #44]	@ 0x2c
10003f96:	47a8      	blx	r5
10003f98:	0020      	movs	r0, r4
10003f9a:	b023      	add	sp, #140	@ 0x8c
10003f9c:	bcf0      	pop	{r4, r5, r6, r7}
10003f9e:	46bb      	mov	fp, r7
10003fa0:	46b2      	mov	sl, r6
10003fa2:	46a9      	mov	r9, r5
10003fa4:	46a0      	mov	r8, r4
10003fa6:	bdf0      	pop	{r4, r5, r6, r7, pc}
10003fa8:	0003      	movs	r3, r0
10003faa:	3b69      	subs	r3, #105	@ 0x69
10003fac:	b2db      	uxtb	r3, r3
10003fae:	2b0f      	cmp	r3, #15
10003fb0:	d900      	bls.n	10003fb4 <_vsnprintf+0x17c>
10003fb2:	e762      	b.n	10003e7a <_vsnprintf+0x42>
10003fb4:	2101      	movs	r1, #1
10003fb6:	4099      	lsls	r1, r3
10003fb8:	4688      	mov	r8, r1
10003fba:	4a73      	ldr	r2, [pc, #460]	@ (10004188 <_vsnprintf+0x350>)
10003fbc:	4011      	ands	r1, r2
10003fbe:	468b      	mov	fp, r1
10003fc0:	0011      	movs	r1, r2
10003fc2:	4642      	mov	r2, r8
10003fc4:	420a      	tst	r2, r1
10003fc6:	d000      	beq.n	10003fca <_vsnprintf+0x192>
10003fc8:	e113      	b.n	100041f2 <_vsnprintf+0x3ba>
10003fca:	2b0a      	cmp	r3, #10
10003fcc:	d02f      	beq.n	1000402e <_vsnprintf+0x1f6>
10003fce:	2b07      	cmp	r3, #7
10003fd0:	d000      	beq.n	10003fd4 <_vsnprintf+0x19c>
10003fd2:	e752      	b.n	10003e7a <_vsnprintf+0x42>
10003fd4:	9d0c      	ldr	r5, [sp, #48]	@ 0x30
10003fd6:	cd01      	ldmia	r5!, {r0}
10003fd8:	2800      	cmp	r0, #0
10003fda:	d100      	bne.n	10003fde <_vsnprintf+0x1a6>
10003fdc:	e134      	b.n	10004248 <_vsnprintf+0x410>
10003fde:	2321      	movs	r3, #33	@ 0x21
10003fe0:	431e      	orrs	r6, r3
10003fe2:	46b0      	mov	r8, r6
10003fe4:	261f      	movs	r6, #31
10003fe6:	9a0d      	ldr	r2, [sp, #52]	@ 0x34
10003fe8:	ab12      	add	r3, sp, #72	@ 0x48
10003fea:	18f6      	adds	r6, r6, r3
10003fec:	46a1      	mov	r9, r4
10003fee:	4694      	mov	ip, r2
10003ff0:	4659      	mov	r1, fp
10003ff2:	0034      	movs	r4, r6
10003ff4:	e002      	b.n	10003ffc <_vsnprintf+0x1c4>
10003ff6:	0900      	lsrs	r0, r0, #4
10003ff8:	2920      	cmp	r1, #32
10003ffa:	d00a      	beq.n	10004012 <_vsnprintf+0x1da>
10003ffc:	260f      	movs	r6, #15
10003ffe:	4006      	ands	r6, r0
10004000:	0032      	movs	r2, r6
10004002:	3237      	adds	r2, #55	@ 0x37
10004004:	2e09      	cmp	r6, #9
10004006:	d800      	bhi.n	1000400a <_vsnprintf+0x1d2>
10004008:	3a07      	subs	r2, #7
1000400a:	3101      	adds	r1, #1
1000400c:	5462      	strb	r2, [r4, r1]
1000400e:	280f      	cmp	r0, #15
10004010:	d8f1      	bhi.n	10003ff6 <_vsnprintf+0x1be>
10004012:	4663      	mov	r3, ip
10004014:	464c      	mov	r4, r9
10004016:	468b      	mov	fp, r1
10004018:	930d      	str	r3, [sp, #52]	@ 0x34
1000401a:	e122      	b.n	10004262 <_vsnprintf+0x42a>
1000401c:	9b0c      	ldr	r3, [sp, #48]	@ 0x30
1000401e:	cb20      	ldmia	r3!, {r5}
10004020:	2d00      	cmp	r5, #0
10004022:	db52      	blt.n	100040ca <_vsnprintf+0x292>
10004024:	7878      	ldrb	r0, [r7, #1]
10004026:	930c      	str	r3, [sp, #48]	@ 0x30
10004028:	000f      	movs	r7, r1
1000402a:	3101      	adds	r1, #1
1000402c:	e74e      	b.n	10003ecc <_vsnprintf+0x94>
1000402e:	9b0c      	ldr	r3, [sp, #48]	@ 0x30
10004030:	990d      	ldr	r1, [sp, #52]	@ 0x34
10004032:	cb04      	ldmia	r3!, {r2}
10004034:	4690      	mov	r8, r2
10004036:	469b      	mov	fp, r3
10004038:	2900      	cmp	r1, #0
1000403a:	d100      	bne.n	1000403e <_vsnprintf+0x206>
1000403c:	e128      	b.n	10004290 <_vsnprintf+0x458>
1000403e:	4643      	mov	r3, r8
10004040:	7818      	ldrb	r0, [r3, #0]
10004042:	4441      	add	r1, r8
10004044:	2800      	cmp	r0, #0
10004046:	d101      	bne.n	1000404c <_vsnprintf+0x214>
10004048:	f000 fc29 	bl	1000489e <_vsnprintf+0xa66>
1000404c:	9a0d      	ldr	r2, [sp, #52]	@ 0x34
1000404e:	4694      	mov	ip, r2
10004050:	000a      	movs	r2, r1
10004052:	e004      	b.n	1000405e <_vsnprintf+0x226>
10004054:	7859      	ldrb	r1, [r3, #1]
10004056:	3301      	adds	r3, #1
10004058:	2900      	cmp	r1, #0
1000405a:	d100      	bne.n	1000405e <_vsnprintf+0x226>
1000405c:	e195      	b.n	1000438a <_vsnprintf+0x552>
1000405e:	429a      	cmp	r2, r3
10004060:	d1f8      	bne.n	10004054 <_vsnprintf+0x21c>
10004062:	4663      	mov	r3, ip
10004064:	930d      	str	r3, [sp, #52]	@ 0x34
10004066:	4643      	mov	r3, r8
10004068:	1ad3      	subs	r3, r2, r3
1000406a:	930f      	str	r3, [sp, #60]	@ 0x3c
1000406c:	0573      	lsls	r3, r6, #21
1000406e:	d400      	bmi.n	10004072 <_vsnprintf+0x23a>
10004070:	e16c      	b.n	1000434c <_vsnprintf+0x514>
10004072:	9b0f      	ldr	r3, [sp, #60]	@ 0x3c
10004074:	9a0d      	ldr	r2, [sp, #52]	@ 0x34
10004076:	4293      	cmp	r3, r2
10004078:	d900      	bls.n	1000407c <_vsnprintf+0x244>
1000407a:	920f      	str	r2, [sp, #60]	@ 0x3c
1000407c:	2302      	movs	r3, #2
1000407e:	001a      	movs	r2, r3
10004080:	4032      	ands	r2, r6
10004082:	920c      	str	r2, [sp, #48]	@ 0x30
10004084:	4233      	tst	r3, r6
10004086:	d100      	bne.n	1000408a <_vsnprintf+0x252>
10004088:	e291      	b.n	100045ae <_vsnprintf+0x776>
1000408a:	930c      	str	r3, [sp, #48]	@ 0x30
1000408c:	9b0d      	ldr	r3, [sp, #52]	@ 0x34
1000408e:	46b9      	mov	r9, r7
10004090:	191e      	adds	r6, r3, r4
10004092:	4643      	mov	r3, r8
10004094:	1b1b      	subs	r3, r3, r4
10004096:	46a8      	mov	r8, r5
10004098:	0022      	movs	r2, r4
1000409a:	001f      	movs	r7, r3
1000409c:	9d0b      	ldr	r5, [sp, #44]	@ 0x2c
1000409e:	e008      	b.n	100040b2 <_vsnprintf+0x27a>
100040a0:	1c54      	adds	r4, r2, #1
100040a2:	4653      	mov	r3, sl
100040a4:	990a      	ldr	r1, [sp, #40]	@ 0x28
100040a6:	47a8      	blx	r5
100040a8:	5d38      	ldrb	r0, [r7, r4]
100040aa:	2800      	cmp	r0, #0
100040ac:	d100      	bne.n	100040b0 <_vsnprintf+0x278>
100040ae:	e163      	b.n	10004378 <_vsnprintf+0x540>
100040b0:	0022      	movs	r2, r4
100040b2:	4296      	cmp	r6, r2
100040b4:	d1f4      	bne.n	100040a0 <_vsnprintf+0x268>
100040b6:	4645      	mov	r5, r8
100040b8:	464f      	mov	r7, r9
100040ba:	0034      	movs	r4, r6
100040bc:	9b0c      	ldr	r3, [sp, #48]	@ 0x30
100040be:	2b00      	cmp	r3, #0
100040c0:	d000      	beq.n	100040c4 <_vsnprintf+0x28c>
100040c2:	e197      	b.n	100043f4 <_vsnprintf+0x5bc>
100040c4:	465b      	mov	r3, fp
100040c6:	930c      	str	r3, [sp, #48]	@ 0x30
100040c8:	e6dd      	b.n	10003e86 <_vsnprintf+0x4e>
100040ca:	2202      	movs	r2, #2
100040cc:	7878      	ldrb	r0, [r7, #1]
100040ce:	4316      	orrs	r6, r2
100040d0:	000f      	movs	r7, r1
100040d2:	426d      	negs	r5, r5
100040d4:	930c      	str	r3, [sp, #48]	@ 0x30
100040d6:	3101      	adds	r1, #1
100040d8:	e6f8      	b.n	10003ecc <_vsnprintf+0x94>
100040da:	7878      	ldrb	r0, [r7, #1]
100040dc:	286c      	cmp	r0, #108	@ 0x6c
100040de:	d100      	bne.n	100040e2 <_vsnprintf+0x2aa>
100040e0:	e159      	b.n	10004396 <_vsnprintf+0x55e>
100040e2:	2380      	movs	r3, #128	@ 0x80
100040e4:	005b      	lsls	r3, r3, #1
100040e6:	431e      	orrs	r6, r3
100040e8:	3101      	adds	r1, #1
100040ea:	e714      	b.n	10003f16 <_vsnprintf+0xde>
100040ec:	2380      	movs	r3, #128	@ 0x80
100040ee:	009b      	lsls	r3, r3, #2
100040f0:	7878      	ldrb	r0, [r7, #1]
100040f2:	431e      	orrs	r6, r3
100040f4:	3101      	adds	r1, #1
100040f6:	e70e      	b.n	10003f16 <_vsnprintf+0xde>
100040f8:	7878      	ldrb	r0, [r7, #1]
100040fa:	2868      	cmp	r0, #104	@ 0x68
100040fc:	d100      	bne.n	10004100 <_vsnprintf+0x2c8>
100040fe:	e150      	b.n	100043a2 <_vsnprintf+0x56a>
10004100:	2380      	movs	r3, #128	@ 0x80
10004102:	3101      	adds	r1, #1
10004104:	431e      	orrs	r6, r3
10004106:	e706      	b.n	10003f16 <_vsnprintf+0xde>
10004108:	2867      	cmp	r0, #103	@ 0x67
1000410a:	d100      	bne.n	1000410e <_vsnprintf+0x2d6>
1000410c:	e0c2      	b.n	10004294 <_vsnprintf+0x45c>
1000410e:	2847      	cmp	r0, #71	@ 0x47
10004110:	d100      	bne.n	10004114 <_vsnprintf+0x2dc>
10004112:	e134      	b.n	1000437e <_vsnprintf+0x546>
10004114:	2845      	cmp	r0, #69	@ 0x45
10004116:	d100      	bne.n	1000411a <_vsnprintf+0x2e2>
10004118:	e134      	b.n	10004384 <_vsnprintf+0x54c>
1000411a:	2107      	movs	r1, #7
1000411c:	9b0c      	ldr	r3, [sp, #48]	@ 0x30
1000411e:	9a0d      	ldr	r2, [sp, #52]	@ 0x34
10004120:	3307      	adds	r3, #7
10004122:	438b      	bics	r3, r1
10004124:	0019      	movs	r1, r3
10004126:	9604      	str	r6, [sp, #16]
10004128:	9503      	str	r5, [sp, #12]
1000412a:	9202      	str	r2, [sp, #8]
1000412c:	c90c      	ldmia	r1!, {r2, r3}
1000412e:	980b      	ldr	r0, [sp, #44]	@ 0x2c
10004130:	9200      	str	r2, [sp, #0]
10004132:	9301      	str	r3, [sp, #4]
10004134:	910c      	str	r1, [sp, #48]	@ 0x30
10004136:	0022      	movs	r2, r4
10004138:	4653      	mov	r3, sl
1000413a:	990a      	ldr	r1, [sp, #40]	@ 0x28
1000413c:	f7ff fbcc 	bl	100038d8 <_etoa>
10004140:	0004      	movs	r4, r0
10004142:	e6a0      	b.n	10003e86 <_vsnprintf+0x4e>
10004144:	2846      	cmp	r0, #70	@ 0x46
10004146:	d100      	bne.n	1000414a <_vsnprintf+0x312>
10004148:	e0a8      	b.n	1000429c <_vsnprintf+0x464>
1000414a:	2107      	movs	r1, #7
1000414c:	9b0c      	ldr	r3, [sp, #48]	@ 0x30
1000414e:	9a0d      	ldr	r2, [sp, #52]	@ 0x34
10004150:	3307      	adds	r3, #7
10004152:	438b      	bics	r3, r1
10004154:	0019      	movs	r1, r3
10004156:	9604      	str	r6, [sp, #16]
10004158:	9503      	str	r5, [sp, #12]
1000415a:	9202      	str	r2, [sp, #8]
1000415c:	c90c      	ldmia	r1!, {r2, r3}
1000415e:	980b      	ldr	r0, [sp, #44]	@ 0x2c
10004160:	9200      	str	r2, [sp, #0]
10004162:	9301      	str	r3, [sp, #4]
10004164:	910c      	str	r1, [sp, #48]	@ 0x30
10004166:	0022      	movs	r2, r4
10004168:	4653      	mov	r3, sl
1000416a:	990a      	ldr	r1, [sp, #40]	@ 0x28
1000416c:	f7ff f97a 	bl	10003464 <_ftoa>
10004170:	0004      	movs	r4, r0
10004172:	e688      	b.n	10003e86 <_vsnprintf+0x4e>
10004174:	10003e39 	.word	0x10003e39
10004178:	20002990 	.word	0x20002990
1000417c:	10008004 	.word	0x10008004
10004180:	10008048 	.word	0x10008048
10004184:	10008094 	.word	0x10008094
10004188:	00009041 	.word	0x00009041
1000418c:	0022      	movs	r2, r4
1000418e:	4653      	mov	r3, sl
10004190:	2025      	movs	r0, #37	@ 0x25
10004192:	990a      	ldr	r1, [sp, #40]	@ 0x28
10004194:	9d0b      	ldr	r5, [sp, #44]	@ 0x2c
10004196:	47a8      	blx	r5
10004198:	3401      	adds	r4, #1
1000419a:	e674      	b.n	10003e86 <_vsnprintf+0x4e>
1000419c:	9b0c      	ldr	r3, [sp, #48]	@ 0x30
1000419e:	3304      	adds	r3, #4
100041a0:	469b      	mov	fp, r3
100041a2:	1c63      	adds	r3, r4, #1
100041a4:	4698      	mov	r8, r3
100041a6:	07b6      	lsls	r6, r6, #30
100041a8:	d400      	bmi.n	100041ac <_vsnprintf+0x374>
100041aa:	e0ff      	b.n	100043ac <_vsnprintf+0x574>
100041ac:	9b0c      	ldr	r3, [sp, #48]	@ 0x30
100041ae:	0022      	movs	r2, r4
100041b0:	7818      	ldrb	r0, [r3, #0]
100041b2:	990a      	ldr	r1, [sp, #40]	@ 0x28
100041b4:	4653      	mov	r3, sl
100041b6:	9e0b      	ldr	r6, [sp, #44]	@ 0x2c
100041b8:	47b0      	blx	r6
100041ba:	1964      	adds	r4, r4, r5
100041bc:	2d01      	cmp	r5, #1
100041be:	d800      	bhi.n	100041c2 <_vsnprintf+0x38a>
100041c0:	e249      	b.n	10004656 <_vsnprintf+0x81e>
100041c2:	4645      	mov	r5, r8
100041c4:	9e0b      	ldr	r6, [sp, #44]	@ 0x2c
100041c6:	46b8      	mov	r8, r7
100041c8:	9f0a      	ldr	r7, [sp, #40]	@ 0x28
100041ca:	002a      	movs	r2, r5
100041cc:	4653      	mov	r3, sl
100041ce:	3501      	adds	r5, #1
100041d0:	0039      	movs	r1, r7
100041d2:	2020      	movs	r0, #32
100041d4:	47b0      	blx	r6
100041d6:	42a5      	cmp	r5, r4
100041d8:	d1f7      	bne.n	100041ca <_vsnprintf+0x392>
100041da:	4647      	mov	r7, r8
100041dc:	e772      	b.n	100040c4 <_vsnprintf+0x28c>
100041de:	4bdb      	ldr	r3, [pc, #876]	@ (1000454c <_vsnprintf+0x714>)
100041e0:	7838      	ldrb	r0, [r7, #0]
100041e2:	930b      	str	r3, [sp, #44]	@ 0x2c
100041e4:	2300      	movs	r3, #0
100041e6:	4699      	mov	r9, r3
100041e8:	2800      	cmp	r0, #0
100041ea:	d000      	beq.n	100041ee <_vsnprintf+0x3b6>
100041ec:	e63d      	b.n	10003e6a <_vsnprintf+0x32>
100041ee:	2400      	movs	r4, #0
100041f0:	e6c6      	b.n	10003f80 <_vsnprintf+0x148>
100041f2:	286f      	cmp	r0, #111	@ 0x6f
100041f4:	d055      	beq.n	100042a2 <_vsnprintf+0x46a>
100041f6:	d800      	bhi.n	100041fa <_vsnprintf+0x3c2>
100041f8:	e2bc      	b.n	10004774 <_vsnprintf+0x93c>
100041fa:	2310      	movs	r3, #16
100041fc:	2878      	cmp	r0, #120	@ 0x78
100041fe:	d100      	bne.n	10004202 <_vsnprintf+0x3ca>
10004200:	e09e      	b.n	10004340 <_vsnprintf+0x508>
10004202:	439e      	bics	r6, r3
10004204:	230a      	movs	r3, #10
10004206:	469c      	mov	ip, r3
10004208:	2300      	movs	r3, #0
1000420a:	930f      	str	r3, [sp, #60]	@ 0x3c
1000420c:	330a      	adds	r3, #10
1000420e:	469b      	mov	fp, r3
10004210:	e04d      	b.n	100042ae <_vsnprintf+0x476>
10004212:	2100      	movs	r1, #0
10004214:	008a      	lsls	r2, r1, #2
10004216:	1852      	adds	r2, r2, r1
10004218:	0052      	lsls	r2, r2, #1
1000421a:	3301      	adds	r3, #1
1000421c:	1811      	adds	r1, r2, r0
1000421e:	7818      	ldrb	r0, [r3, #0]
10004220:	3930      	subs	r1, #48	@ 0x30
10004222:	0002      	movs	r2, r0
10004224:	3a30      	subs	r2, #48	@ 0x30
10004226:	2a09      	cmp	r2, #9
10004228:	d9f4      	bls.n	10004214 <_vsnprintf+0x3dc>
1000422a:	910d      	str	r1, [sp, #52]	@ 0x34
1000422c:	001f      	movs	r7, r3
1000422e:	1c59      	adds	r1, r3, #1
10004230:	e650      	b.n	10003ed4 <_vsnprintf+0x9c>
10004232:	9b0c      	ldr	r3, [sp, #48]	@ 0x30
10004234:	78b8      	ldrb	r0, [r7, #2]
10004236:	cb04      	ldmia	r3!, {r2}
10004238:	3702      	adds	r7, #2
1000423a:	43d1      	mvns	r1, r2
1000423c:	17c9      	asrs	r1, r1, #31
1000423e:	400a      	ands	r2, r1
10004240:	920d      	str	r2, [sp, #52]	@ 0x34
10004242:	930c      	str	r3, [sp, #48]	@ 0x30
10004244:	1c79      	adds	r1, r7, #1
10004246:	e645      	b.n	10003ed4 <_vsnprintf+0x9c>
10004248:	2310      	movs	r3, #16
1000424a:	0030      	movs	r0, r6
1000424c:	4398      	bics	r0, r3
1000424e:	3311      	adds	r3, #17
10004250:	4318      	orrs	r0, r3
10004252:	2380      	movs	r3, #128	@ 0x80
10004254:	4680      	mov	r8, r0
10004256:	0030      	movs	r0, r6
10004258:	00db      	lsls	r3, r3, #3
1000425a:	4018      	ands	r0, r3
1000425c:	421e      	tst	r6, r3
1000425e:	d100      	bne.n	10004262 <_vsnprintf+0x42a>
10004260:	e6c0      	b.n	10003fe4 <_vsnprintf+0x1ac>
10004262:	4643      	mov	r3, r8
10004264:	9306      	str	r3, [sp, #24]
10004266:	2308      	movs	r3, #8
10004268:	9305      	str	r3, [sp, #20]
1000426a:	9b0d      	ldr	r3, [sp, #52]	@ 0x34
1000426c:	0022      	movs	r2, r4
1000426e:	9304      	str	r3, [sp, #16]
10004270:	2310      	movs	r3, #16
10004272:	9303      	str	r3, [sp, #12]
10004274:	2300      	movs	r3, #0
10004276:	9302      	str	r3, [sp, #8]
10004278:	465b      	mov	r3, fp
1000427a:	9301      	str	r3, [sp, #4]
1000427c:	ab1a      	add	r3, sp, #104	@ 0x68
1000427e:	9300      	str	r3, [sp, #0]
10004280:	990a      	ldr	r1, [sp, #40]	@ 0x28
10004282:	4653      	mov	r3, sl
10004284:	980b      	ldr	r0, [sp, #44]	@ 0x2c
10004286:	f7fe fff1 	bl	1000326c <_ntoa_format>
1000428a:	950c      	str	r5, [sp, #48]	@ 0x30
1000428c:	0004      	movs	r4, r0
1000428e:	e5fa      	b.n	10003e86 <_vsnprintf+0x4e>
10004290:	3901      	subs	r1, #1
10004292:	e6d4      	b.n	1000403e <_vsnprintf+0x206>
10004294:	2380      	movs	r3, #128	@ 0x80
10004296:	011b      	lsls	r3, r3, #4
10004298:	431e      	orrs	r6, r3
1000429a:	e73e      	b.n	1000411a <_vsnprintf+0x2e2>
1000429c:	2320      	movs	r3, #32
1000429e:	431e      	orrs	r6, r3
100042a0:	e753      	b.n	1000414a <_vsnprintf+0x312>
100042a2:	2308      	movs	r3, #8
100042a4:	469c      	mov	ip, r3
100042a6:	2300      	movs	r3, #0
100042a8:	930f      	str	r3, [sp, #60]	@ 0x3c
100042aa:	3308      	adds	r3, #8
100042ac:	469b      	mov	fp, r3
100042ae:	2380      	movs	r3, #128	@ 0x80
100042b0:	0030      	movs	r0, r6
100042b2:	00db      	lsls	r3, r3, #3
100042b4:	4018      	ands	r0, r3
100042b6:	421e      	tst	r6, r3
100042b8:	d100      	bne.n	100042bc <_vsnprintf+0x484>
100042ba:	e11a      	b.n	100044f2 <_vsnprintf+0x6ba>
100042bc:	230d      	movs	r3, #13
100042be:	0031      	movs	r1, r6
100042c0:	4399      	bics	r1, r3
100042c2:	2380      	movs	r3, #128	@ 0x80
100042c4:	000a      	movs	r2, r1
100042c6:	009b      	lsls	r3, r3, #2
100042c8:	401a      	ands	r2, r3
100042ca:	4691      	mov	r9, r2
100042cc:	4219      	tst	r1, r3
100042ce:	d000      	beq.n	100042d2 <_vsnprintf+0x49a>
100042d0:	e1c3      	b.n	1000465a <_vsnprintf+0x822>
100042d2:	2380      	movs	r3, #128	@ 0x80
100042d4:	000a      	movs	r2, r1
100042d6:	005b      	lsls	r3, r3, #1
100042d8:	401a      	ands	r2, r3
100042da:	4690      	mov	r8, r2
100042dc:	9a0c      	ldr	r2, [sp, #48]	@ 0x30
100042de:	3204      	adds	r2, #4
100042e0:	920f      	str	r2, [sp, #60]	@ 0x3c
100042e2:	4219      	tst	r1, r3
100042e4:	d000      	beq.n	100042e8 <_vsnprintf+0x4b0>
100042e6:	e28f      	b.n	10004808 <_vsnprintf+0x9d0>
100042e8:	064b      	lsls	r3, r1, #25
100042ea:	d500      	bpl.n	100042ee <_vsnprintf+0x4b6>
100042ec:	e197      	b.n	1000461e <_vsnprintf+0x7e6>
100042ee:	060b      	lsls	r3, r1, #24
100042f0:	d400      	bmi.n	100042f4 <_vsnprintf+0x4bc>
100042f2:	e2e5      	b.n	100048c0 <_vsnprintf+0xa88>
100042f4:	9b0c      	ldr	r3, [sp, #48]	@ 0x30
100042f6:	881b      	ldrh	r3, [r3, #0]
100042f8:	4699      	mov	r9, r3
100042fa:	464b      	mov	r3, r9
100042fc:	2b00      	cmp	r3, #0
100042fe:	d000      	beq.n	10004302 <_vsnprintf+0x4ca>
10004300:	e205      	b.n	1000470e <_vsnprintf+0x8d6>
10004302:	3310      	adds	r3, #16
10004304:	4399      	bics	r1, r3
10004306:	2800      	cmp	r0, #0
10004308:	d100      	bne.n	1000430c <_vsnprintf+0x4d4>
1000430a:	e200      	b.n	1000470e <_vsnprintf+0x8d6>
1000430c:	2300      	movs	r3, #0
1000430e:	4698      	mov	r8, r3
10004310:	9b0d      	ldr	r3, [sp, #52]	@ 0x34
10004312:	9106      	str	r1, [sp, #24]
10004314:	9304      	str	r3, [sp, #16]
10004316:	465b      	mov	r3, fp
10004318:	9303      	str	r3, [sp, #12]
1000431a:	2300      	movs	r3, #0
1000431c:	9505      	str	r5, [sp, #20]
1000431e:	9302      	str	r3, [sp, #8]
10004320:	4643      	mov	r3, r8
10004322:	e0d9      	b.n	100044d8 <_vsnprintf+0x6a0>
10004324:	2858      	cmp	r0, #88	@ 0x58
10004326:	d008      	beq.n	1000433a <_vsnprintf+0x502>
10004328:	2862      	cmp	r0, #98	@ 0x62
1000432a:	d178      	bne.n	1000441e <_vsnprintf+0x5e6>
1000432c:	2302      	movs	r3, #2
1000432e:	469c      	mov	ip, r3
10004330:	2300      	movs	r3, #0
10004332:	930f      	str	r3, [sp, #60]	@ 0x3c
10004334:	3302      	adds	r3, #2
10004336:	469b      	mov	fp, r3
10004338:	e7b9      	b.n	100042ae <_vsnprintf+0x476>
1000433a:	2320      	movs	r3, #32
1000433c:	431e      	orrs	r6, r3
1000433e:	3b10      	subs	r3, #16
10004340:	469c      	mov	ip, r3
10004342:	2300      	movs	r3, #0
10004344:	930f      	str	r3, [sp, #60]	@ 0x3c
10004346:	3310      	adds	r3, #16
10004348:	469b      	mov	fp, r3
1000434a:	e7b0      	b.n	100042ae <_vsnprintf+0x476>
1000434c:	2302      	movs	r3, #2
1000434e:	001a      	movs	r2, r3
10004350:	4032      	ands	r2, r6
10004352:	920c      	str	r2, [sp, #48]	@ 0x30
10004354:	4233      	tst	r3, r6
10004356:	d100      	bne.n	1000435a <_vsnprintf+0x522>
10004358:	e205      	b.n	10004766 <_vsnprintf+0x92e>
1000435a:	930c      	str	r3, [sp, #48]	@ 0x30
1000435c:	4643      	mov	r3, r8
1000435e:	46b9      	mov	r9, r7
10004360:	9e0b      	ldr	r6, [sp, #44]	@ 0x2c
10004362:	9f0a      	ldr	r7, [sp, #40]	@ 0x28
10004364:	46a8      	mov	r8, r5
10004366:	1b1d      	subs	r5, r3, r4
10004368:	0022      	movs	r2, r4
1000436a:	4653      	mov	r3, sl
1000436c:	0039      	movs	r1, r7
1000436e:	3401      	adds	r4, #1
10004370:	47b0      	blx	r6
10004372:	5d28      	ldrb	r0, [r5, r4]
10004374:	2800      	cmp	r0, #0
10004376:	d1f7      	bne.n	10004368 <_vsnprintf+0x530>
10004378:	4645      	mov	r5, r8
1000437a:	464f      	mov	r7, r9
1000437c:	e69e      	b.n	100040bc <_vsnprintf+0x284>
1000437e:	2380      	movs	r3, #128	@ 0x80
10004380:	011b      	lsls	r3, r3, #4
10004382:	431e      	orrs	r6, r3
10004384:	2320      	movs	r3, #32
10004386:	431e      	orrs	r6, r3
10004388:	e6c7      	b.n	1000411a <_vsnprintf+0x2e2>
1000438a:	4662      	mov	r2, ip
1000438c:	920d      	str	r2, [sp, #52]	@ 0x34
1000438e:	4642      	mov	r2, r8
10004390:	1a9b      	subs	r3, r3, r2
10004392:	930f      	str	r3, [sp, #60]	@ 0x3c
10004394:	e66a      	b.n	1000406c <_vsnprintf+0x234>
10004396:	23c0      	movs	r3, #192	@ 0xc0
10004398:	009b      	lsls	r3, r3, #2
1000439a:	78b8      	ldrb	r0, [r7, #2]
1000439c:	431e      	orrs	r6, r3
1000439e:	1cf9      	adds	r1, r7, #3
100043a0:	e5b9      	b.n	10003f16 <_vsnprintf+0xde>
100043a2:	23c0      	movs	r3, #192	@ 0xc0
100043a4:	78b8      	ldrb	r0, [r7, #2]
100043a6:	431e      	orrs	r6, r3
100043a8:	1cf9      	adds	r1, r7, #3
100043aa:	e5b4      	b.n	10003f16 <_vsnprintf+0xde>
100043ac:	2d01      	cmp	r5, #1
100043ae:	d800      	bhi.n	100043b2 <_vsnprintf+0x57a>
100043b0:	e14a      	b.n	10004648 <_vsnprintf+0x810>
100043b2:	1e63      	subs	r3, r4, #1
100043b4:	4699      	mov	r9, r3
100043b6:	44a9      	add	r9, r5
100043b8:	464b      	mov	r3, r9
100043ba:	4652      	mov	r2, sl
100043bc:	0026      	movs	r6, r4
100043be:	46a1      	mov	r9, r4
100043c0:	46ba      	mov	sl, r7
100043c2:	001c      	movs	r4, r3
100043c4:	0017      	movs	r7, r2
100043c6:	46a8      	mov	r8, r5
100043c8:	9d0b      	ldr	r5, [sp, #44]	@ 0x2c
100043ca:	0032      	movs	r2, r6
100043cc:	003b      	movs	r3, r7
100043ce:	3601      	adds	r6, #1
100043d0:	2020      	movs	r0, #32
100043d2:	990a      	ldr	r1, [sp, #40]	@ 0x28
100043d4:	47a8      	blx	r5
100043d6:	42a6      	cmp	r6, r4
100043d8:	d1f7      	bne.n	100043ca <_vsnprintf+0x592>
100043da:	003b      	movs	r3, r7
100043dc:	4657      	mov	r7, sl
100043de:	469a      	mov	sl, r3
100043e0:	464c      	mov	r4, r9
100043e2:	9b0c      	ldr	r3, [sp, #48]	@ 0x30
100043e4:	0032      	movs	r2, r6
100043e6:	7818      	ldrb	r0, [r3, #0]
100043e8:	990a      	ldr	r1, [sp, #40]	@ 0x28
100043ea:	4653      	mov	r3, sl
100043ec:	9d0b      	ldr	r5, [sp, #44]	@ 0x2c
100043ee:	4444      	add	r4, r8
100043f0:	47a8      	blx	r5
100043f2:	e667      	b.n	100040c4 <_vsnprintf+0x28c>
100043f4:	46a0      	mov	r8, r4
100043f6:	9b0f      	ldr	r3, [sp, #60]	@ 0x3c
100043f8:	429d      	cmp	r5, r3
100043fa:	d800      	bhi.n	100043fe <_vsnprintf+0x5c6>
100043fc:	e662      	b.n	100040c4 <_vsnprintf+0x28c>
100043fe:	192c      	adds	r4, r5, r4
10004400:	9e0b      	ldr	r6, [sp, #44]	@ 0x2c
10004402:	4645      	mov	r5, r8
10004404:	46b8      	mov	r8, r7
10004406:	9f0a      	ldr	r7, [sp, #40]	@ 0x28
10004408:	1ae4      	subs	r4, r4, r3
1000440a:	002a      	movs	r2, r5
1000440c:	4653      	mov	r3, sl
1000440e:	3501      	adds	r5, #1
10004410:	0039      	movs	r1, r7
10004412:	2020      	movs	r0, #32
10004414:	47b0      	blx	r6
10004416:	42a5      	cmp	r5, r4
10004418:	d1f7      	bne.n	1000440a <_vsnprintf+0x5d2>
1000441a:	4647      	mov	r7, r8
1000441c:	e652      	b.n	100040c4 <_vsnprintf+0x28c>
1000441e:	2380      	movs	r3, #128	@ 0x80
10004420:	0032      	movs	r2, r6
10004422:	00db      	lsls	r3, r3, #3
10004424:	401a      	ands	r2, r3
10004426:	4690      	mov	r8, r2
10004428:	421e      	tst	r6, r3
1000442a:	d100      	bne.n	1000442e <_vsnprintf+0x5f6>
1000442c:	e0f3      	b.n	10004616 <_vsnprintf+0x7de>
1000442e:	2111      	movs	r1, #17
10004430:	438e      	bics	r6, r1
10004432:	46b4      	mov	ip, r6
10004434:	4698      	mov	r8, r3
10004436:	2380      	movs	r3, #128	@ 0x80
10004438:	4662      	mov	r2, ip
1000443a:	009b      	lsls	r3, r3, #2
1000443c:	401a      	ands	r2, r3
1000443e:	4693      	mov	fp, r2
10004440:	4662      	mov	r2, ip
10004442:	421a      	tst	r2, r3
10004444:	d159      	bne.n	100044fa <_vsnprintf+0x6c2>
10004446:	2380      	movs	r3, #128	@ 0x80
10004448:	005b      	lsls	r3, r3, #1
1000444a:	401a      	ands	r2, r3
1000444c:	4691      	mov	r9, r2
1000444e:	9a0c      	ldr	r2, [sp, #48]	@ 0x30
10004450:	3204      	adds	r2, #4
10004452:	920f      	str	r2, [sp, #60]	@ 0x3c
10004454:	4662      	mov	r2, ip
10004456:	421a      	tst	r2, r3
10004458:	d000      	beq.n	1000445c <_vsnprintf+0x624>
1000445a:	e1a0      	b.n	1000479e <_vsnprintf+0x966>
1000445c:	4663      	mov	r3, ip
1000445e:	065b      	lsls	r3, r3, #25
10004460:	d500      	bpl.n	10004464 <_vsnprintf+0x62c>
10004462:	e0d4      	b.n	1000460e <_vsnprintf+0x7d6>
10004464:	4663      	mov	r3, ip
10004466:	061b      	lsls	r3, r3, #24
10004468:	d400      	bmi.n	1000446c <_vsnprintf+0x634>
1000446a:	e212      	b.n	10004892 <_vsnprintf+0xa5a>
1000446c:	9b0c      	ldr	r3, [sp, #48]	@ 0x30
1000446e:	2200      	movs	r2, #0
10004470:	5e9b      	ldrsh	r3, [r3, r2]
10004472:	17d8      	asrs	r0, r3, #31
10004474:	1819      	adds	r1, r3, r0
10004476:	4041      	eors	r1, r0
10004478:	b289      	uxth	r1, r1
1000447a:	0fda      	lsrs	r2, r3, #31
1000447c:	920c      	str	r2, [sp, #48]	@ 0x30
1000447e:	2b00      	cmp	r3, #0
10004480:	d100      	bne.n	10004484 <_vsnprintf+0x64c>
10004482:	e187      	b.n	10004794 <_vsnprintf+0x95c>
10004484:	4688      	mov	r8, r1
10004486:	261f      	movs	r6, #31
10004488:	ab12      	add	r3, sp, #72	@ 0x48
1000448a:	46bb      	mov	fp, r7
1000448c:	9514      	str	r5, [sp, #80]	@ 0x50
1000448e:	18f7      	adds	r7, r6, r3
10004490:	4645      	mov	r5, r8
10004492:	464e      	mov	r6, r9
10004494:	46e0      	mov	r8, ip
10004496:	46a1      	mov	r9, r4
10004498:	e006      	b.n	100044a8 <_vsnprintf+0x670>
1000449a:	0028      	movs	r0, r5
1000449c:	210a      	movs	r1, #10
1000449e:	f7fd ffef 	bl	10002480 <__wrap___aeabi_uidiv>
100044a2:	0005      	movs	r5, r0
100044a4:	2e20      	cmp	r6, #32
100044a6:	d008      	beq.n	100044ba <_vsnprintf+0x682>
100044a8:	210a      	movs	r1, #10
100044aa:	0028      	movs	r0, r5
100044ac:	f7fd ffe8 	bl	10002480 <__wrap___aeabi_uidiv>
100044b0:	3601      	adds	r6, #1
100044b2:	3130      	adds	r1, #48	@ 0x30
100044b4:	55b9      	strb	r1, [r7, r6]
100044b6:	2d09      	cmp	r5, #9
100044b8:	d8ef      	bhi.n	1000449a <_vsnprintf+0x662>
100044ba:	464c      	mov	r4, r9
100044bc:	46c4      	mov	ip, r8
100044be:	46b1      	mov	r9, r6
100044c0:	465f      	mov	r7, fp
100044c2:	9d14      	ldr	r5, [sp, #80]	@ 0x50
100044c4:	4663      	mov	r3, ip
100044c6:	9306      	str	r3, [sp, #24]
100044c8:	9b0d      	ldr	r3, [sp, #52]	@ 0x34
100044ca:	9505      	str	r5, [sp, #20]
100044cc:	9304      	str	r3, [sp, #16]
100044ce:	230a      	movs	r3, #10
100044d0:	9303      	str	r3, [sp, #12]
100044d2:	9b0c      	ldr	r3, [sp, #48]	@ 0x30
100044d4:	9302      	str	r3, [sp, #8]
100044d6:	464b      	mov	r3, r9
100044d8:	9301      	str	r3, [sp, #4]
100044da:	ab1a      	add	r3, sp, #104	@ 0x68
100044dc:	0022      	movs	r2, r4
100044de:	9300      	str	r3, [sp, #0]
100044e0:	990a      	ldr	r1, [sp, #40]	@ 0x28
100044e2:	4653      	mov	r3, sl
100044e4:	980b      	ldr	r0, [sp, #44]	@ 0x2c
100044e6:	f7fe fec1 	bl	1000326c <_ntoa_format>
100044ea:	9b0f      	ldr	r3, [sp, #60]	@ 0x3c
100044ec:	0004      	movs	r4, r0
100044ee:	930c      	str	r3, [sp, #48]	@ 0x30
100044f0:	e4c9      	b.n	10003e86 <_vsnprintf+0x4e>
100044f2:	230c      	movs	r3, #12
100044f4:	0031      	movs	r1, r6
100044f6:	4399      	bics	r1, r3
100044f8:	e6e3      	b.n	100042c2 <_vsnprintf+0x48a>
100044fa:	2208      	movs	r2, #8
100044fc:	2107      	movs	r1, #7
100044fe:	4691      	mov	r9, r2
10004500:	9b0c      	ldr	r3, [sp, #48]	@ 0x30
10004502:	3307      	adds	r3, #7
10004504:	438b      	bics	r3, r1
10004506:	4499      	add	r9, r3
10004508:	464a      	mov	r2, r9
1000450a:	cb0a      	ldmia	r3, {r1, r3}
1000450c:	0008      	movs	r0, r1
1000450e:	920c      	str	r2, [sp, #48]	@ 0x30
10004510:	0fda      	lsrs	r2, r3, #31
10004512:	4693      	mov	fp, r2
10004514:	4318      	orrs	r0, r3
10004516:	d000      	beq.n	1000451a <_vsnprintf+0x6e2>
10004518:	e085      	b.n	10004626 <_vsnprintf+0x7ee>
1000451a:	2300      	movs	r3, #0
1000451c:	4699      	mov	r9, r3
1000451e:	4643      	mov	r3, r8
10004520:	2b00      	cmp	r3, #0
10004522:	d12f      	bne.n	10004584 <_vsnprintf+0x74c>
10004524:	2200      	movs	r2, #0
10004526:	2300      	movs	r3, #0
10004528:	9210      	str	r2, [sp, #64]	@ 0x40
1000452a:	9311      	str	r3, [sp, #68]	@ 0x44
1000452c:	2300      	movs	r3, #0
1000452e:	261f      	movs	r6, #31
10004530:	4699      	mov	r9, r3
10004532:	ab12      	add	r3, sp, #72	@ 0x48
10004534:	18f6      	adds	r6, r6, r3
10004536:	465b      	mov	r3, fp
10004538:	9514      	str	r5, [sp, #80]	@ 0x50
1000453a:	46bb      	mov	fp, r7
1000453c:	46e0      	mov	r8, ip
1000453e:	0037      	movs	r7, r6
10004540:	930f      	str	r3, [sp, #60]	@ 0x3c
10004542:	464e      	mov	r6, r9
10004544:	46a1      	mov	r9, r4
10004546:	9c10      	ldr	r4, [sp, #64]	@ 0x40
10004548:	9d11      	ldr	r5, [sp, #68]	@ 0x44
1000454a:	e005      	b.n	10004558 <_vsnprintf+0x720>
1000454c:	100031c1 	.word	0x100031c1
10004550:	0004      	movs	r4, r0
10004552:	000d      	movs	r5, r1
10004554:	2e20      	cmp	r6, #32
10004556:	d00c      	beq.n	10004572 <_vsnprintf+0x73a>
10004558:	220a      	movs	r2, #10
1000455a:	2300      	movs	r3, #0
1000455c:	0020      	movs	r0, r4
1000455e:	0029      	movs	r1, r5
10004560:	f7fd ffcc 	bl	100024fc <__wrap___aeabi_uldivmod>
10004564:	3601      	adds	r6, #1
10004566:	3230      	adds	r2, #48	@ 0x30
10004568:	55ba      	strb	r2, [r7, r6]
1000456a:	2d00      	cmp	r5, #0
1000456c:	d1f0      	bne.n	10004550 <_vsnprintf+0x718>
1000456e:	2c09      	cmp	r4, #9
10004570:	d8ee      	bhi.n	10004550 <_vsnprintf+0x718>
10004572:	9b0f      	ldr	r3, [sp, #60]	@ 0x3c
10004574:	9410      	str	r4, [sp, #64]	@ 0x40
10004576:	9511      	str	r5, [sp, #68]	@ 0x44
10004578:	465f      	mov	r7, fp
1000457a:	464c      	mov	r4, r9
1000457c:	46c4      	mov	ip, r8
1000457e:	46b1      	mov	r9, r6
10004580:	469b      	mov	fp, r3
10004582:	9d14      	ldr	r5, [sp, #80]	@ 0x50
10004584:	4663      	mov	r3, ip
10004586:	9306      	str	r3, [sp, #24]
10004588:	9b0d      	ldr	r3, [sp, #52]	@ 0x34
1000458a:	9505      	str	r5, [sp, #20]
1000458c:	9304      	str	r3, [sp, #16]
1000458e:	230a      	movs	r3, #10
10004590:	9303      	str	r3, [sp, #12]
10004592:	465b      	mov	r3, fp
10004594:	9302      	str	r3, [sp, #8]
10004596:	464b      	mov	r3, r9
10004598:	9301      	str	r3, [sp, #4]
1000459a:	ab1a      	add	r3, sp, #104	@ 0x68
1000459c:	0022      	movs	r2, r4
1000459e:	9300      	str	r3, [sp, #0]
100045a0:	990a      	ldr	r1, [sp, #40]	@ 0x28
100045a2:	4653      	mov	r3, sl
100045a4:	980b      	ldr	r0, [sp, #44]	@ 0x2c
100045a6:	f7fe fe61 	bl	1000326c <_ntoa_format>
100045aa:	0004      	movs	r4, r0
100045ac:	e46b      	b.n	10003e86 <_vsnprintf+0x4e>
100045ae:	9b0f      	ldr	r3, [sp, #60]	@ 0x3c
100045b0:	429d      	cmp	r5, r3
100045b2:	d800      	bhi.n	100045b6 <_vsnprintf+0x77e>
100045b4:	e196      	b.n	100048e4 <_vsnprintf+0xaac>
100045b6:	2380      	movs	r3, #128	@ 0x80
100045b8:	00db      	lsls	r3, r3, #3
100045ba:	930c      	str	r3, [sp, #48]	@ 0x30
100045bc:	9b0f      	ldr	r3, [sp, #60]	@ 0x3c
100045be:	192e      	adds	r6, r5, r4
100045c0:	1af6      	subs	r6, r6, r3
100045c2:	4643      	mov	r3, r8
100045c4:	930f      	str	r3, [sp, #60]	@ 0x3c
100045c6:	9b0d      	ldr	r3, [sp, #52]	@ 0x34
100045c8:	46a8      	mov	r8, r5
100045ca:	4699      	mov	r9, r3
100045cc:	4653      	mov	r3, sl
100045ce:	46ba      	mov	sl, r7
100045d0:	001f      	movs	r7, r3
100045d2:	9d0b      	ldr	r5, [sp, #44]	@ 0x2c
100045d4:	0022      	movs	r2, r4
100045d6:	003b      	movs	r3, r7
100045d8:	3401      	adds	r4, #1
100045da:	2020      	movs	r0, #32
100045dc:	990a      	ldr	r1, [sp, #40]	@ 0x28
100045de:	47a8      	blx	r5
100045e0:	42b4      	cmp	r4, r6
100045e2:	d1f7      	bne.n	100045d4 <_vsnprintf+0x79c>
100045e4:	9b0f      	ldr	r3, [sp, #60]	@ 0x3c
100045e6:	4645      	mov	r5, r8
100045e8:	4698      	mov	r8, r3
100045ea:	464b      	mov	r3, r9
100045ec:	930d      	str	r3, [sp, #52]	@ 0x34
100045ee:	003b      	movs	r3, r7
100045f0:	4657      	mov	r7, sl
100045f2:	469a      	mov	sl, r3
100045f4:	4643      	mov	r3, r8
100045f6:	7818      	ldrb	r0, [r3, #0]
100045f8:	2800      	cmp	r0, #0
100045fa:	d100      	bne.n	100045fe <_vsnprintf+0x7c6>
100045fc:	e562      	b.n	100040c4 <_vsnprintf+0x28c>
100045fe:	1c6b      	adds	r3, r5, #1
10004600:	930f      	str	r3, [sp, #60]	@ 0x3c
10004602:	9b0c      	ldr	r3, [sp, #48]	@ 0x30
10004604:	2b00      	cmp	r3, #0
10004606:	d100      	bne.n	1000460a <_vsnprintf+0x7d2>
10004608:	e6a8      	b.n	1000435c <_vsnprintf+0x524>
1000460a:	2300      	movs	r3, #0
1000460c:	e53d      	b.n	1000408a <_vsnprintf+0x252>
1000460e:	9b0c      	ldr	r3, [sp, #48]	@ 0x30
10004610:	781b      	ldrb	r3, [r3, #0]
10004612:	0019      	movs	r1, r3
10004614:	e731      	b.n	1000447a <_vsnprintf+0x642>
10004616:	2310      	movs	r3, #16
10004618:	439e      	bics	r6, r3
1000461a:	46b4      	mov	ip, r6
1000461c:	e70b      	b.n	10004436 <_vsnprintf+0x5fe>
1000461e:	9b0c      	ldr	r3, [sp, #48]	@ 0x30
10004620:	781b      	ldrb	r3, [r3, #0]
10004622:	4699      	mov	r9, r3
10004624:	e669      	b.n	100042fa <_vsnprintf+0x4c2>
10004626:	17da      	asrs	r2, r3, #31
10004628:	9212      	str	r2, [sp, #72]	@ 0x48
1000462a:	9213      	str	r2, [sp, #76]	@ 0x4c
1000462c:	404a      	eors	r2, r1
1000462e:	9210      	str	r2, [sp, #64]	@ 0x40
10004630:	9812      	ldr	r0, [sp, #72]	@ 0x48
10004632:	9913      	ldr	r1, [sp, #76]	@ 0x4c
10004634:	000a      	movs	r2, r1
10004636:	405a      	eors	r2, r3
10004638:	9211      	str	r2, [sp, #68]	@ 0x44
1000463a:	9a10      	ldr	r2, [sp, #64]	@ 0x40
1000463c:	9b11      	ldr	r3, [sp, #68]	@ 0x44
1000463e:	1a12      	subs	r2, r2, r0
10004640:	418b      	sbcs	r3, r1
10004642:	9210      	str	r2, [sp, #64]	@ 0x40
10004644:	9311      	str	r3, [sp, #68]	@ 0x44
10004646:	e771      	b.n	1000452c <_vsnprintf+0x6f4>
10004648:	9b0c      	ldr	r3, [sp, #48]	@ 0x30
1000464a:	0022      	movs	r2, r4
1000464c:	7818      	ldrb	r0, [r3, #0]
1000464e:	990a      	ldr	r1, [sp, #40]	@ 0x28
10004650:	4653      	mov	r3, sl
10004652:	9c0b      	ldr	r4, [sp, #44]	@ 0x2c
10004654:	47a0      	blx	r4
10004656:	4644      	mov	r4, r8
10004658:	e534      	b.n	100040c4 <_vsnprintf+0x28c>
1000465a:	2208      	movs	r2, #8
1000465c:	2607      	movs	r6, #7
1000465e:	4690      	mov	r8, r2
10004660:	9b0c      	ldr	r3, [sp, #48]	@ 0x30
10004662:	3307      	adds	r3, #7
10004664:	43b3      	bics	r3, r6
10004666:	4498      	add	r8, r3
10004668:	4642      	mov	r2, r8
1000466a:	920c      	str	r2, [sp, #48]	@ 0x30
1000466c:	681a      	ldr	r2, [r3, #0]
1000466e:	685b      	ldr	r3, [r3, #4]
10004670:	9214      	str	r2, [sp, #80]	@ 0x50
10004672:	9308      	str	r3, [sp, #32]
10004674:	0013      	movs	r3, r2
10004676:	9a08      	ldr	r2, [sp, #32]
10004678:	4313      	orrs	r3, r2
1000467a:	d105      	bne.n	10004688 <_vsnprintf+0x850>
1000467c:	3310      	adds	r3, #16
1000467e:	4399      	bics	r1, r3
10004680:	2300      	movs	r3, #0
10004682:	4698      	mov	r8, r3
10004684:	2800      	cmp	r0, #0
10004686:	d138      	bne.n	100046fa <_vsnprintf+0x8c2>
10004688:	2061      	movs	r0, #97	@ 0x61
1000468a:	068b      	lsls	r3, r1, #26
1000468c:	d500      	bpl.n	10004690 <_vsnprintf+0x858>
1000468e:	2041      	movs	r0, #65	@ 0x41
10004690:	2300      	movs	r3, #0
10004692:	261f      	movs	r6, #31
10004694:	4698      	mov	r8, r3
10004696:	465a      	mov	r2, fp
10004698:	ab12      	add	r3, sp, #72	@ 0x48
1000469a:	18f6      	adds	r6, r6, r3
1000469c:	0003      	movs	r3, r0
1000469e:	9218      	str	r2, [sp, #96]	@ 0x60
100046a0:	9a0f      	ldr	r2, [sp, #60]	@ 0x3c
100046a2:	3b0a      	subs	r3, #10
100046a4:	46b1      	mov	r9, r6
100046a6:	9516      	str	r5, [sp, #88]	@ 0x58
100046a8:	9417      	str	r4, [sp, #92]	@ 0x5c
100046aa:	9719      	str	r7, [sp, #100]	@ 0x64
100046ac:	4644      	mov	r4, r8
100046ae:	4666      	mov	r6, ip
100046b0:	4690      	mov	r8, r2
100046b2:	469b      	mov	fp, r3
100046b4:	9f14      	ldr	r7, [sp, #80]	@ 0x50
100046b6:	9d08      	ldr	r5, [sp, #32]
100046b8:	9115      	str	r1, [sp, #84]	@ 0x54
100046ba:	e003      	b.n	100046c4 <_vsnprintf+0x88c>
100046bc:	0007      	movs	r7, r0
100046be:	000d      	movs	r5, r1
100046c0:	2c20      	cmp	r4, #32
100046c2:	d013      	beq.n	100046ec <_vsnprintf+0x8b4>
100046c4:	0032      	movs	r2, r6
100046c6:	2300      	movs	r3, #0
100046c8:	0038      	movs	r0, r7
100046ca:	0029      	movs	r1, r5
100046cc:	f7fd ff16 	bl	100024fc <__wrap___aeabi_uldivmod>
100046d0:	465b      	mov	r3, fp
100046d2:	b2d2      	uxtb	r2, r2
100046d4:	18d3      	adds	r3, r2, r3
100046d6:	2a09      	cmp	r2, #9
100046d8:	d801      	bhi.n	100046de <_vsnprintf+0x8a6>
100046da:	0013      	movs	r3, r2
100046dc:	3330      	adds	r3, #48	@ 0x30
100046de:	464a      	mov	r2, r9
100046e0:	3401      	adds	r4, #1
100046e2:	5513      	strb	r3, [r2, r4]
100046e4:	45a8      	cmp	r8, r5
100046e6:	d1e9      	bne.n	100046bc <_vsnprintf+0x884>
100046e8:	42be      	cmp	r6, r7
100046ea:	d9e7      	bls.n	100046bc <_vsnprintf+0x884>
100046ec:	9b18      	ldr	r3, [sp, #96]	@ 0x60
100046ee:	46a0      	mov	r8, r4
100046f0:	469b      	mov	fp, r3
100046f2:	9915      	ldr	r1, [sp, #84]	@ 0x54
100046f4:	9d16      	ldr	r5, [sp, #88]	@ 0x58
100046f6:	9c17      	ldr	r4, [sp, #92]	@ 0x5c
100046f8:	9f19      	ldr	r7, [sp, #100]	@ 0x64
100046fa:	9b0d      	ldr	r3, [sp, #52]	@ 0x34
100046fc:	9106      	str	r1, [sp, #24]
100046fe:	9304      	str	r3, [sp, #16]
10004700:	465b      	mov	r3, fp
10004702:	9303      	str	r3, [sp, #12]
10004704:	2300      	movs	r3, #0
10004706:	9505      	str	r5, [sp, #20]
10004708:	9302      	str	r3, [sp, #8]
1000470a:	4643      	mov	r3, r8
1000470c:	e744      	b.n	10004598 <_vsnprintf+0x760>
1000470e:	2061      	movs	r0, #97	@ 0x61
10004710:	068b      	lsls	r3, r1, #26
10004712:	d500      	bpl.n	10004716 <_vsnprintf+0x8de>
10004714:	2041      	movs	r0, #65	@ 0x41
10004716:	261f      	movs	r6, #31
10004718:	ab12      	add	r3, sp, #72	@ 0x48
1000471a:	18f2      	adds	r2, r6, r3
1000471c:	0003      	movs	r3, r0
1000471e:	3b0a      	subs	r3, #10
10004720:	930c      	str	r3, [sp, #48]	@ 0x30
10004722:	464b      	mov	r3, r9
10004724:	4646      	mov	r6, r8
10004726:	46a1      	mov	r9, r4
10004728:	46a8      	mov	r8, r5
1000472a:	001c      	movs	r4, r3
1000472c:	465d      	mov	r5, fp
1000472e:	9114      	str	r1, [sp, #80]	@ 0x50
10004730:	46bb      	mov	fp, r7
10004732:	0017      	movs	r7, r2
10004734:	e002      	b.n	1000473c <_vsnprintf+0x904>
10004736:	0004      	movs	r4, r0
10004738:	2e20      	cmp	r6, #32
1000473a:	d00d      	beq.n	10004758 <_vsnprintf+0x920>
1000473c:	0029      	movs	r1, r5
1000473e:	0020      	movs	r0, r4
10004740:	f7fd fe9e 	bl	10002480 <__wrap___aeabi_uidiv>
10004744:	9b0c      	ldr	r3, [sp, #48]	@ 0x30
10004746:	18cb      	adds	r3, r1, r3
10004748:	2909      	cmp	r1, #9
1000474a:	d801      	bhi.n	10004750 <_vsnprintf+0x918>
1000474c:	000b      	movs	r3, r1
1000474e:	3330      	adds	r3, #48	@ 0x30
10004750:	3601      	adds	r6, #1
10004752:	55bb      	strb	r3, [r7, r6]
10004754:	42ac      	cmp	r4, r5
10004756:	d2ee      	bcs.n	10004736 <_vsnprintf+0x8fe>
10004758:	465f      	mov	r7, fp
1000475a:	464c      	mov	r4, r9
1000475c:	46ab      	mov	fp, r5
1000475e:	9914      	ldr	r1, [sp, #80]	@ 0x50
10004760:	4645      	mov	r5, r8
10004762:	46b0      	mov	r8, r6
10004764:	e5d4      	b.n	10004310 <_vsnprintf+0x4d8>
10004766:	9b0f      	ldr	r3, [sp, #60]	@ 0x3c
10004768:	429d      	cmp	r5, r3
1000476a:	d900      	bls.n	1000476e <_vsnprintf+0x936>
1000476c:	e726      	b.n	100045bc <_vsnprintf+0x784>
1000476e:	3301      	adds	r3, #1
10004770:	930f      	str	r3, [sp, #60]	@ 0x3c
10004772:	e5f3      	b.n	1000435c <_vsnprintf+0x524>
10004774:	2310      	movs	r3, #16
10004776:	0032      	movs	r2, r6
10004778:	439a      	bics	r2, r3
1000477a:	4694      	mov	ip, r2
1000477c:	2869      	cmp	r0, #105	@ 0x69
1000477e:	d000      	beq.n	10004782 <_vsnprintf+0x94a>
10004780:	e0a2      	b.n	100048c8 <_vsnprintf+0xa90>
10004782:	2380      	movs	r3, #128	@ 0x80
10004784:	0032      	movs	r2, r6
10004786:	00db      	lsls	r3, r3, #3
10004788:	401a      	ands	r2, r3
1000478a:	4690      	mov	r8, r2
1000478c:	421e      	tst	r6, r3
1000478e:	d100      	bne.n	10004792 <_vsnprintf+0x95a>
10004790:	e651      	b.n	10004436 <_vsnprintf+0x5fe>
10004792:	e64c      	b.n	1000442e <_vsnprintf+0x5f6>
10004794:	4643      	mov	r3, r8
10004796:	2b00      	cmp	r3, #0
10004798:	d000      	beq.n	1000479c <_vsnprintf+0x964>
1000479a:	e693      	b.n	100044c4 <_vsnprintf+0x68c>
1000479c:	e673      	b.n	10004486 <_vsnprintf+0x64e>
1000479e:	9b0c      	ldr	r3, [sp, #48]	@ 0x30
100047a0:	681b      	ldr	r3, [r3, #0]
100047a2:	0fda      	lsrs	r2, r3, #31
100047a4:	2b00      	cmp	r3, #0
100047a6:	d070      	beq.n	1000488a <_vsnprintf+0xa52>
100047a8:	17d9      	asrs	r1, r3, #31
100047aa:	185b      	adds	r3, r3, r1
100047ac:	404b      	eors	r3, r1
100047ae:	4698      	mov	r8, r3
100047b0:	261f      	movs	r6, #31
100047b2:	ab12      	add	r3, sp, #72	@ 0x48
100047b4:	18f6      	adds	r6, r6, r3
100047b6:	46a1      	mov	r9, r4
100047b8:	9514      	str	r5, [sp, #80]	@ 0x50
100047ba:	465c      	mov	r4, fp
100047bc:	4645      	mov	r5, r8
100047be:	46bb      	mov	fp, r7
100047c0:	46e0      	mov	r8, ip
100047c2:	0037      	movs	r7, r6
100047c4:	920c      	str	r2, [sp, #48]	@ 0x30
100047c6:	e006      	b.n	100047d6 <_vsnprintf+0x99e>
100047c8:	0028      	movs	r0, r5
100047ca:	210a      	movs	r1, #10
100047cc:	f7fd fe58 	bl	10002480 <__wrap___aeabi_uidiv>
100047d0:	0005      	movs	r5, r0
100047d2:	2c20      	cmp	r4, #32
100047d4:	d008      	beq.n	100047e8 <_vsnprintf+0x9b0>
100047d6:	210a      	movs	r1, #10
100047d8:	0028      	movs	r0, r5
100047da:	f7fd fe51 	bl	10002480 <__wrap___aeabi_uidiv>
100047de:	3401      	adds	r4, #1
100047e0:	3130      	adds	r1, #48	@ 0x30
100047e2:	5539      	strb	r1, [r7, r4]
100047e4:	2d09      	cmp	r5, #9
100047e6:	d8ef      	bhi.n	100047c8 <_vsnprintf+0x990>
100047e8:	465f      	mov	r7, fp
100047ea:	46c4      	mov	ip, r8
100047ec:	46a3      	mov	fp, r4
100047ee:	464c      	mov	r4, r9
100047f0:	9d14      	ldr	r5, [sp, #80]	@ 0x50
100047f2:	9a0c      	ldr	r2, [sp, #48]	@ 0x30
100047f4:	4663      	mov	r3, ip
100047f6:	9306      	str	r3, [sp, #24]
100047f8:	9b0d      	ldr	r3, [sp, #52]	@ 0x34
100047fa:	9505      	str	r5, [sp, #20]
100047fc:	9304      	str	r3, [sp, #16]
100047fe:	230a      	movs	r3, #10
10004800:	9202      	str	r2, [sp, #8]
10004802:	9303      	str	r3, [sp, #12]
10004804:	465b      	mov	r3, fp
10004806:	e667      	b.n	100044d8 <_vsnprintf+0x6a0>
10004808:	9b0c      	ldr	r3, [sp, #48]	@ 0x30
1000480a:	681b      	ldr	r3, [r3, #0]
1000480c:	4698      	mov	r8, r3
1000480e:	2b00      	cmp	r3, #0
10004810:	d103      	bne.n	1000481a <_vsnprintf+0x9e2>
10004812:	3310      	adds	r3, #16
10004814:	4399      	bics	r1, r3
10004816:	2800      	cmp	r0, #0
10004818:	d12d      	bne.n	10004876 <_vsnprintf+0xa3e>
1000481a:	2061      	movs	r0, #97	@ 0x61
1000481c:	068b      	lsls	r3, r1, #26
1000481e:	d500      	bpl.n	10004822 <_vsnprintf+0x9ea>
10004820:	2041      	movs	r0, #65	@ 0x41
10004822:	261f      	movs	r6, #31
10004824:	ab12      	add	r3, sp, #72	@ 0x48
10004826:	18f6      	adds	r6, r6, r3
10004828:	0003      	movs	r3, r0
1000482a:	3b0a      	subs	r3, #10
1000482c:	464a      	mov	r2, r9
1000482e:	930c      	str	r3, [sp, #48]	@ 0x30
10004830:	9114      	str	r1, [sp, #80]	@ 0x50
10004832:	4643      	mov	r3, r8
10004834:	0031      	movs	r1, r6
10004836:	46a8      	mov	r8, r5
10004838:	46a1      	mov	r9, r4
1000483a:	465e      	mov	r6, fp
1000483c:	0014      	movs	r4, r2
1000483e:	46bb      	mov	fp, r7
10004840:	001d      	movs	r5, r3
10004842:	000f      	movs	r7, r1
10004844:	e002      	b.n	1000484c <_vsnprintf+0xa14>
10004846:	0005      	movs	r5, r0
10004848:	2c20      	cmp	r4, #32
1000484a:	d00d      	beq.n	10004868 <_vsnprintf+0xa30>
1000484c:	0031      	movs	r1, r6
1000484e:	0028      	movs	r0, r5
10004850:	f7fd fe16 	bl	10002480 <__wrap___aeabi_uidiv>
10004854:	9b0c      	ldr	r3, [sp, #48]	@ 0x30
10004856:	18cb      	adds	r3, r1, r3
10004858:	2909      	cmp	r1, #9
1000485a:	d801      	bhi.n	10004860 <_vsnprintf+0xa28>
1000485c:	000b      	movs	r3, r1
1000485e:	3330      	adds	r3, #48	@ 0x30
10004860:	3401      	adds	r4, #1
10004862:	553b      	strb	r3, [r7, r4]
10004864:	42b5      	cmp	r5, r6
10004866:	d2ee      	bcs.n	10004846 <_vsnprintf+0xa0e>
10004868:	0023      	movs	r3, r4
1000486a:	465f      	mov	r7, fp
1000486c:	464c      	mov	r4, r9
1000486e:	4645      	mov	r5, r8
10004870:	46b3      	mov	fp, r6
10004872:	4699      	mov	r9, r3
10004874:	9914      	ldr	r1, [sp, #80]	@ 0x50
10004876:	9b0d      	ldr	r3, [sp, #52]	@ 0x34
10004878:	9106      	str	r1, [sp, #24]
1000487a:	9304      	str	r3, [sp, #16]
1000487c:	465b      	mov	r3, fp
1000487e:	9303      	str	r3, [sp, #12]
10004880:	2300      	movs	r3, #0
10004882:	9505      	str	r5, [sp, #20]
10004884:	9302      	str	r3, [sp, #8]
10004886:	464b      	mov	r3, r9
10004888:	e626      	b.n	100044d8 <_vsnprintf+0x6a0>
1000488a:	4643      	mov	r3, r8
1000488c:	2b00      	cmp	r3, #0
1000488e:	d1b1      	bne.n	100047f4 <_vsnprintf+0x9bc>
10004890:	e78e      	b.n	100047b0 <_vsnprintf+0x978>
10004892:	9b0c      	ldr	r3, [sp, #48]	@ 0x30
10004894:	681b      	ldr	r3, [r3, #0]
10004896:	17d8      	asrs	r0, r3, #31
10004898:	1819      	adds	r1, r3, r0
1000489a:	4041      	eors	r1, r0
1000489c:	e5ed      	b.n	1000447a <_vsnprintf+0x642>
1000489e:	2380      	movs	r3, #128	@ 0x80
100048a0:	0032      	movs	r2, r6
100048a2:	00db      	lsls	r3, r3, #3
100048a4:	401a      	ands	r2, r3
100048a6:	920f      	str	r2, [sp, #60]	@ 0x3c
100048a8:	421e      	tst	r6, r3
100048aa:	d00f      	beq.n	100048cc <_vsnprintf+0xa94>
100048ac:	3002      	adds	r0, #2
100048ae:	0002      	movs	r2, r0
100048b0:	4032      	ands	r2, r6
100048b2:	920f      	str	r2, [sp, #60]	@ 0x3c
100048b4:	4230      	tst	r0, r6
100048b6:	d019      	beq.n	100048ec <_vsnprintf+0xab4>
100048b8:	2300      	movs	r3, #0
100048ba:	46a0      	mov	r8, r4
100048bc:	930f      	str	r3, [sp, #60]	@ 0x3c
100048be:	e59a      	b.n	100043f6 <_vsnprintf+0x5be>
100048c0:	9b0c      	ldr	r3, [sp, #48]	@ 0x30
100048c2:	681b      	ldr	r3, [r3, #0]
100048c4:	4699      	mov	r9, r3
100048c6:	e518      	b.n	100042fa <_vsnprintf+0x4c2>
100048c8:	0016      	movs	r6, r2
100048ca:	e49b      	b.n	10004204 <_vsnprintf+0x3cc>
100048cc:	2302      	movs	r3, #2
100048ce:	001a      	movs	r2, r3
100048d0:	4032      	ands	r2, r6
100048d2:	920c      	str	r2, [sp, #48]	@ 0x30
100048d4:	4233      	tst	r3, r6
100048d6:	d000      	beq.n	100048da <_vsnprintf+0xaa2>
100048d8:	e58c      	b.n	100043f4 <_vsnprintf+0x5bc>
100048da:	2d00      	cmp	r5, #0
100048dc:	d000      	beq.n	100048e0 <_vsnprintf+0xaa8>
100048de:	e66d      	b.n	100045bc <_vsnprintf+0x784>
100048e0:	f7ff fbf0 	bl	100040c4 <_vsnprintf+0x28c>
100048e4:	3301      	adds	r3, #1
100048e6:	930f      	str	r3, [sp, #60]	@ 0x3c
100048e8:	f7ff fbd0 	bl	1000408c <_vsnprintf+0x254>
100048ec:	930c      	str	r3, [sp, #48]	@ 0x30
100048ee:	e7f4      	b.n	100048da <_vsnprintf+0xaa2>

100048f0 <__wrap_sprintf>:
100048f0:	b40e      	push	{r1, r2, r3}
100048f2:	b510      	push	{r4, lr}
100048f4:	2401      	movs	r4, #1
100048f6:	b085      	sub	sp, #20
100048f8:	aa07      	add	r2, sp, #28
100048fa:	ca08      	ldmia	r2!, {r3}
100048fc:	0001      	movs	r1, r0
100048fe:	9203      	str	r2, [sp, #12]
10004900:	9200      	str	r2, [sp, #0]
10004902:	4804      	ldr	r0, [pc, #16]	@ (10004914 <__wrap_sprintf+0x24>)
10004904:	4262      	negs	r2, r4
10004906:	f7ff fa97 	bl	10003e38 <_vsnprintf>
1000490a:	b005      	add	sp, #20
1000490c:	bc10      	pop	{r4}
1000490e:	bc08      	pop	{r3}
10004910:	b003      	add	sp, #12
10004912:	4718      	bx	r3
10004914:	100031b9 	.word	0x100031b9

10004918 <vfctprintf>:
10004918:	b500      	push	{lr}
1000491a:	b085      	sub	sp, #20
1000491c:	9103      	str	r1, [sp, #12]
1000491e:	2101      	movs	r1, #1
10004920:	9002      	str	r0, [sp, #8]
10004922:	9300      	str	r3, [sp, #0]
10004924:	4803      	ldr	r0, [pc, #12]	@ (10004934 <vfctprintf+0x1c>)
10004926:	0013      	movs	r3, r2
10004928:	424a      	negs	r2, r1
1000492a:	a902      	add	r1, sp, #8
1000492c:	f7ff fa84 	bl	10003e38 <_vsnprintf>
10004930:	b005      	add	sp, #20
10004932:	bd00      	pop	{pc}
10004934:	10003455 	.word	0x10003455

10004938 <weak_raw_vprintf>:
10004938:	b510      	push	{r4, lr}
1000493a:	4a09      	ldr	r2, [pc, #36]	@ (10004960 <weak_raw_vprintf+0x28>)
1000493c:	0003      	movs	r3, r0
1000493e:	6814      	ldr	r4, [r2, #0]
10004940:	b084      	sub	sp, #16
10004942:	2c00      	cmp	r4, #0
10004944:	d008      	beq.n	10004958 <weak_raw_vprintf+0x20>
10004946:	2201      	movs	r2, #1
10004948:	9100      	str	r1, [sp, #0]
1000494a:	4806      	ldr	r0, [pc, #24]	@ (10004964 <weak_raw_vprintf+0x2c>)
1000494c:	4252      	negs	r2, r2
1000494e:	a903      	add	r1, sp, #12
10004950:	47a0      	blx	r4
10004952:	2001      	movs	r0, #1
10004954:	b004      	add	sp, #16
10004956:	bd10      	pop	{r4, pc}
10004958:	f000 f9e8 	bl	10004d2c <__wrap_puts>
1000495c:	2000      	movs	r0, #0
1000495e:	e7f9      	b.n	10004954 <weak_raw_vprintf+0x1c>
10004960:	20002990 	.word	0x20002990
10004964:	10003445 	.word	0x10003445

10004968 <_exit>:
10004968:	be00      	bkpt	0x0000
1000496a:	e7fd      	b.n	10004968 <_exit>

1000496c <exit>:
1000496c:	b510      	push	{r4, lr}
1000496e:	f7ff fffb 	bl	10004968 <_exit>
10004972:	46c0      	nop			@ (mov r8, r8)

10004974 <runtime_init>:
10004974:	b570      	push	{r4, r5, r6, lr}
10004976:	f7fd fc6f 	bl	10002258 <runtime_run_initializers>
1000497a:	4d07      	ldr	r5, [pc, #28]	@ (10004998 <runtime_init+0x24>)
1000497c:	4e07      	ldr	r6, [pc, #28]	@ (1000499c <runtime_init+0x28>)
1000497e:	42b5      	cmp	r5, r6
10004980:	d209      	bcs.n	10004996 <runtime_init+0x22>
10004982:	2400      	movs	r4, #0
10004984:	3e01      	subs	r6, #1
10004986:	1b76      	subs	r6, r6, r5
10004988:	08b6      	lsrs	r6, r6, #2
1000498a:	3601      	adds	r6, #1
1000498c:	cd08      	ldmia	r5!, {r3}
1000498e:	3401      	adds	r4, #1
10004990:	4798      	blx	r3
10004992:	42b4      	cmp	r4, r6
10004994:	d1fa      	bne.n	1000498c <runtime_init+0x18>
10004996:	bd70      	pop	{r4, r5, r6, pc}
10004998:	10007b24 	.word	0x10007b24
1000499c:	10007b30 	.word	0x10007b30

100049a0 <stdio_out_chars_no_crlf>:
100049a0:	0003      	movs	r3, r0
100049a2:	b510      	push	{r4, lr}
100049a4:	0008      	movs	r0, r1
100049a6:	0011      	movs	r1, r2
100049a8:	681b      	ldr	r3, [r3, #0]
100049aa:	4798      	blx	r3
100049ac:	bd10      	pop	{r4, pc}
100049ae:	46c0      	nop			@ (mov r8, r8)

100049b0 <stdio_out_chars_crlf>:
100049b0:	b5f8      	push	{r3, r4, r5, r6, r7, lr}
100049b2:	7d43      	ldrb	r3, [r0, #21]
100049b4:	0007      	movs	r7, r0
100049b6:	000d      	movs	r5, r1
100049b8:	0016      	movs	r6, r2
100049ba:	2b00      	cmp	r3, #0
100049bc:	d038      	beq.n	10004a30 <stdio_out_chars_crlf+0x80>
100049be:	2a00      	cmp	r2, #0
100049c0:	dd1a      	ble.n	100049f8 <stdio_out_chars_crlf+0x48>
100049c2:	780b      	ldrb	r3, [r1, #0]
100049c4:	2b0a      	cmp	r3, #10
100049c6:	d018      	beq.n	100049fa <stdio_out_chars_crlf+0x4a>
100049c8:	2000      	movs	r0, #0
100049ca:	2e01      	cmp	r6, #1
100049cc:	d009      	beq.n	100049e2 <stdio_out_chars_crlf+0x32>
100049ce:	2401      	movs	r4, #1
100049d0:	0021      	movs	r1, r4
100049d2:	5c6b      	ldrb	r3, [r5, r1]
100049d4:	3401      	adds	r4, #1
100049d6:	2b0a      	cmp	r3, #10
100049d8:	d01a      	beq.n	10004a10 <stdio_out_chars_crlf+0x60>
100049da:	42b4      	cmp	r4, r6
100049dc:	d1f8      	bne.n	100049d0 <stdio_out_chars_crlf+0x20>
100049de:	4286      	cmp	r6, r0
100049e0:	dd03      	ble.n	100049ea <stdio_out_chars_crlf+0x3a>
100049e2:	1a31      	subs	r1, r6, r0
100049e4:	683b      	ldr	r3, [r7, #0]
100049e6:	1828      	adds	r0, r5, r0
100049e8:	4798      	blx	r3
100049ea:	19ad      	adds	r5, r5, r6
100049ec:	3d01      	subs	r5, #1
100049ee:	782b      	ldrb	r3, [r5, #0]
100049f0:	3b0d      	subs	r3, #13
100049f2:	425a      	negs	r2, r3
100049f4:	4153      	adcs	r3, r2
100049f6:	753b      	strb	r3, [r7, #20]
100049f8:	bdf8      	pop	{r3, r4, r5, r6, r7, pc}
100049fa:	7d03      	ldrb	r3, [r0, #20]
100049fc:	2b00      	cmp	r3, #0
100049fe:	d1e3      	bne.n	100049c8 <stdio_out_chars_crlf+0x18>
10004a00:	2102      	movs	r1, #2
10004a02:	480e      	ldr	r0, [pc, #56]	@ (10004a3c <stdio_out_chars_crlf+0x8c>)
10004a04:	683b      	ldr	r3, [r7, #0]
10004a06:	4798      	blx	r3
10004a08:	2e01      	cmp	r6, #1
10004a0a:	d0ee      	beq.n	100049ea <stdio_out_chars_crlf+0x3a>
10004a0c:	2001      	movs	r0, #1
10004a0e:	e7de      	b.n	100049ce <stdio_out_chars_crlf+0x1e>
10004a10:	1e6b      	subs	r3, r5, #1
10004a12:	5c5b      	ldrb	r3, [r3, r1]
10004a14:	2b0d      	cmp	r3, #13
10004a16:	d0e0      	beq.n	100049da <stdio_out_chars_crlf+0x2a>
10004a18:	4288      	cmp	r0, r1
10004a1a:	da03      	bge.n	10004a24 <stdio_out_chars_crlf+0x74>
10004a1c:	1a09      	subs	r1, r1, r0
10004a1e:	683b      	ldr	r3, [r7, #0]
10004a20:	1828      	adds	r0, r5, r0
10004a22:	4798      	blx	r3
10004a24:	4805      	ldr	r0, [pc, #20]	@ (10004a3c <stdio_out_chars_crlf+0x8c>)
10004a26:	2102      	movs	r1, #2
10004a28:	683b      	ldr	r3, [r7, #0]
10004a2a:	4798      	blx	r3
10004a2c:	0020      	movs	r0, r4
10004a2e:	e7d4      	b.n	100049da <stdio_out_chars_crlf+0x2a>
10004a30:	6803      	ldr	r3, [r0, #0]
10004a32:	0011      	movs	r1, r2
10004a34:	0028      	movs	r0, r5
10004a36:	4798      	blx	r3
10004a38:	e7de      	b.n	100049f8 <stdio_out_chars_crlf+0x48>
10004a3a:	46c0      	nop			@ (mov r8, r8)
10004a3c:	100081f0 	.word	0x100081f0

10004a40 <stdio_buffered_printer>:
10004a40:	b5f0      	push	{r4, r5, r6, r7, lr}
10004a42:	46c6      	mov	lr, r8
10004a44:	680b      	ldr	r3, [r1, #0]
10004a46:	0007      	movs	r7, r0
10004a48:	000d      	movs	r5, r1
10004a4a:	b500      	push	{lr}
10004a4c:	2b80      	cmp	r3, #128	@ 0x80
10004a4e:	d006      	beq.n	10004a5e <stdio_buffered_printer+0x1e>
10004a50:	1c5a      	adds	r2, r3, #1
10004a52:	602a      	str	r2, [r5, #0]
10004a54:	18ed      	adds	r5, r5, r3
10004a56:	712f      	strb	r7, [r5, #4]
10004a58:	bc80      	pop	{r7}
10004a5a:	46b8      	mov	r8, r7
10004a5c:	bdf0      	pop	{r4, r5, r6, r7, pc}
10004a5e:	4b0f      	ldr	r3, [pc, #60]	@ (10004a9c <stdio_buffered_printer+0x5c>)
10004a60:	681c      	ldr	r4, [r3, #0]
10004a62:	2c00      	cmp	r4, #0
10004a64:	d016      	beq.n	10004a94 <stdio_buffered_printer+0x54>
10004a66:	1d0b      	adds	r3, r1, #4
10004a68:	4698      	mov	r8, r3
10004a6a:	4e0d      	ldr	r6, [pc, #52]	@ (10004aa0 <stdio_buffered_printer+0x60>)
10004a6c:	e002      	b.n	10004a74 <stdio_buffered_printer+0x34>
10004a6e:	6924      	ldr	r4, [r4, #16]
10004a70:	2c00      	cmp	r4, #0
10004a72:	d00f      	beq.n	10004a94 <stdio_buffered_printer+0x54>
10004a74:	6823      	ldr	r3, [r4, #0]
10004a76:	2b00      	cmp	r3, #0
10004a78:	d0f9      	beq.n	10004a6e <stdio_buffered_printer+0x2e>
10004a7a:	6833      	ldr	r3, [r6, #0]
10004a7c:	2b00      	cmp	r3, #0
10004a7e:	d001      	beq.n	10004a84 <stdio_buffered_printer+0x44>
10004a80:	42a3      	cmp	r3, r4
10004a82:	d1f4      	bne.n	10004a6e <stdio_buffered_printer+0x2e>
10004a84:	0020      	movs	r0, r4
10004a86:	4641      	mov	r1, r8
10004a88:	682a      	ldr	r2, [r5, #0]
10004a8a:	f7ff ff91 	bl	100049b0 <stdio_out_chars_crlf>
10004a8e:	6924      	ldr	r4, [r4, #16]
10004a90:	2c00      	cmp	r4, #0
10004a92:	d1ef      	bne.n	10004a74 <stdio_buffered_printer+0x34>
10004a94:	2201      	movs	r2, #1
10004a96:	2300      	movs	r3, #0
10004a98:	e7db      	b.n	10004a52 <stdio_buffered_printer+0x12>
10004a9a:	46c0      	nop			@ (mov r8, r8)
10004a9c:	20002580 	.word	0x20002580
10004aa0:	20002588 	.word	0x20002588

10004aa4 <stdio_put_string>:
10004aa4:	b5f0      	push	{r4, r5, r6, r7, lr}
10004aa6:	4646      	mov	r6, r8
10004aa8:	46d6      	mov	lr, sl
10004aaa:	464f      	mov	r7, r9
10004aac:	b5c0      	push	{r6, r7, lr}
10004aae:	b082      	sub	sp, #8
10004ab0:	4690      	mov	r8, r2
10004ab2:	001c      	movs	r4, r3
10004ab4:	0006      	movs	r6, r0
10004ab6:	000d      	movs	r5, r1
10004ab8:	f7fc feda 	bl	10001870 <time_us_64>
10004abc:	2300      	movs	r3, #0
10004abe:	4a2f      	ldr	r2, [pc, #188]	@ (10004b7c <stdio_put_string+0xd8>)
10004ac0:	1812      	adds	r2, r2, r0
10004ac2:	414b      	adcs	r3, r1
10004ac4:	2b00      	cmp	r3, #0
10004ac6:	da02      	bge.n	10004ace <stdio_put_string+0x2a>
10004ac8:	2201      	movs	r2, #1
10004aca:	4b2d      	ldr	r3, [pc, #180]	@ (10004b80 <stdio_put_string+0xdc>)
10004acc:	4252      	negs	r2, r2
10004ace:	492d      	ldr	r1, [pc, #180]	@ (10004b84 <stdio_put_string+0xe0>)
10004ad0:	0008      	movs	r0, r1
10004ad2:	468a      	mov	sl, r1
10004ad4:	f002 ffe8 	bl	10007aa8 <__mutex_try_enter_block_until_veneer>
10004ad8:	4681      	mov	r9, r0
10004ada:	1c6b      	adds	r3, r5, #1
10004adc:	d103      	bne.n	10004ae6 <stdio_put_string+0x42>
10004ade:	0030      	movs	r0, r6
10004ae0:	f002 ff1a 	bl	10007918 <strlen>
10004ae4:	0005      	movs	r5, r0
10004ae6:	2c00      	cmp	r4, #0
10004ae8:	d027      	beq.n	10004b3a <stdio_put_string+0x96>
10004aea:	4f27      	ldr	r7, [pc, #156]	@ (10004b88 <stdio_put_string+0xe4>)
10004aec:	4b27      	ldr	r3, [pc, #156]	@ (10004b8c <stdio_put_string+0xe8>)
10004aee:	681c      	ldr	r4, [r3, #0]
10004af0:	2c00      	cmp	r4, #0
10004af2:	d018      	beq.n	10004b26 <stdio_put_string+0x82>
10004af4:	4643      	mov	r3, r8
10004af6:	2b00      	cmp	r3, #0
10004af8:	d121      	bne.n	10004b3e <stdio_put_string+0x9a>
10004afa:	4b25      	ldr	r3, [pc, #148]	@ (10004b90 <stdio_put_string+0xec>)
10004afc:	4698      	mov	r8, r3
10004afe:	e002      	b.n	10004b06 <stdio_put_string+0x62>
10004b00:	6924      	ldr	r4, [r4, #16]
10004b02:	2c00      	cmp	r4, #0
10004b04:	d00f      	beq.n	10004b26 <stdio_put_string+0x82>
10004b06:	6823      	ldr	r3, [r4, #0]
10004b08:	2b00      	cmp	r3, #0
10004b0a:	d0f9      	beq.n	10004b00 <stdio_put_string+0x5c>
10004b0c:	4643      	mov	r3, r8
10004b0e:	681b      	ldr	r3, [r3, #0]
10004b10:	2b00      	cmp	r3, #0
10004b12:	d001      	beq.n	10004b18 <stdio_put_string+0x74>
10004b14:	429c      	cmp	r4, r3
10004b16:	d1f3      	bne.n	10004b00 <stdio_put_string+0x5c>
10004b18:	0020      	movs	r0, r4
10004b1a:	002a      	movs	r2, r5
10004b1c:	0031      	movs	r1, r6
10004b1e:	47b8      	blx	r7
10004b20:	6924      	ldr	r4, [r4, #16]
10004b22:	2c00      	cmp	r4, #0
10004b24:	d1ef      	bne.n	10004b06 <stdio_put_string+0x62>
10004b26:	464b      	mov	r3, r9
10004b28:	2b00      	cmp	r3, #0
10004b2a:	d123      	bne.n	10004b74 <stdio_put_string+0xd0>
10004b2c:	0028      	movs	r0, r5
10004b2e:	b002      	add	sp, #8
10004b30:	bce0      	pop	{r5, r6, r7}
10004b32:	46ba      	mov	sl, r7
10004b34:	46b1      	mov	r9, r6
10004b36:	46a8      	mov	r8, r5
10004b38:	bdf0      	pop	{r4, r5, r6, r7, pc}
10004b3a:	4f16      	ldr	r7, [pc, #88]	@ (10004b94 <stdio_put_string+0xf0>)
10004b3c:	e7d6      	b.n	10004aec <stdio_put_string+0x48>
10004b3e:	4b14      	ldr	r3, [pc, #80]	@ (10004b90 <stdio_put_string+0xec>)
10004b40:	4698      	mov	r8, r3
10004b42:	e002      	b.n	10004b4a <stdio_put_string+0xa6>
10004b44:	6924      	ldr	r4, [r4, #16]
10004b46:	2c00      	cmp	r4, #0
10004b48:	d0ed      	beq.n	10004b26 <stdio_put_string+0x82>
10004b4a:	6823      	ldr	r3, [r4, #0]
10004b4c:	2b00      	cmp	r3, #0
10004b4e:	d0f9      	beq.n	10004b44 <stdio_put_string+0xa0>
10004b50:	4643      	mov	r3, r8
10004b52:	681b      	ldr	r3, [r3, #0]
10004b54:	2b00      	cmp	r3, #0
10004b56:	d001      	beq.n	10004b5c <stdio_put_string+0xb8>
10004b58:	42a3      	cmp	r3, r4
10004b5a:	d1f3      	bne.n	10004b44 <stdio_put_string+0xa0>
10004b5c:	002a      	movs	r2, r5
10004b5e:	0031      	movs	r1, r6
10004b60:	0020      	movs	r0, r4
10004b62:	47b8      	blx	r7
10004b64:	466b      	mov	r3, sp
10004b66:	220a      	movs	r2, #10
10004b68:	0020      	movs	r0, r4
10004b6a:	71da      	strb	r2, [r3, #7]
10004b6c:	1dd9      	adds	r1, r3, #7
10004b6e:	3a09      	subs	r2, #9
10004b70:	47b8      	blx	r7
10004b72:	e7e7      	b.n	10004b44 <stdio_put_string+0xa0>
10004b74:	4650      	mov	r0, sl
10004b76:	f002 ff5f 	bl	10007a38 <__mutex_exit_veneer>
10004b7a:	e7d7      	b.n	10004b2c <stdio_put_string+0x88>
10004b7c:	000f4240 	.word	0x000f4240
10004b80:	7fffffff 	.word	0x7fffffff
10004b84:	2000193c 	.word	0x2000193c
10004b88:	100049b1 	.word	0x100049b1
10004b8c:	20002580 	.word	0x20002580
10004b90:	20002588 	.word	0x20002588
10004b94:	100049a1 	.word	0x100049a1

10004b98 <stdio_set_driver_enabled>:
10004b98:	4a0a      	ldr	r2, [pc, #40]	@ (10004bc4 <stdio_set_driver_enabled+0x2c>)
10004b9a:	6813      	ldr	r3, [r2, #0]
10004b9c:	2b00      	cmp	r3, #0
10004b9e:	d105      	bne.n	10004bac <stdio_set_driver_enabled+0x14>
10004ba0:	e00c      	b.n	10004bbc <stdio_set_driver_enabled+0x24>
10004ba2:	001a      	movs	r2, r3
10004ba4:	691b      	ldr	r3, [r3, #16]
10004ba6:	3210      	adds	r2, #16
10004ba8:	2b00      	cmp	r3, #0
10004baa:	d007      	beq.n	10004bbc <stdio_set_driver_enabled+0x24>
10004bac:	4283      	cmp	r3, r0
10004bae:	d1f8      	bne.n	10004ba2 <stdio_set_driver_enabled+0xa>
10004bb0:	2900      	cmp	r1, #0
10004bb2:	d102      	bne.n	10004bba <stdio_set_driver_enabled+0x22>
10004bb4:	6918      	ldr	r0, [r3, #16]
10004bb6:	6010      	str	r0, [r2, #0]
10004bb8:	6119      	str	r1, [r3, #16]
10004bba:	4770      	bx	lr
10004bbc:	2900      	cmp	r1, #0
10004bbe:	d0fc      	beq.n	10004bba <stdio_set_driver_enabled+0x22>
10004bc0:	6010      	str	r0, [r2, #0]
10004bc2:	e7fa      	b.n	10004bba <stdio_set_driver_enabled+0x22>
10004bc4:	20002580 	.word	0x20002580

10004bc8 <stdio_flush>:
10004bc8:	4b08      	ldr	r3, [pc, #32]	@ (10004bec <stdio_flush+0x24>)
10004bca:	b510      	push	{r4, lr}
10004bcc:	681c      	ldr	r4, [r3, #0]
10004bce:	2c00      	cmp	r4, #0
10004bd0:	d006      	beq.n	10004be0 <stdio_flush+0x18>
10004bd2:	6863      	ldr	r3, [r4, #4]
10004bd4:	2b00      	cmp	r3, #0
10004bd6:	d004      	beq.n	10004be2 <stdio_flush+0x1a>
10004bd8:	4798      	blx	r3
10004bda:	6924      	ldr	r4, [r4, #16]
10004bdc:	2c00      	cmp	r4, #0
10004bde:	d1f8      	bne.n	10004bd2 <stdio_flush+0xa>
10004be0:	bd10      	pop	{r4, pc}
10004be2:	6924      	ldr	r4, [r4, #16]
10004be4:	2c00      	cmp	r4, #0
10004be6:	d1f4      	bne.n	10004bd2 <stdio_flush+0xa>
10004be8:	e7fa      	b.n	10004be0 <stdio_flush+0x18>
10004bea:	46c0      	nop			@ (mov r8, r8)
10004bec:	20002580 	.word	0x20002580

10004bf0 <stdio_init_all>:
10004bf0:	b510      	push	{r4, lr}
10004bf2:	f000 f9f5 	bl	10004fe0 <stdio_uart_init>
10004bf6:	f000 fc2d 	bl	10005454 <stdio_usb_init>
10004bfa:	2001      	movs	r0, #1
10004bfc:	bd10      	pop	{r4, pc}
10004bfe:	46c0      	nop			@ (mov r8, r8)

10004c00 <stdio_getchar_timeout_us>:
10004c00:	b5f0      	push	{r4, r5, r6, r7, lr}
10004c02:	46ce      	mov	lr, r9
10004c04:	4647      	mov	r7, r8
10004c06:	0004      	movs	r4, r0
10004c08:	b580      	push	{r7, lr}
10004c0a:	b083      	sub	sp, #12
10004c0c:	f7fc fe30 	bl	10001870 <time_us_64>
10004c10:	0026      	movs	r6, r4
10004c12:	2700      	movs	r7, #0
10004c14:	1836      	adds	r6, r6, r0
10004c16:	414f      	adcs	r7, r1
10004c18:	2f00      	cmp	r7, #0
10004c1a:	da02      	bge.n	10004c22 <stdio_getchar_timeout_us+0x22>
10004c1c:	2601      	movs	r6, #1
10004c1e:	4f1a      	ldr	r7, [pc, #104]	@ (10004c88 <stdio_getchar_timeout_us+0x88>)
10004c20:	4276      	negs	r6, r6
10004c22:	4b1a      	ldr	r3, [pc, #104]	@ (10004c8c <stdio_getchar_timeout_us+0x8c>)
10004c24:	4d1a      	ldr	r5, [pc, #104]	@ (10004c90 <stdio_getchar_timeout_us+0x90>)
10004c26:	4699      	mov	r9, r3
10004c28:	ab01      	add	r3, sp, #4
10004c2a:	4698      	mov	r8, r3
10004c2c:	464b      	mov	r3, r9
10004c2e:	681c      	ldr	r4, [r3, #0]
10004c30:	2c00      	cmp	r4, #0
10004c32:	d103      	bne.n	10004c3c <stdio_getchar_timeout_us+0x3c>
10004c34:	e016      	b.n	10004c64 <stdio_getchar_timeout_us+0x64>
10004c36:	6924      	ldr	r4, [r4, #16]
10004c38:	2c00      	cmp	r4, #0
10004c3a:	d013      	beq.n	10004c64 <stdio_getchar_timeout_us+0x64>
10004c3c:	682b      	ldr	r3, [r5, #0]
10004c3e:	2b00      	cmp	r3, #0
10004c40:	d001      	beq.n	10004c46 <stdio_getchar_timeout_us+0x46>
10004c42:	429c      	cmp	r4, r3
10004c44:	d1f7      	bne.n	10004c36 <stdio_getchar_timeout_us+0x36>
10004c46:	68a3      	ldr	r3, [r4, #8]
10004c48:	2b00      	cmp	r3, #0
10004c4a:	d0f4      	beq.n	10004c36 <stdio_getchar_timeout_us+0x36>
10004c4c:	2101      	movs	r1, #1
10004c4e:	4640      	mov	r0, r8
10004c50:	4798      	blx	r3
10004c52:	2800      	cmp	r0, #0
10004c54:	ddef      	ble.n	10004c36 <stdio_getchar_timeout_us+0x36>
10004c56:	4643      	mov	r3, r8
10004c58:	7818      	ldrb	r0, [r3, #0]
10004c5a:	b003      	add	sp, #12
10004c5c:	bcc0      	pop	{r6, r7}
10004c5e:	46b9      	mov	r9, r7
10004c60:	46b0      	mov	r8, r6
10004c62:	bdf0      	pop	{r4, r5, r6, r7, pc}
10004c64:	4b0b      	ldr	r3, [pc, #44]	@ (10004c94 <stdio_getchar_timeout_us+0x94>)
10004c66:	6a5a      	ldr	r2, [r3, #36]	@ 0x24
10004c68:	4297      	cmp	r7, r2
10004c6a:	d807      	bhi.n	10004c7c <stdio_getchar_timeout_us+0x7c>
10004c6c:	6a9b      	ldr	r3, [r3, #40]	@ 0x28
10004c6e:	42b3      	cmp	r3, r6
10004c70:	d302      	bcc.n	10004c78 <stdio_getchar_timeout_us+0x78>
10004c72:	2002      	movs	r0, #2
10004c74:	4240      	negs	r0, r0
10004c76:	e7f0      	b.n	10004c5a <stdio_getchar_timeout_us+0x5a>
10004c78:	4297      	cmp	r7, r2
10004c7a:	d1fa      	bne.n	10004c72 <stdio_getchar_timeout_us+0x72>
10004c7c:	2001      	movs	r0, #1
10004c7e:	2100      	movs	r1, #0
10004c80:	f7fc fe00 	bl	10001884 <busy_wait_us>
10004c84:	e7d2      	b.n	10004c2c <stdio_getchar_timeout_us+0x2c>
10004c86:	46c0      	nop			@ (mov r8, r8)
10004c88:	7fffffff 	.word	0x7fffffff
10004c8c:	20002580 	.word	0x20002580
10004c90:	20002588 	.word	0x20002588
10004c94:	40054000 	.word	0x40054000

10004c98 <__wrap_putchar>:
10004c98:	b5f0      	push	{r4, r5, r6, r7, lr}
10004c9a:	46ce      	mov	lr, r9
10004c9c:	4647      	mov	r7, r8
10004c9e:	b580      	push	{r7, lr}
10004ca0:	b083      	sub	sp, #12
10004ca2:	466b      	mov	r3, sp
10004ca4:	0006      	movs	r6, r0
10004ca6:	1ddd      	adds	r5, r3, #7
10004ca8:	7028      	strb	r0, [r5, #0]
10004caa:	f7fc fde1 	bl	10001870 <time_us_64>
10004cae:	2300      	movs	r3, #0
10004cb0:	4a19      	ldr	r2, [pc, #100]	@ (10004d18 <__wrap_putchar+0x80>)
10004cb2:	1812      	adds	r2, r2, r0
10004cb4:	414b      	adcs	r3, r1
10004cb6:	2b00      	cmp	r3, #0
10004cb8:	da02      	bge.n	10004cc0 <__wrap_putchar+0x28>
10004cba:	2201      	movs	r2, #1
10004cbc:	4b17      	ldr	r3, [pc, #92]	@ (10004d1c <__wrap_putchar+0x84>)
10004cbe:	4252      	negs	r2, r2
10004cc0:	4917      	ldr	r1, [pc, #92]	@ (10004d20 <__wrap_putchar+0x88>)
10004cc2:	0008      	movs	r0, r1
10004cc4:	4689      	mov	r9, r1
10004cc6:	f002 feef 	bl	10007aa8 <__mutex_try_enter_block_until_veneer>
10004cca:	4b16      	ldr	r3, [pc, #88]	@ (10004d24 <__wrap_putchar+0x8c>)
10004ccc:	4680      	mov	r8, r0
10004cce:	681c      	ldr	r4, [r3, #0]
10004cd0:	2c00      	cmp	r4, #0
10004cd2:	d014      	beq.n	10004cfe <__wrap_putchar+0x66>
10004cd4:	4f14      	ldr	r7, [pc, #80]	@ (10004d28 <__wrap_putchar+0x90>)
10004cd6:	e002      	b.n	10004cde <__wrap_putchar+0x46>
10004cd8:	6924      	ldr	r4, [r4, #16]
10004cda:	2c00      	cmp	r4, #0
10004cdc:	d00f      	beq.n	10004cfe <__wrap_putchar+0x66>
10004cde:	6823      	ldr	r3, [r4, #0]
10004ce0:	2b00      	cmp	r3, #0
10004ce2:	d0f9      	beq.n	10004cd8 <__wrap_putchar+0x40>
10004ce4:	683b      	ldr	r3, [r7, #0]
10004ce6:	2b00      	cmp	r3, #0
10004ce8:	d001      	beq.n	10004cee <__wrap_putchar+0x56>
10004cea:	429c      	cmp	r4, r3
10004cec:	d1f4      	bne.n	10004cd8 <__wrap_putchar+0x40>
10004cee:	0020      	movs	r0, r4
10004cf0:	2201      	movs	r2, #1
10004cf2:	0029      	movs	r1, r5
10004cf4:	f7ff fe5c 	bl	100049b0 <stdio_out_chars_crlf>
10004cf8:	6924      	ldr	r4, [r4, #16]
10004cfa:	2c00      	cmp	r4, #0
10004cfc:	d1ef      	bne.n	10004cde <__wrap_putchar+0x46>
10004cfe:	4643      	mov	r3, r8
10004d00:	2b00      	cmp	r3, #0
10004d02:	d105      	bne.n	10004d10 <__wrap_putchar+0x78>
10004d04:	0030      	movs	r0, r6
10004d06:	b003      	add	sp, #12
10004d08:	bcc0      	pop	{r6, r7}
10004d0a:	46b9      	mov	r9, r7
10004d0c:	46b0      	mov	r8, r6
10004d0e:	bdf0      	pop	{r4, r5, r6, r7, pc}
10004d10:	4648      	mov	r0, r9
10004d12:	f002 fe91 	bl	10007a38 <__mutex_exit_veneer>
10004d16:	e7f5      	b.n	10004d04 <__wrap_putchar+0x6c>
10004d18:	000f4240 	.word	0x000f4240
10004d1c:	7fffffff 	.word	0x7fffffff
10004d20:	2000193c 	.word	0x2000193c
10004d24:	20002580 	.word	0x20002580
10004d28:	20002588 	.word	0x20002588

10004d2c <__wrap_puts>:
10004d2c:	b570      	push	{r4, r5, r6, lr}
10004d2e:	0004      	movs	r4, r0
10004d30:	f002 fdf2 	bl	10007918 <strlen>
10004d34:	2301      	movs	r3, #1
10004d36:	0001      	movs	r1, r0
10004d38:	0005      	movs	r5, r0
10004d3a:	2201      	movs	r2, #1
10004d3c:	0020      	movs	r0, r4
10004d3e:	f7ff feb1 	bl	10004aa4 <stdio_put_string>
10004d42:	4b08      	ldr	r3, [pc, #32]	@ (10004d64 <__wrap_puts+0x38>)
10004d44:	681c      	ldr	r4, [r3, #0]
10004d46:	2c00      	cmp	r4, #0
10004d48:	d006      	beq.n	10004d58 <__wrap_puts+0x2c>
10004d4a:	6863      	ldr	r3, [r4, #4]
10004d4c:	2b00      	cmp	r3, #0
10004d4e:	d005      	beq.n	10004d5c <__wrap_puts+0x30>
10004d50:	4798      	blx	r3
10004d52:	6924      	ldr	r4, [r4, #16]
10004d54:	2c00      	cmp	r4, #0
10004d56:	d1f8      	bne.n	10004d4a <__wrap_puts+0x1e>
10004d58:	0028      	movs	r0, r5
10004d5a:	bd70      	pop	{r4, r5, r6, pc}
10004d5c:	6924      	ldr	r4, [r4, #16]
10004d5e:	2c00      	cmp	r4, #0
10004d60:	d1f3      	bne.n	10004d4a <__wrap_puts+0x1e>
10004d62:	e7f9      	b.n	10004d58 <__wrap_puts+0x2c>
10004d64:	20002580 	.word	0x20002580

10004d68 <__wrap_vprintf>:
10004d68:	b5f0      	push	{r4, r5, r6, r7, lr}
10004d6a:	46ce      	mov	lr, r9
10004d6c:	4647      	mov	r7, r8
10004d6e:	b580      	push	{r7, lr}
10004d70:	b0a3      	sub	sp, #140	@ 0x8c
10004d72:	0004      	movs	r4, r0
10004d74:	000e      	movs	r6, r1
10004d76:	f7fc fd7b 	bl	10001870 <time_us_64>
10004d7a:	2300      	movs	r3, #0
10004d7c:	4a26      	ldr	r2, [pc, #152]	@ (10004e18 <__wrap_vprintf+0xb0>)
10004d7e:	1812      	adds	r2, r2, r0
10004d80:	414b      	adcs	r3, r1
10004d82:	2b00      	cmp	r3, #0
10004d84:	da02      	bge.n	10004d8c <__wrap_vprintf+0x24>
10004d86:	2201      	movs	r2, #1
10004d88:	4b24      	ldr	r3, [pc, #144]	@ (10004e1c <__wrap_vprintf+0xb4>)
10004d8a:	4252      	negs	r2, r2
10004d8c:	4824      	ldr	r0, [pc, #144]	@ (10004e20 <__wrap_vprintf+0xb8>)
10004d8e:	f002 fe8b 	bl	10007aa8 <__mutex_try_enter_block_until_veneer>
10004d92:	2300      	movs	r3, #0
10004d94:	0022      	movs	r2, r4
10004d96:	9301      	str	r3, [sp, #4]
10004d98:	4680      	mov	r8, r0
10004d9a:	0033      	movs	r3, r6
10004d9c:	4821      	ldr	r0, [pc, #132]	@ (10004e24 <__wrap_vprintf+0xbc>)
10004d9e:	a901      	add	r1, sp, #4
10004da0:	f7ff fdba 	bl	10004918 <vfctprintf>
10004da4:	4f20      	ldr	r7, [pc, #128]	@ (10004e28 <__wrap_vprintf+0xc0>)
10004da6:	9b01      	ldr	r3, [sp, #4]
10004da8:	4681      	mov	r9, r0
10004daa:	683c      	ldr	r4, [r7, #0]
10004dac:	2b00      	cmp	r3, #0
10004dae:	d019      	beq.n	10004de4 <__wrap_vprintf+0x7c>
10004db0:	2c00      	cmp	r4, #0
10004db2:	d02f      	beq.n	10004e14 <__wrap_vprintf+0xac>
10004db4:	4e1d      	ldr	r6, [pc, #116]	@ (10004e2c <__wrap_vprintf+0xc4>)
10004db6:	e002      	b.n	10004dbe <__wrap_vprintf+0x56>
10004db8:	6924      	ldr	r4, [r4, #16]
10004dba:	2c00      	cmp	r4, #0
10004dbc:	d00f      	beq.n	10004dde <__wrap_vprintf+0x76>
10004dbe:	6823      	ldr	r3, [r4, #0]
10004dc0:	2b00      	cmp	r3, #0
10004dc2:	d0f9      	beq.n	10004db8 <__wrap_vprintf+0x50>
10004dc4:	6833      	ldr	r3, [r6, #0]
10004dc6:	2b00      	cmp	r3, #0
10004dc8:	d001      	beq.n	10004dce <__wrap_vprintf+0x66>
10004dca:	42a3      	cmp	r3, r4
10004dcc:	d1f4      	bne.n	10004db8 <__wrap_vprintf+0x50>
10004dce:	0020      	movs	r0, r4
10004dd0:	9a01      	ldr	r2, [sp, #4]
10004dd2:	a902      	add	r1, sp, #8
10004dd4:	f7ff fdec 	bl	100049b0 <stdio_out_chars_crlf>
10004dd8:	6924      	ldr	r4, [r4, #16]
10004dda:	2c00      	cmp	r4, #0
10004ddc:	d1ef      	bne.n	10004dbe <__wrap_vprintf+0x56>
10004dde:	2300      	movs	r3, #0
10004de0:	683c      	ldr	r4, [r7, #0]
10004de2:	9301      	str	r3, [sp, #4]
10004de4:	2c00      	cmp	r4, #0
10004de6:	d006      	beq.n	10004df6 <__wrap_vprintf+0x8e>
10004de8:	6863      	ldr	r3, [r4, #4]
10004dea:	2b00      	cmp	r3, #0
10004dec:	d00c      	beq.n	10004e08 <__wrap_vprintf+0xa0>
10004dee:	4798      	blx	r3
10004df0:	6924      	ldr	r4, [r4, #16]
10004df2:	2c00      	cmp	r4, #0
10004df4:	d1f8      	bne.n	10004de8 <__wrap_vprintf+0x80>
10004df6:	4643      	mov	r3, r8
10004df8:	2b00      	cmp	r3, #0
10004dfa:	d107      	bne.n	10004e0c <__wrap_vprintf+0xa4>
10004dfc:	4648      	mov	r0, r9
10004dfe:	b023      	add	sp, #140	@ 0x8c
10004e00:	bcc0      	pop	{r6, r7}
10004e02:	46b9      	mov	r9, r7
10004e04:	46b0      	mov	r8, r6
10004e06:	bdf0      	pop	{r4, r5, r6, r7, pc}
10004e08:	6924      	ldr	r4, [r4, #16]
10004e0a:	e7eb      	b.n	10004de4 <__wrap_vprintf+0x7c>
10004e0c:	4804      	ldr	r0, [pc, #16]	@ (10004e20 <__wrap_vprintf+0xb8>)
10004e0e:	f002 fe13 	bl	10007a38 <__mutex_exit_veneer>
10004e12:	e7f3      	b.n	10004dfc <__wrap_vprintf+0x94>
10004e14:	9401      	str	r4, [sp, #4]
10004e16:	e7ee      	b.n	10004df6 <__wrap_vprintf+0x8e>
10004e18:	000f4240 	.word	0x000f4240
10004e1c:	7fffffff 	.word	0x7fffffff
10004e20:	2000193c 	.word	0x2000193c
10004e24:	10004a41 	.word	0x10004a41
10004e28:	20002580 	.word	0x20002580
10004e2c:	20002588 	.word	0x20002588

10004e30 <__wrap_printf>:
10004e30:	b40f      	push	{r0, r1, r2, r3}
10004e32:	b500      	push	{lr}
10004e34:	b083      	sub	sp, #12
10004e36:	a904      	add	r1, sp, #16
10004e38:	c901      	ldmia	r1!, {r0}
10004e3a:	9101      	str	r1, [sp, #4]
10004e3c:	f7ff ff94 	bl	10004d68 <__wrap_vprintf>
10004e40:	b003      	add	sp, #12
10004e42:	bc08      	pop	{r3}
10004e44:	b004      	add	sp, #16
10004e46:	4718      	bx	r3

10004e48 <stdio_uart_out_chars>:
10004e48:	b5f0      	push	{r4, r5, r6, r7, lr}
10004e4a:	2900      	cmp	r1, #0
10004e4c:	dd15      	ble.n	10004e7a <stdio_uart_out_chars+0x32>
10004e4e:	4b0e      	ldr	r3, [pc, #56]	@ (10004e88 <stdio_uart_out_chars+0x40>)
10004e50:	270d      	movs	r7, #13
10004e52:	681a      	ldr	r2, [r3, #0]
10004e54:	4b0d      	ldr	r3, [pc, #52]	@ (10004e8c <stdio_uart_out_chars+0x44>)
10004e56:	4c0e      	ldr	r4, [pc, #56]	@ (10004e90 <stdio_uart_out_chars+0x48>)
10004e58:	18d3      	adds	r3, r2, r3
10004e5a:	425d      	negs	r5, r3
10004e5c:	416b      	adcs	r3, r5
10004e5e:	1845      	adds	r5, r0, r1
10004e60:	2120      	movs	r1, #32
10004e62:	005b      	lsls	r3, r3, #1
10004e64:	5f1e      	ldrsh	r6, [r3, r4]
10004e66:	7804      	ldrb	r4, [r0, #0]
10004e68:	42a6      	cmp	r6, r4
10004e6a:	d007      	beq.n	10004e7c <stdio_uart_out_chars+0x34>
10004e6c:	6993      	ldr	r3, [r2, #24]
10004e6e:	4219      	tst	r1, r3
10004e70:	d1fc      	bne.n	10004e6c <stdio_uart_out_chars+0x24>
10004e72:	3001      	adds	r0, #1
10004e74:	6014      	str	r4, [r2, #0]
10004e76:	42a8      	cmp	r0, r5
10004e78:	d1f5      	bne.n	10004e66 <stdio_uart_out_chars+0x1e>
10004e7a:	bdf0      	pop	{r4, r5, r6, r7, pc}
10004e7c:	6993      	ldr	r3, [r2, #24]
10004e7e:	4219      	tst	r1, r3
10004e80:	d1fc      	bne.n	10004e7c <stdio_uart_out_chars+0x34>
10004e82:	6017      	str	r7, [r2, #0]
10004e84:	e7f2      	b.n	10004e6c <stdio_uart_out_chars+0x24>
10004e86:	46c0      	nop			@ (mov r8, r8)
10004e88:	20002c0c 	.word	0x20002c0c
10004e8c:	bffc8000 	.word	0xbffc8000
10004e90:	20002c08 	.word	0x20002c08

10004e94 <stdio_uart_in_chars>:
10004e94:	4b1f      	ldr	r3, [pc, #124]	@ (10004f14 <stdio_uart_in_chars+0x80>)
10004e96:	b530      	push	{r4, r5, lr}
10004e98:	681b      	ldr	r3, [r3, #0]
10004e9a:	1e0d      	subs	r5, r1, #0
10004e9c:	469c      	mov	ip, r3
10004e9e:	dd2a      	ble.n	10004ef6 <stdio_uart_in_chars+0x62>
10004ea0:	1e44      	subs	r4, r0, #1
10004ea2:	2110      	movs	r1, #16
10004ea4:	2000      	movs	r0, #0
10004ea6:	4b1c      	ldr	r3, [pc, #112]	@ (10004f18 <stdio_uart_in_chars+0x84>)
10004ea8:	681a      	ldr	r2, [r3, #0]
10004eaa:	6993      	ldr	r3, [r2, #24]
10004eac:	4219      	tst	r1, r3
10004eae:	d114      	bne.n	10004eda <stdio_uart_in_chars+0x46>
10004eb0:	3001      	adds	r0, #1
10004eb2:	6993      	ldr	r3, [r2, #24]
10004eb4:	4219      	tst	r1, r3
10004eb6:	d1fc      	bne.n	10004eb2 <stdio_uart_in_chars+0x1e>
10004eb8:	6813      	ldr	r3, [r2, #0]
10004eba:	5423      	strb	r3, [r4, r0]
10004ebc:	4285      	cmp	r5, r0
10004ebe:	d1f4      	bne.n	10004eaa <stdio_uart_in_chars+0x16>
10004ec0:	4663      	mov	r3, ip
10004ec2:	2b00      	cmp	r3, #0
10004ec4:	d007      	beq.n	10004ed6 <stdio_uart_in_chars+0x42>
10004ec6:	2350      	movs	r3, #80	@ 0x50
10004ec8:	6393      	str	r3, [r2, #56]	@ 0x38
10004eca:	6b51      	ldr	r1, [r2, #52]	@ 0x34
10004ecc:	3b18      	subs	r3, #24
10004ece:	400b      	ands	r3, r1
10004ed0:	4912      	ldr	r1, [pc, #72]	@ (10004f1c <stdio_uart_in_chars+0x88>)
10004ed2:	1852      	adds	r2, r2, r1
10004ed4:	6013      	str	r3, [r2, #0]
10004ed6:	0028      	movs	r0, r5
10004ed8:	bd30      	pop	{r4, r5, pc}
10004eda:	4663      	mov	r3, ip
10004edc:	2b00      	cmp	r3, #0
10004ede:	d007      	beq.n	10004ef0 <stdio_uart_in_chars+0x5c>
10004ee0:	2350      	movs	r3, #80	@ 0x50
10004ee2:	6393      	str	r3, [r2, #56]	@ 0x38
10004ee4:	6b51      	ldr	r1, [r2, #52]	@ 0x34
10004ee6:	3b18      	subs	r3, #24
10004ee8:	400b      	ands	r3, r1
10004eea:	490c      	ldr	r1, [pc, #48]	@ (10004f1c <stdio_uart_in_chars+0x88>)
10004eec:	1852      	adds	r2, r2, r1
10004eee:	6013      	str	r3, [r2, #0]
10004ef0:	2800      	cmp	r0, #0
10004ef2:	d1f1      	bne.n	10004ed8 <stdio_uart_in_chars+0x44>
10004ef4:	e00b      	b.n	10004f0e <stdio_uart_in_chars+0x7a>
10004ef6:	2b00      	cmp	r3, #0
10004ef8:	d009      	beq.n	10004f0e <stdio_uart_in_chars+0x7a>
10004efa:	2250      	movs	r2, #80	@ 0x50
10004efc:	4b06      	ldr	r3, [pc, #24]	@ (10004f18 <stdio_uart_in_chars+0x84>)
10004efe:	681b      	ldr	r3, [r3, #0]
10004f00:	639a      	str	r2, [r3, #56]	@ 0x38
10004f02:	6b59      	ldr	r1, [r3, #52]	@ 0x34
10004f04:	3a18      	subs	r2, #24
10004f06:	400a      	ands	r2, r1
10004f08:	4904      	ldr	r1, [pc, #16]	@ (10004f1c <stdio_uart_in_chars+0x88>)
10004f0a:	185b      	adds	r3, r3, r1
10004f0c:	601a      	str	r2, [r3, #0]
10004f0e:	2003      	movs	r0, #3
10004f10:	4240      	negs	r0, r0
10004f12:	e7e1      	b.n	10004ed8 <stdio_uart_in_chars+0x44>
10004f14:	20002518 	.word	0x20002518
10004f18:	20002c0c 	.word	0x20002c0c
10004f1c:	00001034 	.word	0x00001034

10004f20 <on_uart_rx>:
10004f20:	4b06      	ldr	r3, [pc, #24]	@ (10004f3c <on_uart_rx+0x1c>)
10004f22:	b510      	push	{r4, lr}
10004f24:	681b      	ldr	r3, [r3, #0]
10004f26:	2b00      	cmp	r3, #0
10004f28:	d006      	beq.n	10004f38 <on_uart_rx+0x18>
10004f2a:	2100      	movs	r1, #0
10004f2c:	4a04      	ldr	r2, [pc, #16]	@ (10004f40 <on_uart_rx+0x20>)
10004f2e:	6812      	ldr	r2, [r2, #0]
10004f30:	6391      	str	r1, [r2, #56]	@ 0x38
10004f32:	4a04      	ldr	r2, [pc, #16]	@ (10004f44 <on_uart_rx+0x24>)
10004f34:	6810      	ldr	r0, [r2, #0]
10004f36:	4798      	blx	r3
10004f38:	bd10      	pop	{r4, pc}
10004f3a:	46c0      	nop			@ (mov r8, r8)
10004f3c:	20002518 	.word	0x20002518
10004f40:	20002c0c 	.word	0x20002c0c
10004f44:	20002520 	.word	0x20002520

10004f48 <stdio_uart_out_flush>:
10004f48:	2208      	movs	r2, #8
10004f4a:	4b03      	ldr	r3, [pc, #12]	@ (10004f58 <stdio_uart_out_flush+0x10>)
10004f4c:	6819      	ldr	r1, [r3, #0]
10004f4e:	698b      	ldr	r3, [r1, #24]
10004f50:	421a      	tst	r2, r3
10004f52:	d1fc      	bne.n	10004f4e <stdio_uart_out_flush+0x6>
10004f54:	4770      	bx	lr
10004f56:	46c0      	nop			@ (mov r8, r8)
10004f58:	20002c0c 	.word	0x20002c0c

10004f5c <stdio_uart_set_chars_available_callback>:
10004f5c:	b570      	push	{r4, r5, r6, lr}
10004f5e:	4e1a      	ldr	r6, [pc, #104]	@ (10004fc8 <stdio_uart_set_chars_available_callback+0x6c>)
10004f60:	4b1a      	ldr	r3, [pc, #104]	@ (10004fcc <stdio_uart_set_chars_available_callback+0x70>)
10004f62:	6832      	ldr	r2, [r6, #0]
10004f64:	0004      	movs	r4, r0
10004f66:	18d3      	adds	r3, r2, r3
10004f68:	4258      	negs	r0, r3
10004f6a:	4143      	adcs	r3, r0
10004f6c:	4d18      	ldr	r5, [pc, #96]	@ (10004fd0 <stdio_uart_set_chars_available_callback+0x74>)
10004f6e:	3314      	adds	r3, #20
10004f70:	0018      	movs	r0, r3
10004f72:	682b      	ldr	r3, [r5, #0]
10004f74:	2c00      	cmp	r4, #0
10004f76:	d002      	beq.n	10004f7e <stdio_uart_set_chars_available_callback+0x22>
10004f78:	2b00      	cmp	r3, #0
10004f7a:	d00f      	beq.n	10004f9c <stdio_uart_set_chars_available_callback+0x40>
10004f7c:	bd70      	pop	{r4, r5, r6, pc}
10004f7e:	2b00      	cmp	r3, #0
10004f80:	d0fc      	beq.n	10004f7c <stdio_uart_set_chars_available_callback+0x20>
10004f82:	0006      	movs	r6, r0
10004f84:	2100      	movs	r1, #0
10004f86:	6394      	str	r4, [r2, #56]	@ 0x38
10004f88:	f7fb fde2 	bl	10000b50 <irq_set_enabled>
10004f8c:	0030      	movs	r0, r6
10004f8e:	4911      	ldr	r1, [pc, #68]	@ (10004fd4 <stdio_uart_set_chars_available_callback+0x78>)
10004f90:	f7fb ff32 	bl	10000df8 <irq_remove_handler>
10004f94:	4b10      	ldr	r3, [pc, #64]	@ (10004fd8 <stdio_uart_set_chars_available_callback+0x7c>)
10004f96:	602c      	str	r4, [r5, #0]
10004f98:	601c      	str	r4, [r3, #0]
10004f9a:	e7ef      	b.n	10004f7c <stdio_uart_set_chars_available_callback+0x20>
10004f9c:	602c      	str	r4, [r5, #0]
10004f9e:	0004      	movs	r4, r0
10004fa0:	4b0d      	ldr	r3, [pc, #52]	@ (10004fd8 <stdio_uart_set_chars_available_callback+0x7c>)
10004fa2:	6019      	str	r1, [r3, #0]
10004fa4:	490b      	ldr	r1, [pc, #44]	@ (10004fd4 <stdio_uart_set_chars_available_callback+0x78>)
10004fa6:	f7fb fe17 	bl	10000bd8 <irq_set_exclusive_handler>
10004faa:	2101      	movs	r1, #1
10004fac:	0020      	movs	r0, r4
10004fae:	f7fb fdcf 	bl	10000b50 <irq_set_enabled>
10004fb2:	2250      	movs	r2, #80	@ 0x50
10004fb4:	6833      	ldr	r3, [r6, #0]
10004fb6:	639a      	str	r2, [r3, #56]	@ 0x38
10004fb8:	6b59      	ldr	r1, [r3, #52]	@ 0x34
10004fba:	3a18      	subs	r2, #24
10004fbc:	400a      	ands	r2, r1
10004fbe:	4907      	ldr	r1, [pc, #28]	@ (10004fdc <stdio_uart_set_chars_available_callback+0x80>)
10004fc0:	185b      	adds	r3, r3, r1
10004fc2:	601a      	str	r2, [r3, #0]
10004fc4:	e7da      	b.n	10004f7c <stdio_uart_set_chars_available_callback+0x20>
10004fc6:	46c0      	nop			@ (mov r8, r8)
10004fc8:	20002c0c 	.word	0x20002c0c
10004fcc:	bffc8000 	.word	0xbffc8000
10004fd0:	20002518 	.word	0x20002518
10004fd4:	10004f21 	.word	0x10004f21
10004fd8:	20002520 	.word	0x20002520
10004fdc:	00001034 	.word	0x00001034

10004fe0 <stdio_uart_init>:
10004fe0:	4b0d      	ldr	r3, [pc, #52]	@ (10005018 <stdio_uart_init+0x38>)
10004fe2:	b510      	push	{r4, lr}
10004fe4:	781b      	ldrb	r3, [r3, #0]
10004fe6:	4b0d      	ldr	r3, [pc, #52]	@ (1000501c <stdio_uart_init+0x3c>)
10004fe8:	4c0d      	ldr	r4, [pc, #52]	@ (10005020 <stdio_uart_init+0x40>)
10004fea:	781b      	ldrb	r3, [r3, #0]
10004fec:	4b0d      	ldr	r3, [pc, #52]	@ (10005024 <stdio_uart_init+0x44>)
10004fee:	2102      	movs	r1, #2
10004ff0:	781b      	ldrb	r3, [r3, #0]
10004ff2:	4b0d      	ldr	r3, [pc, #52]	@ (10005028 <stdio_uart_init+0x48>)
10004ff4:	2000      	movs	r0, #0
10004ff6:	6023      	str	r3, [r4, #0]
10004ff8:	f7fb fc9c 	bl	10000934 <gpio_set_function>
10004ffc:	2102      	movs	r1, #2
10004ffe:	2001      	movs	r0, #1
10005000:	f7fb fc98 	bl	10000934 <gpio_set_function>
10005004:	21e1      	movs	r1, #225	@ 0xe1
10005006:	6820      	ldr	r0, [r4, #0]
10005008:	0249      	lsls	r1, r1, #9
1000500a:	f7fc fc71 	bl	100018f0 <uart_init>
1000500e:	2101      	movs	r1, #1
10005010:	4806      	ldr	r0, [pc, #24]	@ (1000502c <stdio_uart_init+0x4c>)
10005012:	f7ff fdc1 	bl	10004b98 <stdio_set_driver_enabled>
10005016:	bd10      	pop	{r4, pc}
10005018:	1000859c 	.word	0x1000859c
1000501c:	10008598 	.word	0x10008598
10005020:	20002c0c 	.word	0x20002c0c
10005024:	10008594 	.word	0x10008594
10005028:	40034000 	.word	0x40034000
1000502c:	200018e0 	.word	0x200018e0

10005030 <resetd_init>:
10005030:	4770      	bx	lr
10005032:	46c0      	nop			@ (mov r8, r8)

10005034 <resetd_reset>:
10005034:	2200      	movs	r2, #0
10005036:	4b01      	ldr	r3, [pc, #4]	@ (1000503c <resetd_reset+0x8>)
10005038:	701a      	strb	r2, [r3, #0]
1000503a:	4770      	bx	lr
1000503c:	20002c26 	.word	0x20002c26

10005040 <resetd_open>:
10005040:	794b      	ldrb	r3, [r1, #5]
10005042:	2000      	movs	r0, #0
10005044:	2bff      	cmp	r3, #255	@ 0xff
10005046:	d10b      	bne.n	10005060 <resetd_open+0x20>
10005048:	798b      	ldrb	r3, [r1, #6]
1000504a:	2b00      	cmp	r3, #0
1000504c:	d108      	bne.n	10005060 <resetd_open+0x20>
1000504e:	79cb      	ldrb	r3, [r1, #7]
10005050:	2b01      	cmp	r3, #1
10005052:	d105      	bne.n	10005060 <resetd_open+0x20>
10005054:	2a08      	cmp	r2, #8
10005056:	d903      	bls.n	10005060 <resetd_open+0x20>
10005058:	4b02      	ldr	r3, [pc, #8]	@ (10005064 <resetd_open+0x24>)
1000505a:	788a      	ldrb	r2, [r1, #2]
1000505c:	3009      	adds	r0, #9
1000505e:	701a      	strb	r2, [r3, #0]
10005060:	4770      	bx	lr
10005062:	46c0      	nop			@ (mov r8, r8)
10005064:	20002c26 	.word	0x20002c26

10005068 <resetd_xfer_cb>:
10005068:	2001      	movs	r0, #1
1000506a:	4770      	bx	lr

1000506c <resetd_control_xfer_cb>:
1000506c:	b510      	push	{r4, lr}
1000506e:	2901      	cmp	r1, #1
10005070:	d113      	bne.n	1000509a <resetd_control_xfer_cb+0x2e>
10005072:	4912      	ldr	r1, [pc, #72]	@ (100050bc <resetd_control_xfer_cb+0x50>)
10005074:	7953      	ldrb	r3, [r2, #5]
10005076:	7910      	ldrb	r0, [r2, #4]
10005078:	7809      	ldrb	r1, [r1, #0]
1000507a:	021b      	lsls	r3, r3, #8
1000507c:	4303      	orrs	r3, r0
1000507e:	2000      	movs	r0, #0
10005080:	4299      	cmp	r1, r3
10005082:	d000      	beq.n	10005086 <resetd_control_xfer_cb+0x1a>
10005084:	bd10      	pop	{r4, pc}
10005086:	7853      	ldrb	r3, [r2, #1]
10005088:	2b01      	cmp	r3, #1
1000508a:	d008      	beq.n	1000509e <resetd_control_xfer_cb+0x32>
1000508c:	2b02      	cmp	r3, #2
1000508e:	d1f9      	bne.n	10005084 <resetd_control_xfer_cb+0x18>
10005090:	2264      	movs	r2, #100	@ 0x64
10005092:	2100      	movs	r1, #0
10005094:	2000      	movs	r0, #0
10005096:	f7fd f81b 	bl	100020d0 <watchdog_reboot>
1000509a:	2001      	movs	r0, #1
1000509c:	e7f2      	b.n	10005084 <resetd_control_xfer_cb+0x18>
1000509e:	78d3      	ldrb	r3, [r2, #3]
100050a0:	7891      	ldrb	r1, [r2, #2]
100050a2:	021b      	lsls	r3, r3, #8
100050a4:	4319      	orrs	r1, r3
100050a6:	0a48      	lsrs	r0, r1, #9
100050a8:	05db      	lsls	r3, r3, #23
100050aa:	d401      	bmi.n	100050b0 <resetd_control_xfer_cb+0x44>
100050ac:	2001      	movs	r0, #1
100050ae:	4240      	negs	r0, r0
100050b0:	237f      	movs	r3, #127	@ 0x7f
100050b2:	058a      	lsls	r2, r1, #22
100050b4:	0fd2      	lsrs	r2, r2, #31
100050b6:	4019      	ands	r1, r3
100050b8:	f7fd f8a0 	bl	100021fc <rom_reset_usb_boot_extra>
100050bc:	20002c26 	.word	0x20002c26

100050c0 <tud_descriptor_bos_cb>:
100050c0:	4800      	ldr	r0, [pc, #0]	@ (100050c4 <tud_descriptor_bos_cb+0x4>)
100050c2:	4770      	bx	lr
100050c4:	100082d8 	.word	0x100082d8

100050c8 <tud_vendor_control_xfer_cb>:
100050c8:	4694      	mov	ip, r2
100050ca:	2301      	movs	r3, #1
100050cc:	b510      	push	{r4, lr}
100050ce:	2901      	cmp	r1, #1
100050d0:	d10a      	bne.n	100050e8 <tud_vendor_control_xfer_cb+0x20>
100050d2:	7852      	ldrb	r2, [r2, #1]
100050d4:	2300      	movs	r3, #0
100050d6:	2a01      	cmp	r2, #1
100050d8:	d106      	bne.n	100050e8 <tud_vendor_control_xfer_cb+0x20>
100050da:	4662      	mov	r2, ip
100050dc:	7911      	ldrb	r1, [r2, #4]
100050de:	7952      	ldrb	r2, [r2, #5]
100050e0:	0212      	lsls	r2, r2, #8
100050e2:	430a      	orrs	r2, r1
100050e4:	2a07      	cmp	r2, #7
100050e6:	d001      	beq.n	100050ec <tud_vendor_control_xfer_cb+0x24>
100050e8:	0018      	movs	r0, r3
100050ea:	bd10      	pop	{r4, pc}
100050ec:	33a6      	adds	r3, #166	@ 0xa6
100050ee:	4661      	mov	r1, ip
100050f0:	4a02      	ldr	r2, [pc, #8]	@ (100050fc <tud_vendor_control_xfer_cb+0x34>)
100050f2:	f001 fa51 	bl	10006598 <tud_control_xfer>
100050f6:	0003      	movs	r3, r0
100050f8:	e7f6      	b.n	100050e8 <tud_vendor_control_xfer_cb+0x20>
100050fa:	46c0      	nop			@ (mov r8, r8)
100050fc:	10008230 	.word	0x10008230

10005100 <usbd_app_driver_get_cb>:
10005100:	2301      	movs	r3, #1
10005102:	7003      	strb	r3, [r0, #0]
10005104:	4800      	ldr	r0, [pc, #0]	@ (10005108 <usbd_app_driver_get_cb+0x8>)
10005106:	4770      	bx	lr
10005108:	10008210 	.word	0x10008210

1000510c <tud_cdc_line_coding_cb>:
1000510c:	784b      	ldrb	r3, [r1, #1]
1000510e:	780a      	ldrb	r2, [r1, #0]
10005110:	021b      	lsls	r3, r3, #8
10005112:	4313      	orrs	r3, r2
10005114:	788a      	ldrb	r2, [r1, #2]
10005116:	b510      	push	{r4, lr}
10005118:	0412      	lsls	r2, r2, #16
1000511a:	431a      	orrs	r2, r3
1000511c:	78cb      	ldrb	r3, [r1, #3]
1000511e:	061b      	lsls	r3, r3, #24
10005120:	4313      	orrs	r3, r2
10005122:	2296      	movs	r2, #150	@ 0x96
10005124:	00d2      	lsls	r2, r2, #3
10005126:	4293      	cmp	r3, r2
10005128:	d000      	beq.n	1000512c <tud_cdc_line_coding_cb+0x20>
1000512a:	bd10      	pop	{r4, pc}
1000512c:	2200      	movs	r2, #0
1000512e:	2001      	movs	r0, #1
10005130:	0011      	movs	r1, r2
10005132:	4240      	negs	r0, r0
10005134:	f7fd f862 	bl	100021fc <rom_reset_usb_boot_extra>

10005138 <stdio_usb_set_chars_available_callback>:
10005138:	4b02      	ldr	r3, [pc, #8]	@ (10005144 <stdio_usb_set_chars_available_callback+0xc>)
1000513a:	6018      	str	r0, [r3, #0]
1000513c:	4b02      	ldr	r3, [pc, #8]	@ (10005148 <stdio_usb_set_chars_available_callback+0x10>)
1000513e:	6019      	str	r1, [r3, #0]
10005140:	4770      	bx	lr
10005142:	46c0      	nop			@ (mov r8, r8)
10005144:	2000251c 	.word	0x2000251c
10005148:	20002524 	.word	0x20002524

1000514c <usb_irq>:
1000514c:	b510      	push	{r4, lr}
1000514e:	4b02      	ldr	r3, [pc, #8]	@ (10005158 <usb_irq+0xc>)
10005150:	7818      	ldrb	r0, [r3, #0]
10005152:	f7fb fd29 	bl	10000ba8 <irq_set_pending>
10005156:	bd10      	pop	{r4, pc}
10005158:	20002c27 	.word	0x20002c27

1000515c <timer_task>:
1000515c:	4b15      	ldr	r3, [pc, #84]	@ (100051b4 <timer_task+0x58>)
1000515e:	b570      	push	{r4, r5, r6, lr}
10005160:	681a      	ldr	r2, [r3, #0]
10005162:	2a00      	cmp	r2, #0
10005164:	d022      	beq.n	100051ac <timer_task+0x50>
10005166:	f3ef 8110 	mrs	r1, PRIMASK
1000516a:	b672      	cpsid	i
1000516c:	6810      	ldr	r0, [r2, #0]
1000516e:	2800      	cmp	r0, #0
10005170:	d0fc      	beq.n	1000516c <timer_task+0x10>
10005172:	f3bf 8f5f 	dmb	sy
10005176:	2000      	movs	r0, #0
10005178:	4a0f      	ldr	r2, [pc, #60]	@ (100051b8 <timer_task+0x5c>)
1000517a:	6059      	str	r1, [r3, #4]
1000517c:	7010      	strb	r0, [r2, #0]
1000517e:	681b      	ldr	r3, [r3, #0]
10005180:	f3bf 8f5f 	dmb	sy
10005184:	6018      	str	r0, [r3, #0]
10005186:	f381 8810 	msr	PRIMASK, r1
1000518a:	2400      	movs	r4, #0
1000518c:	2500      	movs	r5, #0
1000518e:	4e0b      	ldr	r6, [pc, #44]	@ (100051bc <timer_task+0x60>)
10005190:	7830      	ldrb	r0, [r6, #0]
10005192:	f7fb fcef 	bl	10000b74 <irq_is_enabled>
10005196:	2800      	cmp	r0, #0
10005198:	d104      	bne.n	100051a4 <timer_task+0x48>
1000519a:	2400      	movs	r4, #0
1000519c:	2500      	movs	r5, #0
1000519e:	0029      	movs	r1, r5
100051a0:	0020      	movs	r0, r4
100051a2:	bd70      	pop	{r4, r5, r6, pc}
100051a4:	7830      	ldrb	r0, [r6, #0]
100051a6:	f7fb fcff 	bl	10000ba8 <irq_set_pending>
100051aa:	e7f8      	b.n	1000519e <timer_task+0x42>
100051ac:	24fa      	movs	r4, #250	@ 0xfa
100051ae:	2500      	movs	r5, #0
100051b0:	00a4      	lsls	r4, r4, #2
100051b2:	e7ec      	b.n	1000518e <timer_task+0x32>
100051b4:	200029a0 	.word	0x200029a0
100051b8:	20002c28 	.word	0x20002c28
100051bc:	20002c27 	.word	0x20002c27

100051c0 <stdio_usb_in_chars>:
100051c0:	b570      	push	{r4, r5, r6, lr}
100051c2:	0005      	movs	r5, r0
100051c4:	2000      	movs	r0, #0
100051c6:	000e      	movs	r6, r1
100051c8:	f001 faf6 	bl	100067b8 <tud_cdc_n_connected>
100051cc:	2800      	cmp	r0, #0
100051ce:	d034      	beq.n	1000523a <stdio_usb_in_chars+0x7a>
100051d0:	2000      	movs	r0, #0
100051d2:	f001 fb0b 	bl	100067ec <tud_cdc_n_available>
100051d6:	2800      	cmp	r0, #0
100051d8:	d02f      	beq.n	1000523a <stdio_usb_in_chars+0x7a>
100051da:	f7fc fb49 	bl	10001870 <time_us_64>
100051de:	2300      	movs	r3, #0
100051e0:	4a17      	ldr	r2, [pc, #92]	@ (10005240 <stdio_usb_in_chars+0x80>)
100051e2:	1812      	adds	r2, r2, r0
100051e4:	414b      	adcs	r3, r1
100051e6:	2b00      	cmp	r3, #0
100051e8:	db16      	blt.n	10005218 <stdio_usb_in_chars+0x58>
100051ea:	4c16      	ldr	r4, [pc, #88]	@ (10005244 <stdio_usb_in_chars+0x84>)
100051ec:	0020      	movs	r0, r4
100051ee:	f002 fc5b 	bl	10007aa8 <__mutex_try_enter_block_until_veneer>
100051f2:	2800      	cmp	r0, #0
100051f4:	d021      	beq.n	1000523a <stdio_usb_in_chars+0x7a>
100051f6:	2000      	movs	r0, #0
100051f8:	f001 fade 	bl	100067b8 <tud_cdc_n_connected>
100051fc:	2800      	cmp	r0, #0
100051fe:	d10f      	bne.n	10005220 <stdio_usb_in_chars+0x60>
10005200:	2001      	movs	r0, #1
10005202:	2100      	movs	r1, #0
10005204:	4240      	negs	r0, r0
10005206:	f000 fcfd 	bl	10005c04 <tud_task_ext>
1000520a:	2503      	movs	r5, #3
1000520c:	426d      	negs	r5, r5
1000520e:	0020      	movs	r0, r4
10005210:	f002 fc12 	bl	10007a38 <__mutex_exit_veneer>
10005214:	0028      	movs	r0, r5
10005216:	bd70      	pop	{r4, r5, r6, pc}
10005218:	2201      	movs	r2, #1
1000521a:	4b0b      	ldr	r3, [pc, #44]	@ (10005248 <stdio_usb_in_chars+0x88>)
1000521c:	4252      	negs	r2, r2
1000521e:	e7e4      	b.n	100051ea <stdio_usb_in_chars+0x2a>
10005220:	2000      	movs	r0, #0
10005222:	f001 fae3 	bl	100067ec <tud_cdc_n_available>
10005226:	2800      	cmp	r0, #0
10005228:	d0ea      	beq.n	10005200 <stdio_usb_in_chars+0x40>
1000522a:	0029      	movs	r1, r5
1000522c:	0032      	movs	r2, r6
1000522e:	2000      	movs	r0, #0
10005230:	f001 faea 	bl	10006808 <tud_cdc_n_read>
10005234:	1e05      	subs	r5, r0, #0
10005236:	d1ea      	bne.n	1000520e <stdio_usb_in_chars+0x4e>
10005238:	e7e7      	b.n	1000520a <stdio_usb_in_chars+0x4a>
1000523a:	2503      	movs	r5, #3
1000523c:	426d      	negs	r5, r5
1000523e:	e7e9      	b.n	10005214 <stdio_usb_in_chars+0x54>
10005240:	000f4240 	.word	0x000f4240
10005244:	200029cc 	.word	0x200029cc
10005248:	7fffffff 	.word	0x7fffffff

1000524c <stdio_usb_out_flush>:
1000524c:	b510      	push	{r4, lr}
1000524e:	f7fc fb0f 	bl	10001870 <time_us_64>
10005252:	2300      	movs	r3, #0
10005254:	4a0d      	ldr	r2, [pc, #52]	@ (1000528c <stdio_usb_out_flush+0x40>)
10005256:	1812      	adds	r2, r2, r0
10005258:	414b      	adcs	r3, r1
1000525a:	2b00      	cmp	r3, #0
1000525c:	da02      	bge.n	10005264 <stdio_usb_out_flush+0x18>
1000525e:	2201      	movs	r2, #1
10005260:	4b0b      	ldr	r3, [pc, #44]	@ (10005290 <stdio_usb_out_flush+0x44>)
10005262:	4252      	negs	r2, r2
10005264:	480b      	ldr	r0, [pc, #44]	@ (10005294 <stdio_usb_out_flush+0x48>)
10005266:	f002 fc1f 	bl	10007aa8 <__mutex_try_enter_block_until_veneer>
1000526a:	2800      	cmp	r0, #0
1000526c:	d00c      	beq.n	10005288 <stdio_usb_out_flush+0x3c>
1000526e:	2001      	movs	r0, #1
10005270:	2100      	movs	r1, #0
10005272:	4240      	negs	r0, r0
10005274:	f000 fcc6 	bl	10005c04 <tud_task_ext>
10005278:	2000      	movs	r0, #0
1000527a:	f001 fb13 	bl	100068a4 <tud_cdc_n_write_flush>
1000527e:	2800      	cmp	r0, #0
10005280:	d1f5      	bne.n	1000526e <stdio_usb_out_flush+0x22>
10005282:	4804      	ldr	r0, [pc, #16]	@ (10005294 <stdio_usb_out_flush+0x48>)
10005284:	f002 fbd8 	bl	10007a38 <__mutex_exit_veneer>
10005288:	bd10      	pop	{r4, pc}
1000528a:	46c0      	nop			@ (mov r8, r8)
1000528c:	000f4240 	.word	0x000f4240
10005290:	7fffffff 	.word	0x7fffffff
10005294:	200029cc 	.word	0x200029cc

10005298 <stdio_usb_out_chars>:
10005298:	b5f8      	push	{r3, r4, r5, r6, r7, lr}
1000529a:	46ce      	mov	lr, r9
1000529c:	4647      	mov	r7, r8
1000529e:	b580      	push	{r7, lr}
100052a0:	0005      	movs	r5, r0
100052a2:	000c      	movs	r4, r1
100052a4:	f7fc fae4 	bl	10001870 <time_us_64>
100052a8:	2300      	movs	r3, #0
100052aa:	4a34      	ldr	r2, [pc, #208]	@ (1000537c <stdio_usb_out_chars+0xe4>)
100052ac:	1812      	adds	r2, r2, r0
100052ae:	414b      	adcs	r3, r1
100052b0:	2b00      	cmp	r3, #0
100052b2:	da02      	bge.n	100052ba <stdio_usb_out_chars+0x22>
100052b4:	2201      	movs	r2, #1
100052b6:	4b32      	ldr	r3, [pc, #200]	@ (10005380 <stdio_usb_out_chars+0xe8>)
100052b8:	4252      	negs	r2, r2
100052ba:	4932      	ldr	r1, [pc, #200]	@ (10005384 <stdio_usb_out_chars+0xec>)
100052bc:	0008      	movs	r0, r1
100052be:	4688      	mov	r8, r1
100052c0:	f002 fbf2 	bl	10007aa8 <__mutex_try_enter_block_until_veneer>
100052c4:	2800      	cmp	r0, #0
100052c6:	d103      	bne.n	100052d0 <stdio_usb_out_chars+0x38>
100052c8:	bcc0      	pop	{r6, r7}
100052ca:	46b9      	mov	r9, r7
100052cc:	46b0      	mov	r8, r6
100052ce:	bdf8      	pop	{r3, r4, r5, r6, r7, pc}
100052d0:	2000      	movs	r0, #0
100052d2:	f001 fa71 	bl	100067b8 <tud_cdc_n_connected>
100052d6:	2800      	cmp	r0, #0
100052d8:	d048      	beq.n	1000536c <stdio_usb_out_chars+0xd4>
100052da:	2600      	movs	r6, #0
100052dc:	2c00      	cmp	r4, #0
100052de:	dd41      	ble.n	10005364 <stdio_usb_out_chars+0xcc>
100052e0:	4b29      	ldr	r3, [pc, #164]	@ (10005388 <stdio_usb_out_chars+0xf0>)
100052e2:	4699      	mov	r9, r3
100052e4:	e013      	b.n	1000530e <stdio_usb_out_chars+0x76>
100052e6:	19a9      	adds	r1, r5, r6
100052e8:	2000      	movs	r0, #0
100052ea:	f001 fb19 	bl	10006920 <tud_cdc_n_write>
100052ee:	0007      	movs	r7, r0
100052f0:	2001      	movs	r0, #1
100052f2:	2100      	movs	r1, #0
100052f4:	4240      	negs	r0, r0
100052f6:	f000 fc85 	bl	10005c04 <tud_task_ext>
100052fa:	2000      	movs	r0, #0
100052fc:	f001 fad2 	bl	100068a4 <tud_cdc_n_write_flush>
10005300:	f7fc fab6 	bl	10001870 <time_us_64>
10005304:	4b20      	ldr	r3, [pc, #128]	@ (10005388 <stdio_usb_out_chars+0xf0>)
10005306:	19f6      	adds	r6, r6, r7
10005308:	c303      	stmia	r3!, {r0, r1}
1000530a:	42b4      	cmp	r4, r6
1000530c:	dd2a      	ble.n	10005364 <stdio_usb_out_chars+0xcc>
1000530e:	2000      	movs	r0, #0
10005310:	f001 fb28 	bl	10006964 <tud_cdc_n_write_available>
10005314:	1ba7      	subs	r7, r4, r6
10005316:	0002      	movs	r2, r0
10005318:	42b8      	cmp	r0, r7
1000531a:	dd00      	ble.n	1000531e <stdio_usb_out_chars+0x86>
1000531c:	003a      	movs	r2, r7
1000531e:	2a00      	cmp	r2, #0
10005320:	d1e1      	bne.n	100052e6 <stdio_usb_out_chars+0x4e>
10005322:	2001      	movs	r0, #1
10005324:	2100      	movs	r1, #0
10005326:	4240      	negs	r0, r0
10005328:	f000 fc6c 	bl	10005c04 <tud_task_ext>
1000532c:	2000      	movs	r0, #0
1000532e:	f001 fab9 	bl	100068a4 <tud_cdc_n_write_flush>
10005332:	2000      	movs	r0, #0
10005334:	f001 fa40 	bl	100067b8 <tud_cdc_n_connected>
10005338:	2800      	cmp	r0, #0
1000533a:	d013      	beq.n	10005364 <stdio_usb_out_chars+0xcc>
1000533c:	2000      	movs	r0, #0
1000533e:	f001 fb11 	bl	10006964 <tud_cdc_n_write_available>
10005342:	2800      	cmp	r0, #0
10005344:	d1e1      	bne.n	1000530a <stdio_usb_out_chars+0x72>
10005346:	f7fc fa93 	bl	10001870 <time_us_64>
1000534a:	464b      	mov	r3, r9
1000534c:	000f      	movs	r7, r1
1000534e:	cb0c      	ldmia	r3, {r2, r3}
10005350:	2100      	movs	r1, #0
10005352:	4684      	mov	ip, r0
10005354:	480d      	ldr	r0, [pc, #52]	@ (1000538c <stdio_usb_out_chars+0xf4>)
10005356:	1812      	adds	r2, r2, r0
10005358:	414b      	adcs	r3, r1
1000535a:	429f      	cmp	r7, r3
1000535c:	d802      	bhi.n	10005364 <stdio_usb_out_chars+0xcc>
1000535e:	d1d4      	bne.n	1000530a <stdio_usb_out_chars+0x72>
10005360:	4594      	cmp	ip, r2
10005362:	d9d2      	bls.n	1000530a <stdio_usb_out_chars+0x72>
10005364:	4640      	mov	r0, r8
10005366:	f002 fb67 	bl	10007a38 <__mutex_exit_veneer>
1000536a:	e7ad      	b.n	100052c8 <stdio_usb_out_chars+0x30>
1000536c:	2000      	movs	r0, #0
1000536e:	2100      	movs	r1, #0
10005370:	4b05      	ldr	r3, [pc, #20]	@ (10005388 <stdio_usb_out_chars+0xf0>)
10005372:	c303      	stmia	r3!, {r0, r1}
10005374:	4640      	mov	r0, r8
10005376:	f002 fb5f 	bl	10007a38 <__mutex_exit_veneer>
1000537a:	e7a5      	b.n	100052c8 <stdio_usb_out_chars+0x30>
1000537c:	000f4240 	.word	0x000f4240
10005380:	7fffffff 	.word	0x7fffffff
10005384:	200029cc 	.word	0x200029cc
10005388:	20001c10 	.word	0x20001c10
1000538c:	0007a120 	.word	0x0007a120

10005390 <low_priority_worker_irq>:
10005390:	b530      	push	{r4, r5, lr}
10005392:	2100      	movs	r1, #0
10005394:	b085      	sub	sp, #20
10005396:	4828      	ldr	r0, [pc, #160]	@ (10005438 <low_priority_worker_irq+0xa8>)
10005398:	f002 fb76 	bl	10007a88 <__mutex_try_enter_veneer>
1000539c:	2800      	cmp	r0, #0
1000539e:	d11c      	bne.n	100053da <low_priority_worker_irq+0x4a>
100053a0:	4b26      	ldr	r3, [pc, #152]	@ (1000543c <low_priority_worker_irq+0xac>)
100053a2:	681a      	ldr	r2, [r3, #0]
100053a4:	2a00      	cmp	r2, #0
100053a6:	d016      	beq.n	100053d6 <low_priority_worker_irq+0x46>
100053a8:	f3ef 8110 	mrs	r1, PRIMASK
100053ac:	b672      	cpsid	i
100053ae:	6810      	ldr	r0, [r2, #0]
100053b0:	2800      	cmp	r0, #0
100053b2:	d0fc      	beq.n	100053ae <low_priority_worker_irq+0x1e>
100053b4:	f3bf 8f5f 	dmb	sy
100053b8:	2401      	movs	r4, #1
100053ba:	4821      	ldr	r0, [pc, #132]	@ (10005440 <low_priority_worker_irq+0xb0>)
100053bc:	6059      	str	r1, [r3, #4]
100053be:	7802      	ldrb	r2, [r0, #0]
100053c0:	681b      	ldr	r3, [r3, #0]
100053c2:	b2d2      	uxtb	r2, r2
100053c4:	7004      	strb	r4, [r0, #0]
100053c6:	f3bf 8f5f 	dmb	sy
100053ca:	2000      	movs	r0, #0
100053cc:	6018      	str	r0, [r3, #0]
100053ce:	f381 8810 	msr	PRIMASK, r1
100053d2:	2a00      	cmp	r2, #0
100053d4:	d017      	beq.n	10005406 <low_priority_worker_irq+0x76>
100053d6:	b005      	add	sp, #20
100053d8:	bd30      	pop	{r4, r5, pc}
100053da:	2001      	movs	r0, #1
100053dc:	2100      	movs	r1, #0
100053de:	4240      	negs	r0, r0
100053e0:	f000 fc10 	bl	10005c04 <tud_task_ext>
100053e4:	2000      	movs	r0, #0
100053e6:	f001 fa01 	bl	100067ec <tud_cdc_n_available>
100053ea:	0005      	movs	r5, r0
100053ec:	4812      	ldr	r0, [pc, #72]	@ (10005438 <low_priority_worker_irq+0xa8>)
100053ee:	f002 fb23 	bl	10007a38 <__mutex_exit_veneer>
100053f2:	2d00      	cmp	r5, #0
100053f4:	d0ef      	beq.n	100053d6 <low_priority_worker_irq+0x46>
100053f6:	4b13      	ldr	r3, [pc, #76]	@ (10005444 <low_priority_worker_irq+0xb4>)
100053f8:	681b      	ldr	r3, [r3, #0]
100053fa:	2b00      	cmp	r3, #0
100053fc:	d0eb      	beq.n	100053d6 <low_priority_worker_irq+0x46>
100053fe:	4a12      	ldr	r2, [pc, #72]	@ (10005448 <low_priority_worker_irq+0xb8>)
10005400:	6810      	ldr	r0, [r2, #0]
10005402:	4798      	blx	r3
10005404:	e7e7      	b.n	100053d6 <low_priority_worker_irq+0x46>
10005406:	f7fc f89d 	bl	10001544 <alarm_pool_get_default>
1000540a:	0004      	movs	r4, r0
1000540c:	f7fc fa30 	bl	10001870 <time_us_64>
10005410:	22fa      	movs	r2, #250	@ 0xfa
10005412:	2300      	movs	r3, #0
10005414:	0092      	lsls	r2, r2, #2
10005416:	1812      	adds	r2, r2, r0
10005418:	414b      	adcs	r3, r1
1000541a:	2b00      	cmp	r3, #0
1000541c:	da02      	bge.n	10005424 <low_priority_worker_irq+0x94>
1000541e:	2201      	movs	r2, #1
10005420:	4b0a      	ldr	r3, [pc, #40]	@ (1000544c <low_priority_worker_irq+0xbc>)
10005422:	4252      	negs	r2, r2
10005424:	2101      	movs	r1, #1
10005426:	9102      	str	r1, [sp, #8]
10005428:	2100      	movs	r1, #0
1000542a:	9101      	str	r1, [sp, #4]
1000542c:	4908      	ldr	r1, [pc, #32]	@ (10005450 <low_priority_worker_irq+0xc0>)
1000542e:	0020      	movs	r0, r4
10005430:	9100      	str	r1, [sp, #0]
10005432:	f7fc f88b 	bl	1000154c <alarm_pool_add_alarm_at>
10005436:	e7ce      	b.n	100053d6 <low_priority_worker_irq+0x46>
10005438:	200029cc 	.word	0x200029cc
1000543c:	200029a0 	.word	0x200029a0
10005440:	20002c28 	.word	0x20002c28
10005444:	2000251c 	.word	0x2000251c
10005448:	20002524 	.word	0x20002524
1000544c:	7fffffff 	.word	0x7fffffff
10005450:	1000515d 	.word	0x1000515d

10005454 <stdio_usb_init>:
10005454:	23d0      	movs	r3, #208	@ 0xd0
10005456:	b510      	push	{r4, lr}
10005458:	061b      	lsls	r3, r3, #24
1000545a:	b084      	sub	sp, #16
1000545c:	681c      	ldr	r4, [r3, #0]
1000545e:	f7fc f871 	bl	10001544 <alarm_pool_get_default>
10005462:	f7fc f971 	bl	10001748 <alarm_pool_core_num>
10005466:	42a0      	cmp	r0, r4
10005468:	d002      	beq.n	10005470 <stdio_usb_init+0x1c>
1000546a:	2000      	movs	r0, #0
1000546c:	b004      	add	sp, #16
1000546e:	bd10      	pop	{r4, pc}
10005470:	4b27      	ldr	r3, [pc, #156]	@ (10005510 <stdio_usb_init+0xbc>)
10005472:	781b      	ldrb	r3, [r3, #0]
10005474:	f001 fd68 	bl	10006f48 <tusb_init>
10005478:	4826      	ldr	r0, [pc, #152]	@ (10005514 <stdio_usb_init+0xc0>)
1000547a:	6803      	ldr	r3, [r0, #0]
1000547c:	2b00      	cmp	r3, #0
1000547e:	d044      	beq.n	1000550a <stdio_usb_init+0xb6>
10005480:	2001      	movs	r0, #1
10005482:	f7fb fdf7 	bl	10001074 <user_irq_claim_unused>
10005486:	23ff      	movs	r3, #255	@ 0xff
10005488:	4c23      	ldr	r4, [pc, #140]	@ (10005518 <stdio_usb_init+0xc4>)
1000548a:	4924      	ldr	r1, [pc, #144]	@ (1000551c <stdio_usb_init+0xc8>)
1000548c:	7020      	strb	r0, [r4, #0]
1000548e:	4018      	ands	r0, r3
10005490:	f7fb fba2 	bl	10000bd8 <irq_set_exclusive_handler>
10005494:	7820      	ldrb	r0, [r4, #0]
10005496:	2101      	movs	r1, #1
10005498:	f7fb fb5a 	bl	10000b50 <irq_set_enabled>
1000549c:	2005      	movs	r0, #5
1000549e:	f7fb fb8b 	bl	10000bb8 <irq_has_shared_handler>
100054a2:	2800      	cmp	r0, #0
100054a4:	d124      	bne.n	100054f0 <stdio_usb_init+0x9c>
100054a6:	2208      	movs	r2, #8
100054a8:	2100      	movs	r1, #0
100054aa:	481d      	ldr	r0, [pc, #116]	@ (10005520 <stdio_usb_init+0xcc>)
100054ac:	f7fd fe78 	bl	100031a0 <__wrap_memset>
100054b0:	f7fc f848 	bl	10001544 <alarm_pool_get_default>
100054b4:	0004      	movs	r4, r0
100054b6:	f7fc f9db 	bl	10001870 <time_us_64>
100054ba:	22fa      	movs	r2, #250	@ 0xfa
100054bc:	2300      	movs	r3, #0
100054be:	0092      	lsls	r2, r2, #2
100054c0:	1812      	adds	r2, r2, r0
100054c2:	414b      	adcs	r3, r1
100054c4:	2b00      	cmp	r3, #0
100054c6:	da02      	bge.n	100054ce <stdio_usb_init+0x7a>
100054c8:	2201      	movs	r2, #1
100054ca:	4b16      	ldr	r3, [pc, #88]	@ (10005524 <stdio_usb_init+0xd0>)
100054cc:	4252      	negs	r2, r2
100054ce:	2101      	movs	r1, #1
100054d0:	9102      	str	r1, [sp, #8]
100054d2:	2100      	movs	r1, #0
100054d4:	9101      	str	r1, [sp, #4]
100054d6:	4914      	ldr	r1, [pc, #80]	@ (10005528 <stdio_usb_init+0xd4>)
100054d8:	0020      	movs	r0, r4
100054da:	9100      	str	r1, [sp, #0]
100054dc:	f7fc f836 	bl	1000154c <alarm_pool_add_alarm_at>
100054e0:	2800      	cmp	r0, #0
100054e2:	dbc2      	blt.n	1000546a <stdio_usb_init+0x16>
100054e4:	4811      	ldr	r0, [pc, #68]	@ (1000552c <stdio_usb_init+0xd8>)
100054e6:	2101      	movs	r1, #1
100054e8:	f7ff fb56 	bl	10004b98 <stdio_set_driver_enabled>
100054ec:	2001      	movs	r0, #1
100054ee:	e7bd      	b.n	1000546c <stdio_usb_init+0x18>
100054f0:	2001      	movs	r0, #1
100054f2:	f7fb faeb 	bl	10000acc <spin_lock_claim_unused>
100054f6:	0001      	movs	r1, r0
100054f8:	4809      	ldr	r0, [pc, #36]	@ (10005520 <stdio_usb_init+0xcc>)
100054fa:	f7fb fe1b 	bl	10001134 <critical_section_init_with_lock_num>
100054fe:	2200      	movs	r2, #0
10005500:	2005      	movs	r0, #5
10005502:	490b      	ldr	r1, [pc, #44]	@ (10005530 <stdio_usb_init+0xdc>)
10005504:	f7fb fb92 	bl	10000c2c <irq_add_shared_handler>
10005508:	e7ec      	b.n	100054e4 <stdio_usb_init+0x90>
1000550a:	f7fb fdf7 	bl	100010fc <mutex_init>
1000550e:	e7b7      	b.n	10005480 <stdio_usb_init+0x2c>
10005510:	100085a0 	.word	0x100085a0
10005514:	200029cc 	.word	0x200029cc
10005518:	20002c27 	.word	0x20002c27
1000551c:	10005391 	.word	0x10005391
10005520:	200029a0 	.word	0x200029a0
10005524:	7fffffff 	.word	0x7fffffff
10005528:	1000515d 	.word	0x1000515d
1000552c:	200018f8 	.word	0x200018f8
10005530:	1000514d 	.word	0x1000514d

10005534 <tud_descriptor_device_cb>:
10005534:	4800      	ldr	r0, [pc, #0]	@ (10005538 <tud_descriptor_device_cb+0x4>)
10005536:	4770      	bx	lr
10005538:	10008374 	.word	0x10008374

1000553c <tud_descriptor_configuration_cb>:
1000553c:	4800      	ldr	r0, [pc, #0]	@ (10005540 <tud_descriptor_configuration_cb+0x4>)
1000553e:	4770      	bx	lr
10005540:	10008320 	.word	0x10008320

10005544 <tud_descriptor_string_cb>:
10005544:	b510      	push	{r4, lr}
10005546:	0004      	movs	r4, r0
10005548:	4816      	ldr	r0, [pc, #88]	@ (100055a4 <tud_descriptor_string_cb+0x60>)
1000554a:	7803      	ldrb	r3, [r0, #0]
1000554c:	2b00      	cmp	r3, #0
1000554e:	d020      	beq.n	10005592 <tud_descriptor_string_cb+0x4e>
10005550:	2c00      	cmp	r4, #0
10005552:	d106      	bne.n	10005562 <tud_descriptor_string_cb+0x1e>
10005554:	4b14      	ldr	r3, [pc, #80]	@ (100055a8 <tud_descriptor_string_cb+0x64>)
10005556:	4815      	ldr	r0, [pc, #84]	@ (100055ac <tud_descriptor_string_cb+0x68>)
10005558:	8043      	strh	r3, [r0, #2]
1000555a:	3b06      	subs	r3, #6
1000555c:	3bff      	subs	r3, #255	@ 0xff
1000555e:	8003      	strh	r3, [r0, #0]
10005560:	bd10      	pop	{r4, pc}
10005562:	2c05      	cmp	r4, #5
10005564:	d81c      	bhi.n	100055a0 <tud_descriptor_string_cb+0x5c>
10005566:	4b12      	ldr	r3, [pc, #72]	@ (100055b0 <tud_descriptor_string_cb+0x6c>)
10005568:	00a4      	lsls	r4, r4, #2
1000556a:	58e4      	ldr	r4, [r4, r3]
1000556c:	480f      	ldr	r0, [pc, #60]	@ (100055ac <tud_descriptor_string_cb+0x68>)
1000556e:	2301      	movs	r3, #1
10005570:	1c81      	adds	r1, r0, #2
10005572:	3c01      	subs	r4, #1
10005574:	e004      	b.n	10005580 <tud_descriptor_string_cb+0x3c>
10005576:	3301      	adds	r3, #1
10005578:	800a      	strh	r2, [r1, #0]
1000557a:	3102      	adds	r1, #2
1000557c:	2b14      	cmp	r3, #20
1000557e:	d00c      	beq.n	1000559a <tud_descriptor_string_cb+0x56>
10005580:	5ce2      	ldrb	r2, [r4, r3]
10005582:	2a00      	cmp	r2, #0
10005584:	d1f7      	bne.n	10005576 <tud_descriptor_string_cb+0x32>
10005586:	22c0      	movs	r2, #192	@ 0xc0
10005588:	b2db      	uxtb	r3, r3
1000558a:	005b      	lsls	r3, r3, #1
1000558c:	0092      	lsls	r2, r2, #2
1000558e:	4313      	orrs	r3, r2
10005590:	e7e5      	b.n	1000555e <tud_descriptor_string_cb+0x1a>
10005592:	2111      	movs	r1, #17
10005594:	f000 f816 	bl	100055c4 <pico_get_unique_board_id_string>
10005598:	e7da      	b.n	10005550 <tud_descriptor_string_cb+0xc>
1000559a:	23ca      	movs	r3, #202	@ 0xca
1000559c:	009b      	lsls	r3, r3, #2
1000559e:	e7de      	b.n	1000555e <tud_descriptor_string_cb+0x1a>
100055a0:	2000      	movs	r0, #0
100055a2:	e7dd      	b.n	10005560 <tud_descriptor_string_cb+0x1c>
100055a4:	20002c10 	.word	0x20002c10
100055a8:	00000409 	.word	0x00000409
100055ac:	20002558 	.word	0x20002558
100055b0:	10008308 	.word	0x10008308

100055b4 <_retrieve_unique_id_on_boot>:
100055b4:	b510      	push	{r4, lr}
100055b6:	4802      	ldr	r0, [pc, #8]	@ (100055c0 <_retrieve_unique_id_on_boot+0xc>)
100055b8:	f000 f8f4 	bl	100057a4 <flash_get_unique_id>
100055bc:	bd10      	pop	{r4, pc}
100055be:	46c0      	nop			@ (mov r8, r8)
100055c0:	200029bc 	.word	0x200029bc

100055c4 <pico_get_unique_board_id_string>:
100055c4:	b530      	push	{r4, r5, lr}
100055c6:	2901      	cmp	r1, #1
100055c8:	d100      	bne.n	100055cc <pico_get_unique_board_id_string+0x8>
100055ca:	e0bb      	b.n	10005744 <pico_get_unique_board_id_string+0x180>
100055cc:	4b74      	ldr	r3, [pc, #464]	@ (100057a0 <pico_get_unique_board_id_string+0x1dc>)
100055ce:	3901      	subs	r1, #1
100055d0:	781a      	ldrb	r2, [r3, #0]
100055d2:	1112      	asrs	r2, r2, #4
100055d4:	0014      	movs	r4, r2
100055d6:	3430      	adds	r4, #48	@ 0x30
100055d8:	2a09      	cmp	r2, #9
100055da:	dd00      	ble.n	100055de <pico_get_unique_board_id_string+0x1a>
100055dc:	e0b5      	b.n	1000574a <pico_get_unique_board_id_string+0x186>
100055de:	7004      	strb	r4, [r0, #0]
100055e0:	2901      	cmp	r1, #1
100055e2:	d100      	bne.n	100055e6 <pico_get_unique_board_id_string+0x22>
100055e4:	e0da      	b.n	1000579c <pico_get_unique_board_id_string+0x1d8>
100055e6:	220f      	movs	r2, #15
100055e8:	781c      	ldrb	r4, [r3, #0]
100055ea:	4022      	ands	r2, r4
100055ec:	0014      	movs	r4, r2
100055ee:	3430      	adds	r4, #48	@ 0x30
100055f0:	2a09      	cmp	r2, #9
100055f2:	d900      	bls.n	100055f6 <pico_get_unique_board_id_string+0x32>
100055f4:	e0ac      	b.n	10005750 <pico_get_unique_board_id_string+0x18c>
100055f6:	7044      	strb	r4, [r0, #1]
100055f8:	2902      	cmp	r1, #2
100055fa:	d100      	bne.n	100055fe <pico_get_unique_board_id_string+0x3a>
100055fc:	e0ce      	b.n	1000579c <pico_get_unique_board_id_string+0x1d8>
100055fe:	785a      	ldrb	r2, [r3, #1]
10005600:	4694      	mov	ip, r2
10005602:	1112      	asrs	r2, r2, #4
10005604:	0014      	movs	r4, r2
10005606:	3430      	adds	r4, #48	@ 0x30
10005608:	2a09      	cmp	r2, #9
1000560a:	dd00      	ble.n	1000560e <pico_get_unique_board_id_string+0x4a>
1000560c:	e0a3      	b.n	10005756 <pico_get_unique_board_id_string+0x192>
1000560e:	7084      	strb	r4, [r0, #2]
10005610:	2903      	cmp	r1, #3
10005612:	d100      	bne.n	10005616 <pico_get_unique_board_id_string+0x52>
10005614:	e0c2      	b.n	1000579c <pico_get_unique_board_id_string+0x1d8>
10005616:	4664      	mov	r4, ip
10005618:	220f      	movs	r2, #15
1000561a:	4022      	ands	r2, r4
1000561c:	0014      	movs	r4, r2
1000561e:	3430      	adds	r4, #48	@ 0x30
10005620:	2a09      	cmp	r2, #9
10005622:	d900      	bls.n	10005626 <pico_get_unique_board_id_string+0x62>
10005624:	e09a      	b.n	1000575c <pico_get_unique_board_id_string+0x198>
10005626:	70c4      	strb	r4, [r0, #3]
10005628:	2904      	cmp	r1, #4
1000562a:	d100      	bne.n	1000562e <pico_get_unique_board_id_string+0x6a>
1000562c:	e0b6      	b.n	1000579c <pico_get_unique_board_id_string+0x1d8>
1000562e:	789a      	ldrb	r2, [r3, #2]
10005630:	4694      	mov	ip, r2
10005632:	1112      	asrs	r2, r2, #4
10005634:	0014      	movs	r4, r2
10005636:	3430      	adds	r4, #48	@ 0x30
10005638:	2a09      	cmp	r2, #9
1000563a:	dd00      	ble.n	1000563e <pico_get_unique_board_id_string+0x7a>
1000563c:	e091      	b.n	10005762 <pico_get_unique_board_id_string+0x19e>
1000563e:	7104      	strb	r4, [r0, #4]
10005640:	2905      	cmp	r1, #5
10005642:	d100      	bne.n	10005646 <pico_get_unique_board_id_string+0x82>
10005644:	e0aa      	b.n	1000579c <pico_get_unique_board_id_string+0x1d8>
10005646:	4664      	mov	r4, ip
10005648:	220f      	movs	r2, #15
1000564a:	4022      	ands	r2, r4
1000564c:	0014      	movs	r4, r2
1000564e:	3430      	adds	r4, #48	@ 0x30
10005650:	2a09      	cmp	r2, #9
10005652:	d900      	bls.n	10005656 <pico_get_unique_board_id_string+0x92>
10005654:	e088      	b.n	10005768 <pico_get_unique_board_id_string+0x1a4>
10005656:	7144      	strb	r4, [r0, #5]
10005658:	2906      	cmp	r1, #6
1000565a:	d100      	bne.n	1000565e <pico_get_unique_board_id_string+0x9a>
1000565c:	e09e      	b.n	1000579c <pico_get_unique_board_id_string+0x1d8>
1000565e:	2530      	movs	r5, #48	@ 0x30
10005660:	46ac      	mov	ip, r5
10005662:	78dc      	ldrb	r4, [r3, #3]
10005664:	1122      	asrs	r2, r4, #4
10005666:	4494      	add	ip, r2
10005668:	2a09      	cmp	r2, #9
1000566a:	dd00      	ble.n	1000566e <pico_get_unique_board_id_string+0xaa>
1000566c:	e07f      	b.n	1000576e <pico_get_unique_board_id_string+0x1aa>
1000566e:	4662      	mov	r2, ip
10005670:	7182      	strb	r2, [r0, #6]
10005672:	2907      	cmp	r1, #7
10005674:	d100      	bne.n	10005678 <pico_get_unique_board_id_string+0xb4>
10005676:	e091      	b.n	1000579c <pico_get_unique_board_id_string+0x1d8>
10005678:	220f      	movs	r2, #15
1000567a:	4022      	ands	r2, r4
1000567c:	0014      	movs	r4, r2
1000567e:	3430      	adds	r4, #48	@ 0x30
10005680:	2a09      	cmp	r2, #9
10005682:	d900      	bls.n	10005686 <pico_get_unique_board_id_string+0xc2>
10005684:	e077      	b.n	10005776 <pico_get_unique_board_id_string+0x1b2>
10005686:	71c4      	strb	r4, [r0, #7]
10005688:	2908      	cmp	r1, #8
1000568a:	d100      	bne.n	1000568e <pico_get_unique_board_id_string+0xca>
1000568c:	e086      	b.n	1000579c <pico_get_unique_board_id_string+0x1d8>
1000568e:	2530      	movs	r5, #48	@ 0x30
10005690:	46ac      	mov	ip, r5
10005692:	791c      	ldrb	r4, [r3, #4]
10005694:	1122      	asrs	r2, r4, #4
10005696:	4494      	add	ip, r2
10005698:	2a09      	cmp	r2, #9
1000569a:	dd00      	ble.n	1000569e <pico_get_unique_board_id_string+0xda>
1000569c:	e06e      	b.n	1000577c <pico_get_unique_board_id_string+0x1b8>
1000569e:	4662      	mov	r2, ip
100056a0:	7202      	strb	r2, [r0, #8]
100056a2:	2909      	cmp	r1, #9
100056a4:	d100      	bne.n	100056a8 <pico_get_unique_board_id_string+0xe4>
100056a6:	e079      	b.n	1000579c <pico_get_unique_board_id_string+0x1d8>
100056a8:	220f      	movs	r2, #15
100056aa:	4022      	ands	r2, r4
100056ac:	0014      	movs	r4, r2
100056ae:	3430      	adds	r4, #48	@ 0x30
100056b0:	2a09      	cmp	r2, #9
100056b2:	d867      	bhi.n	10005784 <pico_get_unique_board_id_string+0x1c0>
100056b4:	7244      	strb	r4, [r0, #9]
100056b6:	290a      	cmp	r1, #10
100056b8:	d100      	bne.n	100056bc <pico_get_unique_board_id_string+0xf8>
100056ba:	e06f      	b.n	1000579c <pico_get_unique_board_id_string+0x1d8>
100056bc:	2530      	movs	r5, #48	@ 0x30
100056be:	46ac      	mov	ip, r5
100056c0:	795c      	ldrb	r4, [r3, #5]
100056c2:	1122      	asrs	r2, r4, #4
100056c4:	4494      	add	ip, r2
100056c6:	2a09      	cmp	r2, #9
100056c8:	dc5f      	bgt.n	1000578a <pico_get_unique_board_id_string+0x1c6>
100056ca:	4662      	mov	r2, ip
100056cc:	7282      	strb	r2, [r0, #10]
100056ce:	290b      	cmp	r1, #11
100056d0:	d064      	beq.n	1000579c <pico_get_unique_board_id_string+0x1d8>
100056d2:	220f      	movs	r2, #15
100056d4:	4022      	ands	r2, r4
100056d6:	0014      	movs	r4, r2
100056d8:	3430      	adds	r4, #48	@ 0x30
100056da:	2a09      	cmp	r2, #9
100056dc:	d859      	bhi.n	10005792 <pico_get_unique_board_id_string+0x1ce>
100056de:	72c4      	strb	r4, [r0, #11]
100056e0:	290c      	cmp	r1, #12
100056e2:	d05b      	beq.n	1000579c <pico_get_unique_board_id_string+0x1d8>
100056e4:	2530      	movs	r5, #48	@ 0x30
100056e6:	46ac      	mov	ip, r5
100056e8:	799c      	ldrb	r4, [r3, #6]
100056ea:	1122      	asrs	r2, r4, #4
100056ec:	4494      	add	ip, r2
100056ee:	2a09      	cmp	r2, #9
100056f0:	dd02      	ble.n	100056f8 <pico_get_unique_board_id_string+0x134>
100056f2:	3507      	adds	r5, #7
100056f4:	46ac      	mov	ip, r5
100056f6:	4494      	add	ip, r2
100056f8:	4662      	mov	r2, ip
100056fa:	7302      	strb	r2, [r0, #12]
100056fc:	290d      	cmp	r1, #13
100056fe:	d04d      	beq.n	1000579c <pico_get_unique_board_id_string+0x1d8>
10005700:	220f      	movs	r2, #15
10005702:	4022      	ands	r2, r4
10005704:	0014      	movs	r4, r2
10005706:	3430      	adds	r4, #48	@ 0x30
10005708:	2a09      	cmp	r2, #9
1000570a:	d901      	bls.n	10005710 <pico_get_unique_board_id_string+0x14c>
1000570c:	3237      	adds	r2, #55	@ 0x37
1000570e:	0014      	movs	r4, r2
10005710:	7344      	strb	r4, [r0, #13]
10005712:	290e      	cmp	r1, #14
10005714:	d042      	beq.n	1000579c <pico_get_unique_board_id_string+0x1d8>
10005716:	79da      	ldrb	r2, [r3, #7]
10005718:	1113      	asrs	r3, r2, #4
1000571a:	001c      	movs	r4, r3
1000571c:	3430      	adds	r4, #48	@ 0x30
1000571e:	2b09      	cmp	r3, #9
10005720:	dd01      	ble.n	10005726 <pico_get_unique_board_id_string+0x162>
10005722:	3337      	adds	r3, #55	@ 0x37
10005724:	001c      	movs	r4, r3
10005726:	7384      	strb	r4, [r0, #14]
10005728:	290f      	cmp	r1, #15
1000572a:	d037      	beq.n	1000579c <pico_get_unique_board_id_string+0x1d8>
1000572c:	230f      	movs	r3, #15
1000572e:	4013      	ands	r3, r2
10005730:	001a      	movs	r2, r3
10005732:	3237      	adds	r2, #55	@ 0x37
10005734:	2b09      	cmp	r3, #9
10005736:	d801      	bhi.n	1000573c <pico_get_unique_board_id_string+0x178>
10005738:	3330      	adds	r3, #48	@ 0x30
1000573a:	001a      	movs	r2, r3
1000573c:	73c2      	strb	r2, [r0, #15]
1000573e:	2910      	cmp	r1, #16
10005740:	d02c      	beq.n	1000579c <pico_get_unique_board_id_string+0x1d8>
10005742:	3010      	adds	r0, #16
10005744:	2300      	movs	r3, #0
10005746:	7003      	strb	r3, [r0, #0]
10005748:	bd30      	pop	{r4, r5, pc}
1000574a:	3237      	adds	r2, #55	@ 0x37
1000574c:	0014      	movs	r4, r2
1000574e:	e746      	b.n	100055de <pico_get_unique_board_id_string+0x1a>
10005750:	3237      	adds	r2, #55	@ 0x37
10005752:	0014      	movs	r4, r2
10005754:	e74f      	b.n	100055f6 <pico_get_unique_board_id_string+0x32>
10005756:	3237      	adds	r2, #55	@ 0x37
10005758:	0014      	movs	r4, r2
1000575a:	e758      	b.n	1000560e <pico_get_unique_board_id_string+0x4a>
1000575c:	3237      	adds	r2, #55	@ 0x37
1000575e:	0014      	movs	r4, r2
10005760:	e761      	b.n	10005626 <pico_get_unique_board_id_string+0x62>
10005762:	3237      	adds	r2, #55	@ 0x37
10005764:	0014      	movs	r4, r2
10005766:	e76a      	b.n	1000563e <pico_get_unique_board_id_string+0x7a>
10005768:	3237      	adds	r2, #55	@ 0x37
1000576a:	0014      	movs	r4, r2
1000576c:	e773      	b.n	10005656 <pico_get_unique_board_id_string+0x92>
1000576e:	3507      	adds	r5, #7
10005770:	46ac      	mov	ip, r5
10005772:	4494      	add	ip, r2
10005774:	e77b      	b.n	1000566e <pico_get_unique_board_id_string+0xaa>
10005776:	3237      	adds	r2, #55	@ 0x37
10005778:	0014      	movs	r4, r2
1000577a:	e784      	b.n	10005686 <pico_get_unique_board_id_string+0xc2>
1000577c:	3507      	adds	r5, #7
1000577e:	46ac      	mov	ip, r5
10005780:	4494      	add	ip, r2
10005782:	e78c      	b.n	1000569e <pico_get_unique_board_id_string+0xda>
10005784:	3237      	adds	r2, #55	@ 0x37
10005786:	0014      	movs	r4, r2
10005788:	e794      	b.n	100056b4 <pico_get_unique_board_id_string+0xf0>
1000578a:	3507      	adds	r5, #7
1000578c:	46ac      	mov	ip, r5
1000578e:	4494      	add	ip, r2
10005790:	e79b      	b.n	100056ca <pico_get_unique_board_id_string+0x106>
10005792:	3237      	adds	r2, #55	@ 0x37
10005794:	0014      	movs	r4, r2
10005796:	72c4      	strb	r4, [r0, #11]
10005798:	290c      	cmp	r1, #12
1000579a:	d1a3      	bne.n	100056e4 <pico_get_unique_board_id_string+0x120>
1000579c:	1840      	adds	r0, r0, r1
1000579e:	e7d1      	b.n	10005744 <pico_get_unique_board_id_string+0x180>
100057a0:	200029bc 	.word	0x200029bc

100057a4 <flash_get_unique_id>:
100057a4:	b510      	push	{r4, lr}
100057a6:	b088      	sub	sp, #32
100057a8:	0004      	movs	r4, r0
100057aa:	220d      	movs	r2, #13
100057ac:	2100      	movs	r1, #0
100057ae:	4668      	mov	r0, sp
100057b0:	f7fd fcf6 	bl	100031a0 <__wrap_memset>
100057b4:	220d      	movs	r2, #13
100057b6:	2100      	movs	r1, #0
100057b8:	a804      	add	r0, sp, #16
100057ba:	f7fd fcf1 	bl	100031a0 <__wrap_memset>
100057be:	234b      	movs	r3, #75	@ 0x4b
100057c0:	466a      	mov	r2, sp
100057c2:	4668      	mov	r0, sp
100057c4:	7013      	strb	r3, [r2, #0]
100057c6:	a904      	add	r1, sp, #16
100057c8:	220d      	movs	r2, #13
100057ca:	f002 f92d 	bl	10007a28 <__flash_do_cmd_veneer>
100057ce:	2115      	movs	r1, #21
100057d0:	2208      	movs	r2, #8
100057d2:	0020      	movs	r0, r4
100057d4:	4469      	add	r1, sp
100057d6:	f7fd fce9 	bl	100031ac <__wrap___aeabi_memcpy>
100057da:	b008      	add	sp, #32
100057dc:	bd10      	pop	{r4, pc}
100057de:	46c0      	nop			@ (mov r8, r8)

100057e0 <dcd_init>:
100057e0:	b5f8      	push	{r3, r4, r5, r6, r7, lr}
100057e2:	f000 f93f 	bl	10005a64 <rp2040_usb_init>
100057e6:	230c      	movs	r3, #12
100057e8:	4d18      	ldr	r5, [pc, #96]	@ (1000584c <dcd_init+0x6c>)
100057ea:	22ff      	movs	r2, #255	@ 0xff
100057ec:	67ab      	str	r3, [r5, #120]	@ 0x78
100057ee:	2005      	movs	r0, #5
100057f0:	4917      	ldr	r1, [pc, #92]	@ (10005850 <dcd_init+0x70>)
100057f2:	f7fb fa1b 	bl	10000c2c <irq_add_shared_handler>
100057f6:	4c17      	ldr	r4, [pc, #92]	@ (10005854 <dcd_init+0x74>)
100057f8:	2240      	movs	r2, #64	@ 0x40
100057fa:	2100      	movs	r1, #0
100057fc:	0020      	movs	r0, r4
100057fe:	f7fd fccf 	bl	100031a0 <__wrap_memset>
10005802:	2740      	movs	r7, #64	@ 0x40
10005804:	2300      	movs	r3, #0
10005806:	2601      	movs	r6, #1
10005808:	2121      	movs	r1, #33	@ 0x21
1000580a:	4a13      	ldr	r2, [pc, #76]	@ (10005858 <dcd_init+0x78>)
1000580c:	7066      	strb	r6, [r4, #1]
1000580e:	8327      	strh	r7, [r4, #24]
10005810:	60a2      	str	r2, [r4, #8]
10005812:	6013      	str	r3, [r2, #0]
10005814:	5463      	strb	r3, [r4, r1]
10005816:	315f      	adds	r1, #95	@ 0x5f
10005818:	8461      	strh	r1, [r4, #34]	@ 0x22
1000581a:	3945      	subs	r1, #69	@ 0x45
1000581c:	5463      	strb	r3, [r4, r1]
1000581e:	4a0f      	ldr	r2, [pc, #60]	@ (1000585c <dcd_init+0x7c>)
10005820:	490f      	ldr	r1, [pc, #60]	@ (10005860 <dcd_init+0x80>)
10005822:	6063      	str	r3, [r4, #4]
10005824:	60e2      	str	r2, [r4, #12]
10005826:	8727      	strh	r7, [r4, #56]	@ 0x38
10005828:	62a1      	str	r1, [r4, #40]	@ 0x28
1000582a:	600b      	str	r3, [r1, #0]
1000582c:	6263      	str	r3, [r4, #36]	@ 0x24
1000582e:	62e2      	str	r2, [r4, #44]	@ 0x2c
10005830:	f002 f952 	bl	10007ad8 <__reset_non_control_endpoints_veneer>
10005834:	2380      	movs	r3, #128	@ 0x80
10005836:	059b      	lsls	r3, r3, #22
10005838:	642e      	str	r6, [r5, #64]	@ 0x40
1000583a:	64eb      	str	r3, [r5, #76]	@ 0x4c
1000583c:	2390      	movs	r3, #144	@ 0x90
1000583e:	4a09      	ldr	r2, [pc, #36]	@ (10005864 <dcd_init+0x84>)
10005840:	50ea      	str	r2, [r5, r3]
10005842:	2280      	movs	r2, #128	@ 0x80
10005844:	4b08      	ldr	r3, [pc, #32]	@ (10005868 <dcd_init+0x88>)
10005846:	0252      	lsls	r2, r2, #9
10005848:	64da      	str	r2, [r3, #76]	@ 0x4c
1000584a:	bdf8      	pop	{r3, r4, r5, r6, r7, pc}
1000584c:	50110000 	.word	0x50110000
10005850:	200004dd 	.word	0x200004dd
10005854:	2000258c 	.word	0x2000258c
10005858:	50100084 	.word	0x50100084
1000585c:	50100100 	.word	0x50100100
10005860:	50100080 	.word	0x50100080
10005864:	0001d010 	.word	0x0001d010
10005868:	50112000 	.word	0x50112000

1000586c <dcd_int_enable>:
1000586c:	b510      	push	{r4, lr}
1000586e:	2101      	movs	r1, #1
10005870:	2005      	movs	r0, #5
10005872:	f7fb f96d 	bl	10000b50 <irq_set_enabled>
10005876:	bd10      	pop	{r4, pc}

10005878 <dcd_set_address>:
10005878:	b510      	push	{r4, lr}
1000587a:	2200      	movs	r2, #0
1000587c:	2100      	movs	r1, #0
1000587e:	4802      	ldr	r0, [pc, #8]	@ (10005888 <dcd_set_address+0x10>)
10005880:	f000 f910 	bl	10005aa4 <hw_endpoint_xfer_start>
10005884:	bd10      	pop	{r4, pc}
10005886:	46c0      	nop			@ (mov r8, r8)
10005888:	200025ac 	.word	0x200025ac

1000588c <dcd_sof_enable>:
1000588c:	4b04      	ldr	r3, [pc, #16]	@ (100058a0 <dcd_sof_enable+0x14>)
1000588e:	7019      	strb	r1, [r3, #0]
10005890:	2900      	cmp	r1, #0
10005892:	d004      	beq.n	1000589e <dcd_sof_enable+0x12>
10005894:	2180      	movs	r1, #128	@ 0x80
10005896:	2390      	movs	r3, #144	@ 0x90
10005898:	4a02      	ldr	r2, [pc, #8]	@ (100058a4 <dcd_sof_enable+0x18>)
1000589a:	0289      	lsls	r1, r1, #10
1000589c:	50d1      	str	r1, [r2, r3]
1000589e:	4770      	bx	lr
100058a0:	20002c22 	.word	0x20002c22
100058a4:	50112000 	.word	0x50112000

100058a8 <dcd_edpt0_status_complete>:
100058a8:	780b      	ldrb	r3, [r1, #0]
100058aa:	065b      	lsls	r3, r3, #25
100058ac:	d000      	beq.n	100058b0 <dcd_edpt0_status_complete+0x8>
100058ae:	4770      	bx	lr
100058b0:	784b      	ldrb	r3, [r1, #1]
100058b2:	2b05      	cmp	r3, #5
100058b4:	d1fb      	bne.n	100058ae <dcd_edpt0_status_complete+0x6>
100058b6:	788a      	ldrb	r2, [r1, #2]
100058b8:	4b01      	ldr	r3, [pc, #4]	@ (100058c0 <dcd_edpt0_status_complete+0x18>)
100058ba:	601a      	str	r2, [r3, #0]
100058bc:	e7f7      	b.n	100058ae <dcd_edpt0_status_complete+0x6>
100058be:	46c0      	nop			@ (mov r8, r8)
100058c0:	50110000 	.word	0x50110000

100058c4 <dcd_edpt_open>:
100058c4:	b5f0      	push	{r4, r5, r6, r7, lr}
100058c6:	46c6      	mov	lr, r8
100058c8:	b500      	push	{lr}
100058ca:	78cc      	ldrb	r4, [r1, #3]
100058cc:	7888      	ldrb	r0, [r1, #2]
100058ce:	790a      	ldrb	r2, [r1, #4]
100058d0:	794b      	ldrb	r3, [r1, #5]
100058d2:	217f      	movs	r1, #127	@ 0x7f
100058d4:	07a4      	lsls	r4, r4, #30
100058d6:	4001      	ands	r1, r0
100058d8:	021b      	lsls	r3, r3, #8
100058da:	09c5      	lsrs	r5, r0, #7
100058dc:	4313      	orrs	r3, r2
100058de:	004f      	lsls	r7, r1, #1
100058e0:	0fa2      	lsrs	r2, r4, #30
100058e2:	0014      	movs	r4, r2
100058e4:	4e32      	ldr	r6, [pc, #200]	@ (100059b0 <dcd_edpt_open+0xec>)
100058e6:	197a      	adds	r2, r7, r5
100058e8:	0152      	lsls	r2, r2, #5
100058ea:	18b2      	adds	r2, r6, r2
100058ec:	7090      	strb	r0, [r2, #2]
100058ee:	2001      	movs	r0, #1
100058f0:	4068      	eors	r0, r5
100058f2:	7050      	strb	r0, [r2, #1]
100058f4:	2000      	movs	r0, #0
100058f6:	055b      	lsls	r3, r3, #21
100058f8:	0d5b      	lsrs	r3, r3, #21
100058fa:	70d0      	strb	r0, [r2, #3]
100058fc:	8313      	strh	r3, [r2, #24]
100058fe:	76d4      	strb	r4, [r2, #27]
10005900:	4680      	mov	r8, r0
10005902:	00ca      	lsls	r2, r1, #3
10005904:	2d01      	cmp	r5, #1
10005906:	d030      	beq.n	1000596a <dcd_edpt_open+0xa6>
10005908:	482a      	ldr	r0, [pc, #168]	@ (100059b4 <dcd_edpt_open+0xf0>)
1000590a:	1812      	adds	r2, r2, r0
1000590c:	0188      	lsls	r0, r1, #6
1000590e:	4684      	mov	ip, r0
10005910:	44b4      	add	ip, r6
10005912:	4660      	mov	r0, ip
10005914:	6082      	str	r2, [r0, #8]
10005916:	4640      	mov	r0, r8
10005918:	6010      	str	r0, [r2, #0]
1000591a:	2900      	cmp	r1, #0
1000591c:	d030      	beq.n	10005980 <dcd_edpt_open+0xbc>
1000591e:	4a26      	ldr	r2, [pc, #152]	@ (100059b8 <dcd_edpt_open+0xf4>)
10005920:	00c9      	lsls	r1, r1, #3
10005922:	1889      	adds	r1, r1, r2
10005924:	4662      	mov	r2, ip
10005926:	333f      	adds	r3, #63	@ 0x3f
10005928:	6051      	str	r1, [r2, #4]
1000592a:	099b      	lsrs	r3, r3, #6
1000592c:	2c02      	cmp	r4, #2
1000592e:	d03a      	beq.n	100059a6 <dcd_edpt_open+0xe2>
10005930:	019b      	lsls	r3, r3, #6
10005932:	4822      	ldr	r0, [pc, #136]	@ (100059bc <dcd_edpt_open+0xf8>)
10005934:	197a      	adds	r2, r7, r5
10005936:	6801      	ldr	r1, [r0, #0]
10005938:	0152      	lsls	r2, r2, #5
1000593a:	18b2      	adds	r2, r6, r2
1000593c:	60d1      	str	r1, [r2, #12]
1000593e:	4a20      	ldr	r2, [pc, #128]	@ (100059c0 <dcd_edpt_open+0xfc>)
10005940:	18cb      	adds	r3, r1, r3
10005942:	6003      	str	r3, [r0, #0]
10005944:	4051      	eors	r1, r2
10005946:	405a      	eors	r2, r3
10005948:	2380      	movs	r3, #128	@ 0x80
1000594a:	4688      	mov	r8, r1
1000594c:	015b      	lsls	r3, r3, #5
1000594e:	429a      	cmp	r2, r3
10005950:	d82b      	bhi.n	100059aa <dcd_edpt_open+0xe6>
10005952:	4643      	mov	r3, r8
10005954:	06a4      	lsls	r4, r4, #26
10005956:	431c      	orrs	r4, r3
10005958:	2380      	movs	r3, #128	@ 0x80
1000595a:	197f      	adds	r7, r7, r5
1000595c:	017f      	lsls	r7, r7, #5
1000595e:	19f6      	adds	r6, r6, r7
10005960:	6872      	ldr	r2, [r6, #4]
10005962:	061b      	lsls	r3, r3, #24
10005964:	4323      	orrs	r3, r4
10005966:	6013      	str	r3, [r2, #0]
10005968:	e010      	b.n	1000598c <dcd_edpt_open+0xc8>
1000596a:	4816      	ldr	r0, [pc, #88]	@ (100059c4 <dcd_edpt_open+0x100>)
1000596c:	1812      	adds	r2, r2, r0
1000596e:	0188      	lsls	r0, r1, #6
10005970:	4684      	mov	ip, r0
10005972:	44b4      	add	ip, r6
10005974:	4660      	mov	r0, ip
10005976:	6282      	str	r2, [r0, #40]	@ 0x28
10005978:	4640      	mov	r0, r8
1000597a:	6010      	str	r0, [r2, #0]
1000597c:	2900      	cmp	r1, #0
1000597e:	d109      	bne.n	10005994 <dcd_edpt_open+0xd0>
10005980:	2300      	movs	r3, #0
10005982:	016d      	lsls	r5, r5, #5
10005984:	1975      	adds	r5, r6, r5
10005986:	606b      	str	r3, [r5, #4]
10005988:	4b0f      	ldr	r3, [pc, #60]	@ (100059c8 <dcd_edpt_open+0x104>)
1000598a:	60eb      	str	r3, [r5, #12]
1000598c:	2001      	movs	r0, #1
1000598e:	bc80      	pop	{r7}
10005990:	46b8      	mov	r8, r7
10005992:	bdf0      	pop	{r4, r5, r6, r7, pc}
10005994:	4a0a      	ldr	r2, [pc, #40]	@ (100059c0 <dcd_edpt_open+0xfc>)
10005996:	00c9      	lsls	r1, r1, #3
10005998:	1889      	adds	r1, r1, r2
1000599a:	4662      	mov	r2, ip
1000599c:	333f      	adds	r3, #63	@ 0x3f
1000599e:	6251      	str	r1, [r2, #36]	@ 0x24
100059a0:	099b      	lsrs	r3, r3, #6
100059a2:	2c02      	cmp	r4, #2
100059a4:	d1c4      	bne.n	10005930 <dcd_edpt_open+0x6c>
100059a6:	01db      	lsls	r3, r3, #7
100059a8:	e7c3      	b.n	10005932 <dcd_edpt_open+0x6e>
100059aa:	f7fc fc4f 	bl	1000224c <hard_assertion_failure>
100059ae:	e7d0      	b.n	10005952 <dcd_edpt_open+0x8e>
100059b0:	2000258c 	.word	0x2000258c
100059b4:	50100084 	.word	0x50100084
100059b8:	50100004 	.word	0x50100004
100059bc:	20002998 	.word	0x20002998
100059c0:	50100000 	.word	0x50100000
100059c4:	50100080 	.word	0x50100080
100059c8:	50100100 	.word	0x50100100

100059cc <dcd_edpt_close_all>:
100059cc:	b510      	push	{r4, lr}
100059ce:	f002 f883 	bl	10007ad8 <__reset_non_control_endpoints_veneer>
100059d2:	bd10      	pop	{r4, pc}

100059d4 <dcd_edpt_xfer>:
100059d4:	207f      	movs	r0, #127	@ 0x7f
100059d6:	b510      	push	{r4, lr}
100059d8:	4008      	ands	r0, r1
100059da:	0040      	lsls	r0, r0, #1
100059dc:	09c9      	lsrs	r1, r1, #7
100059de:	1840      	adds	r0, r0, r1
100059e0:	0011      	movs	r1, r2
100059e2:	4a04      	ldr	r2, [pc, #16]	@ (100059f4 <dcd_edpt_xfer+0x20>)
100059e4:	0140      	lsls	r0, r0, #5
100059e6:	1880      	adds	r0, r0, r2
100059e8:	001a      	movs	r2, r3
100059ea:	f000 f85b 	bl	10005aa4 <hw_endpoint_xfer_start>
100059ee:	2001      	movs	r0, #1
100059f0:	bd10      	pop	{r4, pc}
100059f2:	46c0      	nop			@ (mov r8, r8)
100059f4:	2000258c 	.word	0x2000258c

100059f8 <dcd_edpt_stall>:
100059f8:	237f      	movs	r3, #127	@ 0x7f
100059fa:	0018      	movs	r0, r3
100059fc:	b500      	push	{lr}
100059fe:	4008      	ands	r0, r1
10005a00:	b083      	sub	sp, #12
10005a02:	420b      	tst	r3, r1
10005a04:	d104      	bne.n	10005a10 <dcd_edpt_stall+0x18>
10005a06:	424b      	negs	r3, r1
10005a08:	414b      	adcs	r3, r1
10005a0a:	4a08      	ldr	r2, [pc, #32]	@ (10005a2c <dcd_edpt_stall+0x34>)
10005a0c:	3301      	adds	r3, #1
10005a0e:	6693      	str	r3, [r2, #104]	@ 0x68
10005a10:	2280      	movs	r2, #128	@ 0x80
10005a12:	09c9      	lsrs	r1, r1, #7
10005a14:	0040      	lsls	r0, r0, #1
10005a16:	4b06      	ldr	r3, [pc, #24]	@ (10005a30 <dcd_edpt_stall+0x38>)
10005a18:	1840      	adds	r0, r0, r1
10005a1a:	0140      	lsls	r0, r0, #5
10005a1c:	2100      	movs	r1, #0
10005a1e:	18c0      	adds	r0, r0, r3
10005a20:	0112      	lsls	r2, r2, #4
10005a22:	f002 f851 	bl	10007ac8 <___hw_endpoint_buffer_control_update32_veneer>
10005a26:	b003      	add	sp, #12
10005a28:	bd00      	pop	{pc}
10005a2a:	46c0      	nop			@ (mov r8, r8)
10005a2c:	50112000 	.word	0x50112000
10005a30:	2000258c 	.word	0x2000258c

10005a34 <dcd_edpt_clear_stall>:
10005a34:	227f      	movs	r2, #127	@ 0x7f
10005a36:	0013      	movs	r3, r2
10005a38:	b510      	push	{r4, lr}
10005a3a:	400b      	ands	r3, r1
10005a3c:	420a      	tst	r2, r1
10005a3e:	d100      	bne.n	10005a42 <dcd_edpt_clear_stall+0xe>
10005a40:	bd10      	pop	{r4, pc}
10005a42:	09c9      	lsrs	r1, r1, #7
10005a44:	005b      	lsls	r3, r3, #1
10005a46:	185b      	adds	r3, r3, r1
10005a48:	4804      	ldr	r0, [pc, #16]	@ (10005a5c <dcd_edpt_clear_stall+0x28>)
10005a4a:	015b      	lsls	r3, r3, #5
10005a4c:	18c0      	adds	r0, r0, r3
10005a4e:	2300      	movs	r3, #0
10005a50:	2200      	movs	r2, #0
10005a52:	4903      	ldr	r1, [pc, #12]	@ (10005a60 <dcd_edpt_clear_stall+0x2c>)
10005a54:	70c3      	strb	r3, [r0, #3]
10005a56:	f002 f837 	bl	10007ac8 <___hw_endpoint_buffer_control_update32_veneer>
10005a5a:	e7f1      	b.n	10005a40 <dcd_edpt_clear_stall+0xc>
10005a5c:	2000258c 	.word	0x2000258c
10005a60:	fffff7ff 	.word	0xfffff7ff

10005a64 <rp2040_usb_init>:
10005a64:	2280      	movs	r2, #128	@ 0x80
10005a66:	4b0a      	ldr	r3, [pc, #40]	@ (10005a90 <rp2040_usb_init+0x2c>)
10005a68:	0452      	lsls	r2, r2, #17
10005a6a:	b510      	push	{r4, lr}
10005a6c:	601a      	str	r2, [r3, #0]
10005a6e:	4b09      	ldr	r3, [pc, #36]	@ (10005a94 <rp2040_usb_init+0x30>)
10005a70:	4909      	ldr	r1, [pc, #36]	@ (10005a98 <rp2040_usb_init+0x34>)
10005a72:	601a      	str	r2, [r3, #0]
10005a74:	0010      	movs	r0, r2
10005a76:	680b      	ldr	r3, [r1, #0]
10005a78:	4398      	bics	r0, r3
10005a7a:	d1fb      	bne.n	10005a74 <rp2040_usb_init+0x10>
10005a7c:	2280      	movs	r2, #128	@ 0x80
10005a7e:	2100      	movs	r1, #0
10005a80:	0152      	lsls	r2, r2, #5
10005a82:	4806      	ldr	r0, [pc, #24]	@ (10005a9c <rp2040_usb_init+0x38>)
10005a84:	f7fd fb8c 	bl	100031a0 <__wrap_memset>
10005a88:	2209      	movs	r2, #9
10005a8a:	4b05      	ldr	r3, [pc, #20]	@ (10005aa0 <rp2040_usb_init+0x3c>)
10005a8c:	675a      	str	r2, [r3, #116]	@ 0x74
10005a8e:	bd10      	pop	{r4, pc}
10005a90:	4000e000 	.word	0x4000e000
10005a94:	4000f000 	.word	0x4000f000
10005a98:	4000c008 	.word	0x4000c008
10005a9c:	50100000 	.word	0x50100000
10005aa0:	50110000 	.word	0x50110000

10005aa4 <hw_endpoint_xfer_start>:
10005aa4:	2300      	movs	r3, #0
10005aa6:	b510      	push	{r4, lr}
10005aa8:	82c3      	strh	r3, [r0, #22]
10005aaa:	3301      	adds	r3, #1
10005aac:	8282      	strh	r2, [r0, #20]
10005aae:	7683      	strb	r3, [r0, #26]
10005ab0:	6101      	str	r1, [r0, #16]
10005ab2:	0004      	movs	r4, r0
10005ab4:	f001 ffd8 	bl	10007a68 <__e15_is_bulkin_ep_veneer>
10005ab8:	2800      	cmp	r0, #0
10005aba:	d004      	beq.n	10005ac6 <hw_endpoint_xfer_start+0x22>
10005abc:	2180      	movs	r1, #128	@ 0x80
10005abe:	2390      	movs	r3, #144	@ 0x90
10005ac0:	4a07      	ldr	r2, [pc, #28]	@ (10005ae0 <hw_endpoint_xfer_start+0x3c>)
10005ac2:	0289      	lsls	r1, r1, #10
10005ac4:	50d1      	str	r1, [r2, r3]
10005ac6:	0020      	movs	r0, r4
10005ac8:	f001 ffc6 	bl	10007a58 <__e15_is_critical_frame_period_veneer>
10005acc:	2800      	cmp	r0, #0
10005ace:	d002      	beq.n	10005ad6 <hw_endpoint_xfer_start+0x32>
10005ad0:	2301      	movs	r3, #1
10005ad2:	7723      	strb	r3, [r4, #28]
10005ad4:	bd10      	pop	{r4, pc}
10005ad6:	0020      	movs	r0, r4
10005ad8:	f001 ffee 	bl	10007ab8 <__hw_endpoint_start_next_buffer_veneer>
10005adc:	e7fa      	b.n	10005ad4 <hw_endpoint_xfer_start+0x30>
10005ade:	46c0      	nop			@ (mov r8, r8)
10005ae0:	50112000 	.word	0x50112000

10005ae4 <tud_event_hook_cb>:
10005ae4:	4770      	bx	lr
10005ae6:	46c0      	nop			@ (mov r8, r8)

10005ae8 <tud_sof_cb>:
10005ae8:	4770      	bx	lr
10005aea:	46c0      	nop			@ (mov r8, r8)

10005aec <tud_descriptor_device_qualifier_cb>:
10005aec:	2000      	movs	r0, #0
10005aee:	4770      	bx	lr

10005af0 <tud_descriptor_other_speed_configuration_cb>:
10005af0:	2000      	movs	r0, #0
10005af2:	4770      	bx	lr

10005af4 <tud_mount_cb>:
10005af4:	4770      	bx	lr
10005af6:	46c0      	nop			@ (mov r8, r8)

10005af8 <tud_umount_cb>:
10005af8:	4770      	bx	lr
10005afa:	46c0      	nop			@ (mov r8, r8)

10005afc <tud_suspend_cb>:
10005afc:	4770      	bx	lr
10005afe:	46c0      	nop			@ (mov r8, r8)

10005b00 <tud_resume_cb>:
10005b00:	4770      	bx	lr
10005b02:	46c0      	nop			@ (mov r8, r8)

10005b04 <tud_mounted>:
10005b04:	4b02      	ldr	r3, [pc, #8]	@ (10005b10 <tud_mounted+0xc>)
10005b06:	7858      	ldrb	r0, [r3, #1]
10005b08:	1e43      	subs	r3, r0, #1
10005b0a:	4198      	sbcs	r0, r3
10005b0c:	b2c0      	uxtb	r0, r0
10005b0e:	4770      	bx	lr
10005b10:	20002030 	.word	0x20002030

10005b14 <tud_suspended>:
10005b14:	4b02      	ldr	r3, [pc, #8]	@ (10005b20 <tud_suspended+0xc>)
10005b16:	7818      	ldrb	r0, [r3, #0]
10005b18:	0740      	lsls	r0, r0, #29
10005b1a:	0fc0      	lsrs	r0, r0, #31
10005b1c:	4770      	bx	lr
10005b1e:	46c0      	nop			@ (mov r8, r8)
10005b20:	20002030 	.word	0x20002030

10005b24 <tud_init>:
10005b24:	b5f8      	push	{r3, r4, r5, r6, r7, lr}
10005b26:	46ce      	mov	lr, r9
10005b28:	4647      	mov	r7, r8
10005b2a:	b580      	push	{r7, lr}
10005b2c:	4e2a      	ldr	r6, [pc, #168]	@ (10005bd8 <tud_init+0xb4>)
10005b2e:	4681      	mov	r9, r0
10005b30:	7833      	ldrb	r3, [r6, #0]
10005b32:	2bff      	cmp	r3, #255	@ 0xff
10005b34:	d004      	beq.n	10005b40 <tud_init+0x1c>
10005b36:	2001      	movs	r0, #1
10005b38:	bcc0      	pop	{r6, r7}
10005b3a:	46b9      	mov	r9, r7
10005b3c:	46b0      	mov	r8, r6
10005b3e:	bdf8      	pop	{r3, r4, r5, r6, r7, pc}
10005b40:	2100      	movs	r1, #0
10005b42:	2254      	movs	r2, #84	@ 0x54
10005b44:	4825      	ldr	r0, [pc, #148]	@ (10005bdc <tud_init+0xb8>)
10005b46:	f7fd fb2b 	bl	100031a0 <__wrap_memset>
10005b4a:	2200      	movs	r2, #0
10005b4c:	4c24      	ldr	r4, [pc, #144]	@ (10005be0 <tud_init+0xbc>)
10005b4e:	4b25      	ldr	r3, [pc, #148]	@ (10005be4 <tud_init+0xc0>)
10005b50:	0020      	movs	r0, r4
10005b52:	701a      	strb	r2, [r3, #0]
10005b54:	f7fb fad2 	bl	100010fc <mutex_init>
10005b58:	4b23      	ldr	r3, [pc, #140]	@ (10005be8 <tud_init+0xc4>)
10005b5a:	601c      	str	r4, [r3, #0]
10005b5c:	4c23      	ldr	r4, [pc, #140]	@ (10005bec <tud_init+0xc8>)
10005b5e:	0020      	movs	r0, r4
10005b60:	3c14      	subs	r4, #20
10005b62:	f7fb fad9 	bl	10001118 <critical_section_init>
10005b66:	0020      	movs	r0, r4
10005b68:	f001 fdca 	bl	10007700 <tu_fifo_clear>
10005b6c:	4b20      	ldr	r3, [pc, #128]	@ (10005bf0 <tud_init+0xcc>)
10005b6e:	4d21      	ldr	r5, [pc, #132]	@ (10005bf4 <tud_init+0xd0>)
10005b70:	601c      	str	r4, [r3, #0]
10005b72:	4b21      	ldr	r3, [pc, #132]	@ (10005bf8 <tud_init+0xd4>)
10005b74:	2b00      	cmp	r3, #0
10005b76:	d004      	beq.n	10005b82 <tud_init+0x5e>
10005b78:	0028      	movs	r0, r5
10005b7a:	f7ff fac1 	bl	10005100 <usbd_app_driver_get_cb>
10005b7e:	4b1f      	ldr	r3, [pc, #124]	@ (10005bfc <tud_init+0xd8>)
10005b80:	6018      	str	r0, [r3, #0]
10005b82:	491f      	ldr	r1, [pc, #124]	@ (10005c00 <tud_init+0xdc>)
10005b84:	2400      	movs	r4, #0
10005b86:	2300      	movs	r3, #0
10005b88:	4688      	mov	r8, r1
10005b8a:	782a      	ldrb	r2, [r5, #0]
10005b8c:	4f1b      	ldr	r7, [pc, #108]	@ (10005bfc <tud_init+0xd8>)
10005b8e:	e00f      	b.n	10005bb0 <tud_init+0x8c>
10005b90:	683b      	ldr	r3, [r7, #0]
10005b92:	0162      	lsls	r2, r4, #5
10005b94:	189b      	adds	r3, r3, r2
10005b96:	2b00      	cmp	r3, #0
10005b98:	d012      	beq.n	10005bc0 <tud_init+0x9c>
10005b9a:	685b      	ldr	r3, [r3, #4]
10005b9c:	2b00      	cmp	r3, #0
10005b9e:	d00f      	beq.n	10005bc0 <tud_init+0x9c>
10005ba0:	4798      	blx	r3
10005ba2:	782a      	ldrb	r2, [r5, #0]
10005ba4:	3401      	adds	r4, #1
10005ba6:	b2e4      	uxtb	r4, r4
10005ba8:	1c51      	adds	r1, r2, #1
10005baa:	0023      	movs	r3, r4
10005bac:	42a1      	cmp	r1, r4
10005bae:	db09      	blt.n	10005bc4 <tud_init+0xa0>
10005bb0:	42a2      	cmp	r2, r4
10005bb2:	d8ed      	bhi.n	10005b90 <tud_init+0x6c>
10005bb4:	1a9b      	subs	r3, r3, r2
10005bb6:	015b      	lsls	r3, r3, #5
10005bb8:	4443      	add	r3, r8
10005bba:	685b      	ldr	r3, [r3, #4]
10005bbc:	2b00      	cmp	r3, #0
10005bbe:	d1ef      	bne.n	10005ba0 <tud_init+0x7c>
10005bc0:	2000      	movs	r0, #0
10005bc2:	e7b9      	b.n	10005b38 <tud_init+0x14>
10005bc4:	464b      	mov	r3, r9
10005bc6:	4648      	mov	r0, r9
10005bc8:	7033      	strb	r3, [r6, #0]
10005bca:	f7ff fe09 	bl	100057e0 <dcd_init>
10005bce:	4648      	mov	r0, r9
10005bd0:	f7ff fe4c 	bl	1000586c <dcd_int_enable>
10005bd4:	e7af      	b.n	10005b36 <tud_init+0x12>
10005bd6:	46c0      	nop			@ (mov r8, r8)
10005bd8:	2000192c 	.word	0x2000192c
10005bdc:	20002030 	.word	0x20002030
10005be0:	20001fe8 	.word	0x20001fe8
10005be4:	20002c23 	.word	0x20002c23
10005be8:	20002084 	.word	0x20002084
10005bec:	20001924 	.word	0x20001924
10005bf0:	20002088 	.word	0x20002088
10005bf4:	20002c21 	.word	0x20002c21
10005bf8:	10005101 	.word	0x10005101
10005bfc:	20001fcc 	.word	0x20001fcc
10005c00:	10008430 	.word	0x10008430

10005c04 <tud_task_ext>:
10005c04:	b5f0      	push	{r4, r5, r6, r7, lr}
10005c06:	46de      	mov	lr, fp
10005c08:	4657      	mov	r7, sl
10005c0a:	464e      	mov	r6, r9
10005c0c:	4645      	mov	r5, r8
10005c0e:	b5e0      	push	{r5, r6, r7, lr}
10005c10:	4bc6      	ldr	r3, [pc, #792]	@ (10005f2c <tud_task_ext+0x328>)
10005c12:	b091      	sub	sp, #68	@ 0x44
10005c14:	9302      	str	r3, [sp, #8]
10005c16:	781b      	ldrb	r3, [r3, #0]
10005c18:	2bff      	cmp	r3, #255	@ 0xff
10005c1a:	d100      	bne.n	10005c1e <tud_task_ext+0x1a>
10005c1c:	e13b      	b.n	10005e96 <tud_task_ext+0x292>
10005c1e:	4bc4      	ldr	r3, [pc, #784]	@ (10005f30 <tud_task_ext+0x32c>)
10005c20:	4ec4      	ldr	r6, [pc, #784]	@ (10005f34 <tud_task_ext+0x330>)
10005c22:	001f      	movs	r7, r3
10005c24:	4bc4      	ldr	r3, [pc, #784]	@ (10005f38 <tud_task_ext+0x334>)
10005c26:	ac0d      	add	r4, sp, #52	@ 0x34
10005c28:	9301      	str	r3, [sp, #4]
10005c2a:	4bc4      	ldr	r3, [pc, #784]	@ (10005f3c <tud_task_ext+0x338>)
10005c2c:	9300      	str	r3, [sp, #0]
10005c2e:	6835      	ldr	r5, [r6, #0]
10005c30:	696a      	ldr	r2, [r5, #20]
10005c32:	f3ef 8110 	mrs	r1, PRIMASK
10005c36:	b672      	cpsid	i
10005c38:	6813      	ldr	r3, [r2, #0]
10005c3a:	2b00      	cmp	r3, #0
10005c3c:	d0fc      	beq.n	10005c38 <tud_task_ext+0x34>
10005c3e:	f3bf 8f5f 	dmb	sy
10005c42:	61a9      	str	r1, [r5, #24]
10005c44:	0028      	movs	r0, r5
10005c46:	0021      	movs	r1, r4
10005c48:	f001 fb90 	bl	1000736c <tu_fifo_read>
10005c4c:	696a      	ldr	r2, [r5, #20]
10005c4e:	69ab      	ldr	r3, [r5, #24]
10005c50:	f3bf 8f5f 	dmb	sy
10005c54:	2100      	movs	r1, #0
10005c56:	6011      	str	r1, [r2, #0]
10005c58:	f383 8810 	msr	PRIMASK, r3
10005c5c:	2800      	cmp	r0, #0
10005c5e:	d100      	bne.n	10005c62 <tud_task_ext+0x5e>
10005c60:	e119      	b.n	10005e96 <tud_task_ext+0x292>
10005c62:	7863      	ldrb	r3, [r4, #1]
10005c64:	2b08      	cmp	r3, #8
10005c66:	d8e2      	bhi.n	10005c2e <tud_task_ext+0x2a>
10005c68:	009b      	lsls	r3, r3, #2
10005c6a:	58fb      	ldr	r3, [r7, r3]
10005c6c:	469f      	mov	pc, r3
10005c6e:	6863      	ldr	r3, [r4, #4]
10005c70:	2b00      	cmp	r3, #0
10005c72:	d0dc      	beq.n	10005c2e <tud_task_ext+0x2a>
10005c74:	68a0      	ldr	r0, [r4, #8]
10005c76:	4798      	blx	r3
10005c78:	e7d9      	b.n	10005c2e <tud_task_ext+0x2a>
10005c7a:	227f      	movs	r2, #127	@ 0x7f
10005c7c:	7921      	ldrb	r1, [r4, #4]
10005c7e:	4dae      	ldr	r5, [pc, #696]	@ (10005f38 <tud_task_ext+0x334>)
10005c80:	400a      	ands	r2, r1
10005c82:	0053      	lsls	r3, r2, #1
10005c84:	18eb      	adds	r3, r5, r3
10005c86:	4698      	mov	r8, r3
10005c88:	09c8      	lsrs	r0, r1, #7
10005c8a:	4480      	add	r8, r0
10005c8c:	4640      	mov	r0, r8
10005c8e:	2301      	movs	r3, #1
10005c90:	3030      	adds	r0, #48	@ 0x30
10005c92:	7905      	ldrb	r5, [r0, #4]
10005c94:	439d      	bics	r5, r3
10005c96:	7105      	strb	r5, [r0, #4]
10005c98:	7905      	ldrb	r5, [r0, #4]
10005c9a:	3303      	adds	r3, #3
10005c9c:	439d      	bics	r5, r3
10005c9e:	7105      	strb	r5, [r0, #4]
10005ca0:	2a00      	cmp	r2, #0
10005ca2:	d100      	bne.n	10005ca6 <tud_task_ext+0xa2>
10005ca4:	e0fe      	b.n	10005ea4 <tud_task_ext+0x2a0>
10005ca6:	4643      	mov	r3, r8
10005ca8:	4aa5      	ldr	r2, [pc, #660]	@ (10005f40 <tud_task_ext+0x33c>)
10005caa:	7d1b      	ldrb	r3, [r3, #20]
10005cac:	7812      	ldrb	r2, [r2, #0]
10005cae:	4293      	cmp	r3, r2
10005cb0:	d300      	bcc.n	10005cb4 <tud_task_ext+0xb0>
10005cb2:	e0ed      	b.n	10005e90 <tud_task_ext+0x28c>
10005cb4:	4aa3      	ldr	r2, [pc, #652]	@ (10005f44 <tud_task_ext+0x340>)
10005cb6:	015b      	lsls	r3, r3, #5
10005cb8:	6815      	ldr	r5, [r2, #0]
10005cba:	18ed      	adds	r5, r5, r3
10005cbc:	2d00      	cmp	r5, #0
10005cbe:	d100      	bne.n	10005cc2 <tud_task_ext+0xbe>
10005cc0:	e0e9      	b.n	10005e96 <tud_task_ext+0x292>
10005cc2:	68a3      	ldr	r3, [r4, #8]
10005cc4:	7962      	ldrb	r2, [r4, #5]
10005cc6:	7820      	ldrb	r0, [r4, #0]
10005cc8:	69ad      	ldr	r5, [r5, #24]
10005cca:	47a8      	blx	r5
10005ccc:	e7af      	b.n	10005c2e <tud_task_ext+0x2a>
10005cce:	4b9e      	ldr	r3, [pc, #632]	@ (10005f48 <tud_task_ext+0x344>)
10005cd0:	781a      	ldrb	r2, [r3, #0]
10005cd2:	2a00      	cmp	r2, #0
10005cd4:	d100      	bne.n	10005cd8 <tud_task_ext+0xd4>
10005cd6:	e0de      	b.n	10005e96 <tud_task_ext+0x292>
10005cd8:	781a      	ldrb	r2, [r3, #0]
10005cda:	3a01      	subs	r2, #1
10005cdc:	701a      	strb	r2, [r3, #0]
10005cde:	781b      	ldrb	r3, [r3, #0]
10005ce0:	2b00      	cmp	r3, #0
10005ce2:	d1a4      	bne.n	10005c2e <tud_task_ext+0x2a>
10005ce4:	2201      	movs	r2, #1
10005ce6:	4d94      	ldr	r5, [pc, #592]	@ (10005f38 <tud_task_ext+0x334>)
10005ce8:	2101      	movs	r1, #1
10005cea:	782b      	ldrb	r3, [r5, #0]
10005cec:	2004      	movs	r0, #4
10005cee:	4313      	orrs	r3, r2
10005cf0:	702b      	strb	r3, [r5, #0]
10005cf2:	2334      	movs	r3, #52	@ 0x34
10005cf4:	5cea      	ldrb	r2, [r5, r3]
10005cf6:	438a      	bics	r2, r1
10005cf8:	54ea      	strb	r2, [r5, r3]
10005cfa:	5cea      	ldrb	r2, [r5, r3]
10005cfc:	4382      	bics	r2, r0
10005cfe:	54ea      	strb	r2, [r5, r3]
10005d00:	3301      	adds	r3, #1
10005d02:	5cea      	ldrb	r2, [r5, r3]
10005d04:	438a      	bics	r2, r1
10005d06:	54ea      	strb	r2, [r5, r3]
10005d08:	5cea      	ldrb	r2, [r5, r3]
10005d0a:	4382      	bics	r2, r0
10005d0c:	54ea      	strb	r2, [r5, r3]
10005d0e:	7823      	ldrb	r3, [r4, #0]
10005d10:	2000      	movs	r0, #0
10005d12:	469b      	mov	fp, r3
10005d14:	f000 fc9a 	bl	1000664c <usbd_control_set_complete_callback>
10005d18:	2260      	movs	r2, #96	@ 0x60
10005d1a:	7923      	ldrb	r3, [r4, #4]
10005d1c:	401a      	ands	r2, r3
10005d1e:	2a60      	cmp	r2, #96	@ 0x60
10005d20:	d100      	bne.n	10005d24 <tud_task_ext+0x120>
10005d22:	e0ee      	b.n	10005f02 <tud_task_ext+0x2fe>
10005d24:	2a40      	cmp	r2, #64	@ 0x40
10005d26:	d100      	bne.n	10005d2a <tud_task_ext+0x126>
10005d28:	e0f4      	b.n	10005f14 <tud_task_ext+0x310>
10005d2a:	06db      	lsls	r3, r3, #27
10005d2c:	0edb      	lsrs	r3, r3, #27
10005d2e:	2b01      	cmp	r3, #1
10005d30:	d100      	bne.n	10005d34 <tud_task_ext+0x130>
10005d32:	e111      	b.n	10005f58 <tud_task_ext+0x354>
10005d34:	2b02      	cmp	r3, #2
10005d36:	d100      	bne.n	10005d3a <tud_task_ext+0x136>
10005d38:	e0c6      	b.n	10005ec8 <tud_task_ext+0x2c4>
10005d3a:	2b00      	cmp	r3, #0
10005d3c:	d000      	beq.n	10005d40 <tud_task_ext+0x13c>
10005d3e:	e0e0      	b.n	10005f02 <tud_task_ext+0x2fe>
10005d40:	2a20      	cmp	r2, #32
10005d42:	d100      	bne.n	10005d46 <tud_task_ext+0x142>
10005d44:	e21c      	b.n	10006180 <tud_task_ext+0x57c>
10005d46:	2a00      	cmp	r2, #0
10005d48:	d000      	beq.n	10005d4c <tud_task_ext+0x148>
10005d4a:	e0da      	b.n	10005f02 <tud_task_ext+0x2fe>
10005d4c:	7963      	ldrb	r3, [r4, #5]
10005d4e:	2b09      	cmp	r3, #9
10005d50:	d900      	bls.n	10005d54 <tud_task_ext+0x150>
10005d52:	e0d6      	b.n	10005f02 <tud_task_ext+0x2fe>
10005d54:	4a7d      	ldr	r2, [pc, #500]	@ (10005f4c <tud_task_ext+0x348>)
10005d56:	009b      	lsls	r3, r3, #2
10005d58:	58d3      	ldr	r3, [r2, r3]
10005d5a:	469f      	mov	pc, r3
10005d5c:	4d76      	ldr	r5, [pc, #472]	@ (10005f38 <tud_task_ext+0x334>)
10005d5e:	782b      	ldrb	r3, [r5, #0]
10005d60:	07db      	lsls	r3, r3, #31
10005d62:	d400      	bmi.n	10005d66 <tud_task_ext+0x162>
10005d64:	e763      	b.n	10005c2e <tud_task_ext+0x2a>
10005d66:	f7ff fecb 	bl	10005b00 <tud_resume_cb>
10005d6a:	e760      	b.n	10005c2e <tud_task_ext+0x2a>
10005d6c:	9b01      	ldr	r3, [sp, #4]
10005d6e:	78db      	ldrb	r3, [r3, #3]
10005d70:	07db      	lsls	r3, r3, #31
10005d72:	d400      	bmi.n	10005d76 <tud_task_ext+0x172>
10005d74:	e75b      	b.n	10005c2e <tud_task_ext+0x2a>
10005d76:	6860      	ldr	r0, [r4, #4]
10005d78:	f7ff feb6 	bl	10005ae8 <tud_sof_cb>
10005d7c:	e757      	b.n	10005c2e <tud_task_ext+0x2a>
10005d7e:	4d6e      	ldr	r5, [pc, #440]	@ (10005f38 <tud_task_ext+0x334>)
10005d80:	782b      	ldrb	r3, [r5, #0]
10005d82:	07db      	lsls	r3, r3, #31
10005d84:	d400      	bmi.n	10005d88 <tud_task_ext+0x184>
10005d86:	e752      	b.n	10005c2e <tud_task_ext+0x2a>
10005d88:	7828      	ldrb	r0, [r5, #0]
10005d8a:	0700      	lsls	r0, r0, #28
10005d8c:	0fc0      	lsrs	r0, r0, #31
10005d8e:	f7ff feb5 	bl	10005afc <tud_suspend_cb>
10005d92:	e74c      	b.n	10005c2e <tud_task_ext+0x2a>
10005d94:	7823      	ldrb	r3, [r4, #0]
10005d96:	4969      	ldr	r1, [pc, #420]	@ (10005f3c <tud_task_ext+0x338>)
10005d98:	4699      	mov	r9, r3
10005d9a:	468b      	mov	fp, r1
10005d9c:	4b68      	ldr	r3, [pc, #416]	@ (10005f40 <tud_task_ext+0x33c>)
10005d9e:	4969      	ldr	r1, [pc, #420]	@ (10005f44 <tud_task_ext+0x340>)
10005da0:	4698      	mov	r8, r3
10005da2:	468a      	mov	sl, r1
10005da4:	0039      	movs	r1, r7
10005da6:	781a      	ldrb	r2, [r3, #0]
10005da8:	4647      	mov	r7, r8
10005daa:	2300      	movs	r3, #0
10005dac:	46b0      	mov	r8, r6
10005dae:	2500      	movs	r5, #0
10005db0:	464e      	mov	r6, r9
10005db2:	4689      	mov	r9, r1
10005db4:	e010      	b.n	10005dd8 <tud_task_ext+0x1d4>
10005db6:	4653      	mov	r3, sl
10005db8:	681b      	ldr	r3, [r3, #0]
10005dba:	016a      	lsls	r2, r5, #5
10005dbc:	189b      	adds	r3, r3, r2
10005dbe:	2b00      	cmp	r3, #0
10005dc0:	d100      	bne.n	10005dc4 <tud_task_ext+0x1c0>
10005dc2:	e075      	b.n	10005eb0 <tud_task_ext+0x2ac>
10005dc4:	68db      	ldr	r3, [r3, #12]
10005dc6:	0030      	movs	r0, r6
10005dc8:	4798      	blx	r3
10005dca:	783a      	ldrb	r2, [r7, #0]
10005dcc:	3501      	adds	r5, #1
10005dce:	b2ed      	uxtb	r5, r5
10005dd0:	1c51      	adds	r1, r2, #1
10005dd2:	002b      	movs	r3, r5
10005dd4:	428d      	cmp	r5, r1
10005dd6:	dc43      	bgt.n	10005e60 <tud_task_ext+0x25c>
10005dd8:	4295      	cmp	r5, r2
10005dda:	d3ec      	bcc.n	10005db6 <tud_task_ext+0x1b2>
10005ddc:	1a9b      	subs	r3, r3, r2
10005dde:	015b      	lsls	r3, r3, #5
10005de0:	445b      	add	r3, fp
10005de2:	e7ef      	b.n	10005dc4 <tud_task_ext+0x1c0>
10005de4:	7823      	ldrb	r3, [r4, #0]
10005de6:	4957      	ldr	r1, [pc, #348]	@ (10005f44 <tud_task_ext+0x340>)
10005de8:	4699      	mov	r9, r3
10005dea:	4b55      	ldr	r3, [pc, #340]	@ (10005f40 <tud_task_ext+0x33c>)
10005dec:	468a      	mov	sl, r1
10005dee:	4698      	mov	r8, r3
10005df0:	0031      	movs	r1, r6
10005df2:	46bb      	mov	fp, r7
10005df4:	464e      	mov	r6, r9
10005df6:	781a      	ldrb	r2, [r3, #0]
10005df8:	2500      	movs	r5, #0
10005dfa:	2300      	movs	r3, #0
10005dfc:	4647      	mov	r7, r8
10005dfe:	4689      	mov	r9, r1
10005e00:	e00f      	b.n	10005e22 <tud_task_ext+0x21e>
10005e02:	4653      	mov	r3, sl
10005e04:	681b      	ldr	r3, [r3, #0]
10005e06:	016a      	lsls	r2, r5, #5
10005e08:	189b      	adds	r3, r3, r2
10005e0a:	2b00      	cmp	r3, #0
10005e0c:	d054      	beq.n	10005eb8 <tud_task_ext+0x2b4>
10005e0e:	68db      	ldr	r3, [r3, #12]
10005e10:	0030      	movs	r0, r6
10005e12:	4798      	blx	r3
10005e14:	783a      	ldrb	r2, [r7, #0]
10005e16:	3501      	adds	r5, #1
10005e18:	b2ed      	uxtb	r5, r5
10005e1a:	1c51      	adds	r1, r2, #1
10005e1c:	002b      	movs	r3, r5
10005e1e:	428d      	cmp	r5, r1
10005e20:	dc06      	bgt.n	10005e30 <tud_task_ext+0x22c>
10005e22:	4295      	cmp	r5, r2
10005e24:	d3ed      	bcc.n	10005e02 <tud_task_ext+0x1fe>
10005e26:	1a9b      	subs	r3, r3, r2
10005e28:	9a00      	ldr	r2, [sp, #0]
10005e2a:	015b      	lsls	r3, r3, #5
10005e2c:	18d3      	adds	r3, r2, r3
10005e2e:	e7ee      	b.n	10005e0e <tud_task_ext+0x20a>
10005e30:	9d01      	ldr	r5, [sp, #4]
10005e32:	2254      	movs	r2, #84	@ 0x54
10005e34:	2100      	movs	r1, #0
10005e36:	0028      	movs	r0, r5
10005e38:	f7fd f9b2 	bl	100031a0 <__wrap_memset>
10005e3c:	2210      	movs	r2, #16
10005e3e:	21ff      	movs	r1, #255	@ 0xff
10005e40:	4843      	ldr	r0, [pc, #268]	@ (10005f50 <tud_task_ext+0x34c>)
10005e42:	f7fd f9ad 	bl	100031a0 <__wrap_memset>
10005e46:	0028      	movs	r0, r5
10005e48:	2220      	movs	r2, #32
10005e4a:	21ff      	movs	r1, #255	@ 0xff
10005e4c:	3014      	adds	r0, #20
10005e4e:	464e      	mov	r6, r9
10005e50:	465f      	mov	r7, fp
10005e52:	f7fd f9a5 	bl	100031a0 <__wrap_memset>
10005e56:	f000 fbef 	bl	10006638 <usbd_control_reset>
10005e5a:	f7ff fe4d 	bl	10005af8 <tud_umount_cb>
10005e5e:	e6e6      	b.n	10005c2e <tud_task_ext+0x2a>
10005e60:	4d35      	ldr	r5, [pc, #212]	@ (10005f38 <tud_task_ext+0x334>)
10005e62:	2254      	movs	r2, #84	@ 0x54
10005e64:	2100      	movs	r1, #0
10005e66:	0028      	movs	r0, r5
10005e68:	f7fd f99a 	bl	100031a0 <__wrap_memset>
10005e6c:	2210      	movs	r2, #16
10005e6e:	21ff      	movs	r1, #255	@ 0xff
10005e70:	1d28      	adds	r0, r5, #4
10005e72:	f7fd f995 	bl	100031a0 <__wrap_memset>
10005e76:	0028      	movs	r0, r5
10005e78:	2220      	movs	r2, #32
10005e7a:	21ff      	movs	r1, #255	@ 0xff
10005e7c:	3014      	adds	r0, #20
10005e7e:	4646      	mov	r6, r8
10005e80:	464f      	mov	r7, r9
10005e82:	f7fd f98d 	bl	100031a0 <__wrap_memset>
10005e86:	f000 fbd7 	bl	10006638 <usbd_control_reset>
10005e8a:	7923      	ldrb	r3, [r4, #4]
10005e8c:	70ab      	strb	r3, [r5, #2]
10005e8e:	e6ce      	b.n	10005c2e <tud_task_ext+0x2a>
10005e90:	1c50      	adds	r0, r2, #1
10005e92:	4298      	cmp	r0, r3
10005e94:	da13      	bge.n	10005ebe <tud_task_ext+0x2ba>
10005e96:	b011      	add	sp, #68	@ 0x44
10005e98:	bcf0      	pop	{r4, r5, r6, r7}
10005e9a:	46bb      	mov	fp, r7
10005e9c:	46b2      	mov	sl, r6
10005e9e:	46a9      	mov	r9, r5
10005ea0:	46a0      	mov	r8, r4
10005ea2:	bdf0      	pop	{r4, r5, r6, r7, pc}
10005ea4:	68a3      	ldr	r3, [r4, #8]
10005ea6:	7962      	ldrb	r2, [r4, #5]
10005ea8:	7820      	ldrb	r0, [r4, #0]
10005eaa:	f000 fbe3 	bl	10006674 <usbd_control_xfer_cb>
10005eae:	e6be      	b.n	10005c2e <tud_task_ext+0x2a>
10005eb0:	4646      	mov	r6, r8
10005eb2:	464f      	mov	r7, r9
10005eb4:	4d20      	ldr	r5, [pc, #128]	@ (10005f38 <tud_task_ext+0x334>)
10005eb6:	e7e6      	b.n	10005e86 <tud_task_ext+0x282>
10005eb8:	464e      	mov	r6, r9
10005eba:	465f      	mov	r7, fp
10005ebc:	e7cb      	b.n	10005e56 <tud_task_ext+0x252>
10005ebe:	4d1f      	ldr	r5, [pc, #124]	@ (10005f3c <tud_task_ext+0x338>)
10005ec0:	1a9b      	subs	r3, r3, r2
10005ec2:	015b      	lsls	r3, r3, #5
10005ec4:	195d      	adds	r5, r3, r5
10005ec6:	e6fc      	b.n	10005cc2 <tud_task_ext+0xbe>
10005ec8:	2370      	movs	r3, #112	@ 0x70
10005eca:	7a21      	ldrb	r1, [r4, #8]
10005ecc:	420b      	tst	r3, r1
10005ece:	d118      	bne.n	10005f02 <tud_task_ext+0x2fe>
10005ed0:	09c8      	lsrs	r0, r1, #7
10005ed2:	4682      	mov	sl, r0
10005ed4:	330f      	adds	r3, #15
10005ed6:	400b      	ands	r3, r1
10005ed8:	005b      	lsls	r3, r3, #1
10005eda:	4698      	mov	r8, r3
10005edc:	4818      	ldr	r0, [pc, #96]	@ (10005f40 <tud_task_ext+0x33c>)
10005ede:	18eb      	adds	r3, r5, r3
10005ee0:	4453      	add	r3, sl
10005ee2:	7d1b      	ldrb	r3, [r3, #20]
10005ee4:	7800      	ldrb	r0, [r0, #0]
10005ee6:	4699      	mov	r9, r3
10005ee8:	4283      	cmp	r3, r0
10005eea:	d268      	bcs.n	10005fbe <tud_task_ext+0x3ba>
10005eec:	4815      	ldr	r0, [pc, #84]	@ (10005f44 <tud_task_ext+0x340>)
10005eee:	015b      	lsls	r3, r3, #5
10005ef0:	6800      	ldr	r0, [r0, #0]
10005ef2:	4681      	mov	r9, r0
10005ef4:	4499      	add	r9, r3
10005ef6:	2a00      	cmp	r2, #0
10005ef8:	d100      	bne.n	10005efc <tud_task_ext+0x2f8>
10005efa:	e163      	b.n	100061c4 <tud_task_ext+0x5c0>
10005efc:	464b      	mov	r3, r9
10005efe:	2b00      	cmp	r3, #0
10005f00:	d16a      	bne.n	10005fd8 <tud_task_ext+0x3d4>
10005f02:	7820      	ldrb	r0, [r4, #0]
10005f04:	2100      	movs	r1, #0
10005f06:	f7ff fd77 	bl	100059f8 <dcd_edpt_stall>
10005f0a:	2180      	movs	r1, #128	@ 0x80
10005f0c:	7820      	ldrb	r0, [r4, #0]
10005f0e:	f7ff fd73 	bl	100059f8 <dcd_edpt_stall>
10005f12:	e68c      	b.n	10005c2e <tud_task_ext+0x2a>
10005f14:	480f      	ldr	r0, [pc, #60]	@ (10005f54 <tud_task_ext+0x350>)
10005f16:	f000 fb99 	bl	1000664c <usbd_control_set_complete_callback>
10005f1a:	2101      	movs	r1, #1
10005f1c:	4658      	mov	r0, fp
10005f1e:	aa0e      	add	r2, sp, #56	@ 0x38
10005f20:	f7ff f8d2 	bl	100050c8 <tud_vendor_control_xfer_cb>
10005f24:	2800      	cmp	r0, #0
10005f26:	d000      	beq.n	10005f2a <tud_task_ext+0x326>
10005f28:	e681      	b.n	10005c2e <tud_task_ext+0x2a>
10005f2a:	e7ea      	b.n	10005f02 <tud_task_ext+0x2fe>
10005f2c:	2000192c 	.word	0x2000192c
10005f30:	10008388 	.word	0x10008388
10005f34:	20002088 	.word	0x20002088
10005f38:	20002030 	.word	0x20002030
10005f3c:	10008430 	.word	0x10008430
10005f40:	20002c21 	.word	0x20002c21
10005f44:	20001fcc 	.word	0x20001fcc
10005f48:	20002c23 	.word	0x20002c23
10005f4c:	100083ac 	.word	0x100083ac
10005f50:	20002034 	.word	0x20002034
10005f54:	100050c9 	.word	0x100050c9
10005f58:	7a23      	ldrb	r3, [r4, #8]
10005f5a:	8922      	ldrh	r2, [r4, #8]
10005f5c:	2b0f      	cmp	r3, #15
10005f5e:	d8d0      	bhi.n	10005f02 <tud_task_ext+0x2fe>
10005f60:	23ff      	movs	r3, #255	@ 0xff
10005f62:	4013      	ands	r3, r2
10005f64:	4acf      	ldr	r2, [pc, #828]	@ (100062a4 <tud_task_ext+0x6a0>)
10005f66:	18eb      	adds	r3, r5, r3
10005f68:	791b      	ldrb	r3, [r3, #4]
10005f6a:	7815      	ldrb	r5, [r2, #0]
10005f6c:	42ab      	cmp	r3, r5
10005f6e:	d33e      	bcc.n	10005fee <tud_task_ext+0x3ea>
10005f70:	1c69      	adds	r1, r5, #1
10005f72:	4299      	cmp	r1, r3
10005f74:	dbc5      	blt.n	10005f02 <tud_task_ext+0x2fe>
10005f76:	1b5d      	subs	r5, r3, r5
10005f78:	4bcb      	ldr	r3, [pc, #812]	@ (100062a8 <tud_task_ext+0x6a4>)
10005f7a:	016d      	lsls	r5, r5, #5
10005f7c:	18ed      	adds	r5, r5, r3
10005f7e:	6968      	ldr	r0, [r5, #20]
10005f80:	f000 fb64 	bl	1000664c <usbd_control_set_complete_callback>
10005f84:	2101      	movs	r1, #1
10005f86:	4658      	mov	r0, fp
10005f88:	696b      	ldr	r3, [r5, #20]
10005f8a:	aa0e      	add	r2, sp, #56	@ 0x38
10005f8c:	4798      	blx	r3
10005f8e:	2800      	cmp	r0, #0
10005f90:	d000      	beq.n	10005f94 <tud_task_ext+0x390>
10005f92:	e64c      	b.n	10005c2e <tud_task_ext+0x2a>
10005f94:	2260      	movs	r2, #96	@ 0x60
10005f96:	0015      	movs	r5, r2
10005f98:	7923      	ldrb	r3, [r4, #4]
10005f9a:	401d      	ands	r5, r3
10005f9c:	421a      	tst	r2, r3
10005f9e:	d1b0      	bne.n	10005f02 <tud_task_ext+0x2fe>
10005fa0:	7963      	ldrb	r3, [r4, #5]
10005fa2:	3b0a      	subs	r3, #10
10005fa4:	2b01      	cmp	r3, #1
10005fa6:	d8ac      	bhi.n	10005f02 <tud_task_ext+0x2fe>
10005fa8:	f000 fb50 	bl	1000664c <usbd_control_set_complete_callback>
10005fac:	7963      	ldrb	r3, [r4, #5]
10005fae:	2b0a      	cmp	r3, #10
10005fb0:	d100      	bne.n	10005fb4 <tud_task_ext+0x3b0>
10005fb2:	e199      	b.n	100062e8 <tud_task_ext+0x6e4>
10005fb4:	4658      	mov	r0, fp
10005fb6:	a90e      	add	r1, sp, #56	@ 0x38
10005fb8:	f000 fad8 	bl	1000656c <tud_control_status>
10005fbc:	e637      	b.n	10005c2e <tud_task_ext+0x2a>
10005fbe:	1c43      	adds	r3, r0, #1
10005fc0:	454b      	cmp	r3, r9
10005fc2:	da00      	bge.n	10005fc6 <tud_task_ext+0x3c2>
10005fc4:	e0f9      	b.n	100061ba <tud_task_ext+0x5b6>
10005fc6:	464b      	mov	r3, r9
10005fc8:	1a1b      	subs	r3, r3, r0
10005fca:	015b      	lsls	r3, r3, #5
10005fcc:	4699      	mov	r9, r3
10005fce:	48b6      	ldr	r0, [pc, #728]	@ (100062a8 <tud_task_ext+0x6a4>)
10005fd0:	4481      	add	r9, r0
10005fd2:	2a00      	cmp	r2, #0
10005fd4:	d100      	bne.n	10005fd8 <tud_task_ext+0x3d4>
10005fd6:	e0f5      	b.n	100061c4 <tud_task_ext+0x5c0>
10005fd8:	464b      	mov	r3, r9
10005fda:	6958      	ldr	r0, [r3, #20]
10005fdc:	f000 fb36 	bl	1000664c <usbd_control_set_complete_callback>
10005fe0:	464b      	mov	r3, r9
10005fe2:	2101      	movs	r1, #1
10005fe4:	4658      	mov	r0, fp
10005fe6:	695b      	ldr	r3, [r3, #20]
10005fe8:	aa0e      	add	r2, sp, #56	@ 0x38
10005fea:	4798      	blx	r3
10005fec:	e79a      	b.n	10005f24 <tud_task_ext+0x320>
10005fee:	4aaf      	ldr	r2, [pc, #700]	@ (100062ac <tud_task_ext+0x6a8>)
10005ff0:	015b      	lsls	r3, r3, #5
10005ff2:	6815      	ldr	r5, [r2, #0]
10005ff4:	18ed      	adds	r5, r5, r3
10005ff6:	2d00      	cmp	r5, #0
10005ff8:	d1c1      	bne.n	10005f7e <tud_task_ext+0x37a>
10005ffa:	e782      	b.n	10005f02 <tud_task_ext+0x2fe>
10005ffc:	79a3      	ldrb	r3, [r4, #6]
10005ffe:	4699      	mov	r9, r3
10006000:	786b      	ldrb	r3, [r5, #1]
10006002:	4599      	cmp	r9, r3
10006004:	d0d6      	beq.n	10005fb4 <tud_task_ext+0x3b0>
10006006:	786b      	ldrb	r3, [r5, #1]
10006008:	2b00      	cmp	r3, #0
1000600a:	d000      	beq.n	1000600e <tud_task_ext+0x40a>
1000600c:	e135      	b.n	1000627a <tud_task_ext+0x676>
1000600e:	464b      	mov	r3, r9
10006010:	706b      	strb	r3, [r5, #1]
10006012:	2b00      	cmp	r3, #0
10006014:	d100      	bne.n	10006018 <tud_task_ext+0x414>
10006016:	e12d      	b.n	10006274 <tud_task_ext+0x670>
10006018:	4648      	mov	r0, r9
1000601a:	3801      	subs	r0, #1
1000601c:	b2c0      	uxtb	r0, r0
1000601e:	f7ff fa8d 	bl	1000553c <tud_descriptor_configuration_cb>
10006022:	2800      	cmp	r0, #0
10006024:	d100      	bne.n	10006028 <tud_task_ext+0x424>
10006026:	e17e      	b.n	10006326 <tud_task_ext+0x722>
10006028:	7843      	ldrb	r3, [r0, #1]
1000602a:	9307      	str	r3, [sp, #28]
1000602c:	2b02      	cmp	r3, #2
1000602e:	d000      	beq.n	10006032 <tud_task_ext+0x42e>
10006030:	e179      	b.n	10006326 <tud_task_ext+0x722>
10006032:	2201      	movs	r2, #1
10006034:	79c1      	ldrb	r1, [r0, #7]
10006036:	46b1      	mov	r9, r6
10006038:	118b      	asrs	r3, r1, #6
1000603a:	1149      	asrs	r1, r1, #5
1000603c:	4013      	ands	r3, r2
1000603e:	400a      	ands	r2, r1
10006040:	2130      	movs	r1, #48	@ 0x30
10006042:	0112      	lsls	r2, r2, #4
10006044:	015b      	lsls	r3, r3, #5
10006046:	4313      	orrs	r3, r2
10006048:	782a      	ldrb	r2, [r5, #0]
1000604a:	46a8      	mov	r8, r5
1000604c:	438a      	bics	r2, r1
1000604e:	4313      	orrs	r3, r2
10006050:	702b      	strb	r3, [r5, #0]
10006052:	2309      	movs	r3, #9
10006054:	469a      	mov	sl, r3
10006056:	4482      	add	sl, r0
10006058:	4656      	mov	r6, sl
1000605a:	46ba      	mov	sl, r7
1000605c:	78c3      	ldrb	r3, [r0, #3]
1000605e:	7882      	ldrb	r2, [r0, #2]
10006060:	021b      	lsls	r3, r3, #8
10006062:	4313      	orrs	r3, r2
10006064:	18c3      	adds	r3, r0, r3
10006066:	9305      	str	r3, [sp, #20]
10006068:	4b8e      	ldr	r3, [pc, #568]	@ (100062a4 <tud_task_ext+0x6a0>)
1000606a:	9304      	str	r3, [sp, #16]
1000606c:	4b8e      	ldr	r3, [pc, #568]	@ (100062a8 <tud_task_ext+0x6a4>)
1000606e:	9308      	str	r3, [sp, #32]
10006070:	4b8e      	ldr	r3, [pc, #568]	@ (100062ac <tud_task_ext+0x6a8>)
10006072:	9309      	str	r3, [sp, #36]	@ 0x24
10006074:	4b8e      	ldr	r3, [pc, #568]	@ (100062b0 <tud_task_ext+0x6ac>)
10006076:	930a      	str	r3, [sp, #40]	@ 0x28
10006078:	9b05      	ldr	r3, [sp, #20]
1000607a:	42b3      	cmp	r3, r6
1000607c:	d800      	bhi.n	10006080 <tud_task_ext+0x47c>
1000607e:	e155      	b.n	1000632c <tud_task_ext+0x728>
10006080:	7873      	ldrb	r3, [r6, #1]
10006082:	2201      	movs	r2, #1
10006084:	2b0b      	cmp	r3, #11
10006086:	d103      	bne.n	10006090 <tud_task_ext+0x48c>
10006088:	7833      	ldrb	r3, [r6, #0]
1000608a:	78f2      	ldrb	r2, [r6, #3]
1000608c:	18f6      	adds	r6, r6, r3
1000608e:	7873      	ldrb	r3, [r6, #1]
10006090:	2b04      	cmp	r3, #4
10006092:	d000      	beq.n	10006096 <tud_task_ext+0x492>
10006094:	e144      	b.n	10006320 <tud_task_ext+0x71c>
10006096:	9b05      	ldr	r3, [sp, #20]
10006098:	2700      	movs	r7, #0
1000609a:	1b9b      	subs	r3, r3, r6
1000609c:	b29b      	uxth	r3, r3
1000609e:	9306      	str	r3, [sp, #24]
100060a0:	9b04      	ldr	r3, [sp, #16]
100060a2:	920b      	str	r2, [sp, #44]	@ 0x2c
100060a4:	781d      	ldrb	r5, [r3, #0]
100060a6:	2300      	movs	r3, #0
100060a8:	9303      	str	r3, [sp, #12]
100060aa:	e01b      	b.n	100060e4 <tud_task_ext+0x4e0>
100060ac:	9a09      	ldr	r2, [sp, #36]	@ 0x24
100060ae:	017b      	lsls	r3, r7, #5
100060b0:	6815      	ldr	r5, [r2, #0]
100060b2:	18ed      	adds	r5, r5, r3
100060b4:	2d00      	cmp	r5, #0
100060b6:	d100      	bne.n	100060ba <tud_task_ext+0x4b6>
100060b8:	e132      	b.n	10006320 <tud_task_ext+0x71c>
100060ba:	0031      	movs	r1, r6
100060bc:	4658      	mov	r0, fp
100060be:	692b      	ldr	r3, [r5, #16]
100060c0:	9a06      	ldr	r2, [sp, #24]
100060c2:	4798      	blx	r3
100060c4:	4684      	mov	ip, r0
100060c6:	2808      	cmp	r0, #8
100060c8:	d903      	bls.n	100060d2 <tud_task_ext+0x4ce>
100060ca:	9a06      	ldr	r2, [sp, #24]
100060cc:	4282      	cmp	r2, r0
100060ce:	d300      	bcc.n	100060d2 <tud_task_ext+0x4ce>
100060d0:	e113      	b.n	100062fa <tud_task_ext+0x6f6>
100060d2:	9b04      	ldr	r3, [sp, #16]
100060d4:	3701      	adds	r7, #1
100060d6:	781d      	ldrb	r5, [r3, #0]
100060d8:	b2ff      	uxtb	r7, r7
100060da:	1c6b      	adds	r3, r5, #1
100060dc:	9703      	str	r7, [sp, #12]
100060de:	429f      	cmp	r7, r3
100060e0:	dd00      	ble.n	100060e4 <tud_task_ext+0x4e0>
100060e2:	e11d      	b.n	10006320 <tud_task_ext+0x71c>
100060e4:	42bd      	cmp	r5, r7
100060e6:	d8e1      	bhi.n	100060ac <tud_task_ext+0x4a8>
100060e8:	9b03      	ldr	r3, [sp, #12]
100060ea:	1b5d      	subs	r5, r3, r5
100060ec:	9b08      	ldr	r3, [sp, #32]
100060ee:	016d      	lsls	r5, r5, #5
100060f0:	195d      	adds	r5, r3, r5
100060f2:	e7e2      	b.n	100060ba <tud_task_ext+0x4b6>
100060f4:	786b      	ldrb	r3, [r5, #1]
100060f6:	aa0c      	add	r2, sp, #48	@ 0x30
100060f8:	3202      	adds	r2, #2
100060fa:	7013      	strb	r3, [r2, #0]
100060fc:	4658      	mov	r0, fp
100060fe:	2301      	movs	r3, #1
10006100:	a90e      	add	r1, sp, #56	@ 0x38
10006102:	f000 fa49 	bl	10006598 <tud_control_xfer>
10006106:	e592      	b.n	10005c2e <tud_task_ext+0x2a>
10006108:	88e0      	ldrh	r0, [r4, #6]
1000610a:	0a03      	lsrs	r3, r0, #8
1000610c:	b2c0      	uxtb	r0, r0
1000610e:	2b0f      	cmp	r3, #15
10006110:	d900      	bls.n	10006114 <tud_task_ext+0x510>
10006112:	e6f6      	b.n	10005f02 <tud_task_ext+0x2fe>
10006114:	4967      	ldr	r1, [pc, #412]	@ (100062b4 <tud_task_ext+0x6b0>)
10006116:	009a      	lsls	r2, r3, #2
10006118:	588a      	ldr	r2, [r1, r2]
1000611a:	4697      	mov	pc, r2
1000611c:	a80e      	add	r0, sp, #56	@ 0x38
1000611e:	f000 fa9b 	bl	10006658 <usbd_control_set_request>
10006122:	4658      	mov	r0, fp
10006124:	79a1      	ldrb	r1, [r4, #6]
10006126:	f7ff fba7 	bl	10005878 <dcd_set_address>
1000612a:	2202      	movs	r2, #2
1000612c:	782b      	ldrb	r3, [r5, #0]
1000612e:	4313      	orrs	r3, r2
10006130:	702b      	strb	r3, [r5, #0]
10006132:	e57c      	b.n	10005c2e <tud_task_ext+0x2a>
10006134:	88e3      	ldrh	r3, [r4, #6]
10006136:	2b01      	cmp	r3, #1
10006138:	d000      	beq.n	1000613c <tud_task_ext+0x538>
1000613a:	e6e2      	b.n	10005f02 <tud_task_ext+0x2fe>
1000613c:	2208      	movs	r2, #8
1000613e:	782b      	ldrb	r3, [r5, #0]
10006140:	4658      	mov	r0, fp
10006142:	4393      	bics	r3, r2
10006144:	a90e      	add	r1, sp, #56	@ 0x38
10006146:	702b      	strb	r3, [r5, #0]
10006148:	f000 fa10 	bl	1000656c <tud_control_status>
1000614c:	e56f      	b.n	10005c2e <tud_task_ext+0x2a>
1000614e:	2002      	movs	r0, #2
10006150:	7829      	ldrb	r1, [r5, #0]
10006152:	ab0c      	add	r3, sp, #48	@ 0x30
10006154:	1c9a      	adds	r2, r3, #2
10006156:	068b      	lsls	r3, r1, #26
10006158:	0889      	lsrs	r1, r1, #2
1000615a:	0fdb      	lsrs	r3, r3, #31
1000615c:	4001      	ands	r1, r0
1000615e:	430b      	orrs	r3, r1
10006160:	8013      	strh	r3, [r2, #0]
10006162:	4658      	mov	r0, fp
10006164:	2302      	movs	r3, #2
10006166:	a90e      	add	r1, sp, #56	@ 0x38
10006168:	f000 fa16 	bl	10006598 <tud_control_xfer>
1000616c:	e55f      	b.n	10005c2e <tud_task_ext+0x2a>
1000616e:	88e3      	ldrh	r3, [r4, #6]
10006170:	2b01      	cmp	r3, #1
10006172:	d000      	beq.n	10006176 <tud_task_ext+0x572>
10006174:	e6c5      	b.n	10005f02 <tud_task_ext+0x2fe>
10006176:	2208      	movs	r2, #8
10006178:	782b      	ldrb	r3, [r5, #0]
1000617a:	4313      	orrs	r3, r2
1000617c:	702b      	strb	r3, [r5, #0]
1000617e:	e719      	b.n	10005fb4 <tud_task_ext+0x3b0>
10006180:	7a23      	ldrb	r3, [r4, #8]
10006182:	8922      	ldrh	r2, [r4, #8]
10006184:	2b0f      	cmp	r3, #15
10006186:	d900      	bls.n	1000618a <tud_task_ext+0x586>
10006188:	e6bb      	b.n	10005f02 <tud_task_ext+0x2fe>
1000618a:	23ff      	movs	r3, #255	@ 0xff
1000618c:	4013      	ands	r3, r2
1000618e:	18eb      	adds	r3, r5, r3
10006190:	791d      	ldrb	r5, [r3, #4]
10006192:	4b44      	ldr	r3, [pc, #272]	@ (100062a4 <tud_task_ext+0x6a0>)
10006194:	781b      	ldrb	r3, [r3, #0]
10006196:	429d      	cmp	r5, r3
10006198:	d228      	bcs.n	100061ec <tud_task_ext+0x5e8>
1000619a:	4b44      	ldr	r3, [pc, #272]	@ (100062ac <tud_task_ext+0x6a8>)
1000619c:	016d      	lsls	r5, r5, #5
1000619e:	681b      	ldr	r3, [r3, #0]
100061a0:	195d      	adds	r5, r3, r5
100061a2:	2d00      	cmp	r5, #0
100061a4:	d100      	bne.n	100061a8 <tud_task_ext+0x5a4>
100061a6:	e6ac      	b.n	10005f02 <tud_task_ext+0x2fe>
100061a8:	6968      	ldr	r0, [r5, #20]
100061aa:	f000 fa4f 	bl	1000664c <usbd_control_set_complete_callback>
100061ae:	2101      	movs	r1, #1
100061b0:	4658      	mov	r0, fp
100061b2:	696b      	ldr	r3, [r5, #20]
100061b4:	aa0e      	add	r2, sp, #56	@ 0x38
100061b6:	4798      	blx	r3
100061b8:	e6b4      	b.n	10005f24 <tud_task_ext+0x320>
100061ba:	2a00      	cmp	r2, #0
100061bc:	d000      	beq.n	100061c0 <tud_task_ext+0x5bc>
100061be:	e6a0      	b.n	10005f02 <tud_task_ext+0x2fe>
100061c0:	2300      	movs	r3, #0
100061c2:	4699      	mov	r9, r3
100061c4:	7962      	ldrb	r2, [r4, #5]
100061c6:	2002      	movs	r0, #2
100061c8:	0013      	movs	r3, r2
100061ca:	9203      	str	r2, [sp, #12]
100061cc:	4383      	bics	r3, r0
100061ce:	2b01      	cmp	r3, #1
100061d0:	d015      	beq.n	100061fe <tud_task_ext+0x5fa>
100061d2:	2a00      	cmp	r2, #0
100061d4:	d000      	beq.n	100061d8 <tud_task_ext+0x5d4>
100061d6:	e694      	b.n	10005f02 <tud_task_ext+0x2fe>
100061d8:	002b      	movs	r3, r5
100061da:	4443      	add	r3, r8
100061dc:	4453      	add	r3, sl
100061de:	3330      	adds	r3, #48	@ 0x30
100061e0:	791b      	ldrb	r3, [r3, #4]
100061e2:	aa0c      	add	r2, sp, #48	@ 0x30
100061e4:	079b      	lsls	r3, r3, #30
100061e6:	0fdb      	lsrs	r3, r3, #31
100061e8:	3202      	adds	r2, #2
100061ea:	e7b9      	b.n	10006160 <tud_task_ext+0x55c>
100061ec:	1c5a      	adds	r2, r3, #1
100061ee:	42aa      	cmp	r2, r5
100061f0:	da00      	bge.n	100061f4 <tud_task_ext+0x5f0>
100061f2:	e686      	b.n	10005f02 <tud_task_ext+0x2fe>
100061f4:	1aed      	subs	r5, r5, r3
100061f6:	4b2c      	ldr	r3, [pc, #176]	@ (100062a8 <tud_task_ext+0x6a4>)
100061f8:	016d      	lsls	r5, r5, #5
100061fa:	18ed      	adds	r5, r5, r3
100061fc:	e7d4      	b.n	100061a8 <tud_task_ext+0x5a4>
100061fe:	88e3      	ldrh	r3, [r4, #6]
10006200:	2b00      	cmp	r3, #0
10006202:	d112      	bne.n	1000622a <tud_task_ext+0x626>
10006204:	9b02      	ldr	r3, [sp, #8]
10006206:	7818      	ldrb	r0, [r3, #0]
10006208:	9b03      	ldr	r3, [sp, #12]
1000620a:	2b01      	cmp	r3, #1
1000620c:	d023      	beq.n	10006256 <tud_task_ext+0x652>
1000620e:	f7ff fbf3 	bl	100059f8 <dcd_edpt_stall>
10006212:	4643      	mov	r3, r8
10006214:	2102      	movs	r1, #2
10006216:	18eb      	adds	r3, r5, r3
10006218:	4453      	add	r3, sl
1000621a:	3330      	adds	r3, #48	@ 0x30
1000621c:	791a      	ldrb	r2, [r3, #4]
1000621e:	430a      	orrs	r2, r1
10006220:	2101      	movs	r1, #1
10006222:	711a      	strb	r2, [r3, #4]
10006224:	791a      	ldrb	r2, [r3, #4]
10006226:	430a      	orrs	r2, r1
10006228:	711a      	strb	r2, [r3, #4]
1000622a:	464b      	mov	r3, r9
1000622c:	2b00      	cmp	r3, #0
1000622e:	d100      	bne.n	10006232 <tud_task_ext+0x62e>
10006230:	e4fd      	b.n	10005c2e <tud_task_ext+0x2a>
10006232:	6958      	ldr	r0, [r3, #20]
10006234:	f000 fa0a 	bl	1000664c <usbd_control_set_complete_callback>
10006238:	464b      	mov	r3, r9
1000623a:	2101      	movs	r1, #1
1000623c:	695b      	ldr	r3, [r3, #20]
1000623e:	aa0e      	add	r2, sp, #56	@ 0x38
10006240:	4658      	mov	r0, fp
10006242:	4798      	blx	r3
10006244:	2000      	movs	r0, #0
10006246:	f000 fa01 	bl	1000664c <usbd_control_set_complete_callback>
1000624a:	2335      	movs	r3, #53	@ 0x35
1000624c:	5ceb      	ldrb	r3, [r5, r3]
1000624e:	07db      	lsls	r3, r3, #31
10006250:	d500      	bpl.n	10006254 <tud_task_ext+0x650>
10006252:	e4ec      	b.n	10005c2e <tud_task_ext+0x2a>
10006254:	e6ae      	b.n	10005fb4 <tud_task_ext+0x3b0>
10006256:	f7ff fbed 	bl	10005a34 <dcd_edpt_clear_stall>
1000625a:	4643      	mov	r3, r8
1000625c:	2102      	movs	r1, #2
1000625e:	18eb      	adds	r3, r5, r3
10006260:	4453      	add	r3, sl
10006262:	3330      	adds	r3, #48	@ 0x30
10006264:	791a      	ldrb	r2, [r3, #4]
10006266:	438a      	bics	r2, r1
10006268:	711a      	strb	r2, [r3, #4]
1000626a:	791a      	ldrb	r2, [r3, #4]
1000626c:	9903      	ldr	r1, [sp, #12]
1000626e:	438a      	bics	r2, r1
10006270:	711a      	strb	r2, [r3, #4]
10006272:	e7da      	b.n	1000622a <tud_task_ext+0x626>
10006274:	f7ff fc40 	bl	10005af8 <tud_umount_cb>
10006278:	e69c      	b.n	10005fb4 <tud_task_ext+0x3b0>
1000627a:	2100      	movs	r1, #0
1000627c:	4658      	mov	r0, fp
1000627e:	f7ff fb05 	bl	1000588c <dcd_sof_enable>
10006282:	4658      	mov	r0, fp
10006284:	f7ff fba2 	bl	100059cc <dcd_edpt_close_all>
10006288:	78ab      	ldrb	r3, [r5, #2]
1000628a:	4907      	ldr	r1, [pc, #28]	@ (100062a8 <tud_task_ext+0x6a4>)
1000628c:	9303      	str	r3, [sp, #12]
1000628e:	4b05      	ldr	r3, [pc, #20]	@ (100062a4 <tud_task_ext+0x6a0>)
10006290:	9104      	str	r1, [sp, #16]
10006292:	4698      	mov	r8, r3
10006294:	781a      	ldrb	r2, [r3, #0]
10006296:	2300      	movs	r3, #0
10006298:	4904      	ldr	r1, [pc, #16]	@ (100062ac <tud_task_ext+0x6a8>)
1000629a:	46aa      	mov	sl, r5
1000629c:	9105      	str	r1, [sp, #20]
1000629e:	001d      	movs	r5, r3
100062a0:	e01b      	b.n	100062da <tud_task_ext+0x6d6>
100062a2:	46c0      	nop			@ (mov r8, r8)
100062a4:	20002c21 	.word	0x20002c21
100062a8:	10008430 	.word	0x10008430
100062ac:	20001fcc 	.word	0x20001fcc
100062b0:	20002044 	.word	0x20002044
100062b4:	100083d4 	.word	0x100083d4
100062b8:	9b05      	ldr	r3, [sp, #20]
100062ba:	016a      	lsls	r2, r5, #5
100062bc:	681b      	ldr	r3, [r3, #0]
100062be:	189b      	adds	r3, r3, r2
100062c0:	2b00      	cmp	r3, #0
100062c2:	d04c      	beq.n	1000635e <tud_task_ext+0x75a>
100062c4:	68db      	ldr	r3, [r3, #12]
100062c6:	4658      	mov	r0, fp
100062c8:	4798      	blx	r3
100062ca:	4643      	mov	r3, r8
100062cc:	781a      	ldrb	r2, [r3, #0]
100062ce:	3501      	adds	r5, #1
100062d0:	b2ed      	uxtb	r5, r5
100062d2:	1c51      	adds	r1, r2, #1
100062d4:	002b      	movs	r3, r5
100062d6:	428d      	cmp	r5, r1
100062d8:	dc2d      	bgt.n	10006336 <tud_task_ext+0x732>
100062da:	4295      	cmp	r5, r2
100062dc:	d3ec      	bcc.n	100062b8 <tud_task_ext+0x6b4>
100062de:	1a9b      	subs	r3, r3, r2
100062e0:	9a04      	ldr	r2, [sp, #16]
100062e2:	015b      	lsls	r3, r3, #5
100062e4:	18d3      	adds	r3, r2, r3
100062e6:	e7ed      	b.n	100062c4 <tud_task_ext+0x6c0>
100062e8:	ab0c      	add	r3, sp, #48	@ 0x30
100062ea:	1c9a      	adds	r2, r3, #2
100062ec:	4658      	mov	r0, fp
100062ee:	2301      	movs	r3, #1
100062f0:	a90e      	add	r1, sp, #56	@ 0x38
100062f2:	7015      	strb	r5, [r2, #0]
100062f4:	f000 f950 	bl	10006598 <tud_control_xfer>
100062f8:	e499      	b.n	10005c2e <tud_task_ext+0x2a>
100062fa:	9a0b      	ldr	r2, [sp, #44]	@ 0x2c
100062fc:	2a01      	cmp	r2, #1
100062fe:	d04e      	beq.n	1000639e <tud_task_ext+0x79a>
10006300:	2a00      	cmp	r2, #0
10006302:	d03c      	beq.n	1000637e <tud_task_ext+0x77a>
10006304:	2300      	movs	r3, #0
10006306:	78b0      	ldrb	r0, [r6, #2]
10006308:	e004      	b.n	10006314 <tud_task_ext+0x710>
1000630a:	3301      	adds	r3, #1
1000630c:	b2db      	uxtb	r3, r3
1000630e:	710f      	strb	r7, [r1, #4]
10006310:	4293      	cmp	r3, r2
10006312:	d234      	bcs.n	1000637e <tud_task_ext+0x77a>
10006314:	18c1      	adds	r1, r0, r3
10006316:	b2c9      	uxtb	r1, r1
10006318:	4441      	add	r1, r8
1000631a:	790d      	ldrb	r5, [r1, #4]
1000631c:	2dff      	cmp	r5, #255	@ 0xff
1000631e:	d0f4      	beq.n	1000630a <tud_task_ext+0x706>
10006320:	464e      	mov	r6, r9
10006322:	4645      	mov	r5, r8
10006324:	4657      	mov	r7, sl
10006326:	2300      	movs	r3, #0
10006328:	706b      	strb	r3, [r5, #1]
1000632a:	e5ea      	b.n	10005f02 <tud_task_ext+0x2fe>
1000632c:	464e      	mov	r6, r9
1000632e:	4657      	mov	r7, sl
10006330:	f7ff fbe0 	bl	10005af4 <tud_mount_cb>
10006334:	e63e      	b.n	10005fb4 <tud_task_ext+0x3b0>
10006336:	4655      	mov	r5, sl
10006338:	2254      	movs	r2, #84	@ 0x54
1000633a:	2100      	movs	r1, #0
1000633c:	0028      	movs	r0, r5
1000633e:	f7fc ff2f 	bl	100031a0 <__wrap_memset>
10006342:	2210      	movs	r2, #16
10006344:	21ff      	movs	r1, #255	@ 0xff
10006346:	1d28      	adds	r0, r5, #4
10006348:	f7fc ff2a 	bl	100031a0 <__wrap_memset>
1000634c:	0028      	movs	r0, r5
1000634e:	2220      	movs	r2, #32
10006350:	21ff      	movs	r1, #255	@ 0xff
10006352:	3014      	adds	r0, #20
10006354:	f7fc ff24 	bl	100031a0 <__wrap_memset>
10006358:	9b03      	ldr	r3, [sp, #12]
1000635a:	70ab      	strb	r3, [r5, #2]
1000635c:	e657      	b.n	1000600e <tud_task_ext+0x40a>
1000635e:	4655      	mov	r5, sl
10006360:	e7fa      	b.n	10006358 <tud_task_ext+0x754>
10006362:	f7fe fead 	bl	100050c0 <tud_descriptor_bos_cb>
10006366:	1e02      	subs	r2, r0, #0
10006368:	d100      	bne.n	1000636c <tud_task_ext+0x768>
1000636a:	e5ca      	b.n	10005f02 <tud_task_ext+0x2fe>
1000636c:	78d3      	ldrb	r3, [r2, #3]
1000636e:	7891      	ldrb	r1, [r2, #2]
10006370:	021b      	lsls	r3, r3, #8
10006372:	430b      	orrs	r3, r1
10006374:	4658      	mov	r0, fp
10006376:	a90e      	add	r1, sp, #56	@ 0x38
10006378:	f000 f90e 	bl	10006598 <tud_control_xfer>
1000637c:	e5d2      	b.n	10005f24 <tud_task_ext+0x320>
1000637e:	4665      	mov	r5, ip
10006380:	003b      	movs	r3, r7
10006382:	002a      	movs	r2, r5
10006384:	0031      	movs	r1, r6
10006386:	980a      	ldr	r0, [sp, #40]	@ 0x28
10006388:	f000 fe62 	bl	10007050 <tu_edpt_bind_driver>
1000638c:	9b04      	ldr	r3, [sp, #16]
1000638e:	9a03      	ldr	r2, [sp, #12]
10006390:	781b      	ldrb	r3, [r3, #0]
10006392:	1976      	adds	r6, r6, r5
10006394:	3301      	adds	r3, #1
10006396:	4293      	cmp	r3, r2
10006398:	db00      	blt.n	1000639c <tud_task_ext+0x798>
1000639a:	e66d      	b.n	10006078 <tud_task_ext+0x474>
1000639c:	e7c0      	b.n	10006320 <tud_task_ext+0x71c>
1000639e:	4b17      	ldr	r3, [pc, #92]	@ (100063fc <tud_task_ext+0x7f8>)
100063a0:	6929      	ldr	r1, [r5, #16]
100063a2:	4299      	cmp	r1, r3
100063a4:	d1ae      	bne.n	10006304 <tud_task_ext+0x700>
100063a6:	9a07      	ldr	r2, [sp, #28]
100063a8:	e7ac      	b.n	10006304 <tud_task_ext+0x700>
100063aa:	f7ff fb9f 	bl	10005aec <tud_descriptor_device_qualifier_cb>
100063ae:	1e02      	subs	r2, r0, #0
100063b0:	d100      	bne.n	100063b4 <tud_task_ext+0x7b0>
100063b2:	e5a6      	b.n	10005f02 <tud_task_ext+0x2fe>
100063b4:	4658      	mov	r0, fp
100063b6:	7813      	ldrb	r3, [r2, #0]
100063b8:	a90e      	add	r1, sp, #56	@ 0x38
100063ba:	f000 f8ed 	bl	10006598 <tud_control_xfer>
100063be:	e5b1      	b.n	10005f24 <tud_task_ext+0x320>
100063c0:	8921      	ldrh	r1, [r4, #8]
100063c2:	f7ff f8bf 	bl	10005544 <tud_descriptor_string_cb>
100063c6:	1e02      	subs	r2, r0, #0
100063c8:	d1f4      	bne.n	100063b4 <tud_task_ext+0x7b0>
100063ca:	e59a      	b.n	10005f02 <tud_task_ext+0x2fe>
100063cc:	2b02      	cmp	r3, #2
100063ce:	d00f      	beq.n	100063f0 <tud_task_ext+0x7ec>
100063d0:	f7ff fb8e 	bl	10005af0 <tud_descriptor_other_speed_configuration_cb>
100063d4:	1e02      	subs	r2, r0, #0
100063d6:	d1c9      	bne.n	1000636c <tud_task_ext+0x768>
100063d8:	e593      	b.n	10005f02 <tud_task_ext+0x2fe>
100063da:	f7ff f8ab 	bl	10005534 <tud_descriptor_device_cb>
100063de:	1e02      	subs	r2, r0, #0
100063e0:	d100      	bne.n	100063e4 <tud_task_ext+0x7e0>
100063e2:	e58e      	b.n	10005f02 <tud_task_ext+0x2fe>
100063e4:	2312      	movs	r3, #18
100063e6:	4658      	mov	r0, fp
100063e8:	a90e      	add	r1, sp, #56	@ 0x38
100063ea:	f000 f8d5 	bl	10006598 <tud_control_xfer>
100063ee:	e599      	b.n	10005f24 <tud_task_ext+0x320>
100063f0:	f7ff f8a4 	bl	1000553c <tud_descriptor_configuration_cb>
100063f4:	1e02      	subs	r2, r0, #0
100063f6:	d1b9      	bne.n	1000636c <tud_task_ext+0x768>
100063f8:	e583      	b.n	10005f02 <tud_task_ext+0x2fe>
100063fa:	46c0      	nop			@ (mov r8, r8)
100063fc:	10006a6d 	.word	0x10006a6d

10006400 <usbd_open_edpt_pair>:
10006400:	b5f0      	push	{r4, r5, r6, r7, lr}
10006402:	464f      	mov	r7, r9
10006404:	4646      	mov	r6, r8
10006406:	46d6      	mov	lr, sl
10006408:	b5c0      	push	{r6, r7, lr}
1000640a:	000c      	movs	r4, r1
1000640c:	0016      	movs	r6, r2
1000640e:	001f      	movs	r7, r3
10006410:	b082      	sub	sp, #8
10006412:	2a00      	cmp	r2, #0
10006414:	d03a      	beq.n	1000648c <usbd_open_edpt_pair+0x8c>
10006416:	2370      	movs	r3, #112	@ 0x70
10006418:	4698      	mov	r8, r3
1000641a:	4b1d      	ldr	r3, [pc, #116]	@ (10006490 <usbd_open_edpt_pair+0x90>)
1000641c:	2500      	movs	r5, #0
1000641e:	4699      	mov	r9, r3
10006420:	4b1c      	ldr	r3, [pc, #112]	@ (10006494 <usbd_open_edpt_pair+0x94>)
10006422:	469a      	mov	sl, r3
10006424:	e01a      	b.n	1000645c <usbd_open_edpt_pair+0x5c>
10006426:	464b      	mov	r3, r9
10006428:	781b      	ldrb	r3, [r3, #0]
1000642a:	0020      	movs	r0, r4
1000642c:	9301      	str	r3, [sp, #4]
1000642e:	4653      	mov	r3, sl
10006430:	7899      	ldrb	r1, [r3, #2]
10006432:	f000 fdd3 	bl	10006fdc <tu_edpt_validate>
10006436:	2800      	cmp	r0, #0
10006438:	d01c      	beq.n	10006474 <usbd_open_edpt_pair+0x74>
1000643a:	0021      	movs	r1, r4
1000643c:	9801      	ldr	r0, [sp, #4]
1000643e:	f7ff fa41 	bl	100058c4 <dcd_edpt_open>
10006442:	2800      	cmp	r0, #0
10006444:	d016      	beq.n	10006474 <usbd_open_edpt_pair+0x74>
10006446:	78a3      	ldrb	r3, [r4, #2]
10006448:	09da      	lsrs	r2, r3, #7
1000644a:	2a01      	cmp	r2, #1
1000644c:	d019      	beq.n	10006482 <usbd_open_edpt_pair+0x82>
1000644e:	9a0a      	ldr	r2, [sp, #40]	@ 0x28
10006450:	3501      	adds	r5, #1
10006452:	7013      	strb	r3, [r2, #0]
10006454:	42b5      	cmp	r5, r6
10006456:	da19      	bge.n	1000648c <usbd_open_edpt_pair+0x8c>
10006458:	7823      	ldrb	r3, [r4, #0]
1000645a:	18e4      	adds	r4, r4, r3
1000645c:	7863      	ldrb	r3, [r4, #1]
1000645e:	2b05      	cmp	r3, #5
10006460:	d108      	bne.n	10006474 <usbd_open_edpt_pair+0x74>
10006462:	78e3      	ldrb	r3, [r4, #3]
10006464:	079b      	lsls	r3, r3, #30
10006466:	0f9b      	lsrs	r3, r3, #30
10006468:	42bb      	cmp	r3, r7
1000646a:	d103      	bne.n	10006474 <usbd_open_edpt_pair+0x74>
1000646c:	4642      	mov	r2, r8
1000646e:	78a3      	ldrb	r3, [r4, #2]
10006470:	421a      	tst	r2, r3
10006472:	d0d8      	beq.n	10006426 <usbd_open_edpt_pair+0x26>
10006474:	2000      	movs	r0, #0
10006476:	b002      	add	sp, #8
10006478:	bce0      	pop	{r5, r6, r7}
1000647a:	46ba      	mov	sl, r7
1000647c:	46b1      	mov	r9, r6
1000647e:	46a8      	mov	r8, r5
10006480:	bdf0      	pop	{r4, r5, r6, r7, pc}
10006482:	9a0b      	ldr	r2, [sp, #44]	@ 0x2c
10006484:	3501      	adds	r5, #1
10006486:	7013      	strb	r3, [r2, #0]
10006488:	42b5      	cmp	r5, r6
1000648a:	dbe5      	blt.n	10006458 <usbd_open_edpt_pair+0x58>
1000648c:	2001      	movs	r0, #1
1000648e:	e7f2      	b.n	10006476 <usbd_open_edpt_pair+0x76>
10006490:	2000192c 	.word	0x2000192c
10006494:	20002030 	.word	0x20002030

10006498 <usbd_edpt_open>:
10006498:	2270      	movs	r2, #112	@ 0x70
1000649a:	b570      	push	{r4, r5, r6, lr}
1000649c:	788b      	ldrb	r3, [r1, #2]
1000649e:	000c      	movs	r4, r1
100064a0:	421a      	tst	r2, r3
100064a2:	d001      	beq.n	100064a8 <usbd_edpt_open+0x10>
100064a4:	2000      	movs	r0, #0
100064a6:	bd70      	pop	{r4, r5, r6, pc}
100064a8:	4b06      	ldr	r3, [pc, #24]	@ (100064c4 <usbd_edpt_open+0x2c>)
100064aa:	0020      	movs	r0, r4
100064ac:	781d      	ldrb	r5, [r3, #0]
100064ae:	4b06      	ldr	r3, [pc, #24]	@ (100064c8 <usbd_edpt_open+0x30>)
100064b0:	7899      	ldrb	r1, [r3, #2]
100064b2:	f000 fd93 	bl	10006fdc <tu_edpt_validate>
100064b6:	2800      	cmp	r0, #0
100064b8:	d0f4      	beq.n	100064a4 <usbd_edpt_open+0xc>
100064ba:	0021      	movs	r1, r4
100064bc:	0028      	movs	r0, r5
100064be:	f7ff fa01 	bl	100058c4 <dcd_edpt_open>
100064c2:	e7f0      	b.n	100064a6 <usbd_edpt_open+0xe>
100064c4:	2000192c 	.word	0x2000192c
100064c8:	20002030 	.word	0x20002030

100064cc <usbd_edpt_claim>:
100064cc:	207f      	movs	r0, #127	@ 0x7f
100064ce:	4b07      	ldr	r3, [pc, #28]	@ (100064ec <usbd_edpt_claim+0x20>)
100064d0:	b510      	push	{r4, lr}
100064d2:	681a      	ldr	r2, [r3, #0]
100064d4:	4008      	ands	r0, r1
100064d6:	09cb      	lsrs	r3, r1, #7
100064d8:	3334      	adds	r3, #52	@ 0x34
100064da:	0040      	lsls	r0, r0, #1
100064dc:	18c0      	adds	r0, r0, r3
100064de:	4b04      	ldr	r3, [pc, #16]	@ (100064f0 <usbd_edpt_claim+0x24>)
100064e0:	0011      	movs	r1, r2
100064e2:	18c0      	adds	r0, r0, r3
100064e4:	f000 fd36 	bl	10006f54 <tu_edpt_claim>
100064e8:	bd10      	pop	{r4, pc}
100064ea:	46c0      	nop			@ (mov r8, r8)
100064ec:	20002084 	.word	0x20002084
100064f0:	20002030 	.word	0x20002030

100064f4 <usbd_edpt_release>:
100064f4:	207f      	movs	r0, #127	@ 0x7f
100064f6:	4b07      	ldr	r3, [pc, #28]	@ (10006514 <usbd_edpt_release+0x20>)
100064f8:	b510      	push	{r4, lr}
100064fa:	681a      	ldr	r2, [r3, #0]
100064fc:	4008      	ands	r0, r1
100064fe:	09cb      	lsrs	r3, r1, #7
10006500:	3334      	adds	r3, #52	@ 0x34
10006502:	0040      	lsls	r0, r0, #1
10006504:	18c0      	adds	r0, r0, r3
10006506:	4b04      	ldr	r3, [pc, #16]	@ (10006518 <usbd_edpt_release+0x24>)
10006508:	0011      	movs	r1, r2
1000650a:	18c0      	adds	r0, r0, r3
1000650c:	f000 fd4a 	bl	10006fa4 <tu_edpt_release>
10006510:	bd10      	pop	{r4, pc}
10006512:	46c0      	nop			@ (mov r8, r8)
10006514:	20002084 	.word	0x20002084
10006518:	20002030 	.word	0x20002030

1000651c <usbd_edpt_xfer>:
1000651c:	b570      	push	{r4, r5, r6, lr}
1000651e:	247f      	movs	r4, #127	@ 0x7f
10006520:	09c8      	lsrs	r0, r1, #7
10006522:	4684      	mov	ip, r0
10006524:	400c      	ands	r4, r1
10006526:	480f      	ldr	r0, [pc, #60]	@ (10006564 <usbd_edpt_xfer+0x48>)
10006528:	0064      	lsls	r4, r4, #1
1000652a:	1904      	adds	r4, r0, r4
1000652c:	4464      	add	r4, ip
1000652e:	3430      	adds	r4, #48	@ 0x30
10006530:	7920      	ldrb	r0, [r4, #4]
10006532:	07c0      	lsls	r0, r0, #31
10006534:	d501      	bpl.n	1000653a <usbd_edpt_xfer+0x1e>
10006536:	2000      	movs	r0, #0
10006538:	bd70      	pop	{r4, r5, r6, pc}
1000653a:	480b      	ldr	r0, [pc, #44]	@ (10006568 <usbd_edpt_xfer+0x4c>)
1000653c:	2501      	movs	r5, #1
1000653e:	7800      	ldrb	r0, [r0, #0]
10006540:	4684      	mov	ip, r0
10006542:	7920      	ldrb	r0, [r4, #4]
10006544:	4328      	orrs	r0, r5
10006546:	7120      	strb	r0, [r4, #4]
10006548:	4660      	mov	r0, ip
1000654a:	f7ff fa43 	bl	100059d4 <dcd_edpt_xfer>
1000654e:	2800      	cmp	r0, #0
10006550:	d1f2      	bne.n	10006538 <usbd_edpt_xfer+0x1c>
10006552:	2201      	movs	r2, #1
10006554:	7923      	ldrb	r3, [r4, #4]
10006556:	4393      	bics	r3, r2
10006558:	7123      	strb	r3, [r4, #4]
1000655a:	7923      	ldrb	r3, [r4, #4]
1000655c:	3203      	adds	r2, #3
1000655e:	4393      	bics	r3, r2
10006560:	7123      	strb	r3, [r4, #4]
10006562:	e7e8      	b.n	10006536 <usbd_edpt_xfer+0x1a>
10006564:	20002030 	.word	0x20002030
10006568:	2000192c 	.word	0x2000192c

1000656c <tud_control_status>:
1000656c:	b570      	push	{r4, r5, r6, lr}
1000656e:	4c09      	ldr	r4, [pc, #36]	@ (10006594 <tud_control_status+0x28>)
10006570:	0006      	movs	r6, r0
10006572:	2208      	movs	r2, #8
10006574:	0020      	movs	r0, r4
10006576:	000d      	movs	r5, r1
10006578:	f7fc fe18 	bl	100031ac <__wrap___aeabi_memcpy>
1000657c:	2300      	movs	r3, #0
1000657e:	2180      	movs	r1, #128	@ 0x80
10006580:	60e3      	str	r3, [r4, #12]
10006582:	60a3      	str	r3, [r4, #8]
10006584:	782b      	ldrb	r3, [r5, #0]
10006586:	0030      	movs	r0, r6
10006588:	4399      	bics	r1, r3
1000658a:	2200      	movs	r2, #0
1000658c:	2300      	movs	r3, #0
1000658e:	f7ff ffc5 	bl	1000651c <usbd_edpt_xfer>
10006592:	bd70      	pop	{r4, r5, r6, pc}
10006594:	20001fd4 	.word	0x20001fd4

10006598 <tud_control_xfer>:
10006598:	b5f0      	push	{r4, r5, r6, r7, lr}
1000659a:	46c6      	mov	lr, r8
1000659c:	4c24      	ldr	r4, [pc, #144]	@ (10006630 <tud_control_xfer+0x98>)
1000659e:	0017      	movs	r7, r2
100065a0:	4680      	mov	r8, r0
100065a2:	2208      	movs	r2, #8
100065a4:	0020      	movs	r0, r4
100065a6:	b500      	push	{lr}
100065a8:	000d      	movs	r5, r1
100065aa:	001e      	movs	r6, r3
100065ac:	f7fc fdfe 	bl	100031ac <__wrap___aeabi_memcpy>
100065b0:	2300      	movs	r3, #0
100065b2:	60a7      	str	r7, [r4, #8]
100065b4:	81e3      	strh	r3, [r4, #14]
100065b6:	79eb      	ldrb	r3, [r5, #7]
100065b8:	79aa      	ldrb	r2, [r5, #6]
100065ba:	021b      	lsls	r3, r3, #8
100065bc:	4313      	orrs	r3, r2
100065be:	1c1a      	adds	r2, r3, #0
100065c0:	42b3      	cmp	r3, r6
100065c2:	d900      	bls.n	100065c6 <tud_control_xfer+0x2e>
100065c4:	1c32      	adds	r2, r6, #0
100065c6:	b296      	uxth	r6, r2
100065c8:	81a2      	strh	r2, [r4, #12]
100065ca:	2b00      	cmp	r3, #0
100065cc:	d00c      	beq.n	100065e8 <tud_control_xfer+0x50>
100065ce:	2e00      	cmp	r6, #0
100065d0:	d015      	beq.n	100065fe <tud_control_xfer+0x66>
100065d2:	2f00      	cmp	r7, #0
100065d4:	d02a      	beq.n	1000662c <tud_control_xfer+0x94>
100065d6:	2e40      	cmp	r6, #64	@ 0x40
100065d8:	d81a      	bhi.n	10006610 <tud_control_xfer+0x78>
100065da:	7823      	ldrb	r3, [r4, #0]
100065dc:	b296      	uxth	r6, r2
100065de:	2b7f      	cmp	r3, #127	@ 0x7f
100065e0:	d81b      	bhi.n	1000661a <tud_control_xfer+0x82>
100065e2:	2100      	movs	r1, #0
100065e4:	4a13      	ldr	r2, [pc, #76]	@ (10006634 <tud_control_xfer+0x9c>)
100065e6:	e00e      	b.n	10006606 <tud_control_xfer+0x6e>
100065e8:	2180      	movs	r1, #128	@ 0x80
100065ea:	782b      	ldrb	r3, [r5, #0]
100065ec:	2200      	movs	r2, #0
100065ee:	4399      	bics	r1, r3
100065f0:	4640      	mov	r0, r8
100065f2:	2300      	movs	r3, #0
100065f4:	f7ff ff92 	bl	1000651c <usbd_edpt_xfer>
100065f8:	bc80      	pop	{r7}
100065fa:	46b8      	mov	r8, r7
100065fc:	bdf0      	pop	{r4, r5, r6, r7, pc}
100065fe:	237f      	movs	r3, #127	@ 0x7f
10006600:	2200      	movs	r2, #0
10006602:	7821      	ldrb	r1, [r4, #0]
10006604:	4399      	bics	r1, r3
10006606:	0033      	movs	r3, r6
10006608:	4640      	mov	r0, r8
1000660a:	f7ff ff87 	bl	1000651c <usbd_edpt_xfer>
1000660e:	e7f3      	b.n	100065f8 <tud_control_xfer+0x60>
10006610:	2240      	movs	r2, #64	@ 0x40
10006612:	7823      	ldrb	r3, [r4, #0]
10006614:	b296      	uxth	r6, r2
10006616:	2b7f      	cmp	r3, #127	@ 0x7f
10006618:	d9e3      	bls.n	100065e2 <tud_control_xfer+0x4a>
1000661a:	4c06      	ldr	r4, [pc, #24]	@ (10006634 <tud_control_xfer+0x9c>)
1000661c:	0032      	movs	r2, r6
1000661e:	0039      	movs	r1, r7
10006620:	0020      	movs	r0, r4
10006622:	f7fc fdc3 	bl	100031ac <__wrap___aeabi_memcpy>
10006626:	2180      	movs	r1, #128	@ 0x80
10006628:	0022      	movs	r2, r4
1000662a:	e7ec      	b.n	10006606 <tud_control_xfer+0x6e>
1000662c:	2000      	movs	r0, #0
1000662e:	e7e3      	b.n	100065f8 <tud_control_xfer+0x60>
10006630:	20001fd4 	.word	0x20001fd4
10006634:	20001ff0 	.word	0x20001ff0

10006638 <usbd_control_reset>:
10006638:	b510      	push	{r4, lr}
1000663a:	2214      	movs	r2, #20
1000663c:	2100      	movs	r1, #0
1000663e:	4802      	ldr	r0, [pc, #8]	@ (10006648 <usbd_control_reset+0x10>)
10006640:	f7fc fdae 	bl	100031a0 <__wrap_memset>
10006644:	bd10      	pop	{r4, pc}
10006646:	46c0      	nop			@ (mov r8, r8)
10006648:	20001fd4 	.word	0x20001fd4

1000664c <usbd_control_set_complete_callback>:
1000664c:	4b01      	ldr	r3, [pc, #4]	@ (10006654 <usbd_control_set_complete_callback+0x8>)
1000664e:	6118      	str	r0, [r3, #16]
10006650:	4770      	bx	lr
10006652:	46c0      	nop			@ (mov r8, r8)
10006654:	20001fd4 	.word	0x20001fd4

10006658 <usbd_control_set_request>:
10006658:	b510      	push	{r4, lr}
1000665a:	4c05      	ldr	r4, [pc, #20]	@ (10006670 <usbd_control_set_request+0x18>)
1000665c:	0001      	movs	r1, r0
1000665e:	2208      	movs	r2, #8
10006660:	0020      	movs	r0, r4
10006662:	f7fc fda3 	bl	100031ac <__wrap___aeabi_memcpy>
10006666:	2300      	movs	r3, #0
10006668:	60a3      	str	r3, [r4, #8]
1000666a:	60e3      	str	r3, [r4, #12]
1000666c:	bd10      	pop	{r4, pc}
1000666e:	46c0      	nop			@ (mov r8, r8)
10006670:	20001fd4 	.word	0x20001fd4

10006674 <usbd_control_xfer_cb>:
10006674:	b570      	push	{r4, r5, r6, lr}
10006676:	4c37      	ldr	r4, [pc, #220]	@ (10006754 <usbd_control_xfer_cb+0xe0>)
10006678:	001d      	movs	r5, r3
1000667a:	7823      	ldrb	r3, [r4, #0]
1000667c:	0006      	movs	r6, r0
1000667e:	09da      	lsrs	r2, r3, #7
10006680:	09c9      	lsrs	r1, r1, #7
10006682:	428a      	cmp	r2, r1
10006684:	d010      	beq.n	100066a8 <usbd_control_xfer_cb+0x34>
10006686:	2000      	movs	r0, #0
10006688:	2d00      	cmp	r5, #0
1000668a:	d000      	beq.n	1000668e <usbd_control_xfer_cb+0x1a>
1000668c:	bd70      	pop	{r4, r5, r6, pc}
1000668e:	0021      	movs	r1, r4
10006690:	0030      	movs	r0, r6
10006692:	f7ff f909 	bl	100058a8 <dcd_edpt0_status_complete>
10006696:	6923      	ldr	r3, [r4, #16]
10006698:	2b00      	cmp	r3, #0
1000669a:	d003      	beq.n	100066a4 <usbd_control_xfer_cb+0x30>
1000669c:	0022      	movs	r2, r4
1000669e:	2103      	movs	r1, #3
100066a0:	0030      	movs	r0, r6
100066a2:	4798      	blx	r3
100066a4:	2001      	movs	r0, #1
100066a6:	e7f1      	b.n	1000668c <usbd_control_xfer_cb+0x18>
100066a8:	2b7f      	cmp	r3, #127	@ 0x7f
100066aa:	d806      	bhi.n	100066ba <usbd_control_xfer_cb+0x46>
100066ac:	68a0      	ldr	r0, [r4, #8]
100066ae:	2800      	cmp	r0, #0
100066b0:	d0ec      	beq.n	1000668c <usbd_control_xfer_cb+0x18>
100066b2:	002a      	movs	r2, r5
100066b4:	4928      	ldr	r1, [pc, #160]	@ (10006758 <usbd_control_xfer_cb+0xe4>)
100066b6:	f7fc fd79 	bl	100031ac <__wrap___aeabi_memcpy>
100066ba:	89e2      	ldrh	r2, [r4, #14]
100066bc:	68a1      	ldr	r1, [r4, #8]
100066be:	1952      	adds	r2, r2, r5
100066c0:	88e3      	ldrh	r3, [r4, #6]
100066c2:	b292      	uxth	r2, r2
100066c4:	1949      	adds	r1, r1, r5
100066c6:	81e2      	strh	r2, [r4, #14]
100066c8:	60a1      	str	r1, [r4, #8]
100066ca:	4293      	cmp	r3, r2
100066cc:	d014      	beq.n	100066f8 <usbd_control_xfer_cb+0x84>
100066ce:	2d3f      	cmp	r5, #63	@ 0x3f
100066d0:	d912      	bls.n	100066f8 <usbd_control_xfer_cb+0x84>
100066d2:	89a3      	ldrh	r3, [r4, #12]
100066d4:	1a98      	subs	r0, r3, r2
100066d6:	1c05      	adds	r5, r0, #0
100066d8:	b280      	uxth	r0, r0
100066da:	2840      	cmp	r0, #64	@ 0x40
100066dc:	d828      	bhi.n	10006730 <usbd_control_xfer_cb+0xbc>
100066de:	7820      	ldrb	r0, [r4, #0]
100066e0:	b2ad      	uxth	r5, r5
100066e2:	287f      	cmp	r0, #127	@ 0x7f
100066e4:	d826      	bhi.n	10006734 <usbd_control_xfer_cb+0xc0>
100066e6:	2100      	movs	r1, #0
100066e8:	429a      	cmp	r2, r3
100066ea:	d030      	beq.n	1000674e <usbd_control_xfer_cb+0xda>
100066ec:	4a1a      	ldr	r2, [pc, #104]	@ (10006758 <usbd_control_xfer_cb+0xe4>)
100066ee:	002b      	movs	r3, r5
100066f0:	0030      	movs	r0, r6
100066f2:	f7ff ff13 	bl	1000651c <usbd_edpt_xfer>
100066f6:	e7c9      	b.n	1000668c <usbd_control_xfer_cb+0x18>
100066f8:	6923      	ldr	r3, [r4, #16]
100066fa:	2b00      	cmp	r3, #0
100066fc:	d005      	beq.n	1000670a <usbd_control_xfer_cb+0x96>
100066fe:	0022      	movs	r2, r4
10006700:	2102      	movs	r1, #2
10006702:	0030      	movs	r0, r6
10006704:	4798      	blx	r3
10006706:	2800      	cmp	r0, #0
10006708:	d008      	beq.n	1000671c <usbd_control_xfer_cb+0xa8>
1000670a:	2180      	movs	r1, #128	@ 0x80
1000670c:	7823      	ldrb	r3, [r4, #0]
1000670e:	2200      	movs	r2, #0
10006710:	4399      	bics	r1, r3
10006712:	0030      	movs	r0, r6
10006714:	2300      	movs	r3, #0
10006716:	f7ff ff01 	bl	1000651c <usbd_edpt_xfer>
1000671a:	e7b7      	b.n	1000668c <usbd_control_xfer_cb+0x18>
1000671c:	2100      	movs	r1, #0
1000671e:	0030      	movs	r0, r6
10006720:	f7ff f96a 	bl	100059f8 <dcd_edpt_stall>
10006724:	0030      	movs	r0, r6
10006726:	2180      	movs	r1, #128	@ 0x80
10006728:	f7ff f966 	bl	100059f8 <dcd_edpt_stall>
1000672c:	2001      	movs	r0, #1
1000672e:	e7ad      	b.n	1000668c <usbd_control_xfer_cb+0x18>
10006730:	2540      	movs	r5, #64	@ 0x40
10006732:	e7d4      	b.n	100066de <usbd_control_xfer_cb+0x6a>
10006734:	429a      	cmp	r2, r3
10006736:	d007      	beq.n	10006748 <usbd_control_xfer_cb+0xd4>
10006738:	4c07      	ldr	r4, [pc, #28]	@ (10006758 <usbd_control_xfer_cb+0xe4>)
1000673a:	002a      	movs	r2, r5
1000673c:	0020      	movs	r0, r4
1000673e:	f7fc fd35 	bl	100031ac <__wrap___aeabi_memcpy>
10006742:	2180      	movs	r1, #128	@ 0x80
10006744:	0022      	movs	r2, r4
10006746:	e7d2      	b.n	100066ee <usbd_control_xfer_cb+0x7a>
10006748:	2180      	movs	r1, #128	@ 0x80
1000674a:	2200      	movs	r2, #0
1000674c:	e7cf      	b.n	100066ee <usbd_control_xfer_cb+0x7a>
1000674e:	2200      	movs	r2, #0
10006750:	e7cd      	b.n	100066ee <usbd_control_xfer_cb+0x7a>
10006752:	46c0      	nop			@ (mov r8, r8)
10006754:	20001fd4 	.word	0x20001fd4
10006758:	20001ff0 	.word	0x20001ff0

1000675c <_prep_out_transaction.isra.0>:
1000675c:	b570      	push	{r4, r5, r6, lr}
1000675e:	0004      	movs	r4, r0
10006760:	f7ff f9d0 	bl	10005b04 <tud_mounted>
10006764:	2800      	cmp	r0, #0
10006766:	d100      	bne.n	1000676a <_prep_out_transaction.isra.0+0xe>
10006768:	bd70      	pop	{r4, r5, r6, pc}
1000676a:	f7ff f9d3 	bl	10005b14 <tud_suspended>
1000676e:	2800      	cmp	r0, #0
10006770:	d1fa      	bne.n	10006768 <_prep_out_transaction.isra.0+0xc>
10006772:	78e3      	ldrb	r3, [r4, #3]
10006774:	2b00      	cmp	r3, #0
10006776:	d0f7      	beq.n	10006768 <_prep_out_transaction.isra.0+0xc>
10006778:	0023      	movs	r3, r4
1000677a:	3310      	adds	r3, #16
1000677c:	0018      	movs	r0, r3
1000677e:	001d      	movs	r5, r3
10006780:	f000 fdde 	bl	10007340 <tu_fifo_remaining>
10006784:	283f      	cmp	r0, #63	@ 0x3f
10006786:	d9ef      	bls.n	10006768 <_prep_out_transaction.isra.0+0xc>
10006788:	2000      	movs	r0, #0
1000678a:	78e1      	ldrb	r1, [r4, #3]
1000678c:	f7ff fe9e 	bl	100064cc <usbd_edpt_claim>
10006790:	2800      	cmp	r0, #0
10006792:	d0e9      	beq.n	10006768 <_prep_out_transaction.isra.0+0xc>
10006794:	0028      	movs	r0, r5
10006796:	f000 fdd3 	bl	10007340 <tu_fifo_remaining>
1000679a:	78e1      	ldrb	r1, [r4, #3]
1000679c:	283f      	cmp	r0, #63	@ 0x3f
1000679e:	d906      	bls.n	100067ae <_prep_out_transaction.isra.0+0x52>
100067a0:	34c8      	adds	r4, #200	@ 0xc8
100067a2:	0022      	movs	r2, r4
100067a4:	2340      	movs	r3, #64	@ 0x40
100067a6:	2000      	movs	r0, #0
100067a8:	f7ff feb8 	bl	1000651c <usbd_edpt_xfer>
100067ac:	e7dc      	b.n	10006768 <_prep_out_transaction.isra.0+0xc>
100067ae:	2000      	movs	r0, #0
100067b0:	f7ff fea0 	bl	100064f4 <usbd_edpt_release>
100067b4:	e7d8      	b.n	10006768 <_prep_out_transaction.isra.0+0xc>
100067b6:	46c0      	nop			@ (mov r8, r8)

100067b8 <tud_cdc_n_connected>:
100067b8:	b510      	push	{r4, lr}
100067ba:	0004      	movs	r4, r0
100067bc:	f7ff f9a2 	bl	10005b04 <tud_mounted>
100067c0:	2800      	cmp	r0, #0
100067c2:	d101      	bne.n	100067c8 <tud_cdc_n_connected+0x10>
100067c4:	2000      	movs	r0, #0
100067c6:	bd10      	pop	{r4, pc}
100067c8:	f7ff f9a4 	bl	10005b14 <tud_suspended>
100067cc:	2800      	cmp	r0, #0
100067ce:	d1f9      	bne.n	100067c4 <tud_cdc_n_connected+0xc>
100067d0:	00a0      	lsls	r0, r4, #2
100067d2:	1900      	adds	r0, r0, r4
100067d4:	00c0      	lsls	r0, r0, #3
100067d6:	4b04      	ldr	r3, [pc, #16]	@ (100067e8 <tud_cdc_n_connected+0x30>)
100067d8:	1900      	adds	r0, r0, r4
100067da:	00c0      	lsls	r0, r0, #3
100067dc:	181b      	adds	r3, r3, r0
100067de:	2001      	movs	r0, #1
100067e0:	791b      	ldrb	r3, [r3, #4]
100067e2:	4018      	ands	r0, r3
100067e4:	e7ef      	b.n	100067c6 <tud_cdc_n_connected+0xe>
100067e6:	46c0      	nop			@ (mov r8, r8)
100067e8:	20001948 	.word	0x20001948

100067ec <tud_cdc_n_available>:
100067ec:	0083      	lsls	r3, r0, #2
100067ee:	b510      	push	{r4, lr}
100067f0:	181b      	adds	r3, r3, r0
100067f2:	00db      	lsls	r3, r3, #3
100067f4:	1818      	adds	r0, r3, r0
100067f6:	4b03      	ldr	r3, [pc, #12]	@ (10006804 <tud_cdc_n_available+0x18>)
100067f8:	00c0      	lsls	r0, r0, #3
100067fa:	18c0      	adds	r0, r0, r3
100067fc:	f000 fd82 	bl	10007304 <tu_fifo_count>
10006800:	bd10      	pop	{r4, pc}
10006802:	46c0      	nop			@ (mov r8, r8)
10006804:	20001958 	.word	0x20001958

10006808 <tud_cdc_n_read>:
10006808:	b5f8      	push	{r3, r4, r5, r6, r7, lr}
1000680a:	0086      	lsls	r6, r0, #2
1000680c:	1834      	adds	r4, r6, r0
1000680e:	00e4      	lsls	r4, r4, #3
10006810:	1824      	adds	r4, r4, r0
10006812:	4647      	mov	r7, r8
10006814:	46ce      	mov	lr, r9
10006816:	00e4      	lsls	r4, r4, #3
10006818:	0023      	movs	r3, r4
1000681a:	b580      	push	{r7, lr}
1000681c:	4f1f      	ldr	r7, [pc, #124]	@ (1000689c <tud_cdc_n_read+0x94>)
1000681e:	3310      	adds	r3, #16
10006820:	18fb      	adds	r3, r7, r3
10006822:	4698      	mov	r8, r3
10006824:	2380      	movs	r3, #128	@ 0x80
10006826:	0005      	movs	r5, r0
10006828:	025b      	lsls	r3, r3, #9
1000682a:	429a      	cmp	r2, r3
1000682c:	d300      	bcc.n	10006830 <tud_cdc_n_read+0x28>
1000682e:	4a1c      	ldr	r2, [pc, #112]	@ (100068a0 <tud_cdc_n_read+0x98>)
10006830:	4640      	mov	r0, r8
10006832:	b292      	uxth	r2, r2
10006834:	f000 fde8 	bl	10007408 <tu_fifo_read_n>
10006838:	4681      	mov	r9, r0
1000683a:	f7ff f963 	bl	10005b04 <tud_mounted>
1000683e:	2800      	cmp	r0, #0
10006840:	d104      	bne.n	1000684c <tud_cdc_n_read+0x44>
10006842:	4648      	mov	r0, r9
10006844:	bcc0      	pop	{r6, r7}
10006846:	46b9      	mov	r9, r7
10006848:	46b0      	mov	r8, r6
1000684a:	bdf8      	pop	{r3, r4, r5, r6, r7, pc}
1000684c:	f7ff f962 	bl	10005b14 <tud_suspended>
10006850:	2800      	cmp	r0, #0
10006852:	d1f6      	bne.n	10006842 <tud_cdc_n_read+0x3a>
10006854:	1976      	adds	r6, r6, r5
10006856:	00f6      	lsls	r6, r6, #3
10006858:	1975      	adds	r5, r6, r5
1000685a:	00ed      	lsls	r5, r5, #3
1000685c:	197d      	adds	r5, r7, r5
1000685e:	78eb      	ldrb	r3, [r5, #3]
10006860:	2b00      	cmp	r3, #0
10006862:	d0ee      	beq.n	10006842 <tud_cdc_n_read+0x3a>
10006864:	4640      	mov	r0, r8
10006866:	f000 fd6b 	bl	10007340 <tu_fifo_remaining>
1000686a:	283f      	cmp	r0, #63	@ 0x3f
1000686c:	d9e9      	bls.n	10006842 <tud_cdc_n_read+0x3a>
1000686e:	2000      	movs	r0, #0
10006870:	78e9      	ldrb	r1, [r5, #3]
10006872:	f7ff fe2b 	bl	100064cc <usbd_edpt_claim>
10006876:	2800      	cmp	r0, #0
10006878:	d0e3      	beq.n	10006842 <tud_cdc_n_read+0x3a>
1000687a:	4640      	mov	r0, r8
1000687c:	f000 fd60 	bl	10007340 <tu_fifo_remaining>
10006880:	78e9      	ldrb	r1, [r5, #3]
10006882:	283f      	cmp	r0, #63	@ 0x3f
10006884:	d906      	bls.n	10006894 <tud_cdc_n_read+0x8c>
10006886:	34c8      	adds	r4, #200	@ 0xc8
10006888:	2340      	movs	r3, #64	@ 0x40
1000688a:	193a      	adds	r2, r7, r4
1000688c:	2000      	movs	r0, #0
1000688e:	f7ff fe45 	bl	1000651c <usbd_edpt_xfer>
10006892:	e7d6      	b.n	10006842 <tud_cdc_n_read+0x3a>
10006894:	2000      	movs	r0, #0
10006896:	f7ff fe2d 	bl	100064f4 <usbd_edpt_release>
1000689a:	e7d2      	b.n	10006842 <tud_cdc_n_read+0x3a>
1000689c:	20001948 	.word	0x20001948
100068a0:	0000ffff 	.word	0x0000ffff

100068a4 <tud_cdc_n_write_flush>:
100068a4:	b5f8      	push	{r3, r4, r5, r6, r7, lr}
100068a6:	0004      	movs	r4, r0
100068a8:	f7ff f92c 	bl	10005b04 <tud_mounted>
100068ac:	2800      	cmp	r0, #0
100068ae:	d101      	bne.n	100068b4 <tud_cdc_n_write_flush+0x10>
100068b0:	2000      	movs	r0, #0
100068b2:	bdf8      	pop	{r3, r4, r5, r6, r7, pc}
100068b4:	f7ff f92e 	bl	10005b14 <tud_suspended>
100068b8:	2800      	cmp	r0, #0
100068ba:	d1f9      	bne.n	100068b0 <tud_cdc_n_write_flush+0xc>
100068bc:	00a0      	lsls	r0, r4, #2
100068be:	1900      	adds	r0, r0, r4
100068c0:	00c0      	lsls	r0, r0, #3
100068c2:	1900      	adds	r0, r0, r4
100068c4:	00c4      	lsls	r4, r0, #3
100068c6:	0023      	movs	r3, r4
100068c8:	4e14      	ldr	r6, [pc, #80]	@ (1000691c <tud_cdc_n_write_flush+0x78>)
100068ca:	3324      	adds	r3, #36	@ 0x24
100068cc:	18f7      	adds	r7, r6, r3
100068ce:	0038      	movs	r0, r7
100068d0:	f000 fd18 	bl	10007304 <tu_fifo_count>
100068d4:	2800      	cmp	r0, #0
100068d6:	d0eb      	beq.n	100068b0 <tud_cdc_n_write_flush+0xc>
100068d8:	1935      	adds	r5, r6, r4
100068da:	2000      	movs	r0, #0
100068dc:	78a9      	ldrb	r1, [r5, #2]
100068de:	f7ff fdf5 	bl	100064cc <usbd_edpt_claim>
100068e2:	2800      	cmp	r0, #0
100068e4:	d0e4      	beq.n	100068b0 <tud_cdc_n_write_flush+0xc>
100068e6:	46b4      	mov	ip, r6
100068e8:	3409      	adds	r4, #9
100068ea:	34ff      	adds	r4, #255	@ 0xff
100068ec:	44a4      	add	ip, r4
100068ee:	4664      	mov	r4, ip
100068f0:	2240      	movs	r2, #64	@ 0x40
100068f2:	0021      	movs	r1, r4
100068f4:	0038      	movs	r0, r7
100068f6:	f000 fd87 	bl	10007408 <tu_fifo_read_n>
100068fa:	78a9      	ldrb	r1, [r5, #2]
100068fc:	0003      	movs	r3, r0
100068fe:	1e05      	subs	r5, r0, #0
10006900:	d007      	beq.n	10006912 <tud_cdc_n_write_flush+0x6e>
10006902:	0022      	movs	r2, r4
10006904:	2000      	movs	r0, #0
10006906:	f7ff fe09 	bl	1000651c <usbd_edpt_xfer>
1000690a:	2800      	cmp	r0, #0
1000690c:	d0d0      	beq.n	100068b0 <tud_cdc_n_write_flush+0xc>
1000690e:	0028      	movs	r0, r5
10006910:	e7cf      	b.n	100068b2 <tud_cdc_n_write_flush+0xe>
10006912:	2000      	movs	r0, #0
10006914:	f7ff fdee 	bl	100064f4 <usbd_edpt_release>
10006918:	e7ca      	b.n	100068b0 <tud_cdc_n_write_flush+0xc>
1000691a:	46c0      	nop			@ (mov r8, r8)
1000691c:	20001948 	.word	0x20001948

10006920 <tud_cdc_n_write>:
10006920:	b570      	push	{r4, r5, r6, lr}
10006922:	0084      	lsls	r4, r0, #2
10006924:	1824      	adds	r4, r4, r0
10006926:	00e4      	lsls	r4, r4, #3
10006928:	4b0c      	ldr	r3, [pc, #48]	@ (1000695c <tud_cdc_n_write+0x3c>)
1000692a:	1824      	adds	r4, r4, r0
1000692c:	00e4      	lsls	r4, r4, #3
1000692e:	18e4      	adds	r4, r4, r3
10006930:	2380      	movs	r3, #128	@ 0x80
10006932:	0005      	movs	r5, r0
10006934:	025b      	lsls	r3, r3, #9
10006936:	429a      	cmp	r2, r3
10006938:	d300      	bcc.n	1000693c <tud_cdc_n_write+0x1c>
1000693a:	4a09      	ldr	r2, [pc, #36]	@ (10006960 <tud_cdc_n_write+0x40>)
1000693c:	0020      	movs	r0, r4
1000693e:	b292      	uxth	r2, r2
10006940:	f000 fe2a 	bl	10007598 <tu_fifo_write_n>
10006944:	0006      	movs	r6, r0
10006946:	0020      	movs	r0, r4
10006948:	f000 fcdc 	bl	10007304 <tu_fifo_count>
1000694c:	283f      	cmp	r0, #63	@ 0x3f
1000694e:	d801      	bhi.n	10006954 <tud_cdc_n_write+0x34>
10006950:	0030      	movs	r0, r6
10006952:	bd70      	pop	{r4, r5, r6, pc}
10006954:	0028      	movs	r0, r5
10006956:	f7ff ffa5 	bl	100068a4 <tud_cdc_n_write_flush>
1000695a:	e7f9      	b.n	10006950 <tud_cdc_n_write+0x30>
1000695c:	2000196c 	.word	0x2000196c
10006960:	0000ffff 	.word	0x0000ffff

10006964 <tud_cdc_n_write_available>:
10006964:	0083      	lsls	r3, r0, #2
10006966:	b510      	push	{r4, lr}
10006968:	181b      	adds	r3, r3, r0
1000696a:	00db      	lsls	r3, r3, #3
1000696c:	1818      	adds	r0, r3, r0
1000696e:	4b03      	ldr	r3, [pc, #12]	@ (1000697c <tud_cdc_n_write_available+0x18>)
10006970:	00c0      	lsls	r0, r0, #3
10006972:	18c0      	adds	r0, r0, r3
10006974:	f000 fce4 	bl	10007340 <tu_fifo_remaining>
10006978:	bd10      	pop	{r4, pc}
1000697a:	46c0      	nop			@ (mov r8, r8)
1000697c:	2000196c 	.word	0x2000196c

10006980 <cdcd_init>:
10006980:	22a4      	movs	r2, #164	@ 0xa4
10006982:	b5f0      	push	{r4, r5, r6, r7, lr}
10006984:	2500      	movs	r5, #0
10006986:	4c19      	ldr	r4, [pc, #100]	@ (100069ec <cdcd_init+0x6c>)
10006988:	b083      	sub	sp, #12
1000698a:	2100      	movs	r1, #0
1000698c:	0020      	movs	r0, r4
1000698e:	0052      	lsls	r2, r2, #1
10006990:	f7fc fc06 	bl	100031a0 <__wrap_memset>
10006994:	4b16      	ldr	r3, [pc, #88]	@ (100069f0 <cdcd_init+0x70>)
10006996:	0021      	movs	r1, r4
10006998:	701d      	strb	r5, [r3, #0]
1000699a:	23ff      	movs	r3, #255	@ 0xff
1000699c:	7163      	strb	r3, [r4, #5]
1000699e:	23e1      	movs	r3, #225	@ 0xe1
100069a0:	025b      	lsls	r3, r3, #9
100069a2:	60a3      	str	r3, [r4, #8]
100069a4:	0020      	movs	r0, r4
100069a6:	2308      	movs	r3, #8
100069a8:	2240      	movs	r2, #64	@ 0x40
100069aa:	73a3      	strb	r3, [r4, #14]
100069ac:	3138      	adds	r1, #56	@ 0x38
100069ae:	9500      	str	r5, [sp, #0]
100069b0:	3b07      	subs	r3, #7
100069b2:	3010      	adds	r0, #16
100069b4:	f000 fc70 	bl	10007298 <tu_fifo_config>
100069b8:	0027      	movs	r7, r4
100069ba:	2301      	movs	r3, #1
100069bc:	0021      	movs	r1, r4
100069be:	0020      	movs	r0, r4
100069c0:	0026      	movs	r6, r4
100069c2:	2240      	movs	r2, #64	@ 0x40
100069c4:	3178      	adds	r1, #120	@ 0x78
100069c6:	9300      	str	r3, [sp, #0]
100069c8:	37b8      	adds	r7, #184	@ 0xb8
100069ca:	3024      	adds	r0, #36	@ 0x24
100069cc:	f000 fc64 	bl	10007298 <tu_fifo_config>
100069d0:	36c0      	adds	r6, #192	@ 0xc0
100069d2:	0038      	movs	r0, r7
100069d4:	f7fa fb92 	bl	100010fc <mutex_init>
100069d8:	0030      	movs	r0, r6
100069da:	f7fa fb8f 	bl	100010fc <mutex_init>
100069de:	61e5      	str	r5, [r4, #28]
100069e0:	6227      	str	r7, [r4, #32]
100069e2:	6326      	str	r6, [r4, #48]	@ 0x30
100069e4:	6365      	str	r5, [r4, #52]	@ 0x34
100069e6:	b003      	add	sp, #12
100069e8:	bdf0      	pop	{r4, r5, r6, r7, pc}
100069ea:	46c0      	nop			@ (mov r8, r8)
100069ec:	20001948 	.word	0x20001948
100069f0:	20001fd0 	.word	0x20001fd0

100069f4 <cdcd_deinit>:
100069f4:	4b0a      	ldr	r3, [pc, #40]	@ (10006a20 <cdcd_deinit+0x2c>)
100069f6:	6b19      	ldr	r1, [r3, #48]	@ 0x30
100069f8:	6a1a      	ldr	r2, [r3, #32]
100069fa:	2900      	cmp	r1, #0
100069fc:	d00c      	beq.n	10006a18 <cdcd_deinit+0x24>
100069fe:	2a00      	cmp	r2, #0
10006a00:	d007      	beq.n	10006a12 <cdcd_deinit+0x1e>
10006a02:	2200      	movs	r2, #0
10006a04:	61da      	str	r2, [r3, #28]
10006a06:	635a      	str	r2, [r3, #52]	@ 0x34
10006a08:	631a      	str	r2, [r3, #48]	@ 0x30
10006a0a:	2200      	movs	r2, #0
10006a0c:	621a      	str	r2, [r3, #32]
10006a0e:	2001      	movs	r0, #1
10006a10:	4770      	bx	lr
10006a12:	635a      	str	r2, [r3, #52]	@ 0x34
10006a14:	631a      	str	r2, [r3, #48]	@ 0x30
10006a16:	e7fa      	b.n	10006a0e <cdcd_deinit+0x1a>
10006a18:	2a00      	cmp	r2, #0
10006a1a:	d0f8      	beq.n	10006a0e <cdcd_deinit+0x1a>
10006a1c:	61d9      	str	r1, [r3, #28]
10006a1e:	e7f4      	b.n	10006a0a <cdcd_deinit+0x16>
10006a20:	20001948 	.word	0x20001948

10006a24 <cdcd_reset>:
10006a24:	b570      	push	{r4, r5, r6, lr}
10006a26:	2205      	movs	r2, #5
10006a28:	2100      	movs	r1, #0
10006a2a:	480d      	ldr	r0, [pc, #52]	@ (10006a60 <cdcd_reset+0x3c>)
10006a2c:	f7fc fbb8 	bl	100031a0 <__wrap_memset>
10006a30:	4d0c      	ldr	r5, [pc, #48]	@ (10006a64 <cdcd_reset+0x40>)
10006a32:	782b      	ldrb	r3, [r5, #0]
10006a34:	07da      	lsls	r2, r3, #31
10006a36:	d507      	bpl.n	10006a48 <cdcd_reset+0x24>
10006a38:	4c0b      	ldr	r4, [pc, #44]	@ (10006a68 <cdcd_reset+0x44>)
10006a3a:	079b      	lsls	r3, r3, #30
10006a3c:	d50c      	bpl.n	10006a58 <cdcd_reset+0x34>
10006a3e:	2101      	movs	r1, #1
10006a40:	0020      	movs	r0, r4
10006a42:	f000 fe7d 	bl	10007740 <tu_fifo_set_overwritable>
10006a46:	bd70      	pop	{r4, r5, r6, pc}
10006a48:	4805      	ldr	r0, [pc, #20]	@ (10006a60 <cdcd_reset+0x3c>)
10006a4a:	3010      	adds	r0, #16
10006a4c:	f000 fe58 	bl	10007700 <tu_fifo_clear>
10006a50:	782b      	ldrb	r3, [r5, #0]
10006a52:	4c05      	ldr	r4, [pc, #20]	@ (10006a68 <cdcd_reset+0x44>)
10006a54:	079b      	lsls	r3, r3, #30
10006a56:	d4f2      	bmi.n	10006a3e <cdcd_reset+0x1a>
10006a58:	0020      	movs	r0, r4
10006a5a:	f000 fe51 	bl	10007700 <tu_fifo_clear>
10006a5e:	e7ee      	b.n	10006a3e <cdcd_reset+0x1a>
10006a60:	20001948 	.word	0x20001948
10006a64:	20001fd0 	.word	0x20001fd0
10006a68:	2000196c 	.word	0x2000196c

10006a6c <cdcd_open>:
10006a6c:	b5f0      	push	{r4, r5, r6, r7, lr}
10006a6e:	46c6      	mov	lr, r8
10006a70:	b500      	push	{lr}
10006a72:	794b      	ldrb	r3, [r1, #5]
10006a74:	0007      	movs	r7, r0
10006a76:	b082      	sub	sp, #8
10006a78:	2b02      	cmp	r3, #2
10006a7a:	d102      	bne.n	10006a82 <cdcd_open+0x16>
10006a7c:	798b      	ldrb	r3, [r1, #6]
10006a7e:	2b02      	cmp	r3, #2
10006a80:	d005      	beq.n	10006a8e <cdcd_open+0x22>
10006a82:	2500      	movs	r5, #0
10006a84:	0028      	movs	r0, r5
10006a86:	b002      	add	sp, #8
10006a88:	bc80      	pop	{r7}
10006a8a:	46b8      	mov	r8, r7
10006a8c:	bdf0      	pop	{r4, r5, r6, r7, pc}
10006a8e:	4b22      	ldr	r3, [pc, #136]	@ (10006b18 <cdcd_open+0xac>)
10006a90:	4698      	mov	r8, r3
10006a92:	789b      	ldrb	r3, [r3, #2]
10006a94:	2b00      	cmp	r3, #0
10006a96:	d1f4      	bne.n	10006a82 <cdcd_open+0x16>
10006a98:	4640      	mov	r0, r8
10006a9a:	788b      	ldrb	r3, [r1, #2]
10006a9c:	2509      	movs	r5, #9
10006a9e:	7003      	strb	r3, [r0, #0]
10006aa0:	780c      	ldrb	r4, [r1, #0]
10006aa2:	190c      	adds	r4, r1, r4
10006aa4:	7863      	ldrb	r3, [r4, #1]
10006aa6:	2b24      	cmp	r3, #36	@ 0x24
10006aa8:	d007      	beq.n	10006aba <cdcd_open+0x4e>
10006aaa:	e00c      	b.n	10006ac6 <cdcd_open+0x5a>
10006aac:	7823      	ldrb	r3, [r4, #0]
10006aae:	18e4      	adds	r4, r4, r3
10006ab0:	195d      	adds	r5, r3, r5
10006ab2:	7863      	ldrb	r3, [r4, #1]
10006ab4:	b2ad      	uxth	r5, r5
10006ab6:	2b24      	cmp	r3, #36	@ 0x24
10006ab8:	d105      	bne.n	10006ac6 <cdcd_open+0x5a>
10006aba:	4295      	cmp	r5, r2
10006abc:	d9f6      	bls.n	10006aac <cdcd_open+0x40>
10006abe:	4640      	mov	r0, r8
10006ac0:	f7ff fe4c 	bl	1000675c <_prep_out_transaction.isra.0>
10006ac4:	e7de      	b.n	10006a84 <cdcd_open+0x18>
10006ac6:	001a      	movs	r2, r3
10006ac8:	2b05      	cmp	r3, #5
10006aca:	d015      	beq.n	10006af8 <cdcd_open+0x8c>
10006acc:	2a04      	cmp	r2, #4
10006ace:	d1f6      	bne.n	10006abe <cdcd_open+0x52>
10006ad0:	7963      	ldrb	r3, [r4, #5]
10006ad2:	2b0a      	cmp	r3, #10
10006ad4:	d1f3      	bne.n	10006abe <cdcd_open+0x52>
10006ad6:	4b11      	ldr	r3, [pc, #68]	@ (10006b1c <cdcd_open+0xb0>)
10006ad8:	7826      	ldrb	r6, [r4, #0]
10006ada:	9301      	str	r3, [sp, #4]
10006adc:	3301      	adds	r3, #1
10006ade:	9300      	str	r3, [sp, #0]
10006ae0:	0038      	movs	r0, r7
10006ae2:	2302      	movs	r3, #2
10006ae4:	19a1      	adds	r1, r4, r6
10006ae6:	3a02      	subs	r2, #2
10006ae8:	f7ff fc8a 	bl	10006400 <usbd_open_edpt_pair>
10006aec:	2800      	cmp	r0, #0
10006aee:	d0c8      	beq.n	10006a82 <cdcd_open+0x16>
10006af0:	350e      	adds	r5, #14
10006af2:	19ad      	adds	r5, r5, r6
10006af4:	b2ad      	uxth	r5, r5
10006af6:	e7e2      	b.n	10006abe <cdcd_open+0x52>
10006af8:	0021      	movs	r1, r4
10006afa:	0038      	movs	r0, r7
10006afc:	f7ff fccc 	bl	10006498 <usbd_edpt_open>
10006b00:	2800      	cmp	r0, #0
10006b02:	d0be      	beq.n	10006a82 <cdcd_open+0x16>
10006b04:	4642      	mov	r2, r8
10006b06:	78a3      	ldrb	r3, [r4, #2]
10006b08:	7053      	strb	r3, [r2, #1]
10006b0a:	7823      	ldrb	r3, [r4, #0]
10006b0c:	195d      	adds	r5, r3, r5
10006b0e:	18e4      	adds	r4, r4, r3
10006b10:	7862      	ldrb	r2, [r4, #1]
10006b12:	b2ad      	uxth	r5, r5
10006b14:	e7da      	b.n	10006acc <cdcd_open+0x60>
10006b16:	46c0      	nop			@ (mov r8, r8)
10006b18:	20001948 	.word	0x20001948
10006b1c:	2000194a 	.word	0x2000194a

10006b20 <cdcd_control_xfer_cb>:
10006b20:	2360      	movs	r3, #96	@ 0x60
10006b22:	468c      	mov	ip, r1
10006b24:	0011      	movs	r1, r2
10006b26:	7812      	ldrb	r2, [r2, #0]
10006b28:	b570      	push	{r4, r5, r6, lr}
10006b2a:	4013      	ands	r3, r2
10006b2c:	2200      	movs	r2, #0
10006b2e:	2b20      	cmp	r3, #32
10006b30:	d114      	bne.n	10006b5c <cdcd_control_xfer_cb+0x3c>
10006b32:	4c31      	ldr	r4, [pc, #196]	@ (10006bf8 <cdcd_control_xfer_cb+0xd8>)
10006b34:	794b      	ldrb	r3, [r1, #5]
10006b36:	0026      	movs	r6, r4
10006b38:	790d      	ldrb	r5, [r1, #4]
10006b3a:	7824      	ldrb	r4, [r4, #0]
10006b3c:	021b      	lsls	r3, r3, #8
10006b3e:	432b      	orrs	r3, r5
10006b40:	429c      	cmp	r4, r3
10006b42:	d10b      	bne.n	10006b5c <cdcd_control_xfer_cb+0x3c>
10006b44:	784b      	ldrb	r3, [r1, #1]
10006b46:	2b22      	cmp	r3, #34	@ 0x22
10006b48:	d01d      	beq.n	10006b86 <cdcd_control_xfer_cb+0x66>
10006b4a:	d809      	bhi.n	10006b60 <cdcd_control_xfer_cb+0x40>
10006b4c:	2b20      	cmp	r3, #32
10006b4e:	d040      	beq.n	10006bd2 <cdcd_control_xfer_cb+0xb2>
10006b50:	2b21      	cmp	r3, #33	@ 0x21
10006b52:	d103      	bne.n	10006b5c <cdcd_control_xfer_cb+0x3c>
10006b54:	4663      	mov	r3, ip
10006b56:	2b01      	cmp	r3, #1
10006b58:	d035      	beq.n	10006bc6 <cdcd_control_xfer_cb+0xa6>
10006b5a:	2201      	movs	r2, #1
10006b5c:	0010      	movs	r0, r2
10006b5e:	bd70      	pop	{r4, r5, r6, pc}
10006b60:	2b23      	cmp	r3, #35	@ 0x23
10006b62:	d1fb      	bne.n	10006b5c <cdcd_control_xfer_cb+0x3c>
10006b64:	4663      	mov	r3, ip
10006b66:	2b01      	cmp	r3, #1
10006b68:	d042      	beq.n	10006bf0 <cdcd_control_xfer_cb+0xd0>
10006b6a:	2b03      	cmp	r3, #3
10006b6c:	d1f5      	bne.n	10006b5a <cdcd_control_xfer_cb+0x3a>
10006b6e:	4b23      	ldr	r3, [pc, #140]	@ (10006bfc <cdcd_control_xfer_cb+0xdc>)
10006b70:	2b00      	cmp	r3, #0
10006b72:	d0f2      	beq.n	10006b5a <cdcd_control_xfer_cb+0x3a>
10006b74:	788b      	ldrb	r3, [r1, #2]
10006b76:	78c9      	ldrb	r1, [r1, #3]
10006b78:	2000      	movs	r0, #0
10006b7a:	0209      	lsls	r1, r1, #8
10006b7c:	4319      	orrs	r1, r3
10006b7e:	e000      	b.n	10006b82 <cdcd_control_xfer_cb+0x62>
10006b80:	bf00      	nop
10006b82:	2201      	movs	r2, #1
10006b84:	e7ea      	b.n	10006b5c <cdcd_control_xfer_cb+0x3c>
10006b86:	4663      	mov	r3, ip
10006b88:	2b01      	cmp	r3, #1
10006b8a:	d031      	beq.n	10006bf0 <cdcd_control_xfer_cb+0xd0>
10006b8c:	2b03      	cmp	r3, #3
10006b8e:	d1e4      	bne.n	10006b5a <cdcd_control_xfer_cb+0x3a>
10006b90:	2501      	movs	r5, #1
10006b92:	78cb      	ldrb	r3, [r1, #3]
10006b94:	788a      	ldrb	r2, [r1, #2]
10006b96:	021b      	lsls	r3, r3, #8
10006b98:	4313      	orrs	r3, r2
10006b9a:	001c      	movs	r4, r3
10006b9c:	401d      	ands	r5, r3
10006b9e:	0033      	movs	r3, r6
10006ba0:	2101      	movs	r1, #1
10006ba2:	3324      	adds	r3, #36	@ 0x24
10006ba4:	0018      	movs	r0, r3
10006ba6:	4069      	eors	r1, r5
10006ba8:	7134      	strb	r4, [r6, #4]
10006baa:	f000 fdc9 	bl	10007740 <tu_fifo_set_overwritable>
10006bae:	4b14      	ldr	r3, [pc, #80]	@ (10006c00 <cdcd_control_xfer_cb+0xe0>)
10006bb0:	2b00      	cmp	r3, #0
10006bb2:	d0d2      	beq.n	10006b5a <cdcd_control_xfer_cb+0x3a>
10006bb4:	2301      	movs	r3, #1
10006bb6:	0862      	lsrs	r2, r4, #1
10006bb8:	401a      	ands	r2, r3
10006bba:	0029      	movs	r1, r5
10006bbc:	2000      	movs	r0, #0
10006bbe:	e000      	b.n	10006bc2 <cdcd_control_xfer_cb+0xa2>
10006bc0:	bf00      	nop
10006bc2:	2201      	movs	r2, #1
10006bc4:	e7ca      	b.n	10006b5c <cdcd_control_xfer_cb+0x3c>
10006bc6:	4a0f      	ldr	r2, [pc, #60]	@ (10006c04 <cdcd_control_xfer_cb+0xe4>)
10006bc8:	2307      	movs	r3, #7
10006bca:	f7ff fce5 	bl	10006598 <tud_control_xfer>
10006bce:	2201      	movs	r2, #1
10006bd0:	e7c4      	b.n	10006b5c <cdcd_control_xfer_cb+0x3c>
10006bd2:	4663      	mov	r3, ip
10006bd4:	2b01      	cmp	r3, #1
10006bd6:	d0f6      	beq.n	10006bc6 <cdcd_control_xfer_cb+0xa6>
10006bd8:	2b03      	cmp	r3, #3
10006bda:	d1be      	bne.n	10006b5a <cdcd_control_xfer_cb+0x3a>
10006bdc:	4b0a      	ldr	r3, [pc, #40]	@ (10006c08 <cdcd_control_xfer_cb+0xe8>)
10006bde:	2b00      	cmp	r3, #0
10006be0:	d0bb      	beq.n	10006b5a <cdcd_control_xfer_cb+0x3a>
10006be2:	0031      	movs	r1, r6
10006be4:	2000      	movs	r0, #0
10006be6:	3108      	adds	r1, #8
10006be8:	f7fe fa90 	bl	1000510c <tud_cdc_line_coding_cb>
10006bec:	2201      	movs	r2, #1
10006bee:	e7b5      	b.n	10006b5c <cdcd_control_xfer_cb+0x3c>
10006bf0:	f7ff fcbc 	bl	1000656c <tud_control_status>
10006bf4:	2201      	movs	r2, #1
10006bf6:	e7b1      	b.n	10006b5c <cdcd_control_xfer_cb+0x3c>
10006bf8:	20001948 	.word	0x20001948
	...
10006c04:	20001950 	.word	0x20001950
10006c08:	1000510d 	.word	0x1000510d

10006c0c <cdcd_xfer_cb>:
10006c0c:	b5f8      	push	{r3, r4, r5, r6, r7, lr}
10006c0e:	4647      	mov	r7, r8
10006c10:	46ce      	mov	lr, r9
10006c12:	b580      	push	{r7, lr}
10006c14:	4c35      	ldr	r4, [pc, #212]	@ (10006cec <cdcd_xfer_cb+0xe0>)
10006c16:	001f      	movs	r7, r3
10006c18:	78e3      	ldrb	r3, [r4, #3]
10006c1a:	4680      	mov	r8, r0
10006c1c:	000d      	movs	r5, r1
10006c1e:	428b      	cmp	r3, r1
10006c20:	d03b      	beq.n	10006c9a <cdcd_xfer_cb+0x8e>
10006c22:	78a3      	ldrb	r3, [r4, #2]
10006c24:	2000      	movs	r0, #0
10006c26:	428b      	cmp	r3, r1
10006c28:	d011      	beq.n	10006c4e <cdcd_xfer_cb+0x42>
10006c2a:	bcc0      	pop	{r6, r7}
10006c2c:	46b9      	mov	r9, r7
10006c2e:	46b0      	mov	r8, r6
10006c30:	bdf8      	pop	{r3, r4, r5, r6, r7, pc}
10006c32:	4b2f      	ldr	r3, [pc, #188]	@ (10006cf0 <cdcd_xfer_cb+0xe4>)
10006c34:	2b00      	cmp	r3, #0
10006c36:	d004      	beq.n	10006c42 <cdcd_xfer_cb+0x36>
10006c38:	482e      	ldr	r0, [pc, #184]	@ (10006cf4 <cdcd_xfer_cb+0xe8>)
10006c3a:	f000 fb79 	bl	10007330 <tu_fifo_empty>
10006c3e:	2800      	cmp	r0, #0
10006c40:	d050      	beq.n	10006ce4 <cdcd_xfer_cb+0xd8>
10006c42:	0020      	movs	r0, r4
10006c44:	f7ff fd8a 	bl	1000675c <_prep_out_transaction.isra.0>
10006c48:	78a3      	ldrb	r3, [r4, #2]
10006c4a:	42ab      	cmp	r3, r5
10006c4c:	d10a      	bne.n	10006c64 <cdcd_xfer_cb+0x58>
10006c4e:	4b2a      	ldr	r3, [pc, #168]	@ (10006cf8 <cdcd_xfer_cb+0xec>)
10006c50:	2b00      	cmp	r3, #0
10006c52:	d002      	beq.n	10006c5a <cdcd_xfer_cb+0x4e>
10006c54:	2000      	movs	r0, #0
10006c56:	e000      	b.n	10006c5a <cdcd_xfer_cb+0x4e>
10006c58:	bf00      	nop
10006c5a:	2000      	movs	r0, #0
10006c5c:	f7ff fe22 	bl	100068a4 <tud_cdc_n_write_flush>
10006c60:	2800      	cmp	r0, #0
10006c62:	d001      	beq.n	10006c68 <cdcd_xfer_cb+0x5c>
10006c64:	2001      	movs	r0, #1
10006c66:	e7e0      	b.n	10006c2a <cdcd_xfer_cb+0x1e>
10006c68:	4c24      	ldr	r4, [pc, #144]	@ (10006cfc <cdcd_xfer_cb+0xf0>)
10006c6a:	0020      	movs	r0, r4
10006c6c:	f000 fb4a 	bl	10007304 <tu_fifo_count>
10006c70:	2800      	cmp	r0, #0
10006c72:	d1f7      	bne.n	10006c64 <cdcd_xfer_cb+0x58>
10006c74:	2f00      	cmp	r7, #0
10006c76:	d0f5      	beq.n	10006c64 <cdcd_xfer_cb+0x58>
10006c78:	06bb      	lsls	r3, r7, #26
10006c7a:	d1f3      	bne.n	10006c64 <cdcd_xfer_cb+0x58>
10006c7c:	3c24      	subs	r4, #36	@ 0x24
10006c7e:	4640      	mov	r0, r8
10006c80:	78a1      	ldrb	r1, [r4, #2]
10006c82:	f7ff fc23 	bl	100064cc <usbd_edpt_claim>
10006c86:	2800      	cmp	r0, #0
10006c88:	d0ec      	beq.n	10006c64 <cdcd_xfer_cb+0x58>
10006c8a:	2300      	movs	r3, #0
10006c8c:	2200      	movs	r2, #0
10006c8e:	4640      	mov	r0, r8
10006c90:	78a1      	ldrb	r1, [r4, #2]
10006c92:	f7ff fc43 	bl	1000651c <usbd_edpt_xfer>
10006c96:	2001      	movs	r0, #1
10006c98:	e7c7      	b.n	10006c2a <cdcd_xfer_cb+0x1e>
10006c9a:	0026      	movs	r6, r4
10006c9c:	36c8      	adds	r6, #200	@ 0xc8
10006c9e:	0031      	movs	r1, r6
10006ca0:	4814      	ldr	r0, [pc, #80]	@ (10006cf4 <cdcd_xfer_cb+0xe8>)
10006ca2:	b2ba      	uxth	r2, r7
10006ca4:	f000 fc78 	bl	10007598 <tu_fifo_write_n>
10006ca8:	4b15      	ldr	r3, [pc, #84]	@ (10006d00 <cdcd_xfer_cb+0xf4>)
10006caa:	2b00      	cmp	r3, #0
10006cac:	d0c1      	beq.n	10006c32 <cdcd_xfer_cb+0x26>
10006cae:	7963      	ldrb	r3, [r4, #5]
10006cb0:	2bff      	cmp	r3, #255	@ 0xff
10006cb2:	d0be      	beq.n	10006c32 <cdcd_xfer_cb+0x26>
10006cb4:	2f00      	cmp	r7, #0
10006cb6:	d0bc      	beq.n	10006c32 <cdcd_xfer_cb+0x26>
10006cb8:	46bc      	mov	ip, r7
10006cba:	44b4      	add	ip, r6
10006cbc:	46e1      	mov	r9, ip
10006cbe:	e003      	b.n	10006cc8 <cdcd_xfer_cb+0xbc>
10006cc0:	3601      	adds	r6, #1
10006cc2:	454e      	cmp	r6, r9
10006cc4:	d0b5      	beq.n	10006c32 <cdcd_xfer_cb+0x26>
10006cc6:	7963      	ldrb	r3, [r4, #5]
10006cc8:	7832      	ldrb	r2, [r6, #0]
10006cca:	429a      	cmp	r2, r3
10006ccc:	d1f8      	bne.n	10006cc0 <cdcd_xfer_cb+0xb4>
10006cce:	4809      	ldr	r0, [pc, #36]	@ (10006cf4 <cdcd_xfer_cb+0xe8>)
10006cd0:	f000 fb2e 	bl	10007330 <tu_fifo_empty>
10006cd4:	2800      	cmp	r0, #0
10006cd6:	d1f3      	bne.n	10006cc0 <cdcd_xfer_cb+0xb4>
10006cd8:	4b06      	ldr	r3, [pc, #24]	@ (10006cf4 <cdcd_xfer_cb+0xe8>)
10006cda:	3b10      	subs	r3, #16
10006cdc:	7959      	ldrb	r1, [r3, #5]
10006cde:	e000      	b.n	10006ce2 <cdcd_xfer_cb+0xd6>
10006ce0:	bf00      	nop
10006ce2:	e7ed      	b.n	10006cc0 <cdcd_xfer_cb+0xb4>
10006ce4:	e000      	b.n	10006ce8 <cdcd_xfer_cb+0xdc>
10006ce6:	bf00      	nop
10006ce8:	e7ab      	b.n	10006c42 <cdcd_xfer_cb+0x36>
10006cea:	46c0      	nop			@ (mov r8, r8)
10006cec:	20001948 	.word	0x20001948
10006cf0:	00000000 	.word	0x00000000
10006cf4:	20001958 	.word	0x20001958
10006cf8:	00000000 	.word	0x00000000
10006cfc:	2000196c 	.word	0x2000196c
10006d00:	00000000 	.word	0x00000000

10006d04 <vendord_init>:
10006d04:	22b3      	movs	r2, #179	@ 0xb3
10006d06:	b570      	push	{r4, r5, r6, lr}
10006d08:	4c14      	ldr	r4, [pc, #80]	@ (10006d5c <vendord_init+0x58>)
10006d0a:	b084      	sub	sp, #16
10006d0c:	2100      	movs	r1, #0
10006d0e:	0020      	movs	r0, r4
10006d10:	0092      	lsls	r2, r2, #2
10006d12:	f7fc fa45 	bl	100031a0 <__wrap_memset>
10006d16:	1d23      	adds	r3, r4, #4
10006d18:	9302      	str	r3, [sp, #8]
10006d1a:	0023      	movs	r3, r4
10006d1c:	0020      	movs	r0, r4
10006d1e:	2580      	movs	r5, #128	@ 0x80
10006d20:	2640      	movs	r6, #64	@ 0x40
10006d22:	33cd      	adds	r3, #205	@ 0xcd
10006d24:	006d      	lsls	r5, r5, #1
10006d26:	33ff      	adds	r3, #255	@ 0xff
10006d28:	30a9      	adds	r0, #169	@ 0xa9
10006d2a:	9300      	str	r3, [sp, #0]
10006d2c:	2200      	movs	r2, #0
10006d2e:	2300      	movs	r3, #0
10006d30:	2100      	movs	r1, #0
10006d32:	9603      	str	r6, [sp, #12]
10006d34:	9501      	str	r5, [sp, #4]
10006d36:	30ff      	adds	r0, #255	@ 0xff
10006d38:	f000 f9a4 	bl	10007084 <tu_edpt_stream_init>
10006d3c:	0023      	movs	r3, r4
10006d3e:	0020      	movs	r0, r4
10006d40:	3344      	adds	r3, #68	@ 0x44
10006d42:	34a8      	adds	r4, #168	@ 0xa8
10006d44:	9302      	str	r3, [sp, #8]
10006d46:	2201      	movs	r2, #1
10006d48:	2300      	movs	r3, #0
10006d4a:	2100      	movs	r1, #0
10006d4c:	9603      	str	r6, [sp, #12]
10006d4e:	9501      	str	r5, [sp, #4]
10006d50:	9400      	str	r4, [sp, #0]
10006d52:	3084      	adds	r0, #132	@ 0x84
10006d54:	f000 f996 	bl	10007084 <tu_edpt_stream_init>
10006d58:	b004      	add	sp, #16
10006d5a:	bd70      	pop	{r4, r5, r6, pc}
10006d5c:	2000214c 	.word	0x2000214c

10006d60 <vendord_deinit>:
10006d60:	b510      	push	{r4, lr}
10006d62:	4c05      	ldr	r4, [pc, #20]	@ (10006d78 <vendord_deinit+0x18>)
10006d64:	0020      	movs	r0, r4
10006d66:	f000 f9c1 	bl	100070ec <tu_edpt_stream_deinit>
10006d6a:	0020      	movs	r0, r4
10006d6c:	3825      	subs	r0, #37	@ 0x25
10006d6e:	38ff      	subs	r0, #255	@ 0xff
10006d70:	f000 f9bc 	bl	100070ec <tu_edpt_stream_deinit>
10006d74:	2001      	movs	r0, #1
10006d76:	bd10      	pop	{r4, pc}
10006d78:	200022f4 	.word	0x200022f4

10006d7c <vendord_reset>:
10006d7c:	b510      	push	{r4, lr}
10006d7e:	4c06      	ldr	r4, [pc, #24]	@ (10006d98 <vendord_reset+0x1c>)
10006d80:	2300      	movs	r3, #0
10006d82:	0020      	movs	r0, r4
10006d84:	30b1      	adds	r0, #177	@ 0xb1
10006d86:	30ff      	adds	r0, #255	@ 0xff
10006d88:	7023      	strb	r3, [r4, #0]
10006d8a:	f000 fcb9 	bl	10007700 <tu_fifo_clear>
10006d8e:	0020      	movs	r0, r4
10006d90:	308c      	adds	r0, #140	@ 0x8c
10006d92:	f000 fcb5 	bl	10007700 <tu_fifo_clear>
10006d96:	bd10      	pop	{r4, pc}
10006d98:	2000214c 	.word	0x2000214c

10006d9c <vendord_open>:
10006d9c:	b5f8      	push	{r3, r4, r5, r6, r7, lr}
10006d9e:	46ce      	mov	lr, r9
10006da0:	4647      	mov	r7, r8
10006da2:	b580      	push	{r7, lr}
10006da4:	794b      	ldrb	r3, [r1, #5]
10006da6:	4680      	mov	r8, r0
10006da8:	4689      	mov	r9, r1
10006daa:	2bff      	cmp	r3, #255	@ 0xff
10006dac:	d107      	bne.n	10006dbe <vendord_open+0x22>
10006dae:	2385      	movs	r3, #133	@ 0x85
10006db0:	4f39      	ldr	r7, [pc, #228]	@ (10006e98 <vendord_open+0xfc>)
10006db2:	5cfe      	ldrb	r6, [r7, r3]
10006db4:	23aa      	movs	r3, #170	@ 0xaa
10006db6:	33ff      	adds	r3, #255	@ 0xff
10006db8:	5cfb      	ldrb	r3, [r7, r3]
10006dba:	431e      	orrs	r6, r3
10006dbc:	d004      	beq.n	10006dc8 <vendord_open+0x2c>
10006dbe:	2000      	movs	r0, #0
10006dc0:	bcc0      	pop	{r6, r7}
10006dc2:	46b9      	mov	r9, r7
10006dc4:	46b0      	mov	r8, r6
10006dc6:	bdf8      	pop	{r3, r4, r5, r6, r7, pc}
10006dc8:	788b      	ldrb	r3, [r1, #2]
10006dca:	780c      	ldrb	r4, [r1, #0]
10006dcc:	703b      	strb	r3, [r7, #0]
10006dce:	790b      	ldrb	r3, [r1, #4]
10006dd0:	190c      	adds	r4, r1, r4
10006dd2:	2b00      	cmp	r3, #0
10006dd4:	d03c      	beq.n	10006e50 <vendord_open+0xb4>
10006dd6:	18a5      	adds	r5, r4, r2
10006dd8:	e003      	b.n	10006de2 <vendord_open+0x46>
10006dda:	42ac      	cmp	r4, r5
10006ddc:	d238      	bcs.n	10006e50 <vendord_open+0xb4>
10006dde:	7823      	ldrb	r3, [r4, #0]
10006de0:	18e4      	adds	r4, r4, r3
10006de2:	7863      	ldrb	r3, [r4, #1]
10006de4:	2b05      	cmp	r3, #5
10006de6:	d1f8      	bne.n	10006dda <vendord_open+0x3e>
10006de8:	42ac      	cmp	r4, r5
10006dea:	d231      	bcs.n	10006e50 <vendord_open+0xb4>
10006dec:	0021      	movs	r1, r4
10006dee:	4640      	mov	r0, r8
10006df0:	f7ff fb52 	bl	10006498 <usbd_edpt_open>
10006df4:	2800      	cmp	r0, #0
10006df6:	d0e2      	beq.n	10006dbe <vendord_open+0x22>
10006df8:	78a3      	ldrb	r3, [r4, #2]
10006dfa:	09db      	lsrs	r3, r3, #7
10006dfc:	2b01      	cmp	r3, #1
10006dfe:	d02b      	beq.n	10006e58 <vendord_open+0xbc>
10006e00:	4826      	ldr	r0, [pc, #152]	@ (10006e9c <vendord_open+0x100>)
10006e02:	f000 fc7d 	bl	10007700 <tu_fifo_clear>
10006e06:	23aa      	movs	r3, #170	@ 0xaa
10006e08:	78a2      	ldrb	r2, [r4, #2]
10006e0a:	33ff      	adds	r3, #255	@ 0xff
10006e0c:	54fa      	strb	r2, [r7, r3]
10006e0e:	7963      	ldrb	r3, [r4, #5]
10006e10:	7922      	ldrb	r2, [r4, #4]
10006e12:	021b      	lsls	r3, r3, #8
10006e14:	4313      	orrs	r3, r2
10006e16:	21d4      	movs	r1, #212	@ 0xd4
10006e18:	4a21      	ldr	r2, [pc, #132]	@ (10006ea0 <vendord_open+0x104>)
10006e1a:	055b      	lsls	r3, r3, #21
10006e1c:	0d5b      	lsrs	r3, r3, #21
10006e1e:	189b      	adds	r3, r3, r2
10006e20:	425a      	negs	r2, r3
10006e22:	4153      	adcs	r3, r2
10006e24:	2002      	movs	r0, #2
10006e26:	0049      	lsls	r1, r1, #1
10006e28:	5c7a      	ldrb	r2, [r7, r1]
10006e2a:	005b      	lsls	r3, r3, #1
10006e2c:	4382      	bics	r2, r0
10006e2e:	4313      	orrs	r3, r2
10006e30:	547b      	strb	r3, [r7, r1]
10006e32:	491a      	ldr	r1, [pc, #104]	@ (10006e9c <vendord_open+0x100>)
10006e34:	4640      	mov	r0, r8
10006e36:	3908      	subs	r1, #8
10006e38:	f000 f9c2 	bl	100071c0 <tu_edpt_stream_read_xfer>
10006e3c:	2800      	cmp	r0, #0
10006e3e:	d0be      	beq.n	10006dbe <vendord_open+0x22>
10006e40:	7823      	ldrb	r3, [r4, #0]
10006e42:	3601      	adds	r6, #1
10006e44:	18e4      	adds	r4, r4, r3
10006e46:	464b      	mov	r3, r9
10006e48:	791b      	ldrb	r3, [r3, #4]
10006e4a:	b2f6      	uxtb	r6, r6
10006e4c:	42b3      	cmp	r3, r6
10006e4e:	d8c8      	bhi.n	10006de2 <vendord_open+0x46>
10006e50:	464b      	mov	r3, r9
10006e52:	1ae0      	subs	r0, r4, r3
10006e54:	b280      	uxth	r0, r0
10006e56:	e7b3      	b.n	10006dc0 <vendord_open+0x24>
10006e58:	4812      	ldr	r0, [pc, #72]	@ (10006ea4 <vendord_open+0x108>)
10006e5a:	f000 fc51 	bl	10007700 <tu_fifo_clear>
10006e5e:	2385      	movs	r3, #133	@ 0x85
10006e60:	78a2      	ldrb	r2, [r4, #2]
10006e62:	490d      	ldr	r1, [pc, #52]	@ (10006e98 <vendord_open+0xfc>)
10006e64:	2002      	movs	r0, #2
10006e66:	54ca      	strb	r2, [r1, r3]
10006e68:	7963      	ldrb	r3, [r4, #5]
10006e6a:	7922      	ldrb	r2, [r4, #4]
10006e6c:	021b      	lsls	r3, r3, #8
10006e6e:	4313      	orrs	r3, r2
10006e70:	055b      	lsls	r3, r3, #21
10006e72:	4a0b      	ldr	r2, [pc, #44]	@ (10006ea0 <vendord_open+0x104>)
10006e74:	2184      	movs	r1, #132	@ 0x84
10006e76:	0d5b      	lsrs	r3, r3, #21
10006e78:	189b      	adds	r3, r3, r2
10006e7a:	425a      	negs	r2, r3
10006e7c:	4153      	adcs	r3, r2
10006e7e:	4a06      	ldr	r2, [pc, #24]	@ (10006e98 <vendord_open+0xfc>)
10006e80:	005b      	lsls	r3, r3, #1
10006e82:	5c52      	ldrb	r2, [r2, r1]
10006e84:	4382      	bics	r2, r0
10006e86:	4313      	orrs	r3, r2
10006e88:	4a03      	ldr	r2, [pc, #12]	@ (10006e98 <vendord_open+0xfc>)
10006e8a:	2000      	movs	r0, #0
10006e8c:	5453      	strb	r3, [r2, r1]
10006e8e:	4905      	ldr	r1, [pc, #20]	@ (10006ea4 <vendord_open+0x108>)
10006e90:	3908      	subs	r1, #8
10006e92:	f000 f95f 	bl	10007154 <tu_edpt_stream_write_xfer>
10006e96:	e7d3      	b.n	10006e40 <vendord_open+0xa4>
10006e98:	2000214c 	.word	0x2000214c
10006e9c:	200022fc 	.word	0x200022fc
10006ea0:	fffffe00 	.word	0xfffffe00
10006ea4:	200021d8 	.word	0x200021d8

10006ea8 <vendord_xfer_cb>:
10006ea8:	b570      	push	{r4, r5, r6, lr}
10006eaa:	001d      	movs	r5, r3
10006eac:	23aa      	movs	r3, #170	@ 0xaa
10006eae:	0004      	movs	r4, r0
10006eb0:	481f      	ldr	r0, [pc, #124]	@ (10006f30 <vendord_xfer_cb+0x88>)
10006eb2:	33ff      	adds	r3, #255	@ 0xff
10006eb4:	5cc3      	ldrb	r3, [r0, r3]
10006eb6:	428b      	cmp	r3, r1
10006eb8:	d017      	beq.n	10006eea <vendord_xfer_cb+0x42>
10006eba:	2385      	movs	r3, #133	@ 0x85
10006ebc:	5cc0      	ldrb	r0, [r0, r3]
10006ebe:	4288      	cmp	r0, r1
10006ec0:	d111      	bne.n	10006ee6 <vendord_xfer_cb+0x3e>
10006ec2:	4b1c      	ldr	r3, [pc, #112]	@ (10006f34 <vendord_xfer_cb+0x8c>)
10006ec4:	2b00      	cmp	r3, #0
10006ec6:	d004      	beq.n	10006ed2 <vendord_xfer_cb+0x2a>
10006ec8:	0429      	lsls	r1, r5, #16
10006eca:	2000      	movs	r0, #0
10006ecc:	0c09      	lsrs	r1, r1, #16
10006ece:	e000      	b.n	10006ed2 <vendord_xfer_cb+0x2a>
10006ed0:	bf00      	nop
10006ed2:	4b19      	ldr	r3, [pc, #100]	@ (10006f38 <vendord_xfer_cb+0x90>)
10006ed4:	0020      	movs	r0, r4
10006ed6:	0019      	movs	r1, r3
10006ed8:	001e      	movs	r6, r3
10006eda:	f000 f93b 	bl	10007154 <tu_edpt_stream_write_xfer>
10006ede:	2800      	cmp	r0, #0
10006ee0:	d016      	beq.n	10006f10 <vendord_xfer_cb+0x68>
10006ee2:	2001      	movs	r0, #1
10006ee4:	e000      	b.n	10006ee8 <vendord_xfer_cb+0x40>
10006ee6:	2000      	movs	r0, #0
10006ee8:	bd70      	pop	{r4, r5, r6, pc}
10006eea:	23da      	movs	r3, #218	@ 0xda
10006eec:	005b      	lsls	r3, r3, #1
10006eee:	5ac3      	ldrh	r3, [r0, r3]
10006ef0:	2b00      	cmp	r3, #0
10006ef2:	d114      	bne.n	10006f1e <vendord_xfer_cb+0x76>
10006ef4:	4b11      	ldr	r3, [pc, #68]	@ (10006f3c <vendord_xfer_cb+0x94>)
10006ef6:	2b00      	cmp	r3, #0
10006ef8:	d004      	beq.n	10006f04 <vendord_xfer_cb+0x5c>
10006efa:	2000      	movs	r0, #0
10006efc:	4910      	ldr	r1, [pc, #64]	@ (10006f40 <vendord_xfer_cb+0x98>)
10006efe:	b2aa      	uxth	r2, r5
10006f00:	e000      	b.n	10006f04 <vendord_xfer_cb+0x5c>
10006f02:	bf00      	nop
10006f04:	0020      	movs	r0, r4
10006f06:	490f      	ldr	r1, [pc, #60]	@ (10006f44 <vendord_xfer_cb+0x9c>)
10006f08:	f000 f95a 	bl	100071c0 <tu_edpt_stream_read_xfer>
10006f0c:	2001      	movs	r0, #1
10006f0e:	e7eb      	b.n	10006ee8 <vendord_xfer_cb+0x40>
10006f10:	002a      	movs	r2, r5
10006f12:	0031      	movs	r1, r6
10006f14:	0020      	movs	r0, r4
10006f16:	f000 f8eb 	bl	100070f0 <tu_edpt_stream_write_zlp_if_needed>
10006f1a:	2001      	movs	r0, #1
10006f1c:	e7e4      	b.n	10006ee8 <vendord_xfer_cb+0x40>
10006f1e:	23d6      	movs	r3, #214	@ 0xd6
10006f20:	005b      	lsls	r3, r3, #1
10006f22:	58c1      	ldr	r1, [r0, r3]
10006f24:	30b1      	adds	r0, #177	@ 0xb1
10006f26:	b2aa      	uxth	r2, r5
10006f28:	30ff      	adds	r0, #255	@ 0xff
10006f2a:	f000 fb35 	bl	10007598 <tu_fifo_write_n>
10006f2e:	e7e1      	b.n	10006ef4 <vendord_xfer_cb+0x4c>
10006f30:	2000214c 	.word	0x2000214c
10006f34:	00000000 	.word	0x00000000
10006f38:	200021d0 	.word	0x200021d0
10006f3c:	00000000 	.word	0x00000000
10006f40:	20002150 	.word	0x20002150
10006f44:	200022f4 	.word	0x200022f4

10006f48 <tusb_init>:
10006f48:	b510      	push	{r4, lr}
10006f4a:	2000      	movs	r0, #0
10006f4c:	f7fe fdea 	bl	10005b24 <tud_init>
10006f50:	bd10      	pop	{r4, pc}
10006f52:	46c0      	nop			@ (mov r8, r8)

10006f54 <tu_edpt_claim>:
10006f54:	b570      	push	{r4, r5, r6, lr}
10006f56:	0004      	movs	r4, r0
10006f58:	7823      	ldrb	r3, [r4, #0]
10006f5a:	0008      	movs	r0, r1
10006f5c:	07db      	lsls	r3, r3, #31
10006f5e:	000e      	movs	r6, r1
10006f60:	0fdd      	lsrs	r5, r3, #31
10006f62:	2b00      	cmp	r3, #0
10006f64:	d116      	bne.n	10006f94 <tu_edpt_claim+0x40>
10006f66:	7823      	ldrb	r3, [r4, #0]
10006f68:	075b      	lsls	r3, r3, #29
10006f6a:	d501      	bpl.n	10006f70 <tu_edpt_claim+0x1c>
10006f6c:	0028      	movs	r0, r5
10006f6e:	bd70      	pop	{r4, r5, r6, pc}
10006f70:	2101      	movs	r1, #1
10006f72:	4249      	negs	r1, r1
10006f74:	f000 fd90 	bl	10007a98 <__mutex_enter_timeout_ms_veneer>
10006f78:	7823      	ldrb	r3, [r4, #0]
10006f7a:	07db      	lsls	r3, r3, #31
10006f7c:	0fdd      	lsrs	r5, r3, #31
10006f7e:	2b00      	cmp	r3, #0
10006f80:	d10a      	bne.n	10006f98 <tu_edpt_claim+0x44>
10006f82:	7823      	ldrb	r3, [r4, #0]
10006f84:	075b      	lsls	r3, r3, #29
10006f86:	d408      	bmi.n	10006f9a <tu_edpt_claim+0x46>
10006f88:	2204      	movs	r2, #4
10006f8a:	7823      	ldrb	r3, [r4, #0]
10006f8c:	2501      	movs	r5, #1
10006f8e:	4313      	orrs	r3, r2
10006f90:	7023      	strb	r3, [r4, #0]
10006f92:	e002      	b.n	10006f9a <tu_edpt_claim+0x46>
10006f94:	2500      	movs	r5, #0
10006f96:	e7e9      	b.n	10006f6c <tu_edpt_claim+0x18>
10006f98:	2500      	movs	r5, #0
10006f9a:	0030      	movs	r0, r6
10006f9c:	f000 fd4c 	bl	10007a38 <__mutex_exit_veneer>
10006fa0:	e7e4      	b.n	10006f6c <tu_edpt_claim+0x18>
10006fa2:	46c0      	nop			@ (mov r8, r8)

10006fa4 <tu_edpt_release>:
10006fa4:	b570      	push	{r4, r5, r6, lr}
10006fa6:	000d      	movs	r5, r1
10006fa8:	2101      	movs	r1, #1
10006faa:	0004      	movs	r4, r0
10006fac:	4249      	negs	r1, r1
10006fae:	0028      	movs	r0, r5
10006fb0:	f000 fd72 	bl	10007a98 <__mutex_enter_timeout_ms_veneer>
10006fb4:	7823      	ldrb	r3, [r4, #0]
10006fb6:	075b      	lsls	r3, r3, #29
10006fb8:	0fde      	lsrs	r6, r3, #31
10006fba:	2b00      	cmp	r3, #0
10006fbc:	db04      	blt.n	10006fc8 <tu_edpt_release+0x24>
10006fbe:	0028      	movs	r0, r5
10006fc0:	f000 fd3a 	bl	10007a38 <__mutex_exit_veneer>
10006fc4:	0030      	movs	r0, r6
10006fc6:	bd70      	pop	{r4, r5, r6, pc}
10006fc8:	7823      	ldrb	r3, [r4, #0]
10006fca:	07db      	lsls	r3, r3, #31
10006fcc:	d404      	bmi.n	10006fd8 <tu_edpt_release+0x34>
10006fce:	2204      	movs	r2, #4
10006fd0:	7823      	ldrb	r3, [r4, #0]
10006fd2:	4393      	bics	r3, r2
10006fd4:	7023      	strb	r3, [r4, #0]
10006fd6:	e7f2      	b.n	10006fbe <tu_edpt_release+0x1a>
10006fd8:	2600      	movs	r6, #0
10006fda:	e7f0      	b.n	10006fbe <tu_edpt_release+0x1a>

10006fdc <tu_edpt_validate>:
10006fdc:	7943      	ldrb	r3, [r0, #5]
10006fde:	7902      	ldrb	r2, [r0, #4]
10006fe0:	021b      	lsls	r3, r3, #8
10006fe2:	4313      	orrs	r3, r2
10006fe4:	78c2      	ldrb	r2, [r0, #3]
10006fe6:	055b      	lsls	r3, r3, #21
10006fe8:	0792      	lsls	r2, r2, #30
10006fea:	0d5b      	lsrs	r3, r3, #21
10006fec:	0f92      	lsrs	r2, r2, #30
10006fee:	2a02      	cmp	r2, #2
10006ff0:	d01a      	beq.n	10007028 <tu_edpt_validate+0x4c>
10006ff2:	2a03      	cmp	r2, #3
10006ff4:	d00b      	beq.n	1000700e <tu_edpt_validate+0x32>
10006ff6:	2000      	movs	r0, #0
10006ff8:	2a01      	cmp	r2, #1
10006ffa:	d107      	bne.n	1000700c <tu_edpt_validate+0x30>
10006ffc:	3902      	subs	r1, #2
10006ffe:	424a      	negs	r2, r1
10007000:	4151      	adcs	r1, r2
10007002:	4a10      	ldr	r2, [pc, #64]	@ (10007044 <tu_edpt_validate+0x68>)
10007004:	1889      	adds	r1, r1, r2
10007006:	4299      	cmp	r1, r3
10007008:	4140      	adcs	r0, r0
1000700a:	b2c0      	uxtb	r0, r0
1000700c:	4770      	bx	lr
1000700e:	3902      	subs	r1, #2
10007010:	1e4a      	subs	r2, r1, #1
10007012:	4191      	sbcs	r1, r2
10007014:	4a0c      	ldr	r2, [pc, #48]	@ (10007048 <tu_edpt_validate+0x6c>)
10007016:	4249      	negs	r1, r1
10007018:	4011      	ands	r1, r2
1000701a:	2280      	movs	r2, #128	@ 0x80
1000701c:	2000      	movs	r0, #0
1000701e:	00d2      	lsls	r2, r2, #3
10007020:	1889      	adds	r1, r1, r2
10007022:	4299      	cmp	r1, r3
10007024:	4140      	adcs	r0, r0
10007026:	e7f1      	b.n	1000700c <tu_edpt_validate+0x30>
10007028:	2902      	cmp	r1, #2
1000702a:	d004      	beq.n	10007036 <tu_edpt_validate+0x5a>
1000702c:	2000      	movs	r0, #0
1000702e:	2240      	movs	r2, #64	@ 0x40
10007030:	429a      	cmp	r2, r3
10007032:	4140      	adcs	r0, r0
10007034:	e7ea      	b.n	1000700c <tu_edpt_validate+0x30>
10007036:	4a05      	ldr	r2, [pc, #20]	@ (1000704c <tu_edpt_validate+0x70>)
10007038:	1898      	adds	r0, r3, r2
1000703a:	4243      	negs	r3, r0
1000703c:	4158      	adcs	r0, r3
1000703e:	b2c0      	uxtb	r0, r0
10007040:	e7e4      	b.n	1000700c <tu_edpt_validate+0x30>
10007042:	46c0      	nop			@ (mov r8, r8)
10007044:	000003ff 	.word	0x000003ff
10007048:	fffffc40 	.word	0xfffffc40
1000704c:	fffffe00 	.word	0xfffffe00

10007050 <tu_edpt_bind_driver>:
10007050:	4684      	mov	ip, r0
10007052:	1888      	adds	r0, r1, r2
10007054:	b530      	push	{r4, r5, lr}
10007056:	001c      	movs	r4, r3
10007058:	4281      	cmp	r1, r0
1000705a:	d206      	bcs.n	1000706a <tu_edpt_bind_driver+0x1a>
1000705c:	784a      	ldrb	r2, [r1, #1]
1000705e:	2a05      	cmp	r2, #5
10007060:	d004      	beq.n	1000706c <tu_edpt_bind_driver+0x1c>
10007062:	780a      	ldrb	r2, [r1, #0]
10007064:	1889      	adds	r1, r1, r2
10007066:	4288      	cmp	r0, r1
10007068:	d8f8      	bhi.n	1000705c <tu_edpt_bind_driver+0xc>
1000706a:	bd30      	pop	{r4, r5, pc}
1000706c:	227f      	movs	r2, #127	@ 0x7f
1000706e:	788b      	ldrb	r3, [r1, #2]
10007070:	401a      	ands	r2, r3
10007072:	0052      	lsls	r2, r2, #1
10007074:	4462      	add	r2, ip
10007076:	09db      	lsrs	r3, r3, #7
10007078:	54d4      	strb	r4, [r2, r3]
1000707a:	780a      	ldrb	r2, [r1, #0]
1000707c:	1889      	adds	r1, r1, r2
1000707e:	4288      	cmp	r0, r1
10007080:	d8ec      	bhi.n	1000705c <tu_edpt_bind_driver+0xc>
10007082:	e7f2      	b.n	1000706a <tu_edpt_bind_driver+0x1a>

10007084 <tu_edpt_stream_init>:
10007084:	b5f0      	push	{r4, r5, r6, r7, lr}
10007086:	46c6      	mov	lr, r8
10007088:	b500      	push	{lr}
1000708a:	b082      	sub	sp, #8
1000708c:	4690      	mov	r8, r2
1000708e:	aa08      	add	r2, sp, #32
10007090:	ca20      	ldmia	r2!, {r5}
10007092:	0004      	movs	r4, r0
10007094:	8816      	ldrh	r6, [r2, #0]
10007096:	466a      	mov	r2, sp
10007098:	2001      	movs	r0, #1
1000709a:	8d97      	ldrh	r7, [r2, #44]	@ 0x2c
1000709c:	000a      	movs	r2, r1
1000709e:	7821      	ldrb	r1, [r4, #0]
100070a0:	4002      	ands	r2, r0
100070a2:	4381      	bics	r1, r0
100070a4:	0020      	movs	r0, r4
100070a6:	4311      	orrs	r1, r2
100070a8:	7021      	strb	r1, [r4, #0]
100070aa:	0032      	movs	r2, r6
100070ac:	9300      	str	r3, [sp, #0]
100070ae:	0029      	movs	r1, r5
100070b0:	2301      	movs	r3, #1
100070b2:	3008      	adds	r0, #8
100070b4:	f000 f8f0 	bl	10007298 <tu_fifo_config>
100070b8:	2d00      	cmp	r5, #0
100070ba:	d001      	beq.n	100070c0 <tu_edpt_stream_init+0x3c>
100070bc:	2e00      	cmp	r6, #0
100070be:	d107      	bne.n	100070d0 <tu_edpt_stream_init+0x4c>
100070c0:	2001      	movs	r0, #1
100070c2:	9b0a      	ldr	r3, [sp, #40]	@ 0x28
100070c4:	8067      	strh	r7, [r4, #2]
100070c6:	6063      	str	r3, [r4, #4]
100070c8:	b002      	add	sp, #8
100070ca:	bc80      	pop	{r7}
100070cc:	46b8      	mov	r8, r7
100070ce:	bdf0      	pop	{r4, r5, r6, r7, pc}
100070d0:	0025      	movs	r5, r4
100070d2:	351c      	adds	r5, #28
100070d4:	0028      	movs	r0, r5
100070d6:	f7fa f811 	bl	100010fc <mutex_init>
100070da:	4642      	mov	r2, r8
100070dc:	2300      	movs	r3, #0
100070de:	2a00      	cmp	r2, #0
100070e0:	d001      	beq.n	100070e6 <tu_edpt_stream_init+0x62>
100070e2:	002b      	movs	r3, r5
100070e4:	2500      	movs	r5, #0
100070e6:	6163      	str	r3, [r4, #20]
100070e8:	61a5      	str	r5, [r4, #24]
100070ea:	e7e9      	b.n	100070c0 <tu_edpt_stream_init+0x3c>

100070ec <tu_edpt_stream_deinit>:
100070ec:	2001      	movs	r0, #1
100070ee:	4770      	bx	lr

100070f0 <tu_edpt_stream_write_zlp_if_needed>:
100070f0:	b5f8      	push	{r3, r4, r5, r6, r7, lr}
100070f2:	2402      	movs	r4, #2
100070f4:	780b      	ldrb	r3, [r1, #0]
100070f6:	0007      	movs	r7, r0
100070f8:	401c      	ands	r4, r3
100070fa:	4263      	negs	r3, r4
100070fc:	415c      	adcs	r4, r3
100070fe:	0008      	movs	r0, r1
10007100:	4b12      	ldr	r3, [pc, #72]	@ (1000714c <tu_edpt_stream_write_zlp_if_needed+0x5c>)
10007102:	4264      	negs	r4, r4
10007104:	401c      	ands	r4, r3
10007106:	4b12      	ldr	r3, [pc, #72]	@ (10007150 <tu_edpt_stream_write_zlp_if_needed+0x60>)
10007108:	3008      	adds	r0, #8
1000710a:	000d      	movs	r5, r1
1000710c:	0016      	movs	r6, r2
1000710e:	18e4      	adds	r4, r4, r3
10007110:	f000 f8f8 	bl	10007304 <tu_fifo_count>
10007114:	2800      	cmp	r0, #0
10007116:	d107      	bne.n	10007128 <tu_edpt_stream_write_zlp_if_needed+0x38>
10007118:	2e00      	cmp	r6, #0
1000711a:	d005      	beq.n	10007128 <tu_edpt_stream_write_zlp_if_needed+0x38>
1000711c:	4234      	tst	r4, r6
1000711e:	d103      	bne.n	10007128 <tu_edpt_stream_write_zlp_if_needed+0x38>
10007120:	2401      	movs	r4, #1
10007122:	782b      	ldrb	r3, [r5, #0]
10007124:	421c      	tst	r4, r3
10007126:	d001      	beq.n	1000712c <tu_edpt_stream_write_zlp_if_needed+0x3c>
10007128:	2000      	movs	r0, #0
1000712a:	bdf8      	pop	{r3, r4, r5, r6, r7, pc}
1000712c:	0038      	movs	r0, r7
1000712e:	7869      	ldrb	r1, [r5, #1]
10007130:	f7ff f9cc 	bl	100064cc <usbd_edpt_claim>
10007134:	2800      	cmp	r0, #0
10007136:	d0f7      	beq.n	10007128 <tu_edpt_stream_write_zlp_if_needed+0x38>
10007138:	782b      	ldrb	r3, [r5, #0]
1000713a:	421c      	tst	r4, r3
1000713c:	d1f4      	bne.n	10007128 <tu_edpt_stream_write_zlp_if_needed+0x38>
1000713e:	2300      	movs	r3, #0
10007140:	2200      	movs	r2, #0
10007142:	0038      	movs	r0, r7
10007144:	7869      	ldrb	r1, [r5, #1]
10007146:	f7ff f9e9 	bl	1000651c <usbd_edpt_xfer>
1000714a:	e7ee      	b.n	1000712a <tu_edpt_stream_write_zlp_if_needed+0x3a>
1000714c:	fffffe40 	.word	0xfffffe40
10007150:	000001ff 	.word	0x000001ff

10007154 <tu_edpt_stream_write_xfer>:
10007154:	2308      	movs	r3, #8
10007156:	469c      	mov	ip, r3
10007158:	448c      	add	ip, r1
1000715a:	b570      	push	{r4, r5, r6, lr}
1000715c:	0005      	movs	r5, r0
1000715e:	4660      	mov	r0, ip
10007160:	000c      	movs	r4, r1
10007162:	4666      	mov	r6, ip
10007164:	f000 f8ce 	bl	10007304 <tu_fifo_count>
10007168:	2800      	cmp	r0, #0
1000716a:	d003      	beq.n	10007174 <tu_edpt_stream_write_xfer+0x20>
1000716c:	2201      	movs	r2, #1
1000716e:	7823      	ldrb	r3, [r4, #0]
10007170:	421a      	tst	r2, r3
10007172:	d001      	beq.n	10007178 <tu_edpt_stream_write_xfer+0x24>
10007174:	2000      	movs	r0, #0
10007176:	bd70      	pop	{r4, r5, r6, pc}
10007178:	0028      	movs	r0, r5
1000717a:	7861      	ldrb	r1, [r4, #1]
1000717c:	f7ff f9a6 	bl	100064cc <usbd_edpt_claim>
10007180:	2800      	cmp	r0, #0
10007182:	d0f7      	beq.n	10007174 <tu_edpt_stream_write_xfer+0x20>
10007184:	8862      	ldrh	r2, [r4, #2]
10007186:	0030      	movs	r0, r6
10007188:	6861      	ldr	r1, [r4, #4]
1000718a:	f000 f93d 	bl	10007408 <tu_fifo_read_n>
1000718e:	2201      	movs	r2, #1
10007190:	7823      	ldrb	r3, [r4, #0]
10007192:	4013      	ands	r3, r2
10007194:	2800      	cmp	r0, #0
10007196:	d00c      	beq.n	100071b2 <tu_edpt_stream_write_xfer+0x5e>
10007198:	2b00      	cmp	r3, #0
1000719a:	d1eb      	bne.n	10007174 <tu_edpt_stream_write_xfer+0x20>
1000719c:	0003      	movs	r3, r0
1000719e:	6862      	ldr	r2, [r4, #4]
100071a0:	7861      	ldrb	r1, [r4, #1]
100071a2:	0004      	movs	r4, r0
100071a4:	0028      	movs	r0, r5
100071a6:	f7ff f9b9 	bl	1000651c <usbd_edpt_xfer>
100071aa:	2800      	cmp	r0, #0
100071ac:	d0e2      	beq.n	10007174 <tu_edpt_stream_write_xfer+0x20>
100071ae:	0020      	movs	r0, r4
100071b0:	e7e1      	b.n	10007176 <tu_edpt_stream_write_xfer+0x22>
100071b2:	2b00      	cmp	r3, #0
100071b4:	d1de      	bne.n	10007174 <tu_edpt_stream_write_xfer+0x20>
100071b6:	0028      	movs	r0, r5
100071b8:	7861      	ldrb	r1, [r4, #1]
100071ba:	f7ff f99b 	bl	100064f4 <usbd_edpt_release>
100071be:	e7d9      	b.n	10007174 <tu_edpt_stream_write_xfer+0x20>

100071c0 <tu_edpt_stream_read_xfer>:
100071c0:	b5f0      	push	{r4, r5, r6, r7, lr}
100071c2:	46c6      	mov	lr, r8
100071c4:	b500      	push	{lr}
100071c6:	898a      	ldrh	r2, [r1, #12]
100071c8:	0006      	movs	r6, r0
100071ca:	000c      	movs	r4, r1
100071cc:	780b      	ldrb	r3, [r1, #0]
100071ce:	2a00      	cmp	r2, #0
100071d0:	d106      	bne.n	100071e0 <tu_edpt_stream_read_xfer+0x20>
100071d2:	3201      	adds	r2, #1
100071d4:	421a      	tst	r2, r3
100071d6:	d040      	beq.n	1000725a <tu_edpt_stream_read_xfer+0x9a>
100071d8:	2000      	movs	r0, #0
100071da:	bc80      	pop	{r7}
100071dc:	46b8      	mov	r8, r7
100071de:	bdf0      	pop	{r4, r5, r6, r7, pc}
100071e0:	079b      	lsls	r3, r3, #30
100071e2:	d434      	bmi.n	1000724e <tu_edpt_stream_read_xfer+0x8e>
100071e4:	4b2b      	ldr	r3, [pc, #172]	@ (10007294 <tu_edpt_stream_read_xfer+0xd4>)
100071e6:	2540      	movs	r5, #64	@ 0x40
100071e8:	4698      	mov	r8, r3
100071ea:	2308      	movs	r3, #8
100071ec:	469c      	mov	ip, r3
100071ee:	44a4      	add	ip, r4
100071f0:	4660      	mov	r0, ip
100071f2:	4667      	mov	r7, ip
100071f4:	f000 f8a4 	bl	10007340 <tu_fifo_remaining>
100071f8:	4285      	cmp	r5, r0
100071fa:	d8ed      	bhi.n	100071d8 <tu_edpt_stream_read_xfer+0x18>
100071fc:	2201      	movs	r2, #1
100071fe:	7823      	ldrb	r3, [r4, #0]
10007200:	421a      	tst	r2, r3
10007202:	d1e9      	bne.n	100071d8 <tu_edpt_stream_read_xfer+0x18>
10007204:	0030      	movs	r0, r6
10007206:	7861      	ldrb	r1, [r4, #1]
10007208:	f7ff f960 	bl	100064cc <usbd_edpt_claim>
1000720c:	2800      	cmp	r0, #0
1000720e:	d0e3      	beq.n	100071d8 <tu_edpt_stream_read_xfer+0x18>
10007210:	0038      	movs	r0, r7
10007212:	f000 f895 	bl	10007340 <tu_fifo_remaining>
10007216:	2201      	movs	r2, #1
10007218:	7823      	ldrb	r3, [r4, #0]
1000721a:	4013      	ands	r3, r2
1000721c:	4285      	cmp	r5, r0
1000721e:	d832      	bhi.n	10007286 <tu_edpt_stream_read_xfer+0xc6>
10007220:	2b00      	cmp	r3, #0
10007222:	d1d9      	bne.n	100071d8 <tu_edpt_stream_read_xfer+0x18>
10007224:	4641      	mov	r1, r8
10007226:	8862      	ldrh	r2, [r4, #2]
10007228:	4001      	ands	r1, r0
1000722a:	1c13      	adds	r3, r2, #0
1000722c:	428a      	cmp	r2, r1
1000722e:	d900      	bls.n	10007232 <tu_edpt_stream_read_xfer+0x72>
10007230:	1c0b      	adds	r3, r1, #0
10007232:	b29b      	uxth	r3, r3
10007234:	2200      	movs	r2, #0
10007236:	7861      	ldrb	r1, [r4, #1]
10007238:	2b00      	cmp	r3, #0
1000723a:	d000      	beq.n	1000723e <tu_edpt_stream_read_xfer+0x7e>
1000723c:	6862      	ldr	r2, [r4, #4]
1000723e:	0030      	movs	r0, r6
10007240:	001c      	movs	r4, r3
10007242:	f7ff f96b 	bl	1000651c <usbd_edpt_xfer>
10007246:	2800      	cmp	r0, #0
10007248:	d0c6      	beq.n	100071d8 <tu_edpt_stream_read_xfer+0x18>
1000724a:	0020      	movs	r0, r4
1000724c:	e7c5      	b.n	100071da <tu_edpt_stream_read_xfer+0x1a>
1000724e:	23fe      	movs	r3, #254	@ 0xfe
10007250:	2580      	movs	r5, #128	@ 0x80
10007252:	021b      	lsls	r3, r3, #8
10007254:	4698      	mov	r8, r3
10007256:	00ad      	lsls	r5, r5, #2
10007258:	e7c7      	b.n	100071ea <tu_edpt_stream_read_xfer+0x2a>
1000725a:	7849      	ldrb	r1, [r1, #1]
1000725c:	f7ff f936 	bl	100064cc <usbd_edpt_claim>
10007260:	2800      	cmp	r0, #0
10007262:	d0b9      	beq.n	100071d8 <tu_edpt_stream_read_xfer+0x18>
10007264:	2201      	movs	r2, #1
10007266:	7823      	ldrb	r3, [r4, #0]
10007268:	421a      	tst	r2, r3
1000726a:	d1b5      	bne.n	100071d8 <tu_edpt_stream_read_xfer+0x18>
1000726c:	8863      	ldrh	r3, [r4, #2]
1000726e:	2200      	movs	r2, #0
10007270:	7861      	ldrb	r1, [r4, #1]
10007272:	2b00      	cmp	r3, #0
10007274:	d000      	beq.n	10007278 <tu_edpt_stream_read_xfer+0xb8>
10007276:	6862      	ldr	r2, [r4, #4]
10007278:	0030      	movs	r0, r6
1000727a:	f7ff f94f 	bl	1000651c <usbd_edpt_xfer>
1000727e:	2800      	cmp	r0, #0
10007280:	d0aa      	beq.n	100071d8 <tu_edpt_stream_read_xfer+0x18>
10007282:	8860      	ldrh	r0, [r4, #2]
10007284:	e7a9      	b.n	100071da <tu_edpt_stream_read_xfer+0x1a>
10007286:	2b00      	cmp	r3, #0
10007288:	d1a6      	bne.n	100071d8 <tu_edpt_stream_read_xfer+0x18>
1000728a:	0030      	movs	r0, r6
1000728c:	7861      	ldrb	r1, [r4, #1]
1000728e:	f7ff f931 	bl	100064f4 <usbd_edpt_release>
10007292:	e7a1      	b.n	100071d8 <tu_edpt_stream_read_xfer+0x18>
10007294:	0000ffc0 	.word	0x0000ffc0

10007298 <tu_fifo_config>:
10007298:	b5f0      	push	{r4, r5, r6, r7, lr}
1000729a:	46c6      	mov	lr, r8
1000729c:	b500      	push	{lr}
1000729e:	4698      	mov	r8, r3
100072a0:	466b      	mov	r3, sp
100072a2:	7e1e      	ldrb	r6, [r3, #24]
100072a4:	2380      	movs	r3, #128	@ 0x80
100072a6:	0004      	movs	r4, r0
100072a8:	000f      	movs	r7, r1
100072aa:	0015      	movs	r5, r2
100072ac:	021b      	lsls	r3, r3, #8
100072ae:	429a      	cmp	r2, r3
100072b0:	d826      	bhi.n	10007300 <tu_fifo_config+0x68>
100072b2:	68c0      	ldr	r0, [r0, #12]
100072b4:	2800      	cmp	r0, #0
100072b6:	d003      	beq.n	100072c0 <tu_fifo_config+0x28>
100072b8:	2101      	movs	r1, #1
100072ba:	4249      	negs	r1, r1
100072bc:	f000 fbec 	bl	10007a98 <__mutex_enter_timeout_ms_veneer>
100072c0:	6920      	ldr	r0, [r4, #16]
100072c2:	2800      	cmp	r0, #0
100072c4:	d003      	beq.n	100072ce <tu_fifo_config+0x36>
100072c6:	2101      	movs	r1, #1
100072c8:	4249      	negs	r1, r1
100072ca:	f000 fbe5 	bl	10007a98 <__mutex_enter_timeout_ms_veneer>
100072ce:	4642      	mov	r2, r8
100072d0:	0452      	lsls	r2, r2, #17
100072d2:	03f3      	lsls	r3, r6, #15
100072d4:	0c52      	lsrs	r2, r2, #17
100072d6:	4313      	orrs	r3, r2
100072d8:	80e3      	strh	r3, [r4, #6]
100072da:	2300      	movs	r3, #0
100072dc:	68e0      	ldr	r0, [r4, #12]
100072de:	8163      	strh	r3, [r4, #10]
100072e0:	6027      	str	r7, [r4, #0]
100072e2:	80a5      	strh	r5, [r4, #4]
100072e4:	8123      	strh	r3, [r4, #8]
100072e6:	2800      	cmp	r0, #0
100072e8:	d001      	beq.n	100072ee <tu_fifo_config+0x56>
100072ea:	f000 fba5 	bl	10007a38 <__mutex_exit_veneer>
100072ee:	6920      	ldr	r0, [r4, #16]
100072f0:	2800      	cmp	r0, #0
100072f2:	d001      	beq.n	100072f8 <tu_fifo_config+0x60>
100072f4:	f000 fba0 	bl	10007a38 <__mutex_exit_veneer>
100072f8:	2001      	movs	r0, #1
100072fa:	bc80      	pop	{r7}
100072fc:	46b8      	mov	r8, r7
100072fe:	bdf0      	pop	{r4, r5, r6, r7, pc}
10007300:	2000      	movs	r0, #0
10007302:	e7fa      	b.n	100072fa <tu_fifo_config+0x62>

10007304 <tu_fifo_count>:
10007304:	8903      	ldrh	r3, [r0, #8]
10007306:	8941      	ldrh	r1, [r0, #10]
10007308:	469c      	mov	ip, r3
1000730a:	8882      	ldrh	r2, [r0, #4]
1000730c:	b29b      	uxth	r3, r3
1000730e:	b288      	uxth	r0, r1
10007310:	458c      	cmp	ip, r1
10007312:	d307      	bcc.n	10007324 <tu_fifo_count+0x20>
10007314:	1a1b      	subs	r3, r3, r0
10007316:	b29b      	uxth	r3, r3
10007318:	1c10      	adds	r0, r2, #0
1000731a:	429a      	cmp	r2, r3
1000731c:	d900      	bls.n	10007320 <tu_fifo_count+0x1c>
1000731e:	1c18      	adds	r0, r3, #0
10007320:	b280      	uxth	r0, r0
10007322:	4770      	bx	lr
10007324:	0051      	lsls	r1, r2, #1
10007326:	1a09      	subs	r1, r1, r0
10007328:	185b      	adds	r3, r3, r1
1000732a:	b29b      	uxth	r3, r3
1000732c:	e7f4      	b.n	10007318 <tu_fifo_count+0x14>
1000732e:	46c0      	nop			@ (mov r8, r8)

10007330 <tu_fifo_empty>:
10007330:	8903      	ldrh	r3, [r0, #8]
10007332:	8940      	ldrh	r0, [r0, #10]
10007334:	1a18      	subs	r0, r3, r0
10007336:	4243      	negs	r3, r0
10007338:	4158      	adcs	r0, r3
1000733a:	b2c0      	uxtb	r0, r0
1000733c:	4770      	bx	lr
1000733e:	46c0      	nop			@ (mov r8, r8)

10007340 <tu_fifo_remaining>:
10007340:	8903      	ldrh	r3, [r0, #8]
10007342:	8941      	ldrh	r1, [r0, #10]
10007344:	469c      	mov	ip, r3
10007346:	8882      	ldrh	r2, [r0, #4]
10007348:	b29b      	uxth	r3, r3
1000734a:	b288      	uxth	r0, r1
1000734c:	458c      	cmp	ip, r1
1000734e:	d307      	bcc.n	10007360 <tu_fifo_remaining+0x20>
10007350:	1a1b      	subs	r3, r3, r0
10007352:	b29b      	uxth	r3, r3
10007354:	2000      	movs	r0, #0
10007356:	429a      	cmp	r2, r3
10007358:	d901      	bls.n	1000735e <tu_fifo_remaining+0x1e>
1000735a:	1ad2      	subs	r2, r2, r3
1000735c:	b290      	uxth	r0, r2
1000735e:	4770      	bx	lr
10007360:	0051      	lsls	r1, r2, #1
10007362:	1a09      	subs	r1, r1, r0
10007364:	185b      	adds	r3, r3, r1
10007366:	b29b      	uxth	r3, r3
10007368:	e7f4      	b.n	10007354 <tu_fifo_remaining+0x14>
1000736a:	46c0      	nop			@ (mov r8, r8)

1000736c <tu_fifo_read>:
1000736c:	b570      	push	{r4, r5, r6, lr}
1000736e:	0004      	movs	r4, r0
10007370:	6900      	ldr	r0, [r0, #16]
10007372:	000d      	movs	r5, r1
10007374:	2800      	cmp	r0, #0
10007376:	d003      	beq.n	10007380 <tu_fifo_read+0x14>
10007378:	2101      	movs	r1, #1
1000737a:	4249      	negs	r1, r1
1000737c:	f000 fb8c 	bl	10007a98 <__mutex_enter_timeout_ms_veneer>
10007380:	8923      	ldrh	r3, [r4, #8]
10007382:	8962      	ldrh	r2, [r4, #10]
10007384:	469c      	mov	ip, r3
10007386:	b298      	uxth	r0, r3
10007388:	b291      	uxth	r1, r2
1000738a:	88a3      	ldrh	r3, [r4, #4]
1000738c:	4594      	cmp	ip, r2
1000738e:	d332      	bcc.n	100073f6 <tu_fifo_read+0x8a>
10007390:	1a42      	subs	r2, r0, r1
10007392:	b292      	uxth	r2, r2
10007394:	2a00      	cmp	r2, #0
10007396:	d027      	beq.n	100073e8 <tu_fifo_read+0x7c>
10007398:	4293      	cmp	r3, r2
1000739a:	d208      	bcs.n	100073ae <tu_fifo_read+0x42>
1000739c:	4298      	cmp	r0, r3
1000739e:	d32f      	bcc.n	10007400 <tu_fifo_read+0x94>
100073a0:	1ac0      	subs	r0, r0, r3
100073a2:	b281      	uxth	r1, r0
100073a4:	8161      	strh	r1, [r4, #10]
100073a6:	428b      	cmp	r3, r1
100073a8:	d803      	bhi.n	100073b2 <tu_fifo_read+0x46>
100073aa:	1ac9      	subs	r1, r1, r3
100073ac:	b289      	uxth	r1, r1
100073ae:	428b      	cmp	r3, r1
100073b0:	d9fb      	bls.n	100073aa <tu_fifo_read+0x3e>
100073b2:	88e2      	ldrh	r2, [r4, #6]
100073b4:	6823      	ldr	r3, [r4, #0]
100073b6:	0452      	lsls	r2, r2, #17
100073b8:	0c52      	lsrs	r2, r2, #17
100073ba:	4351      	muls	r1, r2
100073bc:	0028      	movs	r0, r5
100073be:	1859      	adds	r1, r3, r1
100073c0:	f7fb fef4 	bl	100031ac <__wrap___aeabi_memcpy>
100073c4:	8961      	ldrh	r1, [r4, #10]
100073c6:	2501      	movs	r5, #1
100073c8:	1c4a      	adds	r2, r1, #1
100073ca:	b292      	uxth	r2, r2
100073cc:	88a3      	ldrh	r3, [r4, #4]
100073ce:	4291      	cmp	r1, r2
100073d0:	d90d      	bls.n	100073ee <tu_fifo_read+0x82>
100073d2:	2200      	movs	r2, #0
100073d4:	005b      	lsls	r3, r3, #1
100073d6:	1ad2      	subs	r2, r2, r3
100073d8:	6920      	ldr	r0, [r4, #16]
100073da:	8162      	strh	r2, [r4, #10]
100073dc:	2800      	cmp	r0, #0
100073de:	d001      	beq.n	100073e4 <tu_fifo_read+0x78>
100073e0:	f000 fb2a 	bl	10007a38 <__mutex_exit_veneer>
100073e4:	0028      	movs	r0, r5
100073e6:	bd70      	pop	{r4, r5, r6, pc}
100073e8:	2500      	movs	r5, #0
100073ea:	8962      	ldrh	r2, [r4, #10]
100073ec:	b292      	uxth	r2, r2
100073ee:	005b      	lsls	r3, r3, #1
100073f0:	429a      	cmp	r2, r3
100073f2:	dbf1      	blt.n	100073d8 <tu_fifo_read+0x6c>
100073f4:	e7ef      	b.n	100073d6 <tu_fifo_read+0x6a>
100073f6:	005a      	lsls	r2, r3, #1
100073f8:	1a52      	subs	r2, r2, r1
100073fa:	1882      	adds	r2, r0, r2
100073fc:	b292      	uxth	r2, r2
100073fe:	e7c9      	b.n	10007394 <tu_fifo_read+0x28>
10007400:	18c0      	adds	r0, r0, r3
10007402:	b281      	uxth	r1, r0
10007404:	8161      	strh	r1, [r4, #10]
10007406:	e7ce      	b.n	100073a6 <tu_fifo_read+0x3a>

10007408 <tu_fifo_read_n>:
10007408:	b5f0      	push	{r4, r5, r6, r7, lr}
1000740a:	4646      	mov	r6, r8
1000740c:	46d6      	mov	lr, sl
1000740e:	464f      	mov	r7, r9
10007410:	b5c0      	push	{r6, r7, lr}
10007412:	0006      	movs	r6, r0
10007414:	6900      	ldr	r0, [r0, #16]
10007416:	468a      	mov	sl, r1
10007418:	4690      	mov	r8, r2
1000741a:	b082      	sub	sp, #8
1000741c:	2800      	cmp	r0, #0
1000741e:	d003      	beq.n	10007428 <tu_fifo_read_n+0x20>
10007420:	2101      	movs	r1, #1
10007422:	4249      	negs	r1, r1
10007424:	f000 fb38 	bl	10007a98 <__mutex_enter_timeout_ms_veneer>
10007428:	8931      	ldrh	r1, [r6, #8]
1000742a:	8972      	ldrh	r2, [r6, #10]
1000742c:	88b5      	ldrh	r5, [r6, #4]
1000742e:	b28b      	uxth	r3, r1
10007430:	b294      	uxth	r4, r2
10007432:	4291      	cmp	r1, r2
10007434:	d355      	bcc.n	100074e2 <tu_fifo_read_n+0xda>
10007436:	1b1f      	subs	r7, r3, r4
10007438:	b2bf      	uxth	r7, r7
1000743a:	2f00      	cmp	r7, #0
1000743c:	d04b      	beq.n	100074d6 <tu_fifo_read_n+0xce>
1000743e:	42bd      	cmp	r5, r7
10007440:	d205      	bcs.n	1000744e <tu_fifo_read_n+0x46>
10007442:	42ab      	cmp	r3, r5
10007444:	d252      	bcs.n	100074ec <tu_fifo_read_n+0xe4>
10007446:	195b      	adds	r3, r3, r5
10007448:	b29c      	uxth	r4, r3
1000744a:	002f      	movs	r7, r5
1000744c:	8174      	strh	r4, [r6, #10]
1000744e:	4643      	mov	r3, r8
10007450:	45b8      	cmp	r8, r7
10007452:	d83e      	bhi.n	100074d2 <tu_fifo_read_n+0xca>
10007454:	b29f      	uxth	r7, r3
10007456:	42a5      	cmp	r5, r4
10007458:	d803      	bhi.n	10007462 <tu_fifo_read_n+0x5a>
1000745a:	1b64      	subs	r4, r4, r5
1000745c:	b2a4      	uxth	r4, r4
1000745e:	42a5      	cmp	r5, r4
10007460:	d9fb      	bls.n	1000745a <tu_fifo_read_n+0x52>
10007462:	88f2      	ldrh	r2, [r6, #6]
10007464:	6831      	ldr	r1, [r6, #0]
10007466:	0452      	lsls	r2, r2, #17
10007468:	0c50      	lsrs	r0, r2, #17
1000746a:	0002      	movs	r2, r0
1000746c:	4362      	muls	r2, r4
1000746e:	1b2b      	subs	r3, r5, r4
10007470:	b29b      	uxth	r3, r3
10007472:	1889      	adds	r1, r1, r2
10007474:	9001      	str	r0, [sp, #4]
10007476:	0002      	movs	r2, r0
10007478:	429f      	cmp	r7, r3
1000747a:	d925      	bls.n	100074c8 <tu_fifo_read_n+0xc0>
1000747c:	4343      	muls	r3, r0
1000747e:	b29b      	uxth	r3, r3
10007480:	001a      	movs	r2, r3
10007482:	4650      	mov	r0, sl
10007484:	4699      	mov	r9, r3
10007486:	f7fb fe91 	bl	100031ac <__wrap___aeabi_memcpy>
1000748a:	4650      	mov	r0, sl
1000748c:	9a01      	ldr	r2, [sp, #4]
1000748e:	1b7d      	subs	r5, r7, r5
10007490:	1964      	adds	r4, r4, r5
10007492:	4354      	muls	r4, r2
10007494:	6831      	ldr	r1, [r6, #0]
10007496:	4448      	add	r0, r9
10007498:	b2a2      	uxth	r2, r4
1000749a:	f7fb fe87 	bl	100031ac <__wrap___aeabi_memcpy>
1000749e:	8971      	ldrh	r1, [r6, #10]
100074a0:	88b5      	ldrh	r5, [r6, #4]
100074a2:	19cb      	adds	r3, r1, r7
100074a4:	b29b      	uxth	r3, r3
100074a6:	006a      	lsls	r2, r5, #1
100074a8:	4299      	cmp	r1, r3
100074aa:	d916      	bls.n	100074da <tu_fifo_read_n+0xd2>
100074ac:	1a9b      	subs	r3, r3, r2
100074ae:	6930      	ldr	r0, [r6, #16]
100074b0:	8173      	strh	r3, [r6, #10]
100074b2:	2800      	cmp	r0, #0
100074b4:	d001      	beq.n	100074ba <tu_fifo_read_n+0xb2>
100074b6:	f000 fabf 	bl	10007a38 <__mutex_exit_veneer>
100074ba:	0038      	movs	r0, r7
100074bc:	b002      	add	sp, #8
100074be:	bce0      	pop	{r5, r6, r7}
100074c0:	46ba      	mov	sl, r7
100074c2:	46b1      	mov	r9, r6
100074c4:	46a8      	mov	r8, r5
100074c6:	bdf0      	pop	{r4, r5, r6, r7, pc}
100074c8:	4650      	mov	r0, sl
100074ca:	437a      	muls	r2, r7
100074cc:	f7fb fe6e 	bl	100031ac <__wrap___aeabi_memcpy>
100074d0:	e7e5      	b.n	1000749e <tu_fifo_read_n+0x96>
100074d2:	1c3b      	adds	r3, r7, #0
100074d4:	e7be      	b.n	10007454 <tu_fifo_read_n+0x4c>
100074d6:	8973      	ldrh	r3, [r6, #10]
100074d8:	b29b      	uxth	r3, r3
100074da:	006a      	lsls	r2, r5, #1
100074dc:	4293      	cmp	r3, r2
100074de:	dbe6      	blt.n	100074ae <tu_fifo_read_n+0xa6>
100074e0:	e7e4      	b.n	100074ac <tu_fifo_read_n+0xa4>
100074e2:	006f      	lsls	r7, r5, #1
100074e4:	1b3f      	subs	r7, r7, r4
100074e6:	19df      	adds	r7, r3, r7
100074e8:	b2bf      	uxth	r7, r7
100074ea:	e7a6      	b.n	1000743a <tu_fifo_read_n+0x32>
100074ec:	1b5b      	subs	r3, r3, r5
100074ee:	b29c      	uxth	r4, r3
100074f0:	e7ab      	b.n	1000744a <tu_fifo_read_n+0x42>
100074f2:	46c0      	nop			@ (mov r8, r8)

100074f4 <tu_fifo_write>:
100074f4:	b5f8      	push	{r3, r4, r5, r6, r7, lr}
100074f6:	0004      	movs	r4, r0
100074f8:	68c0      	ldr	r0, [r0, #12]
100074fa:	000f      	movs	r7, r1
100074fc:	2800      	cmp	r0, #0
100074fe:	d003      	beq.n	10007508 <tu_fifo_write+0x14>
10007500:	2101      	movs	r1, #1
10007502:	4249      	negs	r1, r1
10007504:	f000 fac8 	bl	10007a98 <__mutex_enter_timeout_ms_veneer>
10007508:	8925      	ldrh	r5, [r4, #8]
1000750a:	8920      	ldrh	r0, [r4, #8]
1000750c:	8961      	ldrh	r1, [r4, #10]
1000750e:	88a2      	ldrh	r2, [r4, #4]
10007510:	b2ad      	uxth	r5, r5
10007512:	b283      	uxth	r3, r0
10007514:	b28e      	uxth	r6, r1
10007516:	4288      	cmp	r0, r1
10007518:	d328      	bcc.n	1000756c <tu_fifo_write+0x78>
1000751a:	1b9b      	subs	r3, r3, r6
1000751c:	b29b      	uxth	r3, r3
1000751e:	429a      	cmp	r2, r3
10007520:	d809      	bhi.n	10007536 <tu_fifo_write+0x42>
10007522:	79e6      	ldrb	r6, [r4, #7]
10007524:	09f6      	lsrs	r6, r6, #7
10007526:	d106      	bne.n	10007536 <tu_fifo_write+0x42>
10007528:	68e0      	ldr	r0, [r4, #12]
1000752a:	2800      	cmp	r0, #0
1000752c:	d001      	beq.n	10007532 <tu_fifo_write+0x3e>
1000752e:	f000 fa83 	bl	10007a38 <__mutex_exit_veneer>
10007532:	0030      	movs	r0, r6
10007534:	bdf8      	pop	{r3, r4, r5, r6, r7, pc}
10007536:	002b      	movs	r3, r5
10007538:	4295      	cmp	r5, r2
1000753a:	d31c      	bcc.n	10007576 <tu_fifo_write+0x82>
1000753c:	1a9b      	subs	r3, r3, r2
1000753e:	b29b      	uxth	r3, r3
10007540:	4293      	cmp	r3, r2
10007542:	d2fb      	bcs.n	1000753c <tu_fifo_write+0x48>
10007544:	88e2      	ldrh	r2, [r4, #6]
10007546:	6820      	ldr	r0, [r4, #0]
10007548:	0452      	lsls	r2, r2, #17
1000754a:	0c52      	lsrs	r2, r2, #17
1000754c:	4353      	muls	r3, r2
1000754e:	0039      	movs	r1, r7
10007550:	18c0      	adds	r0, r0, r3
10007552:	f7fb fe2b 	bl	100031ac <__wrap___aeabi_memcpy>
10007556:	1c6b      	adds	r3, r5, #1
10007558:	b29b      	uxth	r3, r3
1000755a:	88a2      	ldrh	r2, [r4, #4]
1000755c:	429d      	cmp	r5, r3
1000755e:	d916      	bls.n	1000758e <tu_fifo_write+0x9a>
10007560:	2300      	movs	r3, #0
10007562:	0052      	lsls	r2, r2, #1
10007564:	1a9b      	subs	r3, r3, r2
10007566:	2601      	movs	r6, #1
10007568:	8123      	strh	r3, [r4, #8]
1000756a:	e7dd      	b.n	10007528 <tu_fifo_write+0x34>
1000756c:	0051      	lsls	r1, r2, #1
1000756e:	1b89      	subs	r1, r1, r6
10007570:	185b      	adds	r3, r3, r1
10007572:	b29b      	uxth	r3, r3
10007574:	e7d3      	b.n	1000751e <tu_fifo_write+0x2a>
10007576:	88e2      	ldrh	r2, [r4, #6]
10007578:	6820      	ldr	r0, [r4, #0]
1000757a:	0452      	lsls	r2, r2, #17
1000757c:	0c52      	lsrs	r2, r2, #17
1000757e:	4353      	muls	r3, r2
10007580:	0039      	movs	r1, r7
10007582:	18c0      	adds	r0, r0, r3
10007584:	f7fb fe12 	bl	100031ac <__wrap___aeabi_memcpy>
10007588:	3501      	adds	r5, #1
1000758a:	88a2      	ldrh	r2, [r4, #4]
1000758c:	b2ab      	uxth	r3, r5
1000758e:	0052      	lsls	r2, r2, #1
10007590:	4293      	cmp	r3, r2
10007592:	dbe8      	blt.n	10007566 <tu_fifo_write+0x72>
10007594:	e7e6      	b.n	10007564 <tu_fifo_write+0x70>
10007596:	46c0      	nop			@ (mov r8, r8)

10007598 <tu_fifo_write_n>:
10007598:	b5f0      	push	{r4, r5, r6, r7, lr}
1000759a:	464e      	mov	r6, r9
1000759c:	4645      	mov	r5, r8
1000759e:	46de      	mov	lr, fp
100075a0:	4657      	mov	r7, sl
100075a2:	b5e0      	push	{r5, r6, r7, lr}
100075a4:	4689      	mov	r9, r1
100075a6:	0005      	movs	r5, r0
100075a8:	0016      	movs	r6, r2
100075aa:	b083      	sub	sp, #12
100075ac:	2a00      	cmp	r2, #0
100075ae:	d06b      	beq.n	10007688 <tu_fifo_write_n+0xf0>
100075b0:	68c0      	ldr	r0, [r0, #12]
100075b2:	2800      	cmp	r0, #0
100075b4:	d003      	beq.n	100075be <tu_fifo_write_n+0x26>
100075b6:	2101      	movs	r1, #1
100075b8:	4249      	negs	r1, r1
100075ba:	f000 fa6d 	bl	10007a98 <__mutex_enter_timeout_ms_veneer>
100075be:	892f      	ldrh	r7, [r5, #8]
100075c0:	79ea      	ldrb	r2, [r5, #7]
100075c2:	b2bb      	uxth	r3, r7
100075c4:	4698      	mov	r8, r3
100075c6:	896b      	ldrh	r3, [r5, #10]
100075c8:	88af      	ldrh	r7, [r5, #4]
100075ca:	b29b      	uxth	r3, r3
100075cc:	09d2      	lsrs	r2, r2, #7
100075ce:	d13d      	bne.n	1000764c <tu_fifo_write_n+0xb4>
100075d0:	4598      	cmp	r8, r3
100075d2:	d262      	bcs.n	1000769a <tu_fifo_write_n+0x102>
100075d4:	007a      	lsls	r2, r7, #1
100075d6:	1ad3      	subs	r3, r2, r3
100075d8:	4443      	add	r3, r8
100075da:	b29b      	uxth	r3, r3
100075dc:	42bb      	cmp	r3, r7
100075de:	d261      	bcs.n	100076a4 <tu_fifo_write_n+0x10c>
100075e0:	1afb      	subs	r3, r7, r3
100075e2:	1c1a      	adds	r2, r3, #0
100075e4:	b29b      	uxth	r3, r3
100075e6:	42b3      	cmp	r3, r6
100075e8:	d900      	bls.n	100075ec <tu_fifo_write_n+0x54>
100075ea:	1c32      	adds	r2, r6, #0
100075ec:	b296      	uxth	r6, r2
100075ee:	1bf3      	subs	r3, r6, r7
100075f0:	9301      	str	r3, [sp, #4]
100075f2:	4643      	mov	r3, r8
100075f4:	18f3      	adds	r3, r6, r3
100075f6:	b29b      	uxth	r3, r3
100075f8:	469b      	mov	fp, r3
100075fa:	88ea      	ldrh	r2, [r5, #6]
100075fc:	4644      	mov	r4, r8
100075fe:	45b8      	cmp	r8, r7
10007600:	d303      	bcc.n	1000760a <tu_fifo_write_n+0x72>
10007602:	1be4      	subs	r4, r4, r7
10007604:	b2a4      	uxth	r4, r4
10007606:	42bc      	cmp	r4, r7
10007608:	d2fb      	bcs.n	10007602 <tu_fifo_write_n+0x6a>
1000760a:	0452      	lsls	r2, r2, #17
1000760c:	1b3b      	subs	r3, r7, r4
1000760e:	0c57      	lsrs	r7, r2, #17
10007610:	003a      	movs	r2, r7
10007612:	4362      	muls	r2, r4
10007614:	6828      	ldr	r0, [r5, #0]
10007616:	b29b      	uxth	r3, r3
10007618:	1880      	adds	r0, r0, r2
1000761a:	42b3      	cmp	r3, r6
1000761c:	d356      	bcc.n	100076cc <tu_fifo_write_n+0x134>
1000761e:	003a      	movs	r2, r7
10007620:	4649      	mov	r1, r9
10007622:	4372      	muls	r2, r6
10007624:	f7fb fdc2 	bl	100031ac <__wrap___aeabi_memcpy>
10007628:	88ab      	ldrh	r3, [r5, #4]
1000762a:	005b      	lsls	r3, r3, #1
1000762c:	45d8      	cmp	r8, fp
1000762e:	d801      	bhi.n	10007634 <tu_fifo_write_n+0x9c>
10007630:	459b      	cmp	fp, r3
10007632:	db02      	blt.n	1000763a <tu_fifo_write_n+0xa2>
10007634:	465a      	mov	r2, fp
10007636:	1ad3      	subs	r3, r2, r3
10007638:	469b      	mov	fp, r3
1000763a:	465b      	mov	r3, fp
1000763c:	0037      	movs	r7, r6
1000763e:	812b      	strh	r3, [r5, #8]
10007640:	68e8      	ldr	r0, [r5, #12]
10007642:	2800      	cmp	r0, #0
10007644:	d021      	beq.n	1000768a <tu_fifo_write_n+0xf2>
10007646:	f000 f9f7 	bl	10007a38 <__mutex_exit_veneer>
1000764a:	e01e      	b.n	1000768a <tu_fifo_write_n+0xf2>
1000764c:	42be      	cmp	r6, r7
1000764e:	d22b      	bcs.n	100076a8 <tu_fifo_write_n+0x110>
10007650:	4598      	cmp	r8, r3
10007652:	d34c      	bcc.n	100076ee <tu_fifo_write_n+0x156>
10007654:	4642      	mov	r2, r8
10007656:	1ad2      	subs	r2, r2, r3
10007658:	b292      	uxth	r2, r2
1000765a:	0079      	lsls	r1, r7, #1
1000765c:	1bf0      	subs	r0, r6, r7
1000765e:	1992      	adds	r2, r2, r6
10007660:	9001      	str	r0, [sp, #4]
10007662:	428a      	cmp	r2, r1
10007664:	dbc5      	blt.n	100075f2 <tu_fifo_write_n+0x5a>
10007666:	19da      	adds	r2, r3, r7
10007668:	b292      	uxth	r2, r2
1000766a:	4693      	mov	fp, r2
1000766c:	1b92      	subs	r2, r2, r6
1000766e:	b292      	uxth	r2, r2
10007670:	4690      	mov	r8, r2
10007672:	4293      	cmp	r3, r2
10007674:	d940      	bls.n	100076f8 <tu_fifo_write_n+0x160>
10007676:	4643      	mov	r3, r8
10007678:	1a59      	subs	r1, r3, r1
1000767a:	b28b      	uxth	r3, r1
1000767c:	4698      	mov	r8, r3
1000767e:	18f3      	adds	r3, r6, r3
10007680:	b29b      	uxth	r3, r3
10007682:	469b      	mov	fp, r3
10007684:	88ea      	ldrh	r2, [r5, #6]
10007686:	e7b9      	b.n	100075fc <tu_fifo_write_n+0x64>
10007688:	2700      	movs	r7, #0
1000768a:	0038      	movs	r0, r7
1000768c:	b003      	add	sp, #12
1000768e:	bcf0      	pop	{r4, r5, r6, r7}
10007690:	46bb      	mov	fp, r7
10007692:	46b2      	mov	sl, r6
10007694:	46a9      	mov	r9, r5
10007696:	46a0      	mov	r8, r4
10007698:	bdf0      	pop	{r4, r5, r6, r7, pc}
1000769a:	4642      	mov	r2, r8
1000769c:	1ad3      	subs	r3, r2, r3
1000769e:	b29b      	uxth	r3, r3
100076a0:	42bb      	cmp	r3, r7
100076a2:	d39d      	bcc.n	100075e0 <tu_fifo_write_n+0x48>
100076a4:	2700      	movs	r7, #0
100076a6:	e7cb      	b.n	10007640 <tu_fifo_write_n+0xa8>
100076a8:	2f00      	cmp	r7, #0
100076aa:	d0c9      	beq.n	10007640 <tu_fifo_write_n+0xa8>
100076ac:	46cc      	mov	ip, r9
100076ae:	88ea      	ldrh	r2, [r5, #6]
100076b0:	1bf6      	subs	r6, r6, r7
100076b2:	0451      	lsls	r1, r2, #17
100076b4:	0c49      	lsrs	r1, r1, #17
100076b6:	4371      	muls	r1, r6
100076b8:	4698      	mov	r8, r3
100076ba:	448c      	add	ip, r1
100076bc:	19d9      	adds	r1, r3, r7
100076be:	2300      	movs	r3, #0
100076c0:	b289      	uxth	r1, r1
100076c2:	46e1      	mov	r9, ip
100076c4:	468b      	mov	fp, r1
100076c6:	003e      	movs	r6, r7
100076c8:	9301      	str	r3, [sp, #4]
100076ca:	e797      	b.n	100075fc <tu_fifo_write_n+0x64>
100076cc:	437b      	muls	r3, r7
100076ce:	b29b      	uxth	r3, r3
100076d0:	001a      	movs	r2, r3
100076d2:	4649      	mov	r1, r9
100076d4:	469a      	mov	sl, r3
100076d6:	f7fb fd69 	bl	100031ac <__wrap___aeabi_memcpy>
100076da:	4649      	mov	r1, r9
100076dc:	9b01      	ldr	r3, [sp, #4]
100076de:	6828      	ldr	r0, [r5, #0]
100076e0:	18e2      	adds	r2, r4, r3
100076e2:	437a      	muls	r2, r7
100076e4:	4451      	add	r1, sl
100076e6:	b292      	uxth	r2, r2
100076e8:	f7fb fd60 	bl	100031ac <__wrap___aeabi_memcpy>
100076ec:	e79c      	b.n	10007628 <tu_fifo_write_n+0x90>
100076ee:	0079      	lsls	r1, r7, #1
100076f0:	1aca      	subs	r2, r1, r3
100076f2:	4442      	add	r2, r8
100076f4:	b292      	uxth	r2, r2
100076f6:	e7b1      	b.n	1000765c <tu_fifo_write_n+0xc4>
100076f8:	4291      	cmp	r1, r2
100076fa:	ddbc      	ble.n	10007676 <tu_fifo_write_n+0xde>
100076fc:	e7c2      	b.n	10007684 <tu_fifo_write_n+0xec>
100076fe:	46c0      	nop			@ (mov r8, r8)

10007700 <tu_fifo_clear>:
10007700:	b510      	push	{r4, lr}
10007702:	0004      	movs	r4, r0
10007704:	68c0      	ldr	r0, [r0, #12]
10007706:	2800      	cmp	r0, #0
10007708:	d003      	beq.n	10007712 <tu_fifo_clear+0x12>
1000770a:	2101      	movs	r1, #1
1000770c:	4249      	negs	r1, r1
1000770e:	f000 f9c3 	bl	10007a98 <__mutex_enter_timeout_ms_veneer>
10007712:	6920      	ldr	r0, [r4, #16]
10007714:	2800      	cmp	r0, #0
10007716:	d003      	beq.n	10007720 <tu_fifo_clear+0x20>
10007718:	2101      	movs	r1, #1
1000771a:	4249      	negs	r1, r1
1000771c:	f000 f9bc 	bl	10007a98 <__mutex_enter_timeout_ms_veneer>
10007720:	2300      	movs	r3, #0
10007722:	68e0      	ldr	r0, [r4, #12]
10007724:	8163      	strh	r3, [r4, #10]
10007726:	8123      	strh	r3, [r4, #8]
10007728:	2800      	cmp	r0, #0
1000772a:	d001      	beq.n	10007730 <tu_fifo_clear+0x30>
1000772c:	f000 f984 	bl	10007a38 <__mutex_exit_veneer>
10007730:	6920      	ldr	r0, [r4, #16]
10007732:	2800      	cmp	r0, #0
10007734:	d001      	beq.n	1000773a <tu_fifo_clear+0x3a>
10007736:	f000 f97f 	bl	10007a38 <__mutex_exit_veneer>
1000773a:	2001      	movs	r0, #1
1000773c:	bd10      	pop	{r4, pc}
1000773e:	46c0      	nop			@ (mov r8, r8)

10007740 <tu_fifo_set_overwritable>:
10007740:	b570      	push	{r4, r5, r6, lr}
10007742:	0004      	movs	r4, r0
10007744:	68c0      	ldr	r0, [r0, #12]
10007746:	000d      	movs	r5, r1
10007748:	2800      	cmp	r0, #0
1000774a:	d003      	beq.n	10007754 <tu_fifo_set_overwritable+0x14>
1000774c:	2101      	movs	r1, #1
1000774e:	4249      	negs	r1, r1
10007750:	f000 f9a2 	bl	10007a98 <__mutex_enter_timeout_ms_veneer>
10007754:	6920      	ldr	r0, [r4, #16]
10007756:	2800      	cmp	r0, #0
10007758:	d003      	beq.n	10007762 <tu_fifo_set_overwritable+0x22>
1000775a:	2101      	movs	r1, #1
1000775c:	4249      	negs	r1, r1
1000775e:	f000 f99b 	bl	10007a98 <__mutex_enter_timeout_ms_veneer>
10007762:	217f      	movs	r1, #127	@ 0x7f
10007764:	79e2      	ldrb	r2, [r4, #7]
10007766:	01eb      	lsls	r3, r5, #7
10007768:	4011      	ands	r1, r2
1000776a:	68e0      	ldr	r0, [r4, #12]
1000776c:	4319      	orrs	r1, r3
1000776e:	71e1      	strb	r1, [r4, #7]
10007770:	2800      	cmp	r0, #0
10007772:	d001      	beq.n	10007778 <tu_fifo_set_overwritable+0x38>
10007774:	f000 f960 	bl	10007a38 <__mutex_exit_veneer>
10007778:	6920      	ldr	r0, [r4, #16]
1000777a:	2800      	cmp	r0, #0
1000777c:	d001      	beq.n	10007782 <tu_fifo_set_overwritable+0x42>
1000777e:	f000 f95b 	bl	10007a38 <__mutex_exit_veneer>
10007782:	2001      	movs	r0, #1
10007784:	bd70      	pop	{r4, r5, r6, pc}
10007786:	46c0      	nop			@ (mov r8, r8)

10007788 <core1_trampoline>:
10007788:	bd03      	pop	{r0, r1, pc}
1000778a:	46c0      	nop			@ (mov r8, r8)

1000778c <core1_wrapper>:
1000778c:	b510      	push	{r4, lr}
1000778e:	0004      	movs	r4, r0
10007790:	f7fa fd76 	bl	10002280 <runtime_run_per_core_initializers>
10007794:	47a0      	blx	r4
10007796:	bd10      	pop	{r4, pc}

10007798 <multicore_launch_core1_raw>:
10007798:	b5f0      	push	{r4, r5, r6, r7, lr}
1000779a:	46c6      	mov	lr, r8
1000779c:	b500      	push	{lr}
1000779e:	0004      	movs	r4, r0
100077a0:	b086      	sub	sp, #24
100077a2:	200f      	movs	r0, #15
100077a4:	000d      	movs	r5, r1
100077a6:	0017      	movs	r7, r2
100077a8:	f7f9 f9e4 	bl	10000b74 <irq_is_enabled>
100077ac:	2100      	movs	r1, #0
100077ae:	4680      	mov	r8, r0
100077b0:	200f      	movs	r0, #15
100077b2:	f7f9 f9cd 	bl	10000b50 <irq_set_enabled>
100077b6:	2300      	movs	r3, #0
100077b8:	9300      	str	r3, [sp, #0]
100077ba:	9301      	str	r3, [sp, #4]
100077bc:	3301      	adds	r3, #1
100077be:	9302      	str	r3, [sp, #8]
100077c0:	23d0      	movs	r3, #208	@ 0xd0
100077c2:	9504      	str	r5, [sp, #16]
100077c4:	9405      	str	r4, [sp, #20]
100077c6:	466e      	mov	r6, sp
100077c8:	2400      	movs	r4, #0
100077ca:	2500      	movs	r5, #0
100077cc:	2101      	movs	r1, #1
100077ce:	2002      	movs	r0, #2
100077d0:	9703      	str	r7, [sp, #12]
100077d2:	061b      	lsls	r3, r3, #24
100077d4:	2c00      	cmp	r4, #0
100077d6:	d013      	beq.n	10007800 <multicore_launch_core1_raw+0x68>
100077d8:	6d1a      	ldr	r2, [r3, #80]	@ 0x50
100077da:	4210      	tst	r0, r2
100077dc:	d0fc      	beq.n	100077d8 <multicore_launch_core1_raw+0x40>
100077de:	655c      	str	r4, [r3, #84]	@ 0x54
100077e0:	bf40      	sev
100077e2:	6d1a      	ldr	r2, [r3, #80]	@ 0x50
100077e4:	4211      	tst	r1, r2
100077e6:	d103      	bne.n	100077f0 <multicore_launch_core1_raw+0x58>
100077e8:	bf20      	wfe
100077ea:	6d1a      	ldr	r2, [r3, #80]	@ 0x50
100077ec:	4211      	tst	r1, r2
100077ee:	d0fb      	beq.n	100077e8 <multicore_launch_core1_raw+0x50>
100077f0:	6d9a      	ldr	r2, [r3, #88]	@ 0x58
100077f2:	42a2      	cmp	r2, r4
100077f4:	d009      	beq.n	1000780a <multicore_launch_core1_raw+0x72>
100077f6:	2500      	movs	r5, #0
100077f8:	00aa      	lsls	r2, r5, #2
100077fa:	58b4      	ldr	r4, [r6, r2]
100077fc:	e7ea      	b.n	100077d4 <multicore_launch_core1_raw+0x3c>
100077fe:	6d9a      	ldr	r2, [r3, #88]	@ 0x58
10007800:	6d1a      	ldr	r2, [r3, #80]	@ 0x50
10007802:	4211      	tst	r1, r2
10007804:	d1fb      	bne.n	100077fe <multicore_launch_core1_raw+0x66>
10007806:	bf40      	sev
10007808:	e7e6      	b.n	100077d8 <multicore_launch_core1_raw+0x40>
1000780a:	3501      	adds	r5, #1
1000780c:	2d06      	cmp	r5, #6
1000780e:	d1f3      	bne.n	100077f8 <multicore_launch_core1_raw+0x60>
10007810:	4641      	mov	r1, r8
10007812:	200f      	movs	r0, #15
10007814:	f7f9 f99c 	bl	10000b50 <irq_set_enabled>
10007818:	b006      	add	sp, #24
1000781a:	bc80      	pop	{r7}
1000781c:	46b8      	mov	r8, r7
1000781e:	bdf0      	pop	{r4, r5, r6, r7, pc}

10007820 <multicore_launch_core1>:
10007820:	4b0e      	ldr	r3, [pc, #56]	@ (1000785c <multicore_launch_core1+0x3c>)
10007822:	4a0f      	ldr	r2, [pc, #60]	@ (10007860 <multicore_launch_core1+0x40>)
10007824:	b510      	push	{r4, lr}
10007826:	0004      	movs	r4, r0
10007828:	4293      	cmp	r3, r2
1000782a:	d311      	bcc.n	10007850 <multicore_launch_core1+0x30>
1000782c:	4a0d      	ldr	r2, [pc, #52]	@ (10007864 <multicore_launch_core1+0x44>)
1000782e:	1899      	adds	r1, r3, r2
10007830:	001a      	movs	r2, r3
10007832:	480d      	ldr	r0, [pc, #52]	@ (10007868 <multicore_launch_core1+0x48>)
10007834:	6880      	ldr	r0, [r0, #8]
10007836:	4684      	mov	ip, r0
10007838:	480a      	ldr	r0, [pc, #40]	@ (10007864 <multicore_launch_core1+0x44>)
1000783a:	5014      	str	r4, [r2, r0]
1000783c:	3004      	adds	r0, #4
1000783e:	5013      	str	r3, [r2, r0]
10007840:	4b0a      	ldr	r3, [pc, #40]	@ (1000786c <multicore_launch_core1+0x4c>)
10007842:	480b      	ldr	r0, [pc, #44]	@ (10007870 <multicore_launch_core1+0x50>)
10007844:	5013      	str	r3, [r2, r0]
10007846:	4662      	mov	r2, ip
10007848:	480a      	ldr	r0, [pc, #40]	@ (10007874 <multicore_launch_core1+0x54>)
1000784a:	f7ff ffa5 	bl	10007798 <multicore_launch_core1_raw>
1000784e:	bd10      	pop	{r4, pc}
10007850:	2301      	movs	r3, #1
10007852:	425b      	negs	r3, r3
10007854:	001a      	movs	r2, r3
10007856:	4908      	ldr	r1, [pc, #32]	@ (10007878 <multicore_launch_core1+0x58>)
10007858:	e7eb      	b.n	10007832 <multicore_launch_core1+0x12>
1000785a:	46c0      	nop			@ (mov r8, r8)
1000785c:	20040800 	.word	0x20040800
10007860:	20040000 	.word	0x20040000
10007864:	000007f4 	.word	0x000007f4
10007868:	e000ed00 	.word	0xe000ed00
1000786c:	1000778d 	.word	0x1000778d
10007870:	000007fc 	.word	0x000007fc
10007874:	10007789 	.word	0x10007789
10007878:	000007f3 	.word	0x000007f3

1000787c <atexit>:
1000787c:	b510      	push	{r4, lr}
1000787e:	0001      	movs	r1, r0
10007880:	2300      	movs	r3, #0
10007882:	2200      	movs	r2, #0
10007884:	2000      	movs	r0, #0
10007886:	f000 f877 	bl	10007978 <__register_exitproc>
1000788a:	bd10      	pop	{r4, pc}

1000788c <strcat>:
1000788c:	b570      	push	{r4, r5, r6, lr}
1000788e:	0005      	movs	r5, r0
10007890:	0783      	lsls	r3, r0, #30
10007892:	d116      	bne.n	100078c2 <strcat+0x36>
10007894:	6802      	ldr	r2, [r0, #0]
10007896:	4b0e      	ldr	r3, [pc, #56]	@ (100078d0 <strcat+0x44>)
10007898:	4c0e      	ldr	r4, [pc, #56]	@ (100078d4 <strcat+0x48>)
1000789a:	18d3      	adds	r3, r2, r3
1000789c:	4393      	bics	r3, r2
1000789e:	4223      	tst	r3, r4
100078a0:	d10f      	bne.n	100078c2 <strcat+0x36>
100078a2:	6842      	ldr	r2, [r0, #4]
100078a4:	4b0a      	ldr	r3, [pc, #40]	@ (100078d0 <strcat+0x44>)
100078a6:	3004      	adds	r0, #4
100078a8:	18d3      	adds	r3, r2, r3
100078aa:	4393      	bics	r3, r2
100078ac:	4223      	tst	r3, r4
100078ae:	d108      	bne.n	100078c2 <strcat+0x36>
100078b0:	6842      	ldr	r2, [r0, #4]
100078b2:	4b07      	ldr	r3, [pc, #28]	@ (100078d0 <strcat+0x44>)
100078b4:	3004      	adds	r0, #4
100078b6:	18d3      	adds	r3, r2, r3
100078b8:	4393      	bics	r3, r2
100078ba:	4223      	tst	r3, r4
100078bc:	d0f1      	beq.n	100078a2 <strcat+0x16>
100078be:	e000      	b.n	100078c2 <strcat+0x36>
100078c0:	3001      	adds	r0, #1
100078c2:	7803      	ldrb	r3, [r0, #0]
100078c4:	2b00      	cmp	r3, #0
100078c6:	d1fb      	bne.n	100078c0 <strcat+0x34>
100078c8:	f000 f81e 	bl	10007908 <strcpy>
100078cc:	0028      	movs	r0, r5
100078ce:	bd70      	pop	{r4, r5, r6, pc}
100078d0:	fefefeff 	.word	0xfefefeff
100078d4:	80808080 	.word	0x80808080

100078d8 <__libc_fini_array>:
100078d8:	b570      	push	{r4, r5, r6, lr}
100078da:	4c07      	ldr	r4, [pc, #28]	@ (100078f8 <__libc_fini_array+0x20>)
100078dc:	4d07      	ldr	r5, [pc, #28]	@ (100078fc <__libc_fini_array+0x24>)
100078de:	1b64      	subs	r4, r4, r5
100078e0:	10a4      	asrs	r4, r4, #2
100078e2:	d005      	beq.n	100078f0 <__libc_fini_array+0x18>
100078e4:	3c01      	subs	r4, #1
100078e6:	00a3      	lsls	r3, r4, #2
100078e8:	58eb      	ldr	r3, [r5, r3]
100078ea:	4798      	blx	r3
100078ec:	2c00      	cmp	r4, #0
100078ee:	d1f9      	bne.n	100078e4 <__libc_fini_array+0xc>
100078f0:	f000 f898 	bl	10007a24 <_fini>
100078f4:	bd70      	pop	{r4, r5, r6, pc}
100078f6:	46c0      	nop			@ (mov r8, r8)
100078f8:	10007b30 	.word	0x10007b30
100078fc:	10007b30 	.word	0x10007b30

10007900 <__retarget_lock_acquire_recursive>:
10007900:	4770      	bx	lr
10007902:	46c0      	nop			@ (mov r8, r8)

10007904 <__retarget_lock_release_recursive>:
10007904:	4770      	bx	lr
10007906:	46c0      	nop			@ (mov r8, r8)

10007908 <strcpy>:
10007908:	0003      	movs	r3, r0
1000790a:	780a      	ldrb	r2, [r1, #0]
1000790c:	3101      	adds	r1, #1
1000790e:	701a      	strb	r2, [r3, #0]
10007910:	3301      	adds	r3, #1
10007912:	2a00      	cmp	r2, #0
10007914:	d1f9      	bne.n	1000790a <strcpy+0x2>
10007916:	4770      	bx	lr

10007918 <strlen>:
10007918:	0003      	movs	r3, r0
1000791a:	4684      	mov	ip, r0
1000791c:	079b      	lsls	r3, r3, #30
1000791e:	d00b      	beq.n	10007938 <strlen+0x20>
10007920:	0003      	movs	r3, r0
10007922:	2103      	movs	r1, #3
10007924:	e002      	b.n	1000792c <strlen+0x14>
10007926:	3301      	adds	r3, #1
10007928:	420b      	tst	r3, r1
1000792a:	d006      	beq.n	1000793a <strlen+0x22>
1000792c:	781a      	ldrb	r2, [r3, #0]
1000792e:	2a00      	cmp	r2, #0
10007930:	d1f9      	bne.n	10007926 <strlen+0xe>
10007932:	4662      	mov	r2, ip
10007934:	1a98      	subs	r0, r3, r2
10007936:	4770      	bx	lr
10007938:	0003      	movs	r3, r0
1000793a:	6819      	ldr	r1, [r3, #0]
1000793c:	4a0c      	ldr	r2, [pc, #48]	@ (10007970 <strlen+0x58>)
1000793e:	480d      	ldr	r0, [pc, #52]	@ (10007974 <strlen+0x5c>)
10007940:	188a      	adds	r2, r1, r2
10007942:	438a      	bics	r2, r1
10007944:	4202      	tst	r2, r0
10007946:	d10f      	bne.n	10007968 <strlen+0x50>
10007948:	6859      	ldr	r1, [r3, #4]
1000794a:	4a09      	ldr	r2, [pc, #36]	@ (10007970 <strlen+0x58>)
1000794c:	3304      	adds	r3, #4
1000794e:	188a      	adds	r2, r1, r2
10007950:	438a      	bics	r2, r1
10007952:	4202      	tst	r2, r0
10007954:	d108      	bne.n	10007968 <strlen+0x50>
10007956:	6859      	ldr	r1, [r3, #4]
10007958:	4a05      	ldr	r2, [pc, #20]	@ (10007970 <strlen+0x58>)
1000795a:	3304      	adds	r3, #4
1000795c:	188a      	adds	r2, r1, r2
1000795e:	438a      	bics	r2, r1
10007960:	4202      	tst	r2, r0
10007962:	d0f1      	beq.n	10007948 <strlen+0x30>
10007964:	e000      	b.n	10007968 <strlen+0x50>
10007966:	3301      	adds	r3, #1
10007968:	781a      	ldrb	r2, [r3, #0]
1000796a:	2a00      	cmp	r2, #0
1000796c:	d1fb      	bne.n	10007966 <strlen+0x4e>
1000796e:	e7e0      	b.n	10007932 <strlen+0x1a>
10007970:	fefefeff 	.word	0xfefefeff
10007974:	80808080 	.word	0x80808080

10007978 <__register_exitproc>:
10007978:	b5f8      	push	{r3, r4, r5, r6, r7, lr}
1000797a:	46ce      	mov	lr, r9
1000797c:	4647      	mov	r7, r8
1000797e:	4c20      	ldr	r4, [pc, #128]	@ (10007a00 <__register_exitproc+0x88>)
10007980:	0005      	movs	r5, r0
10007982:	b580      	push	{r7, lr}
10007984:	6820      	ldr	r0, [r4, #0]
10007986:	0016      	movs	r6, r2
10007988:	4699      	mov	r9, r3
1000798a:	4688      	mov	r8, r1
1000798c:	f7ff ffb8 	bl	10007900 <__retarget_lock_acquire_recursive>
10007990:	4b1c      	ldr	r3, [pc, #112]	@ (10007a04 <__register_exitproc+0x8c>)
10007992:	681a      	ldr	r2, [r3, #0]
10007994:	2a00      	cmp	r2, #0
10007996:	d02b      	beq.n	100079f0 <__register_exitproc+0x78>
10007998:	6853      	ldr	r3, [r2, #4]
1000799a:	6820      	ldr	r0, [r4, #0]
1000799c:	2b1f      	cmp	r3, #31
1000799e:	dc2a      	bgt.n	100079f6 <__register_exitproc+0x7e>
100079a0:	2d00      	cmp	r5, #0
100079a2:	d10c      	bne.n	100079be <__register_exitproc+0x46>
100079a4:	1c59      	adds	r1, r3, #1
100079a6:	6051      	str	r1, [r2, #4]
100079a8:	4641      	mov	r1, r8
100079aa:	3302      	adds	r3, #2
100079ac:	009b      	lsls	r3, r3, #2
100079ae:	5099      	str	r1, [r3, r2]
100079b0:	f7ff ffa8 	bl	10007904 <__retarget_lock_release_recursive>
100079b4:	2000      	movs	r0, #0
100079b6:	bcc0      	pop	{r6, r7}
100079b8:	46b9      	mov	r9, r7
100079ba:	46b0      	mov	r8, r6
100079bc:	bdf8      	pop	{r3, r4, r5, r6, r7, pc}
100079be:	2488      	movs	r4, #136	@ 0x88
100079c0:	0099      	lsls	r1, r3, #2
100079c2:	1851      	adds	r1, r2, r1
100079c4:	510e      	str	r6, [r1, r4]
100079c6:	0016      	movs	r6, r2
100079c8:	3c87      	subs	r4, #135	@ 0x87
100079ca:	409c      	lsls	r4, r3
100079cc:	3689      	adds	r6, #137	@ 0x89
100079ce:	36ff      	adds	r6, #255	@ 0xff
100079d0:	6837      	ldr	r7, [r6, #0]
100079d2:	4327      	orrs	r7, r4
100079d4:	6037      	str	r7, [r6, #0]
100079d6:	2684      	movs	r6, #132	@ 0x84
100079d8:	464f      	mov	r7, r9
100079da:	0076      	lsls	r6, r6, #1
100079dc:	518f      	str	r7, [r1, r6]
100079de:	2d02      	cmp	r5, #2
100079e0:	d1e0      	bne.n	100079a4 <__register_exitproc+0x2c>
100079e2:	0015      	movs	r5, r2
100079e4:	358d      	adds	r5, #141	@ 0x8d
100079e6:	35ff      	adds	r5, #255	@ 0xff
100079e8:	6829      	ldr	r1, [r5, #0]
100079ea:	4321      	orrs	r1, r4
100079ec:	6029      	str	r1, [r5, #0]
100079ee:	e7d9      	b.n	100079a4 <__register_exitproc+0x2c>
100079f0:	4a05      	ldr	r2, [pc, #20]	@ (10007a08 <__register_exitproc+0x90>)
100079f2:	601a      	str	r2, [r3, #0]
100079f4:	e7d0      	b.n	10007998 <__register_exitproc+0x20>
100079f6:	f7ff ff85 	bl	10007904 <__retarget_lock_release_recursive>
100079fa:	2001      	movs	r0, #1
100079fc:	4240      	negs	r0, r0
100079fe:	e7da      	b.n	100079b6 <__register_exitproc+0x3e>
10007a00:	20001930 	.word	0x20001930
10007a04:	20001e34 	.word	0x20001e34
10007a08:	20001e38 	.word	0x20001e38

10007a0c <register_fini>:
10007a0c:	4b03      	ldr	r3, [pc, #12]	@ (10007a1c <register_fini+0x10>)
10007a0e:	b510      	push	{r4, lr}
10007a10:	2b00      	cmp	r3, #0
10007a12:	d002      	beq.n	10007a1a <register_fini+0xe>
10007a14:	4802      	ldr	r0, [pc, #8]	@ (10007a20 <register_fini+0x14>)
10007a16:	f7ff ff31 	bl	1000787c <atexit>
10007a1a:	bd10      	pop	{r4, pc}
10007a1c:	00000000 	.word	0x00000000
10007a20:	100078d9 	.word	0x100078d9

10007a24 <_fini>:
10007a24:	b5f8      	push	{r3, r4, r5, r6, r7, lr}
10007a26:	46c0      	nop			@ (mov r8, r8)

10007a28 <__flash_do_cmd_veneer>:
10007a28:	b401      	push	{r0}
10007a2a:	4802      	ldr	r0, [pc, #8]	@ (10007a34 <__flash_do_cmd_veneer+0xc>)
10007a2c:	4684      	mov	ip, r0
10007a2e:	bc01      	pop	{r0}
10007a30:	4760      	bx	ip
10007a32:	bf00      	nop
10007a34:	200002c1 	.word	0x200002c1

10007a38 <__mutex_exit_veneer>:
10007a38:	b401      	push	{r0}
10007a3a:	4802      	ldr	r0, [pc, #8]	@ (10007a44 <__mutex_exit_veneer+0xc>)
10007a3c:	4684      	mov	ip, r0
10007a3e:	bc01      	pop	{r0}
10007a40:	4760      	bx	ip
10007a42:	bf00      	nop
10007a44:	20000225 	.word	0x20000225

10007a48 <____aeabi_ldiv0_veneer>:
10007a48:	b401      	push	{r0}
10007a4a:	4802      	ldr	r0, [pc, #8]	@ (10007a54 <____aeabi_ldiv0_veneer+0xc>)
10007a4c:	4684      	mov	ip, r0
10007a4e:	bc01      	pop	{r0}
10007a50:	4760      	bx	ip
10007a52:	bf00      	nop
10007a54:	20000f05 	.word	0x20000f05

10007a58 <__e15_is_critical_frame_period_veneer>:
10007a58:	b401      	push	{r0}
10007a5a:	4802      	ldr	r0, [pc, #8]	@ (10007a64 <__e15_is_critical_frame_period_veneer+0xc>)
10007a5c:	4684      	mov	ip, r0
10007a5e:	bc01      	pop	{r0}
10007a60:	4760      	bx	ip
10007a62:	bf00      	nop
10007a64:	20000bf9 	.word	0x20000bf9

10007a68 <__e15_is_bulkin_ep_veneer>:
10007a68:	b401      	push	{r0}
10007a6a:	4802      	ldr	r0, [pc, #8]	@ (10007a74 <__e15_is_bulkin_ep_veneer+0xc>)
10007a6c:	4684      	mov	ip, r0
10007a6e:	bc01      	pop	{r0}
10007a70:	4760      	bx	ip
10007a72:	bf00      	nop
10007a74:	20000bd1 	.word	0x20000bd1

10007a78 <____aeabi_idiv0_veneer>:
10007a78:	b401      	push	{r0}
10007a7a:	4802      	ldr	r0, [pc, #8]	@ (10007a84 <____aeabi_idiv0_veneer+0xc>)
10007a7c:	4684      	mov	ip, r0
10007a7e:	bc01      	pop	{r0}
10007a80:	4760      	bx	ip
10007a82:	bf00      	nop
10007a84:	20000f05 	.word	0x20000f05

10007a88 <__mutex_try_enter_veneer>:
10007a88:	b401      	push	{r0}
10007a8a:	4802      	ldr	r0, [pc, #8]	@ (10007a94 <__mutex_try_enter_veneer+0xc>)
10007a8c:	4684      	mov	ip, r0
10007a8e:	bc01      	pop	{r0}
10007a90:	4760      	bx	ip
10007a92:	bf00      	nop
10007a94:	200000c1 	.word	0x200000c1

10007a98 <__mutex_enter_timeout_ms_veneer>:
10007a98:	b401      	push	{r0}
10007a9a:	4802      	ldr	r0, [pc, #8]	@ (10007aa4 <__mutex_enter_timeout_ms_veneer+0xc>)
10007a9c:	4684      	mov	ip, r0
10007a9e:	bc01      	pop	{r0}
10007aa0:	4760      	bx	ip
10007aa2:	bf00      	nop
10007aa4:	20000199 	.word	0x20000199

10007aa8 <__mutex_try_enter_block_until_veneer>:
10007aa8:	b401      	push	{r0}
10007aaa:	4802      	ldr	r0, [pc, #8]	@ (10007ab4 <__mutex_try_enter_block_until_veneer+0xc>)
10007aac:	4684      	mov	ip, r0
10007aae:	bc01      	pop	{r0}
10007ab0:	4760      	bx	ip
10007ab2:	bf00      	nop
10007ab4:	20000101 	.word	0x20000101

10007ab8 <__hw_endpoint_start_next_buffer_veneer>:
10007ab8:	b401      	push	{r0}
10007aba:	4802      	ldr	r0, [pc, #8]	@ (10007ac4 <__hw_endpoint_start_next_buffer_veneer+0xc>)
10007abc:	4684      	mov	ip, r0
10007abe:	bc01      	pop	{r0}
10007ac0:	4760      	bx	ip
10007ac2:	bf00      	nop
10007ac4:	20000c85 	.word	0x20000c85

10007ac8 <___hw_endpoint_buffer_control_update32_veneer>:
10007ac8:	b401      	push	{r0}
10007aca:	4802      	ldr	r0, [pc, #8]	@ (10007ad4 <___hw_endpoint_buffer_control_update32_veneer+0xc>)
10007acc:	4684      	mov	ip, r0
10007ace:	bc01      	pop	{r0}
10007ad0:	4760      	bx	ip
10007ad2:	bf00      	nop
10007ad4:	20000c35 	.word	0x20000c35

10007ad8 <__reset_non_control_endpoints_veneer>:
10007ad8:	b401      	push	{r0}
10007ada:	4802      	ldr	r0, [pc, #8]	@ (10007ae4 <__reset_non_control_endpoints_veneer+0xc>)
10007adc:	4684      	mov	ip, r0
10007ade:	bc01      	pop	{r0}
10007ae0:	4760      	bx	ip
10007ae2:	bf00      	nop
10007ae4:	200003d5 	.word	0x200003d5

10007ae8 <__pre_init_runtime_init_early_resets>:
10007ae8:	100022a9                                ."..

10007aec <__pre_init_runtime_init_usb_power_down>:
10007aec:	100022d5 10002421 10003191 10002ac5     ."..!$...1...*..
10007afc:	100030fd                                .0..

10007b00 <__pre_init_runtime_init_clocks>:
10007b00:	10002349                                I#..

10007b04 <__pre_init_runtime_init_post_clock_resets>:
10007b04:	100022f1                                ."..

10007b08 <__pre_init_runtime_init_rp2040_gpio_ie_disable>:
10007b08:	10002311                                .#..

10007b0c <__pre_init_runtime_init_spin_locks_reset>:
10007b0c:	10002325                                %#..

10007b10 <__pre_init_runtime_init_mutex>:
10007b10:	100010ad                                ....

10007b14 <__pre_init_runtime_init_install_ram_vector_table>:
10007b14:	1000232d                                -#..

10007b18 <__pre_init_runtime_init_default_alarm_pool>:
10007b18:	1000146d                                m...

10007b1c <__pre_init_first_per_core_initializer>:
10007b1c:	10002249                                I"..

10007b20 <__pre_init_runtime_init_per_core_irq_priorities>:
10007b20:	10000b09                                ....

10007b24 <__init_array_start>:
10007b24:	10007a0d 	.word	0x10007a0d

10007b28 <__frame_dummy_init_array_entry>:
10007b28:	100002fd 100055b5                       .....U..

Disassembly of section .data:

200000c0 <mutex_try_enter>:
200000c0:	0003      	movs	r3, r0
200000c2:	6800      	ldr	r0, [r0, #0]
200000c4:	f3ef 8c10 	mrs	ip, PRIMASK
200000c8:	b672      	cpsid	i
200000ca:	6802      	ldr	r2, [r0, #0]
200000cc:	2a00      	cmp	r2, #0
200000ce:	d0fc      	beq.n	200000ca <mutex_try_enter+0xa>
200000d0:	f3bf 8f5f 	dmb	sy
200000d4:	2204      	movs	r2, #4
200000d6:	569a      	ldrsb	r2, [r3, r2]
200000d8:	2a00      	cmp	r2, #0
200000da:	db0b      	blt.n	200000f4 <mutex_try_enter+0x34>
200000dc:	2900      	cmp	r1, #0
200000de:	d000      	beq.n	200000e2 <mutex_try_enter+0x22>
200000e0:	600a      	str	r2, [r1, #0]
200000e2:	2000      	movs	r0, #0
200000e4:	681b      	ldr	r3, [r3, #0]
200000e6:	f3bf 8f5f 	dmb	sy
200000ea:	2200      	movs	r2, #0
200000ec:	601a      	str	r2, [r3, #0]
200000ee:	f38c 8810 	msr	PRIMASK, ip
200000f2:	4770      	bx	lr
200000f4:	22d0      	movs	r2, #208	@ 0xd0
200000f6:	0612      	lsls	r2, r2, #24
200000f8:	6812      	ldr	r2, [r2, #0]
200000fa:	2001      	movs	r0, #1
200000fc:	711a      	strb	r2, [r3, #4]
200000fe:	e7f1      	b.n	200000e4 <mutex_try_enter+0x24>

20000100 <mutex_try_enter_block_until>:
20000100:	b5f0      	push	{r4, r5, r6, r7, lr}
20000102:	46c6      	mov	lr, r8
20000104:	0016      	movs	r6, r2
20000106:	b500      	push	{lr}
20000108:	0004      	movs	r4, r0
2000010a:	001f      	movs	r7, r3
2000010c:	6802      	ldr	r2, [r0, #0]
2000010e:	f3ef 8110 	mrs	r1, PRIMASK
20000112:	b672      	cpsid	i
20000114:	6813      	ldr	r3, [r2, #0]
20000116:	2b00      	cmp	r3, #0
20000118:	d0fc      	beq.n	20000114 <mutex_try_enter_block_until+0x14>
2000011a:	f3bf 8f5f 	dmb	sy
2000011e:	2304      	movs	r3, #4
20000120:	56e3      	ldrsb	r3, [r4, r3]
20000122:	6822      	ldr	r2, [r4, #0]
20000124:	2b00      	cmp	r3, #0
20000126:	db2b      	blt.n	20000180 <mutex_try_enter_block_until+0x80>
20000128:	f3bf 8f5f 	dmb	sy
2000012c:	2000      	movs	r0, #0
2000012e:	6010      	str	r0, [r2, #0]
20000130:	f381 8810 	msr	PRIMASK, r1
20000134:	22d0      	movs	r2, #208	@ 0xd0
20000136:	0612      	lsls	r2, r2, #24
20000138:	7812      	ldrb	r2, [r2, #0]
2000013a:	2500      	movs	r5, #0
2000013c:	b252      	sxtb	r2, r2
2000013e:	4690      	mov	r8, r2
20000140:	429a      	cmp	r2, r3
20000142:	d10e      	bne.n	20000162 <mutex_try_enter_block_until+0x62>
20000144:	2000      	movs	r0, #0
20000146:	bc80      	pop	{r7}
20000148:	46b8      	mov	r8, r7
2000014a:	bdf0      	pop	{r4, r5, r6, r7, pc}
2000014c:	f3bf 8f5f 	dmb	sy
20000150:	6015      	str	r5, [r2, #0]
20000152:	f381 8810 	msr	PRIMASK, r1
20000156:	0030      	movs	r0, r6
20000158:	0039      	movs	r1, r7
2000015a:	f000 fefd 	bl	20000f58 <__best_effort_wfe_or_timeout_veneer>
2000015e:	2800      	cmp	r0, #0
20000160:	d1f0      	bne.n	20000144 <mutex_try_enter_block_until+0x44>
20000162:	6822      	ldr	r2, [r4, #0]
20000164:	f3ef 8110 	mrs	r1, PRIMASK
20000168:	b672      	cpsid	i
2000016a:	6813      	ldr	r3, [r2, #0]
2000016c:	2b00      	cmp	r3, #0
2000016e:	d0fc      	beq.n	2000016a <mutex_try_enter_block_until+0x6a>
20000170:	f3bf 8f5f 	dmb	sy
20000174:	7923      	ldrb	r3, [r4, #4]
20000176:	6822      	ldr	r2, [r4, #0]
20000178:	2b7f      	cmp	r3, #127	@ 0x7f
2000017a:	d9e7      	bls.n	2000014c <mutex_try_enter_block_until+0x4c>
2000017c:	4643      	mov	r3, r8
2000017e:	e002      	b.n	20000186 <mutex_try_enter_block_until+0x86>
20000180:	23d0      	movs	r3, #208	@ 0xd0
20000182:	061b      	lsls	r3, r3, #24
20000184:	681b      	ldr	r3, [r3, #0]
20000186:	7123      	strb	r3, [r4, #4]
20000188:	f3bf 8f5f 	dmb	sy
2000018c:	2300      	movs	r3, #0
2000018e:	6013      	str	r3, [r2, #0]
20000190:	f381 8810 	msr	PRIMASK, r1
20000194:	2001      	movs	r0, #1
20000196:	e7d6      	b.n	20000146 <mutex_try_enter_block_until+0x46>

20000198 <mutex_enter_timeout_ms>:
20000198:	b5f0      	push	{r4, r5, r6, r7, lr}
2000019a:	46c6      	mov	lr, r8
2000019c:	b500      	push	{lr}
2000019e:	000f      	movs	r7, r1
200001a0:	0004      	movs	r4, r0
200001a2:	f000 fee9 	bl	20000f78 <__time_us_64_veneer>
200001a6:	22fa      	movs	r2, #250	@ 0xfa
200001a8:	000e      	movs	r6, r1
200001aa:	0005      	movs	r5, r0
200001ac:	2300      	movs	r3, #0
200001ae:	0038      	movs	r0, r7
200001b0:	2100      	movs	r1, #0
200001b2:	0092      	lsls	r2, r2, #2
200001b4:	f000 fec8 	bl	20000f48 <____wrap___aeabi_lmul_veneer>
200001b8:	1940      	adds	r0, r0, r5
200001ba:	4171      	adcs	r1, r6
200001bc:	0006      	movs	r6, r0
200001be:	1e0f      	subs	r7, r1, #0
200001c0:	da02      	bge.n	200001c8 <mutex_enter_timeout_ms+0x30>
200001c2:	2601      	movs	r6, #1
200001c4:	4f16      	ldr	r7, [pc, #88]	@ (20000220 <mutex_enter_timeout_ms+0x88>)
200001c6:	4276      	negs	r6, r6
200001c8:	23d0      	movs	r3, #208	@ 0xd0
200001ca:	061b      	lsls	r3, r3, #24
200001cc:	681b      	ldr	r3, [r3, #0]
200001ce:	2500      	movs	r5, #0
200001d0:	4698      	mov	r8, r3
200001d2:	e00a      	b.n	200001ea <mutex_enter_timeout_ms+0x52>
200001d4:	f3bf 8f5f 	dmb	sy
200001d8:	6015      	str	r5, [r2, #0]
200001da:	f381 8810 	msr	PRIMASK, r1
200001de:	0030      	movs	r0, r6
200001e0:	0039      	movs	r1, r7
200001e2:	f000 feb9 	bl	20000f58 <__best_effort_wfe_or_timeout_veneer>
200001e6:	2800      	cmp	r0, #0
200001e8:	d118      	bne.n	2000021c <mutex_enter_timeout_ms+0x84>
200001ea:	6822      	ldr	r2, [r4, #0]
200001ec:	f3ef 8110 	mrs	r1, PRIMASK
200001f0:	b672      	cpsid	i
200001f2:	6813      	ldr	r3, [r2, #0]
200001f4:	2b00      	cmp	r3, #0
200001f6:	d0fc      	beq.n	200001f2 <mutex_enter_timeout_ms+0x5a>
200001f8:	f3bf 8f5f 	dmb	sy
200001fc:	7923      	ldrb	r3, [r4, #4]
200001fe:	6822      	ldr	r2, [r4, #0]
20000200:	2b7f      	cmp	r3, #127	@ 0x7f
20000202:	d9e7      	bls.n	200001d4 <mutex_enter_timeout_ms+0x3c>
20000204:	4643      	mov	r3, r8
20000206:	7123      	strb	r3, [r4, #4]
20000208:	f3bf 8f5f 	dmb	sy
2000020c:	2300      	movs	r3, #0
2000020e:	6013      	str	r3, [r2, #0]
20000210:	f381 8810 	msr	PRIMASK, r1
20000214:	2001      	movs	r0, #1
20000216:	bc80      	pop	{r7}
20000218:	46b8      	mov	r8, r7
2000021a:	bdf0      	pop	{r4, r5, r6, r7, pc}
2000021c:	2000      	movs	r0, #0
2000021e:	e7fa      	b.n	20000216 <mutex_enter_timeout_ms+0x7e>
20000220:	7fffffff 	.word	0x7fffffff

20000224 <mutex_exit>:
20000224:	6802      	ldr	r2, [r0, #0]
20000226:	f3ef 8110 	mrs	r1, PRIMASK
2000022a:	b672      	cpsid	i
2000022c:	6813      	ldr	r3, [r2, #0]
2000022e:	2b00      	cmp	r3, #0
20000230:	d0fc      	beq.n	2000022c <mutex_exit+0x8>
20000232:	f3bf 8f5f 	dmb	sy
20000236:	23ff      	movs	r3, #255	@ 0xff
20000238:	7103      	strb	r3, [r0, #4]
2000023a:	6803      	ldr	r3, [r0, #0]
2000023c:	f3bf 8f5f 	dmb	sy
20000240:	2200      	movs	r2, #0
20000242:	601a      	str	r2, [r3, #0]
20000244:	f381 8810 	msr	PRIMASK, r1
20000248:	bf40      	sev
2000024a:	4770      	bx	lr

2000024c <flash_init_boot2_copyout>:
2000024c:	4b08      	ldr	r3, [pc, #32]	@ (20000270 <flash_init_boot2_copyout+0x24>)
2000024e:	469c      	mov	ip, r3
20000250:	781b      	ldrb	r3, [r3, #0]
20000252:	2b00      	cmp	r3, #0
20000254:	d10b      	bne.n	2000026e <flash_init_boot2_copyout+0x22>
20000256:	2380      	movs	r3, #128	@ 0x80
20000258:	4806      	ldr	r0, [pc, #24]	@ (20000274 <flash_init_boot2_copyout+0x28>)
2000025a:	4907      	ldr	r1, [pc, #28]	@ (20000278 <flash_init_boot2_copyout+0x2c>)
2000025c:	055b      	lsls	r3, r3, #21
2000025e:	681a      	ldr	r2, [r3, #0]
20000260:	50c2      	str	r2, [r0, r3]
20000262:	3304      	adds	r3, #4
20000264:	428b      	cmp	r3, r1
20000266:	d1fa      	bne.n	2000025e <flash_init_boot2_copyout+0x12>
20000268:	2301      	movs	r3, #1
2000026a:	4662      	mov	r2, ip
2000026c:	7013      	strb	r3, [r2, #0]
2000026e:	4770      	bx	lr
20000270:	20002c24 	.word	0x20002c24
20000274:	10002418 	.word	0x10002418
20000278:	10000100 	.word	0x10000100

2000027c <flash_enable_xip_via_boot2>:
2000027c:	b510      	push	{r4, lr}
2000027e:	4b01      	ldr	r3, [pc, #4]	@ (20000284 <flash_enable_xip_via_boot2+0x8>)
20000280:	4798      	blx	r3
20000282:	bd10      	pop	{r4, pc}
20000284:	20002419 	.word	0x20002419

20000288 <flash_cs_force.constprop.0>:
20000288:	4b03      	ldr	r3, [pc, #12]	@ (20000298 <flash_cs_force.constprop.0+0x10>)
2000028a:	681a      	ldr	r2, [r3, #0]
2000028c:	23c0      	movs	r3, #192	@ 0xc0
2000028e:	009b      	lsls	r3, r3, #2
20000290:	4393      	bics	r3, r2
20000292:	4a02      	ldr	r2, [pc, #8]	@ (2000029c <flash_cs_force.constprop.0+0x14>)
20000294:	6013      	str	r3, [r2, #0]
20000296:	4770      	bx	lr
20000298:	4001800c 	.word	0x4001800c
2000029c:	4001900c 	.word	0x4001900c

200002a0 <flash_cs_force.constprop.1>:
200002a0:	4b05      	ldr	r3, [pc, #20]	@ (200002b8 <flash_cs_force.constprop.1+0x18>)
200002a2:	681a      	ldr	r2, [r3, #0]
200002a4:	2380      	movs	r3, #128	@ 0x80
200002a6:	009b      	lsls	r3, r3, #2
200002a8:	4053      	eors	r3, r2
200002aa:	22c0      	movs	r2, #192	@ 0xc0
200002ac:	0092      	lsls	r2, r2, #2
200002ae:	4013      	ands	r3, r2
200002b0:	4a02      	ldr	r2, [pc, #8]	@ (200002bc <flash_cs_force.constprop.1+0x1c>)
200002b2:	6013      	str	r3, [r2, #0]
200002b4:	4770      	bx	lr
200002b6:	46c0      	nop			@ (mov r8, r8)
200002b8:	4001800c 	.word	0x4001800c
200002bc:	4001900c 	.word	0x4001900c

200002c0 <flash_do_cmd>:
200002c0:	b5f0      	push	{r4, r5, r6, r7, lr}
200002c2:	46d6      	mov	lr, sl
200002c4:	464f      	mov	r7, r9
200002c6:	4646      	mov	r6, r8
200002c8:	2300      	movs	r3, #0
200002ca:	b5c0      	push	{r6, r7, lr}
200002cc:	2718      	movs	r7, #24
200002ce:	001e      	movs	r6, r3
200002d0:	4681      	mov	r9, r0
200002d2:	000d      	movs	r5, r1
200002d4:	8a98      	ldrh	r0, [r3, #20]
200002d6:	493c      	ldr	r1, [pc, #240]	@ (200003c8 <flash_do_cmd+0x108>)
200002d8:	883b      	ldrh	r3, [r7, #0]
200002da:	0014      	movs	r4, r2
200002dc:	4798      	blx	r3
200002de:	883b      	ldrh	r3, [r7, #0]
200002e0:	4680      	mov	r8, r0
200002e2:	493a      	ldr	r1, [pc, #232]	@ (200003cc <flash_do_cmd+0x10c>)
200002e4:	8ab0      	ldrh	r0, [r6, #20]
200002e6:	4798      	blx	r3
200002e8:	2300      	movs	r3, #0
200002ea:	4939      	ldr	r1, [pc, #228]	@ (200003d0 <flash_do_cmd+0x110>)
200002ec:	0006      	movs	r6, r0
200002ee:	8a98      	ldrh	r0, [r3, #20]
200002f0:	883b      	ldrh	r3, [r7, #0]
200002f2:	4798      	blx	r3
200002f4:	4682      	mov	sl, r0
200002f6:	f7ff ffa9 	bl	2000024c <flash_init_boot2_copyout>
200002fa:	47c0      	blx	r8
200002fc:	47b0      	blx	r6
200002fe:	f7ff ffcf 	bl	200002a0 <flash_cs_force.constprop.1>
20000302:	1e21      	subs	r1, r4, #0
20000304:	d01c      	beq.n	20000340 <flash_do_cmd+0x80>
20000306:	2308      	movs	r3, #8
20000308:	20c0      	movs	r0, #192	@ 0xc0
2000030a:	469c      	mov	ip, r3
2000030c:	0540      	lsls	r0, r0, #21
2000030e:	3f16      	subs	r7, #22
20000310:	4662      	mov	r2, ip
20000312:	6a83      	ldr	r3, [r0, #40]	@ 0x28
20000314:	401a      	ands	r2, r3
20000316:	421f      	tst	r7, r3
20000318:	d030      	beq.n	2000037c <flash_do_cmd+0xbc>
2000031a:	1a63      	subs	r3, r4, r1
2000031c:	2900      	cmp	r1, #0
2000031e:	d122      	bne.n	20000366 <flash_do_cmd+0xa6>
20000320:	2a00      	cmp	r2, #0
20000322:	d10b      	bne.n	2000033c <flash_do_cmd+0x7c>
20000324:	2c00      	cmp	r4, #0
20000326:	d00b      	beq.n	20000340 <flash_do_cmd+0x80>
20000328:	23c0      	movs	r3, #192	@ 0xc0
2000032a:	2208      	movs	r2, #8
2000032c:	2602      	movs	r6, #2
2000032e:	055b      	lsls	r3, r3, #21
20000330:	6a9b      	ldr	r3, [r3, #40]	@ 0x28
20000332:	401a      	ands	r2, r3
20000334:	421e      	tst	r6, r3
20000336:	d039      	beq.n	200003ac <flash_do_cmd+0xec>
20000338:	2a00      	cmp	r2, #0
2000033a:	d0f5      	beq.n	20000328 <flash_do_cmd+0x68>
2000033c:	2c00      	cmp	r4, #0
2000033e:	d127      	bne.n	20000390 <flash_do_cmd+0xd0>
20000340:	f7ff ffa2 	bl	20000288 <flash_cs_force.constprop.0>
20000344:	47d0      	blx	sl
20000346:	f7ff ff99 	bl	2000027c <flash_enable_xip_via_boot2>
2000034a:	bce0      	pop	{r5, r6, r7}
2000034c:	46ba      	mov	sl, r7
2000034e:	46b1      	mov	r9, r6
20000350:	46a8      	mov	r8, r5
20000352:	bdf0      	pop	{r4, r5, r6, r7, pc}
20000354:	2c00      	cmp	r4, #0
20000356:	d12b      	bne.n	200003b0 <flash_do_cmd+0xf0>
20000358:	22c0      	movs	r2, #192	@ 0xc0
2000035a:	0552      	lsls	r2, r2, #21
2000035c:	6a96      	ldr	r6, [r2, #40]	@ 0x28
2000035e:	2208      	movs	r2, #8
20000360:	4032      	ands	r2, r6
20000362:	07b6      	lsls	r6, r6, #30
20000364:	d52b      	bpl.n	200003be <flash_do_cmd+0xfe>
20000366:	2b0d      	cmp	r3, #13
20000368:	d919      	bls.n	2000039e <flash_do_cmd+0xde>
2000036a:	2a00      	cmp	r2, #0
2000036c:	d1f2      	bne.n	20000354 <flash_do_cmd+0x94>
2000036e:	22c0      	movs	r2, #192	@ 0xc0
20000370:	0552      	lsls	r2, r2, #21
20000372:	6a96      	ldr	r6, [r2, #40]	@ 0x28
20000374:	2208      	movs	r2, #8
20000376:	4032      	ands	r2, r6
20000378:	07b6      	lsls	r6, r6, #30
2000037a:	d4f4      	bmi.n	20000366 <flash_do_cmd+0xa6>
2000037c:	2a00      	cmp	r2, #0
2000037e:	d104      	bne.n	2000038a <flash_do_cmd+0xca>
20000380:	000b      	movs	r3, r1
20000382:	4323      	orrs	r3, r4
20000384:	2b00      	cmp	r3, #0
20000386:	d1c3      	bne.n	20000310 <flash_do_cmd+0x50>
20000388:	e7da      	b.n	20000340 <flash_do_cmd+0x80>
2000038a:	000b      	movs	r3, r1
2000038c:	2c00      	cmp	r4, #0
2000038e:	d0f9      	beq.n	20000384 <flash_do_cmd+0xc4>
20000390:	6e03      	ldr	r3, [r0, #96]	@ 0x60
20000392:	3c01      	subs	r4, #1
20000394:	702b      	strb	r3, [r5, #0]
20000396:	0023      	movs	r3, r4
20000398:	3501      	adds	r5, #1
2000039a:	430b      	orrs	r3, r1
2000039c:	e7f2      	b.n	20000384 <flash_do_cmd+0xc4>
2000039e:	464b      	mov	r3, r9
200003a0:	781b      	ldrb	r3, [r3, #0]
200003a2:	3901      	subs	r1, #1
200003a4:	6603      	str	r3, [r0, #96]	@ 0x60
200003a6:	2301      	movs	r3, #1
200003a8:	4499      	add	r9, r3
200003aa:	e7e7      	b.n	2000037c <flash_do_cmd+0xbc>
200003ac:	2100      	movs	r1, #0
200003ae:	e7e5      	b.n	2000037c <flash_do_cmd+0xbc>
200003b0:	23c0      	movs	r3, #192	@ 0xc0
200003b2:	055b      	lsls	r3, r3, #21
200003b4:	6e1b      	ldr	r3, [r3, #96]	@ 0x60
200003b6:	3c01      	subs	r4, #1
200003b8:	702b      	strb	r3, [r5, #0]
200003ba:	3501      	adds	r5, #1
200003bc:	e7a8      	b.n	20000310 <flash_do_cmd+0x50>
200003be:	000b      	movs	r3, r1
200003c0:	42a2      	cmp	r2, r4
200003c2:	d1df      	bne.n	20000384 <flash_do_cmd+0xc4>
200003c4:	e7dc      	b.n	20000380 <flash_do_cmd+0xc0>
200003c6:	46c0      	nop			@ (mov r8, r8)
200003c8:	00004649 	.word	0x00004649
200003cc:	00005845 	.word	0x00005845
200003d0:	00004346 	.word	0x00004346

200003d4 <reset_non_control_endpoints>:
200003d4:	2200      	movs	r2, #0
200003d6:	4b15      	ldr	r3, [pc, #84]	@ (2000042c <reset_non_control_endpoints+0x58>)
200003d8:	b510      	push	{r4, lr}
200003da:	609a      	str	r2, [r3, #8]
200003dc:	60da      	str	r2, [r3, #12]
200003de:	611a      	str	r2, [r3, #16]
200003e0:	615a      	str	r2, [r3, #20]
200003e2:	619a      	str	r2, [r3, #24]
200003e4:	61da      	str	r2, [r3, #28]
200003e6:	621a      	str	r2, [r3, #32]
200003e8:	625a      	str	r2, [r3, #36]	@ 0x24
200003ea:	629a      	str	r2, [r3, #40]	@ 0x28
200003ec:	62da      	str	r2, [r3, #44]	@ 0x2c
200003ee:	631a      	str	r2, [r3, #48]	@ 0x30
200003f0:	635a      	str	r2, [r3, #52]	@ 0x34
200003f2:	639a      	str	r2, [r3, #56]	@ 0x38
200003f4:	63da      	str	r2, [r3, #60]	@ 0x3c
200003f6:	641a      	str	r2, [r3, #64]	@ 0x40
200003f8:	645a      	str	r2, [r3, #68]	@ 0x44
200003fa:	649a      	str	r2, [r3, #72]	@ 0x48
200003fc:	64da      	str	r2, [r3, #76]	@ 0x4c
200003fe:	651a      	str	r2, [r3, #80]	@ 0x50
20000400:	655a      	str	r2, [r3, #84]	@ 0x54
20000402:	659a      	str	r2, [r3, #88]	@ 0x58
20000404:	65da      	str	r2, [r3, #92]	@ 0x5c
20000406:	661a      	str	r2, [r3, #96]	@ 0x60
20000408:	665a      	str	r2, [r3, #100]	@ 0x64
2000040a:	669a      	str	r2, [r3, #104]	@ 0x68
2000040c:	66da      	str	r2, [r3, #108]	@ 0x6c
2000040e:	671a      	str	r2, [r3, #112]	@ 0x70
20000410:	675a      	str	r2, [r3, #116]	@ 0x74
20000412:	679a      	str	r2, [r3, #120]	@ 0x78
20000414:	67da      	str	r2, [r3, #124]	@ 0x7c
20000416:	32f0      	adds	r2, #240	@ 0xf0
20000418:	0092      	lsls	r2, r2, #2
2000041a:	2100      	movs	r1, #0
2000041c:	4804      	ldr	r0, [pc, #16]	@ (20000430 <reset_non_control_endpoints+0x5c>)
2000041e:	f000 fd8b 	bl	20000f38 <____wrap_memset_veneer>
20000422:	4b04      	ldr	r3, [pc, #16]	@ (20000434 <reset_non_control_endpoints+0x60>)
20000424:	4a04      	ldr	r2, [pc, #16]	@ (20000438 <reset_non_control_endpoints+0x64>)
20000426:	601a      	str	r2, [r3, #0]
20000428:	bd10      	pop	{r4, pc}
2000042a:	46c0      	nop			@ (mov r8, r8)
2000042c:	50100000 	.word	0x50100000
20000430:	200025cc 	.word	0x200025cc
20000434:	20002998 	.word	0x20002998
20000438:	50100180 	.word	0x50100180

2000043c <hw_handle_buff_status>:
2000043c:	b5f0      	push	{r4, r5, r6, r7, lr}
2000043e:	464f      	mov	r7, r9
20000440:	4646      	mov	r6, r8
20000442:	46d6      	mov	lr, sl
20000444:	b5c0      	push	{r6, r7, lr}
20000446:	4b22      	ldr	r3, [pc, #136]	@ (200004d0 <hw_handle_buff_status+0x94>)
20000448:	2400      	movs	r4, #0
2000044a:	6d9f      	ldr	r7, [r3, #88]	@ 0x58
2000044c:	2601      	movs	r6, #1
2000044e:	b086      	sub	sp, #24
20000450:	2f00      	cmp	r7, #0
20000452:	d01b      	beq.n	2000048c <hw_handle_buff_status+0x50>
20000454:	4b1f      	ldr	r3, [pc, #124]	@ (200004d4 <hw_handle_buff_status+0x98>)
20000456:	4699      	mov	r9, r3
20000458:	4b1f      	ldr	r3, [pc, #124]	@ (200004d8 <hw_handle_buff_status+0x9c>)
2000045a:	469a      	mov	sl, r3
2000045c:	e004      	b.n	20000468 <hw_handle_buff_status+0x2c>
2000045e:	3401      	adds	r4, #1
20000460:	b2e4      	uxtb	r4, r4
20000462:	0076      	lsls	r6, r6, #1
20000464:	2c20      	cmp	r4, #32
20000466:	d011      	beq.n	2000048c <hw_handle_buff_status+0x50>
20000468:	423e      	tst	r6, r7
2000046a:	d0f8      	beq.n	2000045e <hw_handle_buff_status+0x22>
2000046c:	464b      	mov	r3, r9
2000046e:	659e      	str	r6, [r3, #88]	@ 0x58
20000470:	2301      	movs	r3, #1
20000472:	0865      	lsrs	r5, r4, #1
20000474:	006d      	lsls	r5, r5, #1
20000476:	43a3      	bics	r3, r4
20000478:	18ed      	adds	r5, r5, r3
2000047a:	016d      	lsls	r5, r5, #5
2000047c:	4455      	add	r5, sl
2000047e:	0028      	movs	r0, r5
20000480:	f000 fc34 	bl	20000cec <hw_endpoint_xfer_continue>
20000484:	2800      	cmp	r0, #0
20000486:	d107      	bne.n	20000498 <hw_handle_buff_status+0x5c>
20000488:	43b7      	bics	r7, r6
2000048a:	d1e8      	bne.n	2000045e <hw_handle_buff_status+0x22>
2000048c:	b006      	add	sp, #24
2000048e:	bce0      	pop	{r5, r6, r7}
20000490:	46ba      	mov	sl, r7
20000492:	46b1      	mov	r9, r6
20000494:	46a8      	mov	r8, r5
20000496:	bdf0      	pop	{r4, r5, r6, r7, pc}
20000498:	a903      	add	r1, sp, #12
2000049a:	4688      	mov	r8, r1
2000049c:	8aea      	ldrh	r2, [r5, #22]
2000049e:	78ab      	ldrb	r3, [r5, #2]
200004a0:	a802      	add	r0, sp, #8
200004a2:	9201      	str	r2, [sp, #4]
200004a4:	2100      	movs	r1, #0
200004a6:	2206      	movs	r2, #6
200004a8:	3006      	adds	r0, #6
200004aa:	9300      	str	r3, [sp, #0]
200004ac:	f000 fd44 	bl	20000f38 <____wrap_memset_veneer>
200004b0:	23e0      	movs	r3, #224	@ 0xe0
200004b2:	4641      	mov	r1, r8
200004b4:	00db      	lsls	r3, r3, #3
200004b6:	9a01      	ldr	r2, [sp, #4]
200004b8:	800b      	strh	r3, [r1, #0]
200004ba:	9b00      	ldr	r3, [sp, #0]
200004bc:	4640      	mov	r0, r8
200004be:	710b      	strb	r3, [r1, #4]
200004c0:	608a      	str	r2, [r1, #8]
200004c2:	2101      	movs	r1, #1
200004c4:	f000 fc32 	bl	20000d2c <dcd_event_handler>
200004c8:	0028      	movs	r0, r5
200004ca:	f000 fbad 	bl	20000c28 <hw_endpoint_reset_transfer>
200004ce:	e7db      	b.n	20000488 <hw_handle_buff_status+0x4c>
200004d0:	50110000 	.word	0x50110000
200004d4:	50113000 	.word	0x50113000
200004d8:	2000258c 	.word	0x2000258c

200004dc <dcd_rp2040_irq>:
200004dc:	2398      	movs	r3, #152	@ 0x98
200004de:	4acb      	ldr	r2, [pc, #812]	@ (2000080c <dcd_rp2040_irq+0x330>)
200004e0:	b5f0      	push	{r4, r5, r6, r7, lr}
200004e2:	58d5      	ldr	r5, [r2, r3]
200004e4:	2380      	movs	r3, #128	@ 0x80
200004e6:	002e      	movs	r6, r5
200004e8:	029b      	lsls	r3, r3, #10
200004ea:	2410      	movs	r4, #16
200004ec:	b085      	sub	sp, #20
200004ee:	401e      	ands	r6, r3
200004f0:	421d      	tst	r5, r3
200004f2:	d07a      	beq.n	200005ea <dcd_rp2040_irq+0x10e>
200004f4:	4bc6      	ldr	r3, [pc, #792]	@ (20000810 <dcd_rp2040_irq+0x334>)
200004f6:	4cc7      	ldr	r4, [pc, #796]	@ (20000814 <dcd_rp2040_irq+0x338>)
200004f8:	6a9a      	ldr	r2, [r3, #40]	@ 0x28
200004fa:	4bc7      	ldr	r3, [pc, #796]	@ (20000818 <dcd_rp2040_irq+0x33c>)
200004fc:	2600      	movs	r6, #0
200004fe:	601a      	str	r2, [r3, #0]
20000500:	233b      	movs	r3, #59	@ 0x3b
20000502:	5ce3      	ldrb	r3, [r4, r3]
20000504:	2b02      	cmp	r3, #2
20000506:	d100      	bne.n	2000050a <dcd_rp2040_irq+0x2e>
20000508:	e161      	b.n	200007ce <dcd_rp2040_irq+0x2f2>
2000050a:	237b      	movs	r3, #123	@ 0x7b
2000050c:	5ce3      	ldrb	r3, [r4, r3]
2000050e:	2b02      	cmp	r3, #2
20000510:	d100      	bne.n	20000514 <dcd_rp2040_irq+0x38>
20000512:	e105      	b.n	20000720 <dcd_rp2040_irq+0x244>
20000514:	23bb      	movs	r3, #187	@ 0xbb
20000516:	5ce3      	ldrb	r3, [r4, r3]
20000518:	2b02      	cmp	r3, #2
2000051a:	d100      	bne.n	2000051e <dcd_rp2040_irq+0x42>
2000051c:	e10c      	b.n	20000738 <dcd_rp2040_irq+0x25c>
2000051e:	23fb      	movs	r3, #251	@ 0xfb
20000520:	5ce3      	ldrb	r3, [r4, r3]
20000522:	2b02      	cmp	r3, #2
20000524:	d100      	bne.n	20000528 <dcd_rp2040_irq+0x4c>
20000526:	e113      	b.n	20000750 <dcd_rp2040_irq+0x274>
20000528:	233c      	movs	r3, #60	@ 0x3c
2000052a:	33ff      	adds	r3, #255	@ 0xff
2000052c:	5ce3      	ldrb	r3, [r4, r3]
2000052e:	2b02      	cmp	r3, #2
20000530:	d100      	bne.n	20000534 <dcd_rp2040_irq+0x58>
20000532:	e13f      	b.n	200007b4 <dcd_rp2040_irq+0x2d8>
20000534:	237c      	movs	r3, #124	@ 0x7c
20000536:	33ff      	adds	r3, #255	@ 0xff
20000538:	5ce3      	ldrb	r3, [r4, r3]
2000053a:	2b02      	cmp	r3, #2
2000053c:	d100      	bne.n	20000540 <dcd_rp2040_irq+0x64>
2000053e:	e120      	b.n	20000782 <dcd_rp2040_irq+0x2a6>
20000540:	23bc      	movs	r3, #188	@ 0xbc
20000542:	33ff      	adds	r3, #255	@ 0xff
20000544:	5ce3      	ldrb	r3, [r4, r3]
20000546:	2b02      	cmp	r3, #2
20000548:	d100      	bne.n	2000054c <dcd_rp2040_irq+0x70>
2000054a:	e151      	b.n	200007f0 <dcd_rp2040_irq+0x314>
2000054c:	23fc      	movs	r3, #252	@ 0xfc
2000054e:	33ff      	adds	r3, #255	@ 0xff
20000550:	5ce3      	ldrb	r3, [r4, r3]
20000552:	2b02      	cmp	r3, #2
20000554:	d100      	bne.n	20000558 <dcd_rp2040_irq+0x7c>
20000556:	e107      	b.n	20000768 <dcd_rp2040_irq+0x28c>
20000558:	4bb0      	ldr	r3, [pc, #704]	@ (2000081c <dcd_rp2040_irq+0x340>)
2000055a:	5ce3      	ldrb	r3, [r4, r3]
2000055c:	2b02      	cmp	r3, #2
2000055e:	d100      	bne.n	20000562 <dcd_rp2040_irq+0x86>
20000560:	e184      	b.n	2000086c <dcd_rp2040_irq+0x390>
20000562:	4baf      	ldr	r3, [pc, #700]	@ (20000820 <dcd_rp2040_irq+0x344>)
20000564:	5ce3      	ldrb	r3, [r4, r3]
20000566:	2b02      	cmp	r3, #2
20000568:	d100      	bne.n	2000056c <dcd_rp2040_irq+0x90>
2000056a:	e117      	b.n	2000079c <dcd_rp2040_irq+0x2c0>
2000056c:	4bad      	ldr	r3, [pc, #692]	@ (20000824 <dcd_rp2040_irq+0x348>)
2000056e:	5ce3      	ldrb	r3, [r4, r3]
20000570:	2b02      	cmp	r3, #2
20000572:	d100      	bne.n	20000576 <dcd_rp2040_irq+0x9a>
20000574:	e185      	b.n	20000882 <dcd_rp2040_irq+0x3a6>
20000576:	4bac      	ldr	r3, [pc, #688]	@ (20000828 <dcd_rp2040_irq+0x34c>)
20000578:	5ce3      	ldrb	r3, [r4, r3]
2000057a:	2b02      	cmp	r3, #2
2000057c:	d100      	bne.n	20000580 <dcd_rp2040_irq+0xa4>
2000057e:	e169      	b.n	20000854 <dcd_rp2040_irq+0x378>
20000580:	4baa      	ldr	r3, [pc, #680]	@ (2000082c <dcd_rp2040_irq+0x350>)
20000582:	5ce3      	ldrb	r3, [r4, r3]
20000584:	2b02      	cmp	r3, #2
20000586:	d100      	bne.n	2000058a <dcd_rp2040_irq+0xae>
20000588:	e1b0      	b.n	200008ec <dcd_rp2040_irq+0x410>
2000058a:	4ba9      	ldr	r3, [pc, #676]	@ (20000830 <dcd_rp2040_irq+0x354>)
2000058c:	5ce3      	ldrb	r3, [r4, r3]
2000058e:	2b02      	cmp	r3, #2
20000590:	d100      	bne.n	20000594 <dcd_rp2040_irq+0xb8>
20000592:	e181      	b.n	20000898 <dcd_rp2040_irq+0x3bc>
20000594:	4ba7      	ldr	r3, [pc, #668]	@ (20000834 <dcd_rp2040_irq+0x358>)
20000596:	5ce3      	ldrb	r3, [r4, r3]
20000598:	2b02      	cmp	r3, #2
2000059a:	d100      	bne.n	2000059e <dcd_rp2040_irq+0xc2>
2000059c:	e1b1      	b.n	20000902 <dcd_rp2040_irq+0x426>
2000059e:	4ba6      	ldr	r3, [pc, #664]	@ (20000838 <dcd_rp2040_irq+0x35c>)
200005a0:	5ce3      	ldrb	r3, [r4, r3]
200005a2:	2b02      	cmp	r3, #2
200005a4:	d100      	bne.n	200005a8 <dcd_rp2040_irq+0xcc>
200005a6:	e18f      	b.n	200008c8 <dcd_rp2040_irq+0x3ec>
200005a8:	2e00      	cmp	r6, #0
200005aa:	d108      	bne.n	200005be <dcd_rp2040_irq+0xe2>
200005ac:	4ba3      	ldr	r3, [pc, #652]	@ (2000083c <dcd_rp2040_irq+0x360>)
200005ae:	781b      	ldrb	r3, [r3, #0]
200005b0:	2b00      	cmp	r3, #0
200005b2:	d104      	bne.n	200005be <dcd_rp2040_irq+0xe2>
200005b4:	2180      	movs	r1, #128	@ 0x80
200005b6:	4aa2      	ldr	r2, [pc, #648]	@ (20000840 <dcd_rp2040_irq+0x364>)
200005b8:	3390      	adds	r3, #144	@ 0x90
200005ba:	0289      	lsls	r1, r1, #10
200005bc:	50d1      	str	r1, [r2, r3]
200005be:	4b93      	ldr	r3, [pc, #588]	@ (2000080c <dcd_rp2040_irq+0x330>)
200005c0:	220a      	movs	r2, #10
200005c2:	6c9c      	ldr	r4, [r3, #72]	@ 0x48
200005c4:	466b      	mov	r3, sp
200005c6:	2100      	movs	r1, #0
200005c8:	1d98      	adds	r0, r3, #6
200005ca:	f000 fcb5 	bl	20000f38 <____wrap_memset_veneer>
200005ce:	23c0      	movs	r3, #192	@ 0xc0
200005d0:	466a      	mov	r2, sp
200005d2:	009b      	lsls	r3, r3, #2
200005d4:	0564      	lsls	r4, r4, #21
200005d6:	8093      	strh	r3, [r2, #4]
200005d8:	0d64      	lsrs	r4, r4, #21
200005da:	2101      	movs	r1, #1
200005dc:	2680      	movs	r6, #128	@ 0x80
200005de:	a801      	add	r0, sp, #4
200005e0:	9402      	str	r4, [sp, #8]
200005e2:	f000 fba3 	bl	20000d2c <dcd_event_handler>
200005e6:	4c97      	ldr	r4, [pc, #604]	@ (20000844 <dcd_rp2040_irq+0x368>)
200005e8:	02b6      	lsls	r6, r6, #10
200005ea:	06eb      	lsls	r3, r5, #27
200005ec:	d500      	bpl.n	200005f0 <dcd_rp2040_irq+0x114>
200005ee:	e08b      	b.n	20000708 <dcd_rp2040_irq+0x22c>
200005f0:	2380      	movs	r3, #128	@ 0x80
200005f2:	025b      	lsls	r3, r3, #9
200005f4:	421d      	tst	r5, r3
200005f6:	d02e      	beq.n	20000656 <dcd_rp2040_irq+0x17a>
200005f8:	2402      	movs	r4, #2
200005fa:	4f86      	ldr	r7, [pc, #536]	@ (20000814 <dcd_rp2040_irq+0x338>)
200005fc:	431e      	orrs	r6, r3
200005fe:	7ebb      	ldrb	r3, [r7, #26]
20000600:	2b00      	cmp	r3, #0
20000602:	d014      	beq.n	2000062e <dcd_rp2040_irq+0x152>
20000604:	f000 fc88 	bl	20000f18 <__rp2040_chip_version_veneer>
20000608:	2801      	cmp	r0, #1
2000060a:	d900      	bls.n	2000060e <dcd_rp2040_irq+0x132>
2000060c:	e080      	b.n	20000710 <dcd_rp2040_irq+0x234>
2000060e:	22c0      	movs	r2, #192	@ 0xc0
20000610:	2100      	movs	r1, #0
20000612:	0038      	movs	r0, r7
20000614:	0192      	lsls	r2, r2, #6
20000616:	f000 fb0d 	bl	20000c34 <_hw_endpoint_buffer_control_update32>
2000061a:	0038      	movs	r0, r7
2000061c:	f000 fb04 	bl	20000c28 <hw_endpoint_reset_transfer>
20000620:	f000 fc7a 	bl	20000f18 <__rp2040_chip_version_veneer>
20000624:	2801      	cmp	r0, #1
20000626:	d902      	bls.n	2000062e <dcd_rp2040_irq+0x152>
20000628:	4b85      	ldr	r3, [pc, #532]	@ (20000840 <dcd_rp2040_irq+0x364>)
2000062a:	665c      	str	r4, [r3, #100]	@ 0x64
2000062c:	661c      	str	r4, [r3, #96]	@ 0x60
2000062e:	2301      	movs	r3, #1
20000630:	70fb      	strb	r3, [r7, #3]
20000632:	3720      	adds	r7, #32
20000634:	2c01      	cmp	r4, #1
20000636:	d11f      	bne.n	20000678 <dcd_rp2040_irq+0x19c>
20000638:	23c0      	movs	r3, #192	@ 0xc0
2000063a:	4a83      	ldr	r2, [pc, #524]	@ (20000848 <dcd_rp2040_irq+0x36c>)
2000063c:	00db      	lsls	r3, r3, #3
2000063e:	9301      	str	r3, [sp, #4]
20000640:	ab02      	add	r3, sp, #8
20000642:	ca03      	ldmia	r2!, {r0, r1}
20000644:	c303      	stmia	r3!, {r0, r1}
20000646:	2101      	movs	r1, #1
20000648:	a801      	add	r0, sp, #4
2000064a:	f000 fb6f 	bl	20000d2c <dcd_event_handler>
2000064e:	2280      	movs	r2, #128	@ 0x80
20000650:	4b7b      	ldr	r3, [pc, #492]	@ (20000840 <dcd_rp2040_irq+0x364>)
20000652:	0292      	lsls	r2, r2, #10
20000654:	651a      	str	r2, [r3, #80]	@ 0x50
20000656:	2380      	movs	r3, #128	@ 0x80
20000658:	015b      	lsls	r3, r3, #5
2000065a:	421d      	tst	r5, r3
2000065c:	d10e      	bne.n	2000067c <dcd_rp2040_irq+0x1a0>
2000065e:	2380      	movs	r3, #128	@ 0x80
20000660:	01db      	lsls	r3, r3, #7
20000662:	421d      	tst	r5, r3
20000664:	d126      	bne.n	200006b4 <dcd_rp2040_irq+0x1d8>
20000666:	2380      	movs	r3, #128	@ 0x80
20000668:	021b      	lsls	r3, r3, #8
2000066a:	421d      	tst	r5, r3
2000066c:	d138      	bne.n	200006e0 <dcd_rp2040_irq+0x204>
2000066e:	42ae      	cmp	r6, r5
20000670:	d000      	beq.n	20000674 <dcd_rp2040_irq+0x198>
20000672:	e1cd      	b.n	20000a10 <dcd_rp2040_irq+0x534>
20000674:	b005      	add	sp, #20
20000676:	bdf0      	pop	{r4, r5, r6, r7, pc}
20000678:	2401      	movs	r4, #1
2000067a:	e7c0      	b.n	200005fe <dcd_rp2040_irq+0x122>
2000067c:	2200      	movs	r2, #0
2000067e:	431e      	orrs	r6, r3
20000680:	4b62      	ldr	r3, [pc, #392]	@ (2000080c <dcd_rp2040_irq+0x330>)
20000682:	601a      	str	r2, [r3, #0]
20000684:	f7ff fea6 	bl	200003d4 <reset_non_control_endpoints>
20000688:	466b      	mov	r3, sp
2000068a:	220a      	movs	r2, #10
2000068c:	2100      	movs	r1, #0
2000068e:	1d98      	adds	r0, r3, #6
20000690:	f000 fc52 	bl	20000f38 <____wrap_memset_veneer>
20000694:	2380      	movs	r3, #128	@ 0x80
20000696:	466a      	mov	r2, sp
20000698:	005b      	lsls	r3, r3, #1
2000069a:	8093      	strh	r3, [r2, #4]
2000069c:	2101      	movs	r1, #1
2000069e:	a801      	add	r0, sp, #4
200006a0:	f000 fb44 	bl	20000d2c <dcd_event_handler>
200006a4:	2280      	movs	r2, #128	@ 0x80
200006a6:	4b66      	ldr	r3, [pc, #408]	@ (20000840 <dcd_rp2040_irq+0x364>)
200006a8:	0312      	lsls	r2, r2, #12
200006aa:	651a      	str	r2, [r3, #80]	@ 0x50
200006ac:	2380      	movs	r3, #128	@ 0x80
200006ae:	01db      	lsls	r3, r3, #7
200006b0:	421d      	tst	r5, r3
200006b2:	d0d8      	beq.n	20000666 <dcd_rp2040_irq+0x18a>
200006b4:	431e      	orrs	r6, r3
200006b6:	466b      	mov	r3, sp
200006b8:	220a      	movs	r2, #10
200006ba:	2100      	movs	r1, #0
200006bc:	1d98      	adds	r0, r3, #6
200006be:	f000 fc3b 	bl	20000f38 <____wrap_memset_veneer>
200006c2:	2380      	movs	r3, #128	@ 0x80
200006c4:	466a      	mov	r2, sp
200006c6:	00db      	lsls	r3, r3, #3
200006c8:	8093      	strh	r3, [r2, #4]
200006ca:	2101      	movs	r1, #1
200006cc:	a801      	add	r0, sp, #4
200006ce:	f000 fb2d 	bl	20000d2c <dcd_event_handler>
200006d2:	2210      	movs	r2, #16
200006d4:	4b5a      	ldr	r3, [pc, #360]	@ (20000840 <dcd_rp2040_irq+0x364>)
200006d6:	651a      	str	r2, [r3, #80]	@ 0x50
200006d8:	2380      	movs	r3, #128	@ 0x80
200006da:	021b      	lsls	r3, r3, #8
200006dc:	421d      	tst	r5, r3
200006de:	d0c6      	beq.n	2000066e <dcd_rp2040_irq+0x192>
200006e0:	431e      	orrs	r6, r3
200006e2:	466b      	mov	r3, sp
200006e4:	220a      	movs	r2, #10
200006e6:	2100      	movs	r1, #0
200006e8:	1d98      	adds	r0, r3, #6
200006ea:	f000 fc25 	bl	20000f38 <____wrap_memset_veneer>
200006ee:	23a0      	movs	r3, #160	@ 0xa0
200006f0:	466a      	mov	r2, sp
200006f2:	00db      	lsls	r3, r3, #3
200006f4:	8093      	strh	r3, [r2, #4]
200006f6:	2101      	movs	r1, #1
200006f8:	a801      	add	r0, sp, #4
200006fa:	f000 fb17 	bl	20000d2c <dcd_event_handler>
200006fe:	2280      	movs	r2, #128	@ 0x80
20000700:	4b4f      	ldr	r3, [pc, #316]	@ (20000840 <dcd_rp2040_irq+0x364>)
20000702:	0112      	lsls	r2, r2, #4
20000704:	651a      	str	r2, [r3, #80]	@ 0x50
20000706:	e7b2      	b.n	2000066e <dcd_rp2040_irq+0x192>
20000708:	f7ff fe98 	bl	2000043c <hw_handle_buff_status>
2000070c:	0026      	movs	r6, r4
2000070e:	e76f      	b.n	200005f0 <dcd_rp2040_irq+0x114>
20000710:	4b4e      	ldr	r3, [pc, #312]	@ (2000084c <dcd_rp2040_irq+0x370>)
20000712:	4a3e      	ldr	r2, [pc, #248]	@ (2000080c <dcd_rp2040_irq+0x330>)
20000714:	661c      	str	r4, [r3, #96]	@ 0x60
20000716:	6e53      	ldr	r3, [r2, #100]	@ 0x64
20000718:	4023      	ands	r3, r4
2000071a:	42a3      	cmp	r3, r4
2000071c:	d1fb      	bne.n	20000716 <dcd_rp2040_irq+0x23a>
2000071e:	e776      	b.n	2000060e <dcd_rp2040_irq+0x132>
20000720:	3378      	adds	r3, #120	@ 0x78
20000722:	5ce7      	ldrb	r7, [r4, r3]
20000724:	2f00      	cmp	r7, #0
20000726:	d100      	bne.n	2000072a <dcd_rp2040_irq+0x24e>
20000728:	e6f4      	b.n	20000514 <dcd_rp2040_irq+0x38>
2000072a:	3302      	adds	r3, #2
2000072c:	5ce2      	ldrb	r2, [r4, r3]
2000072e:	2a00      	cmp	r2, #0
20000730:	d000      	beq.n	20000734 <dcd_rp2040_irq+0x258>
20000732:	e10b      	b.n	2000094c <dcd_rp2040_irq+0x470>
20000734:	003e      	movs	r6, r7
20000736:	e6ed      	b.n	20000514 <dcd_rp2040_irq+0x38>
20000738:	33b8      	adds	r3, #184	@ 0xb8
2000073a:	5ce7      	ldrb	r7, [r4, r3]
2000073c:	2f00      	cmp	r7, #0
2000073e:	d100      	bne.n	20000742 <dcd_rp2040_irq+0x266>
20000740:	e6ed      	b.n	2000051e <dcd_rp2040_irq+0x42>
20000742:	3302      	adds	r3, #2
20000744:	5ce2      	ldrb	r2, [r4, r3]
20000746:	2a00      	cmp	r2, #0
20000748:	d000      	beq.n	2000074c <dcd_rp2040_irq+0x270>
2000074a:	e0f7      	b.n	2000093c <dcd_rp2040_irq+0x460>
2000074c:	003e      	movs	r6, r7
2000074e:	e6e6      	b.n	2000051e <dcd_rp2040_irq+0x42>
20000750:	33f8      	adds	r3, #248	@ 0xf8
20000752:	5ce7      	ldrb	r7, [r4, r3]
20000754:	2f00      	cmp	r7, #0
20000756:	d100      	bne.n	2000075a <dcd_rp2040_irq+0x27e>
20000758:	e6e6      	b.n	20000528 <dcd_rp2040_irq+0x4c>
2000075a:	3302      	adds	r3, #2
2000075c:	5ce2      	ldrb	r2, [r4, r3]
2000075e:	2a00      	cmp	r2, #0
20000760:	d000      	beq.n	20000764 <dcd_rp2040_irq+0x288>
20000762:	e13f      	b.n	200009e4 <dcd_rp2040_irq+0x508>
20000764:	003e      	movs	r6, r7
20000766:	e6df      	b.n	20000528 <dcd_rp2040_irq+0x4c>
20000768:	33f9      	adds	r3, #249	@ 0xf9
2000076a:	33ff      	adds	r3, #255	@ 0xff
2000076c:	5ce7      	ldrb	r7, [r4, r3]
2000076e:	2f00      	cmp	r7, #0
20000770:	d100      	bne.n	20000774 <dcd_rp2040_irq+0x298>
20000772:	e6f1      	b.n	20000558 <dcd_rp2040_irq+0x7c>
20000774:	3302      	adds	r3, #2
20000776:	5ce2      	ldrb	r2, [r4, r3]
20000778:	2a00      	cmp	r2, #0
2000077a:	d000      	beq.n	2000077e <dcd_rp2040_irq+0x2a2>
2000077c:	e129      	b.n	200009d2 <dcd_rp2040_irq+0x4f6>
2000077e:	003e      	movs	r6, r7
20000780:	e6ea      	b.n	20000558 <dcd_rp2040_irq+0x7c>
20000782:	3379      	adds	r3, #121	@ 0x79
20000784:	33ff      	adds	r3, #255	@ 0xff
20000786:	5ce7      	ldrb	r7, [r4, r3]
20000788:	2f00      	cmp	r7, #0
2000078a:	d100      	bne.n	2000078e <dcd_rp2040_irq+0x2b2>
2000078c:	e6d8      	b.n	20000540 <dcd_rp2040_irq+0x64>
2000078e:	3302      	adds	r3, #2
20000790:	5ce2      	ldrb	r2, [r4, r3]
20000792:	2a00      	cmp	r2, #0
20000794:	d000      	beq.n	20000798 <dcd_rp2040_irq+0x2bc>
20000796:	e113      	b.n	200009c0 <dcd_rp2040_irq+0x4e4>
20000798:	003e      	movs	r6, r7
2000079a:	e6d1      	b.n	20000540 <dcd_rp2040_irq+0x64>
2000079c:	4b2c      	ldr	r3, [pc, #176]	@ (20000850 <dcd_rp2040_irq+0x374>)
2000079e:	5ce7      	ldrb	r7, [r4, r3]
200007a0:	2f00      	cmp	r7, #0
200007a2:	d100      	bne.n	200007a6 <dcd_rp2040_irq+0x2ca>
200007a4:	e6e2      	b.n	2000056c <dcd_rp2040_irq+0x90>
200007a6:	3302      	adds	r3, #2
200007a8:	5ce2      	ldrb	r2, [r4, r3]
200007aa:	2a00      	cmp	r2, #0
200007ac:	d000      	beq.n	200007b0 <dcd_rp2040_irq+0x2d4>
200007ae:	e0ff      	b.n	200009b0 <dcd_rp2040_irq+0x4d4>
200007b0:	003e      	movs	r6, r7
200007b2:	e6db      	b.n	2000056c <dcd_rp2040_irq+0x90>
200007b4:	3339      	adds	r3, #57	@ 0x39
200007b6:	33ff      	adds	r3, #255	@ 0xff
200007b8:	5ce7      	ldrb	r7, [r4, r3]
200007ba:	2f00      	cmp	r7, #0
200007bc:	d100      	bne.n	200007c0 <dcd_rp2040_irq+0x2e4>
200007be:	e6b9      	b.n	20000534 <dcd_rp2040_irq+0x58>
200007c0:	3302      	adds	r3, #2
200007c2:	5ce2      	ldrb	r2, [r4, r3]
200007c4:	2a00      	cmp	r2, #0
200007c6:	d000      	beq.n	200007ca <dcd_rp2040_irq+0x2ee>
200007c8:	e0e9      	b.n	2000099e <dcd_rp2040_irq+0x4c2>
200007ca:	003e      	movs	r6, r7
200007cc:	e6b2      	b.n	20000534 <dcd_rp2040_irq+0x58>
200007ce:	3338      	adds	r3, #56	@ 0x38
200007d0:	5ce6      	ldrb	r6, [r4, r3]
200007d2:	2e00      	cmp	r6, #0
200007d4:	d100      	bne.n	200007d8 <dcd_rp2040_irq+0x2fc>
200007d6:	e698      	b.n	2000050a <dcd_rp2040_irq+0x2e>
200007d8:	3302      	adds	r3, #2
200007da:	5ce2      	ldrb	r2, [r4, r3]
200007dc:	2a00      	cmp	r2, #0
200007de:	d100      	bne.n	200007e2 <dcd_rp2040_irq+0x306>
200007e0:	e693      	b.n	2000050a <dcd_rp2040_irq+0x2e>
200007e2:	0020      	movs	r0, r4
200007e4:	2200      	movs	r2, #0
200007e6:	3020      	adds	r0, #32
200007e8:	54e2      	strb	r2, [r4, r3]
200007ea:	f000 fa4b 	bl	20000c84 <hw_endpoint_start_next_buffer>
200007ee:	e68c      	b.n	2000050a <dcd_rp2040_irq+0x2e>
200007f0:	33b9      	adds	r3, #185	@ 0xb9
200007f2:	33ff      	adds	r3, #255	@ 0xff
200007f4:	5ce7      	ldrb	r7, [r4, r3]
200007f6:	2f00      	cmp	r7, #0
200007f8:	d100      	bne.n	200007fc <dcd_rp2040_irq+0x320>
200007fa:	e6a7      	b.n	2000054c <dcd_rp2040_irq+0x70>
200007fc:	3302      	adds	r3, #2
200007fe:	5ce2      	ldrb	r2, [r4, r3]
20000800:	2a00      	cmp	r2, #0
20000802:	d000      	beq.n	20000806 <dcd_rp2040_irq+0x32a>
20000804:	e0c2      	b.n	2000098c <dcd_rp2040_irq+0x4b0>
20000806:	003e      	movs	r6, r7
20000808:	e6a0      	b.n	2000054c <dcd_rp2040_irq+0x70>
2000080a:	46c0      	nop			@ (mov r8, r8)
2000080c:	50110000 	.word	0x50110000
20000810:	40054000 	.word	0x40054000
20000814:	2000258c 	.word	0x2000258c
20000818:	20002584 	.word	0x20002584
2000081c:	0000023b 	.word	0x0000023b
20000820:	0000027b 	.word	0x0000027b
20000824:	000002bb 	.word	0x000002bb
20000828:	000002fb 	.word	0x000002fb
2000082c:	0000033b 	.word	0x0000033b
20000830:	0000037b 	.word	0x0000037b
20000834:	000003bb 	.word	0x000003bb
20000838:	000003fb 	.word	0x000003fb
2000083c:	20002c22 	.word	0x20002c22
20000840:	50113000 	.word	0x50113000
20000844:	00020010 	.word	0x00020010
20000848:	50100000 	.word	0x50100000
2000084c:	50112000 	.word	0x50112000
20000850:	0000027a 	.word	0x0000027a
20000854:	4b71      	ldr	r3, [pc, #452]	@ (20000a1c <dcd_rp2040_irq+0x540>)
20000856:	5ce7      	ldrb	r7, [r4, r3]
20000858:	2f00      	cmp	r7, #0
2000085a:	d100      	bne.n	2000085e <dcd_rp2040_irq+0x382>
2000085c:	e690      	b.n	20000580 <dcd_rp2040_irq+0xa4>
2000085e:	3302      	adds	r3, #2
20000860:	5ce2      	ldrb	r2, [r4, r3]
20000862:	2a00      	cmp	r2, #0
20000864:	d000      	beq.n	20000868 <dcd_rp2040_irq+0x38c>
20000866:	e089      	b.n	2000097c <dcd_rp2040_irq+0x4a0>
20000868:	003e      	movs	r6, r7
2000086a:	e689      	b.n	20000580 <dcd_rp2040_irq+0xa4>
2000086c:	4b6c      	ldr	r3, [pc, #432]	@ (20000a20 <dcd_rp2040_irq+0x544>)
2000086e:	5ce7      	ldrb	r7, [r4, r3]
20000870:	2f00      	cmp	r7, #0
20000872:	d100      	bne.n	20000876 <dcd_rp2040_irq+0x39a>
20000874:	e675      	b.n	20000562 <dcd_rp2040_irq+0x86>
20000876:	3302      	adds	r3, #2
20000878:	5ce2      	ldrb	r2, [r4, r3]
2000087a:	2a00      	cmp	r2, #0
2000087c:	d176      	bne.n	2000096c <dcd_rp2040_irq+0x490>
2000087e:	003e      	movs	r6, r7
20000880:	e66f      	b.n	20000562 <dcd_rp2040_irq+0x86>
20000882:	4b68      	ldr	r3, [pc, #416]	@ (20000a24 <dcd_rp2040_irq+0x548>)
20000884:	5ce7      	ldrb	r7, [r4, r3]
20000886:	2f00      	cmp	r7, #0
20000888:	d100      	bne.n	2000088c <dcd_rp2040_irq+0x3b0>
2000088a:	e674      	b.n	20000576 <dcd_rp2040_irq+0x9a>
2000088c:	3302      	adds	r3, #2
2000088e:	5ce2      	ldrb	r2, [r4, r3]
20000890:	2a00      	cmp	r2, #0
20000892:	d163      	bne.n	2000095c <dcd_rp2040_irq+0x480>
20000894:	003e      	movs	r6, r7
20000896:	e66e      	b.n	20000576 <dcd_rp2040_irq+0x9a>
20000898:	4b63      	ldr	r3, [pc, #396]	@ (20000a28 <dcd_rp2040_irq+0x54c>)
2000089a:	5ce7      	ldrb	r7, [r4, r3]
2000089c:	2f00      	cmp	r7, #0
2000089e:	d100      	bne.n	200008a2 <dcd_rp2040_irq+0x3c6>
200008a0:	e678      	b.n	20000594 <dcd_rp2040_irq+0xb8>
200008a2:	3302      	adds	r3, #2
200008a4:	5ce2      	ldrb	r2, [r4, r3]
200008a6:	2a00      	cmp	r2, #0
200008a8:	d000      	beq.n	200008ac <dcd_rp2040_irq+0x3d0>
200008aa:	e0a3      	b.n	200009f4 <dcd_rp2040_irq+0x518>
200008ac:	4b5f      	ldr	r3, [pc, #380]	@ (20000a2c <dcd_rp2040_irq+0x550>)
200008ae:	5ce3      	ldrb	r3, [r4, r3]
200008b0:	2b02      	cmp	r3, #2
200008b2:	d130      	bne.n	20000916 <dcd_rp2040_irq+0x43a>
200008b4:	4b5e      	ldr	r3, [pc, #376]	@ (20000a30 <dcd_rp2040_irq+0x554>)
200008b6:	5ce3      	ldrb	r3, [r4, r3]
200008b8:	2b00      	cmp	r3, #0
200008ba:	d127      	bne.n	2000090c <dcd_rp2040_irq+0x430>
200008bc:	4b5d      	ldr	r3, [pc, #372]	@ (20000a34 <dcd_rp2040_irq+0x558>)
200008be:	5ce3      	ldrb	r3, [r4, r3]
200008c0:	2b02      	cmp	r3, #2
200008c2:	d000      	beq.n	200008c6 <dcd_rp2040_irq+0x3ea>
200008c4:	e67b      	b.n	200005be <dcd_rp2040_irq+0xe2>
200008c6:	003e      	movs	r6, r7
200008c8:	4b5b      	ldr	r3, [pc, #364]	@ (20000a38 <dcd_rp2040_irq+0x55c>)
200008ca:	5ce3      	ldrb	r3, [r4, r3]
200008cc:	2b00      	cmp	r3, #0
200008ce:	d100      	bne.n	200008d2 <dcd_rp2040_irq+0x3f6>
200008d0:	e66a      	b.n	200005a8 <dcd_rp2040_irq+0xcc>
200008d2:	23ff      	movs	r3, #255	@ 0xff
200008d4:	009b      	lsls	r3, r3, #2
200008d6:	5ce2      	ldrb	r2, [r4, r3]
200008d8:	2a00      	cmp	r2, #0
200008da:	d100      	bne.n	200008de <dcd_rp2040_irq+0x402>
200008dc:	e66f      	b.n	200005be <dcd_rp2040_irq+0xe2>
200008de:	2200      	movs	r2, #0
200008e0:	54e2      	strb	r2, [r4, r3]
200008e2:	3b1c      	subs	r3, #28
200008e4:	18e0      	adds	r0, r4, r3
200008e6:	f000 f9cd 	bl	20000c84 <hw_endpoint_start_next_buffer>
200008ea:	e668      	b.n	200005be <dcd_rp2040_irq+0xe2>
200008ec:	4b53      	ldr	r3, [pc, #332]	@ (20000a3c <dcd_rp2040_irq+0x560>)
200008ee:	5ce7      	ldrb	r7, [r4, r3]
200008f0:	2f00      	cmp	r7, #0
200008f2:	d100      	bne.n	200008f6 <dcd_rp2040_irq+0x41a>
200008f4:	e649      	b.n	2000058a <dcd_rp2040_irq+0xae>
200008f6:	3302      	adds	r3, #2
200008f8:	5ce2      	ldrb	r2, [r4, r3]
200008fa:	2a00      	cmp	r2, #0
200008fc:	d116      	bne.n	2000092c <dcd_rp2040_irq+0x450>
200008fe:	003e      	movs	r6, r7
20000900:	e643      	b.n	2000058a <dcd_rp2040_irq+0xae>
20000902:	4b4b      	ldr	r3, [pc, #300]	@ (20000a30 <dcd_rp2040_irq+0x554>)
20000904:	5ce3      	ldrb	r3, [r4, r3]
20000906:	2b00      	cmp	r3, #0
20000908:	d100      	bne.n	2000090c <dcd_rp2040_irq+0x430>
2000090a:	e648      	b.n	2000059e <dcd_rp2040_irq+0xc2>
2000090c:	23ef      	movs	r3, #239	@ 0xef
2000090e:	009b      	lsls	r3, r3, #2
20000910:	5ce2      	ldrb	r2, [r4, r3]
20000912:	2a00      	cmp	r2, #0
20000914:	d175      	bne.n	20000a02 <dcd_rp2040_irq+0x526>
20000916:	4b47      	ldr	r3, [pc, #284]	@ (20000a34 <dcd_rp2040_irq+0x558>)
20000918:	5ce3      	ldrb	r3, [r4, r3]
2000091a:	2b02      	cmp	r3, #2
2000091c:	d000      	beq.n	20000920 <dcd_rp2040_irq+0x444>
2000091e:	e64e      	b.n	200005be <dcd_rp2040_irq+0xe2>
20000920:	4b45      	ldr	r3, [pc, #276]	@ (20000a38 <dcd_rp2040_irq+0x55c>)
20000922:	5ce3      	ldrb	r3, [r4, r3]
20000924:	2b00      	cmp	r3, #0
20000926:	d100      	bne.n	2000092a <dcd_rp2040_irq+0x44e>
20000928:	e649      	b.n	200005be <dcd_rp2040_irq+0xe2>
2000092a:	e7d2      	b.n	200008d2 <dcd_rp2040_irq+0x3f6>
2000092c:	2200      	movs	r2, #0
2000092e:	54e2      	strb	r2, [r4, r3]
20000930:	3b1c      	subs	r3, #28
20000932:	18e0      	adds	r0, r4, r3
20000934:	f000 f9a6 	bl	20000c84 <hw_endpoint_start_next_buffer>
20000938:	003e      	movs	r6, r7
2000093a:	e626      	b.n	2000058a <dcd_rp2040_irq+0xae>
2000093c:	0020      	movs	r0, r4
2000093e:	2200      	movs	r2, #0
20000940:	30a0      	adds	r0, #160	@ 0xa0
20000942:	54e2      	strb	r2, [r4, r3]
20000944:	003e      	movs	r6, r7
20000946:	f000 f99d 	bl	20000c84 <hw_endpoint_start_next_buffer>
2000094a:	e5e8      	b.n	2000051e <dcd_rp2040_irq+0x42>
2000094c:	0020      	movs	r0, r4
2000094e:	2200      	movs	r2, #0
20000950:	3060      	adds	r0, #96	@ 0x60
20000952:	54e2      	strb	r2, [r4, r3]
20000954:	003e      	movs	r6, r7
20000956:	f000 f995 	bl	20000c84 <hw_endpoint_start_next_buffer>
2000095a:	e5db      	b.n	20000514 <dcd_rp2040_irq+0x38>
2000095c:	2200      	movs	r2, #0
2000095e:	54e2      	strb	r2, [r4, r3]
20000960:	3b1c      	subs	r3, #28
20000962:	18e0      	adds	r0, r4, r3
20000964:	f000 f98e 	bl	20000c84 <hw_endpoint_start_next_buffer>
20000968:	003e      	movs	r6, r7
2000096a:	e604      	b.n	20000576 <dcd_rp2040_irq+0x9a>
2000096c:	2200      	movs	r2, #0
2000096e:	54e2      	strb	r2, [r4, r3]
20000970:	3b1c      	subs	r3, #28
20000972:	18e0      	adds	r0, r4, r3
20000974:	f000 f986 	bl	20000c84 <hw_endpoint_start_next_buffer>
20000978:	003e      	movs	r6, r7
2000097a:	e5f2      	b.n	20000562 <dcd_rp2040_irq+0x86>
2000097c:	2200      	movs	r2, #0
2000097e:	54e2      	strb	r2, [r4, r3]
20000980:	3b1c      	subs	r3, #28
20000982:	18e0      	adds	r0, r4, r3
20000984:	f000 f97e 	bl	20000c84 <hw_endpoint_start_next_buffer>
20000988:	003e      	movs	r6, r7
2000098a:	e5f9      	b.n	20000580 <dcd_rp2040_irq+0xa4>
2000098c:	0020      	movs	r0, r4
2000098e:	2200      	movs	r2, #0
20000990:	30a1      	adds	r0, #161	@ 0xa1
20000992:	30ff      	adds	r0, #255	@ 0xff
20000994:	54e2      	strb	r2, [r4, r3]
20000996:	003e      	movs	r6, r7
20000998:	f000 f974 	bl	20000c84 <hw_endpoint_start_next_buffer>
2000099c:	e5d6      	b.n	2000054c <dcd_rp2040_irq+0x70>
2000099e:	0020      	movs	r0, r4
200009a0:	2200      	movs	r2, #0
200009a2:	3021      	adds	r0, #33	@ 0x21
200009a4:	30ff      	adds	r0, #255	@ 0xff
200009a6:	54e2      	strb	r2, [r4, r3]
200009a8:	003e      	movs	r6, r7
200009aa:	f000 f96b 	bl	20000c84 <hw_endpoint_start_next_buffer>
200009ae:	e5c1      	b.n	20000534 <dcd_rp2040_irq+0x58>
200009b0:	2200      	movs	r2, #0
200009b2:	54e2      	strb	r2, [r4, r3]
200009b4:	3b1c      	subs	r3, #28
200009b6:	18e0      	adds	r0, r4, r3
200009b8:	f000 f964 	bl	20000c84 <hw_endpoint_start_next_buffer>
200009bc:	003e      	movs	r6, r7
200009be:	e5d5      	b.n	2000056c <dcd_rp2040_irq+0x90>
200009c0:	0020      	movs	r0, r4
200009c2:	2200      	movs	r2, #0
200009c4:	3061      	adds	r0, #97	@ 0x61
200009c6:	30ff      	adds	r0, #255	@ 0xff
200009c8:	54e2      	strb	r2, [r4, r3]
200009ca:	003e      	movs	r6, r7
200009cc:	f000 f95a 	bl	20000c84 <hw_endpoint_start_next_buffer>
200009d0:	e5b6      	b.n	20000540 <dcd_rp2040_irq+0x64>
200009d2:	0020      	movs	r0, r4
200009d4:	2200      	movs	r2, #0
200009d6:	30e1      	adds	r0, #225	@ 0xe1
200009d8:	30ff      	adds	r0, #255	@ 0xff
200009da:	54e2      	strb	r2, [r4, r3]
200009dc:	003e      	movs	r6, r7
200009de:	f000 f951 	bl	20000c84 <hw_endpoint_start_next_buffer>
200009e2:	e5b9      	b.n	20000558 <dcd_rp2040_irq+0x7c>
200009e4:	0020      	movs	r0, r4
200009e6:	2200      	movs	r2, #0
200009e8:	30e0      	adds	r0, #224	@ 0xe0
200009ea:	54e2      	strb	r2, [r4, r3]
200009ec:	003e      	movs	r6, r7
200009ee:	f000 f949 	bl	20000c84 <hw_endpoint_start_next_buffer>
200009f2:	e599      	b.n	20000528 <dcd_rp2040_irq+0x4c>
200009f4:	2200      	movs	r2, #0
200009f6:	54e2      	strb	r2, [r4, r3]
200009f8:	3b1c      	subs	r3, #28
200009fa:	18e0      	adds	r0, r4, r3
200009fc:	f000 f942 	bl	20000c84 <hw_endpoint_start_next_buffer>
20000a00:	e754      	b.n	200008ac <dcd_rp2040_irq+0x3d0>
20000a02:	2200      	movs	r2, #0
20000a04:	54e2      	strb	r2, [r4, r3]
20000a06:	3b1c      	subs	r3, #28
20000a08:	18e0      	adds	r0, r4, r3
20000a0a:	f000 f93b 	bl	20000c84 <hw_endpoint_start_next_buffer>
20000a0e:	e782      	b.n	20000916 <dcd_rp2040_irq+0x43a>
20000a10:	0031      	movs	r1, r6
20000a12:	480b      	ldr	r0, [pc, #44]	@ (20000a40 <dcd_rp2040_irq+0x564>)
20000a14:	4069      	eors	r1, r5
20000a16:	f000 faa7 	bl	20000f68 <__panic_veneer>
20000a1a:	46c0      	nop			@ (mov r8, r8)
20000a1c:	000002fa 	.word	0x000002fa
20000a20:	0000023a 	.word	0x0000023a
20000a24:	000002ba 	.word	0x000002ba
20000a28:	0000037a 	.word	0x0000037a
20000a2c:	000003bb 	.word	0x000003bb
20000a30:	000003ba 	.word	0x000003ba
20000a34:	000003fb 	.word	0x000003fb
20000a38:	000003fa 	.word	0x000003fa
20000a3c:	0000033a 	.word	0x0000033a
20000a40:	10007ee8 	.word	0x10007ee8

20000a44 <prepare_ep_buffer>:
20000a44:	b5f0      	push	{r4, r5, r6, r7, lr}
20000a46:	468c      	mov	ip, r1
20000a48:	8a83      	ldrh	r3, [r0, #20]
20000a4a:	8b01      	ldrh	r1, [r0, #24]
20000a4c:	0002      	movs	r2, r0
20000a4e:	b083      	sub	sp, #12
20000a50:	1c0e      	adds	r6, r1, #0
20000a52:	4299      	cmp	r1, r3
20000a54:	d900      	bls.n	20000a58 <prepare_ep_buffer+0x14>
20000a56:	1c1e      	adds	r6, r3, #0
20000a58:	b2b6      	uxth	r6, r6
20000a5a:	1b9b      	subs	r3, r3, r6
20000a5c:	b29c      	uxth	r4, r3
20000a5e:	78d3      	ldrb	r3, [r2, #3]
20000a60:	2180      	movs	r1, #128	@ 0x80
20000a62:	0018      	movs	r0, r3
20000a64:	1e45      	subs	r5, r0, #1
20000a66:	41a8      	sbcs	r0, r5
20000a68:	00c9      	lsls	r1, r1, #3
20000a6a:	4331      	orrs	r1, r6
20000a6c:	0340      	lsls	r0, r0, #13
20000a6e:	4308      	orrs	r0, r1
20000a70:	2101      	movs	r1, #1
20000a72:	404b      	eors	r3, r1
20000a74:	70d3      	strb	r3, [r2, #3]
20000a76:	7853      	ldrb	r3, [r2, #1]
20000a78:	8294      	strh	r4, [r2, #20]
20000a7a:	2b00      	cmp	r3, #0
20000a7c:	d132      	bne.n	20000ae4 <prepare_ep_buffer+0xa0>
20000a7e:	6911      	ldr	r1, [r2, #16]
20000a80:	2e00      	cmp	r6, #0
20000a82:	d02a      	beq.n	20000ada <prepare_ep_buffer+0x96>
20000a84:	4663      	mov	r3, ip
20000a86:	68d4      	ldr	r4, [r2, #12]
20000a88:	019b      	lsls	r3, r3, #6
20000a8a:	18e4      	adds	r4, r4, r3
20000a8c:	1e73      	subs	r3, r6, #1
20000a8e:	9301      	str	r3, [sp, #4]
20000a90:	2b06      	cmp	r3, #6
20000a92:	d932      	bls.n	20000afa <prepare_ep_buffer+0xb6>
20000a94:	0023      	movs	r3, r4
20000a96:	430b      	orrs	r3, r1
20000a98:	079b      	lsls	r3, r3, #30
20000a9a:	d12e      	bne.n	20000afa <prepare_ep_buffer+0xb6>
20000a9c:	1a63      	subs	r3, r4, r1
20000a9e:	3b01      	subs	r3, #1
20000aa0:	2b02      	cmp	r3, #2
20000aa2:	d92a      	bls.n	20000afa <prepare_ep_buffer+0xb6>
20000aa4:	2300      	movs	r3, #0
20000aa6:	08b7      	lsrs	r7, r6, #2
20000aa8:	00bf      	lsls	r7, r7, #2
20000aaa:	58cd      	ldr	r5, [r1, r3]
20000aac:	50e5      	str	r5, [r4, r3]
20000aae:	3304      	adds	r3, #4
20000ab0:	42bb      	cmp	r3, r7
20000ab2:	d1fa      	bne.n	20000aaa <prepare_ep_buffer+0x66>
20000ab4:	429e      	cmp	r6, r3
20000ab6:	d00e      	beq.n	20000ad6 <prepare_ep_buffer+0x92>
20000ab8:	9d01      	ldr	r5, [sp, #4]
20000aba:	18e4      	adds	r4, r4, r3
20000abc:	1aef      	subs	r7, r5, r3
20000abe:	18cd      	adds	r5, r1, r3
20000ac0:	5cc9      	ldrb	r1, [r1, r3]
20000ac2:	7021      	strb	r1, [r4, #0]
20000ac4:	9901      	ldr	r1, [sp, #4]
20000ac6:	4299      	cmp	r1, r3
20000ac8:	d005      	beq.n	20000ad6 <prepare_ep_buffer+0x92>
20000aca:	786b      	ldrb	r3, [r5, #1]
20000acc:	7063      	strb	r3, [r4, #1]
20000ace:	2f01      	cmp	r7, #1
20000ad0:	d001      	beq.n	20000ad6 <prepare_ep_buffer+0x92>
20000ad2:	78ab      	ldrb	r3, [r5, #2]
20000ad4:	70a3      	strb	r3, [r4, #2]
20000ad6:	6911      	ldr	r1, [r2, #16]
20000ad8:	8a94      	ldrh	r4, [r2, #20]
20000ada:	2380      	movs	r3, #128	@ 0x80
20000adc:	1989      	adds	r1, r1, r6
20000ade:	021b      	lsls	r3, r3, #8
20000ae0:	6111      	str	r1, [r2, #16]
20000ae2:	4318      	orrs	r0, r3
20000ae4:	2c00      	cmp	r4, #0
20000ae6:	d102      	bne.n	20000aee <prepare_ep_buffer+0xaa>
20000ae8:	2380      	movs	r3, #128	@ 0x80
20000aea:	01db      	lsls	r3, r3, #7
20000aec:	4318      	orrs	r0, r3
20000aee:	4663      	mov	r3, ip
20000af0:	2b00      	cmp	r3, #0
20000af2:	d000      	beq.n	20000af6 <prepare_ep_buffer+0xb2>
20000af4:	0400      	lsls	r0, r0, #16
20000af6:	b003      	add	sp, #12
20000af8:	bdf0      	pop	{r4, r5, r6, r7, pc}
20000afa:	2300      	movs	r3, #0
20000afc:	5ccd      	ldrb	r5, [r1, r3]
20000afe:	54e5      	strb	r5, [r4, r3]
20000b00:	3301      	adds	r3, #1
20000b02:	429e      	cmp	r6, r3
20000b04:	d1fa      	bne.n	20000afc <prepare_ep_buffer+0xb8>
20000b06:	e7e6      	b.n	20000ad6 <prepare_ep_buffer+0x92>

20000b08 <sync_ep_buffer>:
20000b08:	6883      	ldr	r3, [r0, #8]
20000b0a:	b5f0      	push	{r4, r5, r6, r7, lr}
20000b0c:	681a      	ldr	r2, [r3, #0]
20000b0e:	2900      	cmp	r1, #0
20000b10:	d000      	beq.n	20000b14 <sync_ep_buffer+0xc>
20000b12:	0c12      	lsrs	r2, r2, #16
20000b14:	7843      	ldrb	r3, [r0, #1]
20000b16:	0592      	lsls	r2, r2, #22
20000b18:	0d95      	lsrs	r5, r2, #22
20000b1a:	2b00      	cmp	r3, #0
20000b1c:	d109      	bne.n	20000b32 <sync_ep_buffer+0x2a>
20000b1e:	8ac3      	ldrh	r3, [r0, #22]
20000b20:	18eb      	adds	r3, r5, r3
20000b22:	82c3      	strh	r3, [r0, #22]
20000b24:	8b03      	ldrh	r3, [r0, #24]
20000b26:	42ab      	cmp	r3, r5
20000b28:	d901      	bls.n	20000b2e <sync_ep_buffer+0x26>
20000b2a:	2300      	movs	r3, #0
20000b2c:	8283      	strh	r3, [r0, #20]
20000b2e:	0028      	movs	r0, r5
20000b30:	bdf0      	pop	{r4, r5, r6, r7, pc}
20000b32:	6904      	ldr	r4, [r0, #16]
20000b34:	2d00      	cmp	r5, #0
20000b36:	d028      	beq.n	20000b8a <sync_ep_buffer+0x82>
20000b38:	68c3      	ldr	r3, [r0, #12]
20000b3a:	0189      	lsls	r1, r1, #6
20000b3c:	1e6f      	subs	r7, r5, #1
20000b3e:	46bc      	mov	ip, r7
20000b40:	185e      	adds	r6, r3, r1
20000b42:	2f06      	cmp	r7, #6
20000b44:	d927      	bls.n	20000b96 <sync_ep_buffer+0x8e>
20000b46:	3101      	adds	r1, #1
20000b48:	185b      	adds	r3, r3, r1
20000b4a:	1ae3      	subs	r3, r4, r3
20000b4c:	2b02      	cmp	r3, #2
20000b4e:	d922      	bls.n	20000b96 <sync_ep_buffer+0x8e>
20000b50:	0023      	movs	r3, r4
20000b52:	4333      	orrs	r3, r6
20000b54:	079b      	lsls	r3, r3, #30
20000b56:	d11e      	bne.n	20000b96 <sync_ep_buffer+0x8e>
20000b58:	2300      	movs	r3, #0
20000b5a:	0e12      	lsrs	r2, r2, #24
20000b5c:	0092      	lsls	r2, r2, #2
20000b5e:	58f1      	ldr	r1, [r6, r3]
20000b60:	50e1      	str	r1, [r4, r3]
20000b62:	3304      	adds	r3, #4
20000b64:	429a      	cmp	r2, r3
20000b66:	d1fa      	bne.n	20000b5e <sync_ep_buffer+0x56>
20000b68:	4295      	cmp	r5, r2
20000b6a:	d00d      	beq.n	20000b88 <sync_ep_buffer+0x80>
20000b6c:	4663      	mov	r3, ip
20000b6e:	1a9f      	subs	r7, r3, r2
20000b70:	18a3      	adds	r3, r4, r2
20000b72:	5cb4      	ldrb	r4, [r6, r2]
20000b74:	18b1      	adds	r1, r6, r2
20000b76:	701c      	strb	r4, [r3, #0]
20000b78:	4594      	cmp	ip, r2
20000b7a:	d005      	beq.n	20000b88 <sync_ep_buffer+0x80>
20000b7c:	784a      	ldrb	r2, [r1, #1]
20000b7e:	705a      	strb	r2, [r3, #1]
20000b80:	2f01      	cmp	r7, #1
20000b82:	d001      	beq.n	20000b88 <sync_ep_buffer+0x80>
20000b84:	788a      	ldrb	r2, [r1, #2]
20000b86:	709a      	strb	r2, [r3, #2]
20000b88:	6904      	ldr	r4, [r0, #16]
20000b8a:	8ac3      	ldrh	r3, [r0, #22]
20000b8c:	1964      	adds	r4, r4, r5
20000b8e:	18eb      	adds	r3, r5, r3
20000b90:	82c3      	strh	r3, [r0, #22]
20000b92:	6104      	str	r4, [r0, #16]
20000b94:	e7c6      	b.n	20000b24 <sync_ep_buffer+0x1c>
20000b96:	2200      	movs	r2, #0
20000b98:	5cb3      	ldrb	r3, [r6, r2]
20000b9a:	54a3      	strb	r3, [r4, r2]
20000b9c:	3201      	adds	r2, #1
20000b9e:	4295      	cmp	r5, r2
20000ba0:	d1fa      	bne.n	20000b98 <sync_ep_buffer+0x90>
20000ba2:	6904      	ldr	r4, [r0, #16]
20000ba4:	e7f1      	b.n	20000b8a <sync_ep_buffer+0x82>
20000ba6:	46c0      	nop			@ (mov r8, r8)

20000ba8 <_hw_endpoint_xfer_sync>:
20000ba8:	b510      	push	{r4, lr}
20000baa:	0004      	movs	r4, r0
20000bac:	6883      	ldr	r3, [r0, #8]
20000bae:	2100      	movs	r1, #0
20000bb0:	681b      	ldr	r3, [r3, #0]
20000bb2:	f7ff ffa9 	bl	20000b08 <sync_ep_buffer>
20000bb6:	6863      	ldr	r3, [r4, #4]
20000bb8:	681b      	ldr	r3, [r3, #0]
20000bba:	005b      	lsls	r3, r3, #1
20000bbc:	d502      	bpl.n	20000bc4 <_hw_endpoint_xfer_sync+0x1c>
20000bbe:	8b23      	ldrh	r3, [r4, #24]
20000bc0:	4283      	cmp	r3, r0
20000bc2:	d000      	beq.n	20000bc6 <_hw_endpoint_xfer_sync+0x1e>
20000bc4:	bd10      	pop	{r4, pc}
20000bc6:	2101      	movs	r1, #1
20000bc8:	0020      	movs	r0, r4
20000bca:	f7ff ff9d 	bl	20000b08 <sync_ep_buffer>
20000bce:	e7f9      	b.n	20000bc4 <_hw_endpoint_xfer_sync+0x1c>

20000bd0 <e15_is_bulkin_ep>:
20000bd0:	4b08      	ldr	r3, [pc, #32]	@ (20000bf4 <e15_is_bulkin_ep+0x24>)
20000bd2:	6c1a      	ldr	r2, [r3, #64]	@ 0x40
20000bd4:	2300      	movs	r3, #0
20000bd6:	0792      	lsls	r2, r2, #30
20000bd8:	d403      	bmi.n	20000be2 <e15_is_bulkin_ep+0x12>
20000bda:	7882      	ldrb	r2, [r0, #2]
20000bdc:	09d2      	lsrs	r2, r2, #7
20000bde:	2a01      	cmp	r2, #1
20000be0:	d001      	beq.n	20000be6 <e15_is_bulkin_ep+0x16>
20000be2:	0018      	movs	r0, r3
20000be4:	4770      	bx	lr
20000be6:	7ec3      	ldrb	r3, [r0, #27]
20000be8:	3b02      	subs	r3, #2
20000bea:	425a      	negs	r2, r3
20000bec:	4153      	adcs	r3, r2
20000bee:	b2db      	uxtb	r3, r3
20000bf0:	e7f7      	b.n	20000be2 <e15_is_bulkin_ep+0x12>
20000bf2:	46c0      	nop			@ (mov r8, r8)
20000bf4:	50110000 	.word	0x50110000

20000bf8 <e15_is_critical_frame_period>:
20000bf8:	b510      	push	{r4, lr}
20000bfa:	f7ff ffe9 	bl	20000bd0 <e15_is_bulkin_ep>
20000bfe:	2800      	cmp	r0, #0
20000c00:	d00a      	beq.n	20000c18 <e15_is_critical_frame_period+0x20>
20000c02:	4b06      	ldr	r3, [pc, #24]	@ (20000c1c <e15_is_critical_frame_period+0x24>)
20000c04:	4a06      	ldr	r2, [pc, #24]	@ (20000c20 <e15_is_critical_frame_period+0x28>)
20000c06:	6a9b      	ldr	r3, [r3, #40]	@ 0x28
20000c08:	4906      	ldr	r1, [pc, #24]	@ (20000c24 <e15_is_critical_frame_period+0x2c>)
20000c0a:	6812      	ldr	r2, [r2, #0]
20000c0c:	185b      	adds	r3, r3, r1
20000c0e:	1a9b      	subs	r3, r3, r2
20000c10:	2000      	movs	r0, #0
20000c12:	22c6      	movs	r2, #198	@ 0xc6
20000c14:	429a      	cmp	r2, r3
20000c16:	4140      	adcs	r0, r0
20000c18:	bd10      	pop	{r4, pc}
20000c1a:	46c0      	nop			@ (mov r8, r8)
20000c1c:	40054000 	.word	0x40054000
20000c20:	20002584 	.word	0x20002584
20000c24:	fffffce0 	.word	0xfffffce0

20000c28 <hw_endpoint_reset_transfer>:
20000c28:	2300      	movs	r3, #0
20000c2a:	7683      	strb	r3, [r0, #26]
20000c2c:	6143      	str	r3, [r0, #20]
20000c2e:	6103      	str	r3, [r0, #16]
20000c30:	4770      	bx	lr
20000c32:	46c0      	nop			@ (mov r8, r8)

20000c34 <_hw_endpoint_buffer_control_update32>:
20000c34:	b510      	push	{r4, lr}
20000c36:	6883      	ldr	r3, [r0, #8]
20000c38:	2900      	cmp	r1, #0
20000c3a:	d001      	beq.n	20000c40 <_hw_endpoint_buffer_control_update32+0xc>
20000c3c:	681c      	ldr	r4, [r3, #0]
20000c3e:	4021      	ands	r1, r4
20000c40:	2a00      	cmp	r2, #0
20000c42:	d012      	beq.n	20000c6a <_hw_endpoint_buffer_control_update32+0x36>
20000c44:	2480      	movs	r4, #128	@ 0x80
20000c46:	00e4      	lsls	r4, r4, #3
20000c48:	4311      	orrs	r1, r2
20000c4a:	4222      	tst	r2, r4
20000c4c:	d00d      	beq.n	20000c6a <_hw_endpoint_buffer_control_update32+0x36>
20000c4e:	681a      	ldr	r2, [r3, #0]
20000c50:	4222      	tst	r2, r4
20000c52:	d10c      	bne.n	20000c6e <_hw_endpoint_buffer_control_update32+0x3a>
20000c54:	4a08      	ldr	r2, [pc, #32]	@ (20000c78 <_hw_endpoint_buffer_control_update32+0x44>)
20000c56:	400a      	ands	r2, r1
20000c58:	601a      	str	r2, [r3, #0]
20000c5a:	4a08      	ldr	r2, [pc, #32]	@ (20000c7c <_hw_endpoint_buffer_control_update32+0x48>)
20000c5c:	6c12      	ldr	r2, [r2, #64]	@ 0x40
20000c5e:	0792      	lsls	r2, r2, #30
20000c60:	d403      	bmi.n	20000c6a <_hw_endpoint_buffer_control_update32+0x36>
20000c62:	230c      	movs	r3, #12
20000c64:	3b03      	subs	r3, #3
20000c66:	d2fd      	bcs.n	20000c64 <_hw_endpoint_buffer_control_update32+0x30>
20000c68:	6883      	ldr	r3, [r0, #8]
20000c6a:	6019      	str	r1, [r3, #0]
20000c6c:	bd10      	pop	{r4, pc}
20000c6e:	7881      	ldrb	r1, [r0, #2]
20000c70:	4803      	ldr	r0, [pc, #12]	@ (20000c80 <_hw_endpoint_buffer_control_update32+0x4c>)
20000c72:	f000 f979 	bl	20000f68 <__panic_veneer>
20000c76:	46c0      	nop			@ (mov r8, r8)
20000c78:	fffffbff 	.word	0xfffffbff
20000c7c:	50110000 	.word	0x50110000
20000c80:	10007efc 	.word	0x10007efc

20000c84 <hw_endpoint_start_next_buffer>:
20000c84:	6843      	ldr	r3, [r0, #4]
20000c86:	b570      	push	{r4, r5, r6, lr}
20000c88:	2100      	movs	r1, #0
20000c8a:	2580      	movs	r5, #128	@ 0x80
20000c8c:	0004      	movs	r4, r0
20000c8e:	681e      	ldr	r6, [r3, #0]
20000c90:	f7ff fed8 	bl	20000a44 <prepare_ep_buffer>
20000c94:	4b12      	ldr	r3, [pc, #72]	@ (20000ce0 <hw_endpoint_start_next_buffer+0x5c>)
20000c96:	016d      	lsls	r5, r5, #5
20000c98:	6c1a      	ldr	r2, [r3, #64]	@ 0x40
20000c9a:	4305      	orrs	r5, r0
20000c9c:	78a3      	ldrb	r3, [r4, #2]
20000c9e:	0792      	lsls	r2, r2, #30
20000ca0:	d50e      	bpl.n	20000cc0 <hw_endpoint_start_next_buffer+0x3c>
20000ca2:	065b      	lsls	r3, r3, #25
20000ca4:	d00e      	beq.n	20000cc4 <hw_endpoint_start_next_buffer+0x40>
20000ca6:	4b0f      	ldr	r3, [pc, #60]	@ (20000ce4 <hw_endpoint_start_next_buffer+0x60>)
20000ca8:	401e      	ands	r6, r3
20000caa:	2380      	movs	r3, #128	@ 0x80
20000cac:	059b      	lsls	r3, r3, #22
20000cae:	4333      	orrs	r3, r6
20000cb0:	6862      	ldr	r2, [r4, #4]
20000cb2:	2100      	movs	r1, #0
20000cb4:	6013      	str	r3, [r2, #0]
20000cb6:	0020      	movs	r0, r4
20000cb8:	002a      	movs	r2, r5
20000cba:	f7ff ffbb 	bl	20000c34 <_hw_endpoint_buffer_control_update32>
20000cbe:	bd70      	pop	{r4, r5, r6, pc}
20000cc0:	09db      	lsrs	r3, r3, #7
20000cc2:	d0f0      	beq.n	20000ca6 <hw_endpoint_start_next_buffer+0x22>
20000cc4:	8aa3      	ldrh	r3, [r4, #20]
20000cc6:	2b00      	cmp	r3, #0
20000cc8:	d0ed      	beq.n	20000ca6 <hw_endpoint_start_next_buffer+0x22>
20000cca:	2101      	movs	r1, #1
20000ccc:	0020      	movs	r0, r4
20000cce:	f7ff feb9 	bl	20000a44 <prepare_ep_buffer>
20000cd2:	23a0      	movs	r3, #160	@ 0xa0
20000cd4:	4a04      	ldr	r2, [pc, #16]	@ (20000ce8 <hw_endpoint_start_next_buffer+0x64>)
20000cd6:	05db      	lsls	r3, r3, #23
20000cd8:	4032      	ands	r2, r6
20000cda:	4305      	orrs	r5, r0
20000cdc:	4313      	orrs	r3, r2
20000cde:	e7e7      	b.n	20000cb0 <hw_endpoint_start_next_buffer+0x2c>
20000ce0:	50110000 	.word	0x50110000
20000ce4:	afffffff 	.word	0xafffffff
20000ce8:	dfffffff 	.word	0xdfffffff

20000cec <hw_endpoint_xfer_continue>:
20000cec:	b570      	push	{r4, r5, r6, lr}
20000cee:	7e85      	ldrb	r5, [r0, #26]
20000cf0:	0004      	movs	r4, r0
20000cf2:	2d00      	cmp	r5, #0
20000cf4:	d014      	beq.n	20000d20 <hw_endpoint_xfer_continue+0x34>
20000cf6:	f7ff ff57 	bl	20000ba8 <_hw_endpoint_xfer_sync>
20000cfa:	8aa3      	ldrh	r3, [r4, #20]
20000cfc:	2b00      	cmp	r3, #0
20000cfe:	d101      	bne.n	20000d04 <hw_endpoint_xfer_continue+0x18>
20000d00:	0028      	movs	r0, r5
20000d02:	bd70      	pop	{r4, r5, r6, pc}
20000d04:	0020      	movs	r0, r4
20000d06:	f7ff ff77 	bl	20000bf8 <e15_is_critical_frame_period>
20000d0a:	2800      	cmp	r0, #0
20000d0c:	d003      	beq.n	20000d16 <hw_endpoint_xfer_continue+0x2a>
20000d0e:	2301      	movs	r3, #1
20000d10:	2500      	movs	r5, #0
20000d12:	7723      	strb	r3, [r4, #28]
20000d14:	e7f4      	b.n	20000d00 <hw_endpoint_xfer_continue+0x14>
20000d16:	0020      	movs	r0, r4
20000d18:	f7ff ffb4 	bl	20000c84 <hw_endpoint_start_next_buffer>
20000d1c:	2500      	movs	r5, #0
20000d1e:	e7ef      	b.n	20000d00 <hw_endpoint_xfer_continue+0x14>
20000d20:	7881      	ldrb	r1, [r0, #2]
20000d22:	4801      	ldr	r0, [pc, #4]	@ (20000d28 <hw_endpoint_xfer_continue+0x3c>)
20000d24:	f000 f920 	bl	20000f68 <__panic_veneer>
20000d28:	10007f1c 	.word	0x10007f1c

20000d2c <dcd_event_handler>:
20000d2c:	b5f0      	push	{r4, r5, r6, r7, lr}
20000d2e:	4647      	mov	r7, r8
20000d30:	46ce      	mov	lr, r9
20000d32:	b580      	push	{r7, lr}
20000d34:	7843      	ldrb	r3, [r0, #1]
20000d36:	0005      	movs	r5, r0
20000d38:	000f      	movs	r7, r1
20000d3a:	b085      	sub	sp, #20
20000d3c:	2b06      	cmp	r3, #6
20000d3e:	d807      	bhi.n	20000d50 <dcd_event_handler+0x24>
20000d40:	4a69      	ldr	r2, [pc, #420]	@ (20000ee8 <dcd_event_handler+0x1bc>)
20000d42:	009b      	lsls	r3, r3, #2
20000d44:	58d3      	ldr	r3, [r2, r3]
20000d46:	469f      	mov	pc, r3
20000d48:	4a68      	ldr	r2, [pc, #416]	@ (20000eec <dcd_event_handler+0x1c0>)
20000d4a:	7813      	ldrb	r3, [r2, #0]
20000d4c:	3301      	adds	r3, #1
20000d4e:	7013      	strb	r3, [r2, #0]
20000d50:	4b67      	ldr	r3, [pc, #412]	@ (20000ef0 <dcd_event_handler+0x1c4>)
20000d52:	681c      	ldr	r4, [r3, #0]
20000d54:	6962      	ldr	r2, [r4, #20]
20000d56:	f3ef 8110 	mrs	r1, PRIMASK
20000d5a:	b672      	cpsid	i
20000d5c:	6813      	ldr	r3, [r2, #0]
20000d5e:	2b00      	cmp	r3, #0
20000d60:	d0fc      	beq.n	20000d5c <dcd_event_handler+0x30>
20000d62:	f3bf 8f5f 	dmb	sy
20000d66:	61a1      	str	r1, [r4, #24]
20000d68:	0020      	movs	r0, r4
20000d6a:	0029      	movs	r1, r5
20000d6c:	f000 f8dc 	bl	20000f28 <__tu_fifo_write_veneer>
20000d70:	6962      	ldr	r2, [r4, #20]
20000d72:	69a3      	ldr	r3, [r4, #24]
20000d74:	f3bf 8f5f 	dmb	sy
20000d78:	2100      	movs	r1, #0
20000d7a:	6011      	str	r1, [r2, #0]
20000d7c:	f383 8810 	msr	PRIMASK, r3
20000d80:	2800      	cmp	r0, #0
20000d82:	d104      	bne.n	20000d8e <dcd_event_handler+0x62>
20000d84:	b005      	add	sp, #20
20000d86:	bcc0      	pop	{r6, r7}
20000d88:	46b9      	mov	r9, r7
20000d8a:	46b0      	mov	r8, r6
20000d8c:	bdf0      	pop	{r4, r5, r6, r7, pc}
20000d8e:	003a      	movs	r2, r7
20000d90:	7869      	ldrb	r1, [r5, #1]
20000d92:	7828      	ldrb	r0, [r5, #0]
20000d94:	f000 f8b8 	bl	20000f08 <__tud_event_hook_cb_veneer>
20000d98:	e7f4      	b.n	20000d84 <dcd_event_handler+0x58>
20000d9a:	2101      	movs	r1, #1
20000d9c:	4b55      	ldr	r3, [pc, #340]	@ (20000ef4 <dcd_event_handler+0x1c8>)
20000d9e:	781a      	ldrb	r2, [r3, #0]
20000da0:	438a      	bics	r2, r1
20000da2:	701a      	strb	r2, [r3, #0]
20000da4:	781a      	ldrb	r2, [r3, #0]
20000da6:	3101      	adds	r1, #1
20000da8:	438a      	bics	r2, r1
20000daa:	701a      	strb	r2, [r3, #0]
20000dac:	2200      	movs	r2, #0
20000dae:	705a      	strb	r2, [r3, #1]
20000db0:	781a      	ldrb	r2, [r3, #0]
20000db2:	3102      	adds	r1, #2
20000db4:	438a      	bics	r2, r1
20000db6:	701a      	strb	r2, [r3, #0]
20000db8:	e7ca      	b.n	20000d50 <dcd_event_handler+0x24>
20000dba:	494f      	ldr	r1, [pc, #316]	@ (20000ef8 <dcd_event_handler+0x1cc>)
20000dbc:	4b4f      	ldr	r3, [pc, #316]	@ (20000efc <dcd_event_handler+0x1d0>)
20000dbe:	4688      	mov	r8, r1
20000dc0:	494f      	ldr	r1, [pc, #316]	@ (20000f00 <dcd_event_handler+0x1d4>)
20000dc2:	001e      	movs	r6, r3
20000dc4:	781a      	ldrb	r2, [r3, #0]
20000dc6:	2400      	movs	r4, #0
20000dc8:	2300      	movs	r3, #0
20000dca:	4689      	mov	r9, r1
20000dcc:	e012      	b.n	20000df4 <dcd_event_handler+0xc8>
20000dce:	464b      	mov	r3, r9
20000dd0:	681b      	ldr	r3, [r3, #0]
20000dd2:	0161      	lsls	r1, r4, #5
20000dd4:	185b      	adds	r3, r3, r1
20000dd6:	2b00      	cmp	r3, #0
20000dd8:	d006      	beq.n	20000de8 <dcd_event_handler+0xbc>
20000dda:	69db      	ldr	r3, [r3, #28]
20000ddc:	2b00      	cmp	r3, #0
20000dde:	d003      	beq.n	20000de8 <dcd_event_handler+0xbc>
20000de0:	6869      	ldr	r1, [r5, #4]
20000de2:	7828      	ldrb	r0, [r5, #0]
20000de4:	4798      	blx	r3
20000de6:	7832      	ldrb	r2, [r6, #0]
20000de8:	3401      	adds	r4, #1
20000dea:	b2e4      	uxtb	r4, r4
20000dec:	1c51      	adds	r1, r2, #1
20000dee:	0023      	movs	r3, r4
20000df0:	42a1      	cmp	r1, r4
20000df2:	db17      	blt.n	20000e24 <dcd_event_handler+0xf8>
20000df4:	42a2      	cmp	r2, r4
20000df6:	d8ea      	bhi.n	20000dce <dcd_event_handler+0xa2>
20000df8:	1a9b      	subs	r3, r3, r2
20000dfa:	015b      	lsls	r3, r3, #5
20000dfc:	4443      	add	r3, r8
20000dfe:	e7ec      	b.n	20000dda <dcd_event_handler+0xae>
20000e00:	4b3c      	ldr	r3, [pc, #240]	@ (20000ef4 <dcd_event_handler+0x1c8>)
20000e02:	781a      	ldrb	r2, [r3, #0]
20000e04:	07d2      	lsls	r2, r2, #31
20000e06:	d5bd      	bpl.n	20000d84 <dcd_event_handler+0x58>
20000e08:	2104      	movs	r1, #4
20000e0a:	781a      	ldrb	r2, [r3, #0]
20000e0c:	430a      	orrs	r2, r1
20000e0e:	701a      	strb	r2, [r3, #0]
20000e10:	e79e      	b.n	20000d50 <dcd_event_handler+0x24>
20000e12:	4b38      	ldr	r3, [pc, #224]	@ (20000ef4 <dcd_event_handler+0x1c8>)
20000e14:	781a      	ldrb	r2, [r3, #0]
20000e16:	07d2      	lsls	r2, r2, #31
20000e18:	d5b4      	bpl.n	20000d84 <dcd_event_handler+0x58>
20000e1a:	2104      	movs	r1, #4
20000e1c:	781a      	ldrb	r2, [r3, #0]
20000e1e:	438a      	bics	r2, r1
20000e20:	701a      	strb	r2, [r3, #0]
20000e22:	e795      	b.n	20000d50 <dcd_event_handler+0x24>
20000e24:	4a33      	ldr	r2, [pc, #204]	@ (20000ef4 <dcd_event_handler+0x1c8>)
20000e26:	7813      	ldrb	r3, [r2, #0]
20000e28:	4690      	mov	r8, r2
20000e2a:	0011      	movs	r1, r2
20000e2c:	075b      	lsls	r3, r3, #29
20000e2e:	d528      	bpl.n	20000e82 <dcd_event_handler+0x156>
20000e30:	7813      	ldrb	r3, [r2, #0]
20000e32:	2204      	movs	r2, #4
20000e34:	ac01      	add	r4, sp, #4
20000e36:	4393      	bics	r3, r2
20000e38:	700b      	strb	r3, [r1, #0]
20000e3a:	0020      	movs	r0, r4
20000e3c:	2100      	movs	r1, #0
20000e3e:	3208      	adds	r2, #8
20000e40:	f000 f87a 	bl	20000f38 <____wrap_memset_veneer>
20000e44:	782b      	ldrb	r3, [r5, #0]
20000e46:	7023      	strb	r3, [r4, #0]
20000e48:	2305      	movs	r3, #5
20000e4a:	7063      	strb	r3, [r4, #1]
20000e4c:	4b28      	ldr	r3, [pc, #160]	@ (20000ef0 <dcd_event_handler+0x1c4>)
20000e4e:	681b      	ldr	r3, [r3, #0]
20000e50:	0018      	movs	r0, r3
20000e52:	695a      	ldr	r2, [r3, #20]
20000e54:	f3ef 8110 	mrs	r1, PRIMASK
20000e58:	b672      	cpsid	i
20000e5a:	6813      	ldr	r3, [r2, #0]
20000e5c:	2b00      	cmp	r3, #0
20000e5e:	d0fc      	beq.n	20000e5a <dcd_event_handler+0x12e>
20000e60:	f3bf 8f5f 	dmb	sy
20000e64:	0006      	movs	r6, r0
20000e66:	6181      	str	r1, [r0, #24]
20000e68:	0021      	movs	r1, r4
20000e6a:	f000 f85d 	bl	20000f28 <__tu_fifo_write_veneer>
20000e6e:	6972      	ldr	r2, [r6, #20]
20000e70:	69b3      	ldr	r3, [r6, #24]
20000e72:	f3bf 8f5f 	dmb	sy
20000e76:	2100      	movs	r1, #0
20000e78:	6011      	str	r1, [r2, #0]
20000e7a:	f383 8810 	msr	PRIMASK, r3
20000e7e:	2800      	cmp	r0, #0
20000e80:	d12c      	bne.n	20000edc <dcd_event_handler+0x1b0>
20000e82:	4643      	mov	r3, r8
20000e84:	78db      	ldrb	r3, [r3, #3]
20000e86:	07db      	lsls	r3, r3, #31
20000e88:	d400      	bmi.n	20000e8c <dcd_event_handler+0x160>
20000e8a:	e77b      	b.n	20000d84 <dcd_event_handler+0x58>
20000e8c:	782b      	ldrb	r3, [r5, #0]
20000e8e:	ac01      	add	r4, sp, #4
20000e90:	7023      	strb	r3, [r4, #0]
20000e92:	2303      	movs	r3, #3
20000e94:	7063      	strb	r3, [r4, #1]
20000e96:	686b      	ldr	r3, [r5, #4]
20000e98:	6063      	str	r3, [r4, #4]
20000e9a:	4b15      	ldr	r3, [pc, #84]	@ (20000ef0 <dcd_event_handler+0x1c4>)
20000e9c:	681d      	ldr	r5, [r3, #0]
20000e9e:	696a      	ldr	r2, [r5, #20]
20000ea0:	f3ef 8110 	mrs	r1, PRIMASK
20000ea4:	b672      	cpsid	i
20000ea6:	6813      	ldr	r3, [r2, #0]
20000ea8:	2b00      	cmp	r3, #0
20000eaa:	d0fc      	beq.n	20000ea6 <dcd_event_handler+0x17a>
20000eac:	f3bf 8f5f 	dmb	sy
20000eb0:	61a9      	str	r1, [r5, #24]
20000eb2:	0028      	movs	r0, r5
20000eb4:	0021      	movs	r1, r4
20000eb6:	f000 f837 	bl	20000f28 <__tu_fifo_write_veneer>
20000eba:	696a      	ldr	r2, [r5, #20]
20000ebc:	69ab      	ldr	r3, [r5, #24]
20000ebe:	f3bf 8f5f 	dmb	sy
20000ec2:	2100      	movs	r1, #0
20000ec4:	6011      	str	r1, [r2, #0]
20000ec6:	f383 8810 	msr	PRIMASK, r3
20000eca:	2800      	cmp	r0, #0
20000ecc:	d100      	bne.n	20000ed0 <dcd_event_handler+0x1a4>
20000ece:	e759      	b.n	20000d84 <dcd_event_handler+0x58>
20000ed0:	003a      	movs	r2, r7
20000ed2:	7861      	ldrb	r1, [r4, #1]
20000ed4:	7820      	ldrb	r0, [r4, #0]
20000ed6:	f000 f817 	bl	20000f08 <__tud_event_hook_cb_veneer>
20000eda:	e753      	b.n	20000d84 <dcd_event_handler+0x58>
20000edc:	003a      	movs	r2, r7
20000ede:	7861      	ldrb	r1, [r4, #1]
20000ee0:	7820      	ldrb	r0, [r4, #0]
20000ee2:	f000 f811 	bl	20000f08 <__tud_event_hook_cb_veneer>
20000ee6:	e7cc      	b.n	20000e82 <dcd_event_handler+0x156>
20000ee8:	10008414 	.word	0x10008414
20000eec:	20002c23 	.word	0x20002c23
20000ef0:	20002088 	.word	0x20002088
20000ef4:	20002030 	.word	0x20002030
20000ef8:	10008430 	.word	0x10008430
20000efc:	20002c21 	.word	0x20002c21
20000f00:	20001fcc 	.word	0x20001fcc

20000f04 <__aeabi_idiv0>:
20000f04:	4770      	bx	lr
20000f06:	46c0      	nop			@ (mov r8, r8)

20000f08 <__tud_event_hook_cb_veneer>:
20000f08:	b401      	push	{r0}
20000f0a:	4802      	ldr	r0, [pc, #8]	@ (20000f14 <__tud_event_hook_cb_veneer+0xc>)
20000f0c:	4684      	mov	ip, r0
20000f0e:	bc01      	pop	{r0}
20000f10:	4760      	bx	ip
20000f12:	bf00      	nop
20000f14:	10005ae5 	.word	0x10005ae5

20000f18 <__rp2040_chip_version_veneer>:
20000f18:	b401      	push	{r0}
20000f1a:	4802      	ldr	r0, [pc, #8]	@ (20000f24 <__rp2040_chip_version_veneer+0xc>)
20000f1c:	4684      	mov	ip, r0
20000f1e:	bc01      	pop	{r0}
20000f20:	4760      	bx	ip
20000f22:	bf00      	nop
20000f24:	100009a1 	.word	0x100009a1

20000f28 <__tu_fifo_write_veneer>:
20000f28:	b401      	push	{r0}
20000f2a:	4802      	ldr	r0, [pc, #8]	@ (20000f34 <__tu_fifo_write_veneer+0xc>)
20000f2c:	4684      	mov	ip, r0
20000f2e:	bc01      	pop	{r0}
20000f30:	4760      	bx	ip
20000f32:	bf00      	nop
20000f34:	100074f5 	.word	0x100074f5

20000f38 <____wrap_memset_veneer>:
20000f38:	b401      	push	{r0}
20000f3a:	4802      	ldr	r0, [pc, #8]	@ (20000f44 <____wrap_memset_veneer+0xc>)
20000f3c:	4684      	mov	ip, r0
20000f3e:	bc01      	pop	{r0}
20000f40:	4760      	bx	ip
20000f42:	bf00      	nop
20000f44:	100031a1 	.word	0x100031a1

20000f48 <____wrap___aeabi_lmul_veneer>:
20000f48:	b401      	push	{r0}
20000f4a:	4802      	ldr	r0, [pc, #8]	@ (20000f54 <____wrap___aeabi_lmul_veneer+0xc>)
20000f4c:	4684      	mov	ip, r0
20000f4e:	bc01      	pop	{r0}
20000f50:	4760      	bx	ip
20000f52:	bf00      	nop
20000f54:	100030c9 	.word	0x100030c9

20000f58 <__best_effort_wfe_or_timeout_veneer>:
20000f58:	b401      	push	{r0}
20000f5a:	4802      	ldr	r0, [pc, #8]	@ (20000f64 <__best_effort_wfe_or_timeout_veneer+0xc>)
20000f5c:	4684      	mov	ip, r0
20000f5e:	bc01      	pop	{r0}
20000f60:	4760      	bx	ip
20000f62:	bf00      	nop
20000f64:	1000174d 	.word	0x1000174d

20000f68 <__panic_veneer>:
20000f68:	b401      	push	{r0}
20000f6a:	4802      	ldr	r0, [pc, #8]	@ (20000f74 <__panic_veneer+0xc>)
20000f6c:	4684      	mov	ip, r0
20000f6e:	bc01      	pop	{r0}
20000f70:	4760      	bx	ip
20000f72:	bf00      	nop
20000f74:	100009ad 	.word	0x100009ad

20000f78 <__time_us_64_veneer>:
20000f78:	b401      	push	{r0}
20000f7a:	4802      	ldr	r0, [pc, #8]	@ (20000f84 <__time_us_64_veneer+0xc>)
20000f7c:	4684      	mov	ip, r0
20000f7e:	bc01      	pop	{r0}
20000f80:	4760      	bx	ip
20000f82:	bf00      	nop
20000f84:	10001871 	.word	0x10001871

20000f88 <serial_cmds>:
20000f88:	0000003f 10007d2c 10000455 00000021     ?...,}..U...!...
20000f98:	10007d40 100005ad 00000069 10007d58     @}......i...X}..
20000fa8:	100003a1 00000074 10007d64 10000321     ....t...d}..!...
20000fb8:	00000075 10007d6c 100003c9 00000061     u...l}......a...
20000fc8:	10007d78 100005b9 0000007a 10007d84     x}......z....}..
20000fd8:	100006a5 00000030 10007d9c 100003b1     ....0....}......
20000fe8:	00000031 10007d9c 100003b1 00000032     1....}......2...
20000ff8:	10007d9c 100003b1 00000033 10007d9c     .}......3....}..
20001008:	100003b1 00000034 10007d9c 100003b1     ....4....}......
20001018:	00000035 10007d9c 100003b1 00000036     5....}......6...
20001028:	10007d9c 100003b1 00000037 10007d9c     .}......7....}..
20001038:	100003b1 00000038 10007d9c 100003b1     ....8....}......
20001048:	00000039 10007d9c 100003b1              9....}......

20001054 <rom_data>:
20001054:	ffa220a9 9d02009d 009d0300 00e0ca04     . ..............
20001064:	00a2f2d0 009d4da9 49a9e802 e802009d     .....M.....I....
20001074:	009d43a9 52a9e802 e802009d 009d4fa9     .C.....R.....O..
20001084:	54a9e802 e802009d 009d55a9 54a9e802     ...T.....U.....T
20001094:	e802009d 009d4fa9 52a9e802 e802009d     .....O.....R....
200010a4:	4cf8504c 564cf853 fffffff8 ffffffff     LP.LS.LV........
200010b4:	ffffffff ffffffff ffffffff ffffffff     ................
200010c4:	ffffffff ffffffff ffffffff ffffffff     ................
200010d4:	ffffffff ffffffff ffffffff ffffffff     ................
200010e4:	ffffffff ffffffff ffffffff ffffffff     ................
200010f4:	ffffffff ffffffff ffffffff ffffffff     ................
20001104:	ffffffff ffffffff ffffffff ffffffff     ................
20001114:	ffffffff ffffffff ffffffff ffffffff     ................
20001124:	ffffffff ffffffff ffffffff ffffffff     ................
20001134:	ffffffff ffffffff ffffffff ffffffff     ................
20001144:	ffffffff ffffffff ffffffff ffffffff     ................
20001154:	ffffffff ffffffff ffffffff ffffffff     ................
20001164:	ffffffff ffffffff ffffffff ffffffff     ................
20001174:	ffffffff ffffffff ffffffff ffffffff     ................
20001184:	ffffffff ffffffff ffffffff ffffffff     ................
20001194:	ffffffff ffffffff ffffffff ffffffff     ................
200011a4:	ffffffff ffffffff ffffffff ffffffff     ................
200011b4:	ffffffff ffffffff ffffffff ffffffff     ................
200011c4:	ffffffff ffffffff ffffffff ffffffff     ................
200011d4:	ffffffff ffffffff ffffffff ffffffff     ................
200011e4:	ffffffff ffffffff ffffffff ffffffff     ................
200011f4:	ffffffff ffffffff ffffffff ffffffff     ................
20001204:	ffffffff ffffffff ffffffff ffffffff     ................
20001214:	ffffffff ffffffff ffffffff ffffffff     ................
20001224:	ffffffff ffffffff ffffffff ffffffff     ................
20001234:	ffffffff ffffffff ffffffff ffffffff     ................
20001244:	ffffffff ffffffff ffffffff ffffffff     ................
20001254:	ffffffff ffffffff ffffffff ffffffff     ................
20001264:	ffffffff ffffffff ffffffff ffffffff     ................
20001274:	ffffffff ffffffff ffffffff ffffffff     ................
20001284:	ffffffff ffffffff ffffffff ffffffff     ................
20001294:	ffffffff ffffffff ffffffff ffffffff     ................
200012a4:	ffffffff ffffffff ffffffff ffffffff     ................
200012b4:	ffffffff ffffffff ffffffff ffffffff     ................
200012c4:	ffffffff ffffffff ffffffff ffffffff     ................
200012d4:	ffffffff ffffffff ffffffff ffffffff     ................
200012e4:	ffffffff ffffffff ffffffff ffffffff     ................
200012f4:	ffffffff ffffffff ffffffff ffffffff     ................
20001304:	ffffffff ffffffff ffffffff ffffffff     ................
20001314:	ffffffff ffffffff ffffffff ffffffff     ................
20001324:	ffffffff ffffffff ffffffff ffffffff     ................
20001334:	ffffffff ffffffff ffffffff ffffffff     ................
20001344:	ffffffff ffffffff ffffffff ffffffff     ................
20001354:	ffffffff ffffffff ffffffff ffffffff     ................
20001364:	ffffffff ffffffff ffffffff ffffffff     ................
20001374:	ffffffff ffffffff ffffffff ffffffff     ................
20001384:	ffffffff ffffffff ffffffff ffffffff     ................
20001394:	ffffffff ffffffff ffffffff ffffffff     ................
200013a4:	ffffffff ffffffff ffffffff ffffffff     ................
200013b4:	ffffffff ffffffff ffffffff ffffffff     ................
200013c4:	ffffffff ffffffff ffffffff ffffffff     ................
200013d4:	ffffffff ffffffff ffffffff ffffffff     ................
200013e4:	ffffffff ffffffff ffffffff ffffffff     ................
200013f4:	ffffffff ffffffff ffffffff ffffffff     ................
20001404:	ffffffff ffffffff ffffffff ffffffff     ................
20001414:	ffffffff ffffffff ffffffff ffffffff     ................
20001424:	ffffffff ffffffff ffffffff ffffffff     ................
20001434:	ffffffff ffffffff ffffffff ffffffff     ................
20001444:	ffffffff ffffffff ffffffff ffffffff     ................
20001454:	ffffffff ffffffff ffffffff ffffffff     ................
20001464:	ffffffff ffffffff ffffffff ffffffff     ................
20001474:	ffffffff ffffffff ffffffff ffffffff     ................
20001484:	ffffffff ffffffff ffffffff ffffffff     ................
20001494:	ffffffff ffffffff ffffffff ffffffff     ................
200014a4:	ffffffff ffffffff ffffffff ffffffff     ................
200014b4:	ffffffff ffffffff ffffffff ffffffff     ................
200014c4:	ffffffff ffffffff ffffffff ffffffff     ................
200014d4:	ffffffff ffffffff ffffffff ffffffff     ................
200014e4:	ffffffff ffffffff ffffffff ffffffff     ................
200014f4:	ffffffff ffffffff ffffffff ffffffff     ................
20001504:	ffffffff ffffffff ffffffff ffffffff     ................
20001514:	ffffffff ffffffff ffffffff ffffffff     ................
20001524:	ffffffff ffffffff ffffffff ffffffff     ................
20001534:	ffffffff ffffffff ffffffff ffffffff     ................
20001544:	ffffffff ffffffff ffffffff ffffffff     ................
20001554:	ffffffff ffffffff ffffffff ffffffff     ................
20001564:	ffffffff ffffffff ffffffff ffffffff     ................
20001574:	ffffffff ffffffff ffffffff ffffffff     ................
20001584:	ffffffff ffffffff ffffffff ffffffff     ................
20001594:	ffffffff ffffffff ffffffff ffffffff     ................
200015a4:	ffffffff ffffffff ffffffff ffffffff     ................
200015b4:	ffffffff ffffffff ffffffff ffffffff     ................
200015c4:	ffffffff ffffffff ffffffff ffffffff     ................
200015d4:	ffffffff ffffffff ffffffff ffffffff     ................
200015e4:	ffffffff ffffffff ffffffff ffffffff     ................
200015f4:	ffffffff ffffffff ffffffff ffffffff     ................
20001604:	ffffffff ffffffff ffffffff ffffffff     ................
20001614:	ffffffff ffffffff ffffffff ffffffff     ................
20001624:	ffffffff ffffffff ffffffff ffffffff     ................
20001634:	ffffffff ffffffff ffffffff ffffffff     ................
20001644:	ffffffff ffffffff ffffffff ffffffff     ................
20001654:	ffffffff ffffffff ffffffff ffffffff     ................
20001664:	ffffffff ffffffff ffffffff ffffffff     ................
20001674:	ffffffff ffffffff ffffffff ffffffff     ................
20001684:	ffffffff ffffffff ffffffff ffffffff     ................
20001694:	ffffffff ffffffff ffffffff ffffffff     ................
200016a4:	ffffffff ffffffff ffffffff ffffffff     ................
200016b4:	ffffffff ffffffff ffffffff ffffffff     ................
200016c4:	ffffffff ffffffff ffffffff ffffffff     ................
200016d4:	ffffffff ffffffff ffffffff ffffffff     ................
200016e4:	ffffffff ffffffff ffffffff ffffffff     ................
200016f4:	ffffffff ffffffff ffffffff ffffffff     ................
20001704:	ffffffff ffffffff ffffffff ffffffff     ................
20001714:	ffffffff ffffffff ffffffff ffffffff     ................
20001724:	ffffffff ffffffff ffffffff ffffffff     ................
20001734:	ffffffff ffffffff ffffffff ffffffff     ................
20001744:	ffffffff ffffffff ffffffff ffffffff     ................
20001754:	ffffffff ffffffff ffffffff ffffffff     ................
20001764:	ffffffff ffffffff ffffffff ffffffff     ................
20001774:	ffffffff ffffffff ffffffff ffffffff     ................
20001784:	ffffffff ffffffff ffffffff ffffffff     ................
20001794:	ffffffff ffffffff ffffffff ffffffff     ................
200017a4:	ffffffff ffffffff ffffffff ffffffff     ................
200017b4:	ffffffff ffffffff ffffffff ffffffff     ................
200017c4:	ffffffff ffffffff ffffffff ffffffff     ................
200017d4:	ffffffff ffffffff ffffffff ffffffff     ................
200017e4:	ffffffff ffffffff ffffffff ffffffff     ................
200017f4:	ffffffff ffffffff ffffffff ffffffff     ................
20001804:	ffffffff ffffffff ffffffff ffffffff     ................
20001814:	ffffffff ffffffff ffffffff ffffffff     ................
20001824:	ffffffff ffffffff ffffffff ffffffff     ................
20001834:	ffffffff ffffffff ffffffff ffffffff     ................
20001844:	ffffffff ffffffff f853ffff f856f800     ..........S...V.

20001854 <striped_spin_lock_num>:
20001854:	00000010                                ....

20001858 <irq_handler_chain_slots>:
20001858:	00000000 	.word	0x00000000
2000185c:	00010000 	.word	0x00010000
	...
20001868:	00020000 	.word	0x00020000
	...
20001874:	00030000 	.word	0x00030000
	...
20001880:	00ff0000 	.word	0x00ff0000
20001884:	00000000 	.word	0x00000000

20001888 <irq_handler_chain_first_slot>:
20001888:	b501      	push	{r0, lr}
2000188a:	6848      	ldr	r0, [r1, #4]
2000188c:	3101      	adds	r1, #1
2000188e:	468e      	mov	lr, r1
20001890:	4700      	bx	r0

20001892 <irq_handler_chain_remove_tail>:
20001892:	4670      	mov	r0, lr
20001894:	3809      	subs	r0, #9
20001896:	4901      	ldr	r1, [pc, #4]	@ (2000189c <irq_handler_chain_remove_tail+0xa>)
20001898:	4788      	blx	r1
2000189a:	bd01      	pop	{r0, pc}
2000189c:	10000fc1 	.word	0x10000fc1

200018a0 <default_alarm_pool>:
	...
200018b4:	20001a90 00000000 00000000              ... ........

200018c0 <aeabi_bits_funcs>:
200018c0:	00003350 	.word	0x00003350
200018c4:	0000334c 	.word	0x0000334c
200018c8:	00003354 	.word	0x00003354
200018cc:	00003352 	.word	0x00003352

200018d0 <aeabi_bits_funcs_end>:
200018d0:	0000534d 	.word	0x0000534d
200018d4:	0000434d 	.word	0x0000434d
200018d8:	00003453 	.word	0x00003453
200018dc:	00003443 	.word	0x00003443

200018e0 <stdio_uart>:
200018e0:	10004e49 10004f49 10004e95 10004f5d     IN..IO...N..]O..
200018f0:	00000000 00000100                       ........

200018f8 <stdio_usb>:
200018f8:	10005299 1000524d 100051c1 10005139     .R..MR...Q..9Q..
20001908:	00000000 00000100                       ........

20001910 <_usbd_qdef>:
20001910:	2000208c 000c0010 00000000 00000000     . . ............
	...

2000192c <_usbd_rhport>:
2000192c:	000000ff                                ....

20001930 <__atexit_recursive_mutex>:
20001930:	20001fc8                                ... 

20001934 <malloc_mutex>:
	...

2000193c <print_mutex>:
	...
