:020000041000EA
:1000000000B5324B212058609868022188439860DF
:10001000D860186158612E4B002199600221596106
:100020000121F02299502B49196001219960352056
:1000300000F044F80222904214D00621196600F024
:1000400034F8196E01211966002018661A6600F04E
:100050002CF8196E196E196E052000F02FF8012189
:100060000842F9D1002199601B49196000215960AB
:100070001A491B48016001219960EB211966A021F2
:10008000196600F012F800219960164914480160C1
:100090000121996001BC002800D000471248134993
:1000A000086003C880F30888084703B5996A0420EC
:1000B0000142FBD001200142F8D103BD02B5186610
:1000C0001866FFF7F2FF186E186E02BD00000240BE
:1000D000000000180000070000035F00212200005C
:1000E000F4000018222000A00001001008ED00E03C
:1000F00000000000000000000000000074B24E7A12
:1001000000200420F7010010C3010010C5010010F9
:10011000C1010010C1010010C1010010C101001097
:10012000C1010010C1010010C1010010C701001081
:10013000C1010010C1010010C9010010CB01001065
:10014000CD010010CD010010CD010010CD01001037
:10015000CD010010CD010010CD010010CD01001027
:10016000CD010010CD010010CD010010CD01001017
:10017000CD010010CD010010CD010010CD01001007
:10018000CD010010CD010010CD010010CD010010F7
:10019000CD010010CD010010CD010010CD010010E7
:1001A000CD010010CD010010CD010010CD010010D7
:1001B000CD010010CD010010CD010010CD010010C7
:1001C00000BE00BE00BE00BE00BE00BEEFF3058054
:1001D000103800BEF2EB887174850010A485001001
:1001E0003802001090A31AE71E481F49086006C88D
:1001F00081F3088810471D480068002801D019487D
:10020000F3E70DA40ECC002902D000F012F8F9E7B4
:100210001749184A002000E001C19142FCD116495B
:100220008847164988471649884700BEFDE701C937
:1002300001C29A42FBD37047A4850010C000002081
:1002400044190020289E0010000004200000042013
:10025000289E001000100420001004200000000060
:10026000704700000000000008ED00E0000000D032
:10027000441900202C2C002075490010290700107B
:100280006D490010F8B5C0460448054B10B58342CF
:1002900003D0044B002B00D0984710BD4419002018
:1002A000441900200000000006480749091A8B1075
:1002B000C90FC91810B5491003D0044B002B00D04A
:1002C000984710BD44190020441900200000000088
:1002D00010B5074C2378002B09D1FFF7D5FF054B4C
:1002E000002B02D0044800E000BF0123237010BDA2
:1002F000181E002000000000307B0010054B10B5D8
:10030000002B03D00449054800E000BFFFF7CCFFF5
:1003100010BDC046000000001C1E0020307B0010F5
:100320000022034B1A60034B01321A607047C0462B
:10033000002B0020042B0020012070B5002140423A
:1003400000F024FCC024D02280210120124D134E45
:100350001206C9046405516153682342FBD15B0353
:1003600091615B0DEB5CDBB25361DB43DBB293610C
:10037000336801333360536818420AD15B035B0D65
:10038000EB5CDBB25361DB43DBB293615368184231
:10039000F4D05161DFE7C046541000209C290020B2
:1003A00010B5024804F044FD10BDC046307B00107B
:1003B00010B5034B0348196804F03AFD10BDC04660
:1003C0008C290020407B0010F0B5CE46474680B512
:1003D000184883B004F0AAFC174B18481968184B4A
:1003E00080251A6804F024FD164B174F9946174BC9
:1003F000174E98460A202C0004F04EFC803C4A46DA
:100400006300D25A43461B5D395D3000009192B2C1
:100410002100DBB2203404F00BFDAC42EFD1651CAF
:100420009F2CE7D10A2004F037FC03B0C0BCB946CA
:10043000B046F0BD447B0010002B0020507B001024
:10044000042B0020002A0020882B0020082B0020ED
:10045000747B001010B50A2004F01EFC504C62683A
:1004600013782A2B03D021784E4804F0E1FC22694E
:1004700013782A2B03D0217B4A4804F0D9FCE26987
:1004800013782A2B03D0217E464804F0D1FCA26ABF
:1004900013782A2B04D024234248E15C04F0C8FCE2
:1004A000626B13782A2B04D030233E48E15C04F0C1
:1004B000BFFC226C13782A2B04D03C233948E15C22
:1004C00004F0B6FCE26C13782A2B04D0482335489C
:1004D000E15C04F0ADFCA26D13782A2B04D0542308
:1004E0003048E15C04F0A4FC626E13782A2B04D03F
:1004F00060232C48E15C04F09BFC226F13782A2BCC
:1005000004D06C232748E15C04F092FCE26F13787E
:100510002A2B04D078232348E15C04F089FC88234B
:10052000E25813782A2B04D084231E48E15C04F09F
:100530007FFC9423E25813782A2B04D09023194887
:10054000E15C04F075FCA023E25813782A2B04D058
:100550009C231448E15C04F06BFCAC23E258137854
:100560002A2B04D0A8230F48E15C04F061FCB823D7
:10057000E25813782A2B04D0B4230A48E15C04F033
:1005800057FCC423E25813782A2B04D0C023054813
:10059000E15C04F04DFC044804F04AFC10BDC04688
:1005A000880F00208C7B0010987B00100021002019
:1005B00010B501F015FEC046F0B5DE4657464E4672
:1005C0004546E0B5304F93B03B680A20DA17120C6D
:1005D0009B181B041B0C9B1A3B6004F05DFB002363
:1005E00004AE337080233C689B00E3189C423CD2ED
:1005F000264B9A46264B9946264B9846264B009307
:10060000264B0193264B9B460FE059462A0002A831
:1006100004F06EF902A9300007F038F980223B6837
:10062000920001349B18A3421FD90F231D002540BF
:10063000234210D053461D5D4846EDB2290004F018
:10064000F7FB434668225B5D9343DED12E2302AA6B
:1006500011001380DFE73100009804F0E9FB21006E
:100660000198357004F0E4FBE4E70A2004F014FB81
:1006700080223B6892009B183B6013B0F0BCBB46E5
:10068000B246A946A046F0BDA8290020541000207B
:10069000C47B001071840010B47B0010BC7B001080
:1006A000CC7B001070B51A4804F0C2FB0023194C33
:1006B0002360FA20800004F0A3FA831C21D039289B
:1006C00008DC2F2820DC1B28F3D8134B0341DB0761
:1006D000EFD470BD0300613B052BEAD8236857387F
:1006E0001B011B180D490E48236004F0A1FB216873
:1006F0000C4804F09DFBFA20800004F081FA831C72
:10070000DDD104F061FAD4E7236830381B01E8E753
:10071000D07B0010A8290020FFDBFFF7D4290020A0
:10072000FC7B0010147C0010F0B5CE46474680B527
:1007300085B06F4803AB02AA01A901F02DFB002888
:1007400003D16C486A4900F031F9039A0299019883
:1007500001F048FA04F04CFA674804F0E7FA6748F9
:1007600004F066FB664BD02698460127654C36069A
:1007700020CC280000F0F6F83B00AB40B3624445C3
:10078000F6D1614BD02698460127604C360620CC26
:10079000280000F0E7F83B00AB4073624445F6D117
:1007A0001B2000F0DFF880231B05B3621C2000F043
:1007B000D9F880235B05B3621A2000F0D3F88023B8
:1007C000DB047362524807F02BF80A2004F064FA45
:1007D000504804F02DFB504804F02AFB4D4804F02B
:1007E00027FB0A2004F058FA0A2004F055FA4B4B74
:1007F0004B4C99464B4B4C4F98464C4E4C4DFA2027
:10080000800004F0FDF9831CF9D0237883424FD097
:10081000237B98424ED0237E98424DD02423E35C24
:1008200098424BD03023E35C984249D03C23E35CB0
:10083000984247D04823E35C984245D05423E35C78
:10084000984243D06023E35C984241D06C23E35C40
:1008500098423FD07823E35C98423DD08423E35C08
:1008600098423BD09023E35C984239D09C23E35CD0
:10087000984237D0A823E35C984235D0B423E35C98
:10088000984233D0C023E35C10229842B7D14B4644
:10089000186053009B189B00E3189B6898474146DB
:1008A000380004F0C5FA2800316804F0C1FAA6E760
:1008B0000022ECE70122EAE70222E8E70322E6E76A
:1008C0000422E4E70522E2E70622E0E70722DEE76A
:1008D0000822DCE70922DAE70A22D8E70B22D6E76A
:1008E0000C22D4E70D22D2E70E22D0E70F22CEE76A
:1008F000B01E0400547C00102C7C0010407C0010C2
:10090000A47F0010647F0010647F0010447F0010FB
:1009100039030010887C0010D87C00108C2900203E
:10092000880F0020D4290020FC7B0010A82900207B
:10093000147C001010B54024074A83009A181268EE
:10094000C0005440C0222240044C1B191A60044BC2
:10095000C018416010BDC04604C0014004D0014031
:10096000004001400123D02283401206936293612C
:10097000084A83009A1811684022514080320A4088
:100980000549C0005B181A60044BC018052343607A
:100990007047C04604C0014004D0014000400140FF
:1009A0008023DB051868000F7047C0460FB400B500
:1009B000084883B004F0BAF9049B002B07D005A9BE
:1009C0001800019103F0B8FF034804F0AFF90120CB
:1009D00003F0CAFFA47D0010B47D001070B58C46F2
:1009E0001600EFF3108472B60F490B68002BFCD091
:1009F000BFF35F8F6346DB08C5180722C05C634600
:100A00001A40012393401A000240034207D11843C1
:100A10002870BFF35F8F0A6084F3108870BD614651
:100A20003000FFF7C3FFC0462C0100D0F8B5CE461A
:100A300047468C4680B51C00EFF3108872B61C49FF
:100A40000B68002BFCD0BFF35F8FA24221D8072395
:100A5000994602E00132944218D3494601261140DA
:100A60008E40D308C718C35C1E42F3D11000334335
:100A70003B70BFF35F8F00220D4B1A6088F3108824
:100A800000280EDBC0BCB946B046F8BD012040428C
:100A9000EFE7BFF35F8F00230B6088F3108801201E
:100AA00040426346002BEDD00898FFF77FFFC04619
:100AB0002C0100D0044A1078431CDBB2172B00D95C
:100AC000102313707047C0465418002000B5054B22
:100AD00083B00100009318221F230348FFF7A6FFED
:100AE00003B000BDB87D0010282500200021044B74
:100AF000044ABFF35F8F02C39342FAD17047C046E6
:100B0000000100D0800100D0084B094A1360094A57
:100B10001360094A1360094A1360094A1360094ABD
:100B20001360094A1360094A13607047808080800F
:100B300000E400E004E400E008E400E00CE400E08D
:100B400010E400E014E400E018E400E01CE400E03D
:100B50001F2318401E3B8340002905D0C021044AB2
:100B60004900535013607047802201498B50FAE7C7
:100B700000E100E001228240034B1B6813405A1E33
:100B80009341D8B27047C04600E100E0002905D08B
:100B9000C022044B52009850186070478023014ACD
:100BA000D050FAE700E100E001238340014A1360DE
:100BB0007047C04600E200E0054B10309B688000A3
:100BC000C358044A00209B1A2F229A424041704782
:100BD00000ED00E05818002070B50D00EFF310860E
:100BE00072B60F4A1368002BFCD0BFF35F8F0D4B1A
:100BF00010309B6884001B590B4A934203D09D42DE
:100C000001D001F023FB074B9B681D51BFF35F8FA1
:100C1000BFF35F8F0022024B1A6086F3108870BD0D
:100C2000240100D000ED00E0CD010010F0B5DE465B
:100C300057464E464546E0B5824683B08B46170080
:100C4000EFF3108872B6604A1368002BFCD0BFF334
:100C50005F8F00255D4B5D579946002D00DA9AE0C5
:100C60004A466B005A4C5E19B6000193A3190093D3
:100C70009B791370574B9A68534610339B00D15899
:100C800099460B1B2F2B32D9534B994200D098E039
:100C9000019B0236ED18514BAD006353504BA61922
:100CA000043B9B1B4F4A1B055B0D651913436B806F
:100CB0004D4B0121AB80FF23AB715B46AB60009BCA
:100CC000EF710B4319004A46424B9B689950BFF3A2
:100CD0005F8FBFF35F8F00223B4B1A6088F3108851
:100CE00003B0F0BCBB46B246A946A046F0BD012009
:100CF0000A008243D379B446BB422DD83B4BB51C86
:100D0000190013001B1B5B415943090D8C46334BE3
:100D10006519A353324B0099043B5B1B1B05314DF6
:100D20005B0D2B4304364B80A619131F9B1B1B0521
:100D30005B0D1D4363468B715B468B602C4B8D8036
:100D4000CF7113600143BEE75800C018800020181F
:100D5000C679BE4225D902000623D356002BF3DA0A
:100D60009A46131D9C4623486346009E9571043E97
:100D7000F61A36051B4B760D1E43019B96805A19B9
:100D800053469200A418A3715B46194AA0802260C2
:100D9000E771A36097E701F059FA00254B465D57CC
:100DA0005EE766469A46131D9C46908804364005C9
:100DB0000015A6196044801B00050A4E400D304303
:100DC000D2E701F043FA63E7240100D0252C00208C
:100DD0005818002000ED00E0CD01001000A1FFFF39
:100DE0008818002000E0FFFF01BDFFFFAAAA000055
:100DF0000148804701BD0000F0B54546DE46574634
:100E00004E46E0B50D0083B0EFF3108872B6604A2D
:100E10001368002BFCD0BFF35F8F5E4B5E499A686E
:100E2000030010339F00D45999468C423ED0AC4207
:100E30004FD05A4EA21B2F2A38D8594B1A689C46BD
:100E400013000122824013401F22024001209A46D3
:100E500090406346802283469850BFF35F8FEFF344
:100E600005830193002B36D0994501D001F0EEF9AE
:100E7000012322009A439068854208D176E04B0016
:100E80005B189B00F3189868854236D01A0006213B
:100E900051560029F3DA854254D05346002B27D00F
:100EA000C02259463E4B520099501960394B9B68FD
:100EB000DC51BFF35F8FBFF35F8F0022344B1A60AA
:100EC00088F3108803B0F0BCBB46B246A946A046E2
:100ED000F0BD0C00EAE7220001339A439068854296
:100EE000D5D106201056130000280ADA0C0031E094
:100EF000802359462A4AD150D8E7062018560028A0
:100F000021DB42001118890075188946A96899608B
:100F1000E979D971062169569971002924DBAD88D8
:100F2000F11A6D052D154D44491909051D4D490D41
:100F30002943998013181C4A9B001178F318997162
:100F40001070AAE713000199002914D1FF319171A3
:100F50001649918014490A789A71154A9B1B5B4186
:100F60005A43120D0A7098E71049E2E7062010561E
:100F700013000028C5DA0F4A0F49D21A083A500266
:100F8000400D014399800D4952080A43DA8084E7F5
:100F9000240100D000ED00E0CD0100105818002021
:100FA00000E100E000E0FFFF252C002001BDFFFF75
:100FB000AAAA00009218002000F0FFFF00F8FFFF2F
:100FC0000123034370B59C46EFF30581EFF31085D1
:100FD00072B6214A1368002BFCD0BFF35F8F1F4B02
:100FE00004001F4AE41A64416243120D1D4C89003B
:100FF000A66852B2765866451CD0062159569142D1
:101000001CD012215956914222D01E21595691428C
:1010100020D02A2159560324914210D0124B19781E
:101020001A708171BFF35F8F00220B4B1A6085F33A
:10103000108870BDA3680D4C5C50EFE70024610080
:10104000091989005B18FF21997109499980E5E721
:101050000124F4E70224F2E7240100D0581800200C
:10106000AAAA000000ED00E0252C0020CD01001010
:1010700001BDFFFF00B5074B83B0010000930022C4
:1010800005230548FFF7D2FC002801DB1F23181AAF
:1010900003B000BDD47D0010292C0020024BC918DC
:1010A000890001607047C0464000003470B5114CA3
:1010B000114DAC420FD2FF262368002B0CD0FFF756
:1010C000F9FC01002000FFF7E9FFA680BFF35F8F66
:1010D0000834AC42F0D370BDFFF7ECFC01002000F7
:1010E000FFF7DCFF2671BFF35F8F0834AC42E3D318
:1010F000F1E7C046341900204419002010B504005F
:10110000FFF7D8FC01002000FFF7C8FFFF23237181
:10111000BFF35F8F10BDC04610B504000120FFF77C
:10112000D5FC034BC01880002060BFF35F8F10BD5B
:1011300040000034034BC91889000160BFF35F8F82
:101140007047C046400000340A4B1968EFF3108026
:1011500072B60A68002AFCD0BFF35F8F1B68BFF32A
:101160005F8F00221A6080F3108840BF00200021AA
:101170007047C046C8290020F0B5DE4657464E46A7
:101180004546E0B585B0EFF3058303221A40B34B23
:1011900091005F58012393409B4602925A4688462D
:1011A000AF4B1A60AF4B03935B46AF4843630823D2
:1011B000FE5E002E37DABB881BB2002B00DBA4E0FA
:1011C000BB79002B00D0E5E00823F95E002920DB85
:1011D0004B007A695B18DB00D3189D68DC686B1CD8
:1011E00000D104E1A04801004144826A0B69AE1AB3
:1011F0009B1A9E4215D30123026A029883401A4229
:101200000FD0994800F02CFB8C4202DCCCD18542F7
:10121000CAD940BF05B0F0BCBB46B246A946A046FD
:10122000F0BD0D61EDE77A69730091469B19DB0013
:1012300099444B469C68DD6800F012FB8D42BADC95
:1012400000D1F6E0002D00DADBE04A464B46526959
:101250001B699246039A934200D1CCE04A4608218A
:10126000785E5288000451461043984700900191DF
:101270000099019A0B00134300D1C2E013000A0049
:10128000002B00DBD9E020002900801A99414B4651
:101290009860D96000229B5E002B00DA8BE75D002E
:1012A0007C69EA18D200A21800949468D268A24619
:1012B0008A4200DD7FE702D1844200D97BE708241F
:1012C000A4463B81BC44009C00972F006546B44671
:1012D0003E0006E05E00F218D200A2189768D268BD
:1012E000BA468A4207DC00D1B4E0F318DB00E51807
:1012F000E35E002BEEDA66464A46009F13802E809E
:10130000BB881BB2002B00DA5AE73A69EFF3108171
:1013100072B61368002BFCD0BFF35F8F0123BE8829
:101320005B42BB8036B23B69BFF35F8F00221A601D
:1013300081F31088002E00DA42E73B0008333A00C0
:1013400099467D6973009B190824115FDB004846AC
:10135000EB18002913DB9C680093A446DC6806E0C8
:10136000A34240D00023F95E3800002906DB4F007D
:101370007F18FF00EF19FB68A342F1DD009B068098
:1013800000201E5E1980002EDCDA1700BB79002BCE
:1013900000D119E70023BB710823F95E4B1C00D173
:1013A00037E73D000835AC467C6903E084464B1CBA
:1013B00000D109E74B005B18DB00E0180A00E15E92
:1013C00043881BB2002BF1DA01256D42EE178560D0
:1013D000C66008257B5F9342E9D0634619803B894C
:1013E00003803A81E3E7BB686345BBD9C6E7631C6A
:1013F00000D0F7E605E7534650461B69984700289A
:1014000023D14B461B883A693B81EFF3108372B6B8
:1014100011680029FCD0BFF35F8F49467A880A80A3
:101420003A697E80BFF35F8F0021116083F31088DB
:10143000C1E6844200D805E7BDE60B4800F010FA8B
:10144000009B019CC018614121E753460CCB0092E0
:1014500001930DE7824500D847E74CE7AC2900200F
:101460003C700540791100100040054070B52D4CCE
:101470002569002D04D00A212B48FFF70FFE70BD0F
:101480002A4E0321294800F0E1F9E660FFF712FB3C
:10149000274B0322C018D02322701B061B68012192
:1014A0006370244B8000A3600F23206102206380BF
:1014B00063694942A18019800231198647311D8331
:1014C000585218315A5275325C39995218320131DA
:1014D0009952183201319952183201319952083516
:1014E00018329D52023118329952183201319952F4
:1014F00018320131995218320131995218320131A2
:1015000099521832013199520B4B0C49DC60013071
:101510003562FFF761FB01210320FFF719FB084B40
:101520001D60A8E7A0180020C82900200040054041
:1015300040000034FFFF1000AC290020791100109A
:101540003860054000487047A0180020F8B51F001B
:1015500008AB1B7804001600002B07D100F088F9B7
:1015600032003B00121A8B41002B51DB2269EFF352
:10157000108C72B61368002BFCD0BFF35F8F022370
:10158000E15E256900293ADB4B0060695B18DB00EE
:10159000C218C35A6380BFF35F8F00232B608CF3A4
:1015A0001088069B9660D7601361079B5361538830
:1015B00001335B045B0C181C002B1ED083B25080DF
:1015C000080418432569EFF3108672B62B68002BC8
:1015D000FCD0BFF35F8FA3881380A1802369BFF382
:1015E0005F8F00221A6086F31088237801329A40B8
:1015F0000849E3685B181A60F8BD0120DEE7BFF315
:101600005F8F00232B608CF3108801204042F3E7AA
:101610000020F1E73C20000070B582B000920193F9
:1016200001000269EFF3108472B61368002BFCD03E
:10163000BFF35F8F0223C85E0D6900283FDB4A6954
:10164000430016001B18DB00D218F35A4B80BFF37F
:101650005F8F00232B6084F31088069B1361079B28
:101660005361009B019C9360D460538801335B04F9
:101670005B0C1D1C002B20D0ACB20304558023430F
:101680000D69EFF3108C72B62C68002CFCD0BFF300
:101690005F8F8C88148088800A69BFF35F8F002079
:1016A00010608CF310880A7801309040CA680849AD
:1016B00052181060180002B070BD0125DCE7BFF3BE
:1016C0005F8F00232B6084F31088013BF2E7C04654
:1016D0003C20000010B543890A1493421ADD5300E0
:1016E0009B184269DB00D3180469EFF3108C72B6C3
:1016F0002268002AFCD0BFF35F8F5A88090494B295
:10170000090C8A4208D00369BFF35F8F00221A6078
:101710008CF31088002010BD094A22435A8001230F
:1017200002698371BFF35F8F002111608CF3108811
:10173000027804499340C268012052181360EAE716
:101740000080FFFF3C20000040787047F0B5CE4697
:10175000474680B504000D0085B0EFF30586894645
:10176000002E10D0364900204B6AAB4206D38A6A5D
:101770005B1B591E8B41A2424041184305B0C0BCBF
:10178000B946B046F0BD2F4FFB683A78984618002E
:10179000039200F065F8039A131D42469B009B5884
:1017A00022001B1A9C462B00121A8B419E4210DC11
:1017B0000DD020BF224A0020536A4B45DED3926AE7
:1017C0005B1B591E8B41A24240411843D6E794450A
:1017D000EFD900F04DF822002B00121A8B41002B9C
:1017E0001BDB00230193184B2200009338002B00D1
:1017F000FFF712FF002810DD114B5A6A4A451CD32F
:101800009B6AA34217D301003800FFF763FF0C4A1D
:101810000020536A4B45B1D3D1E7094A0020536AEF
:101820004B45ABD30020926A5B1BA24240415A1E3B
:1018300093411843A2E74A45E5D120BFE3E7C046FC
:1018400000400540A01800204911001010B5024AC0
:101850000248FFF7C3F810BDF07D00102C250020D2
:101860000300416A0A00986A596A8A42FAD17047AD
:10187000034B596A0A00986A596A9142FAD1704733
:101880000040054070B505000E00184A536A190063
:10189000946A536A8B42FAD1200019002C0035005B
:1018A00024184D41AB4216D813D0104B2A005B6A66
:1018B0009D4203D90D494B6A9342FCD3934207D111
:1018C0000A4A02E0516A994202D1916AA142F9D3CF
:1018D00070BDA042E9D9054B5B6A1C005A1CEFD0D1
:1018E000012201246442E5175242E3E7004005402B
:1018F000F8B5040006200D0000F06EF9002843D072
:10190000364B3749E3185A1E934180225B429B0DA8
:1019100012049B059B18334A1360334A1360180066
:101920000A689043FBD12D4B304AE31859424B4192
:1019300080215B0049000620995200F04DF92900F2
:10194000C00000F09DFD0130C3091ED140270122D7
:101950006262A362266BF30722D4E36A244B06205B
:10196000E51800232B60266300F036F9390080006B
:1019700000F086FD7023E26A5A400E3313402B605C
:101980001C4B23630323A364F8BD1B4A93421DD958
:1019900000231A4A1A4F6262A362266BF307DCD552
:1019A000184B144AE3181A60656AA36A0620AD0151
:1019B000ED1800F011F9144900F062FD0100A802D1
:1019C00000F05EFD0021FFF75DFFC6E740069A01CB
:1019D000800E17181A000300BAE7C0460080FCBF4B
:1019E00008C0004000E0004000F00040082C00204B
:1019F0002C10000001030000FEFF0000FFFF0000AC
:101A0000C0FF3F00303000004E0E0000F8B5DE464B
:101A10004E4645465746E0B505008B4618000A99E4
:101A2000914600F02DFD0A9B6C001E026419304B9C
:101A3000A400E418636880469E4200D966602F1FA8
:101A4000FBB29A46012B2FD9C0238022294FAD002B
:101A50009B0179591201E3181A6000291BD14B46EA
:101A600022685B015340E022134080225201A218F9
:101A700013605346012B2FD9802380229B01E3184A
:101A800012011A60434666607B51F0BCBB46B24609
:101A9000A946A046F8BD786900F0F2FC0130430089
:101AA0001B18033BFDD2DAE75B46012BCCD1C023E8
:101AB00003229B01E3181A60023AA3681A42FCD081
:101AC0004A46236852015A40E023134080225201C3
:101AD000A218084F1360AD00584603232168414007
:101AE0000B40136001228240A3681A42FCD0C3E776
:101AF0000080004030250020F0B5D6464F464646CF
:101B0000440098462418324BA400E41863688A46BF
:101B10009146C0B5FF2B02D880235B006360061F8F
:101B2000F6B2012E2FD9C02380222A4F85009B01B7
:101B300079591201E3181A6000291BD14B4622681B
:101B40005B015340E022134080225201A21813602F
:101B5000012E30D9802380229B01E31812011A60E4
:101B600080235B00636043467B51E0BCBA46B146CC
:101B7000A846F0BD786900F083FC013043001B18D3
:101B8000033BFDD2DAE75346012BCCD1C02303221D
:101B90009B01E3181A60023AA3681A42FCD04A4635
:101BA000236852015A40E023134080225201A218B8
:101BB000084F1360850050460323216841400B40C5
:101BC000136001228240A3681A42FCD0C2E7C046DB
:101BD0000080004030250020014B8000C058704735
:101BE00030250020F0B5C64600B55B4B15005A689D
:101BF00084460F0082B0FF2A02D8802252005A6029
:101C00000322564B54481A60012382681342FCD0C9
:101C1000202201685140C0320A4051490A600268DE
:101C20004D485A40032313400B600223826813423D
:101C3000FCD0802280264B4B12011A604A4C4B4B41
:101C4000760046606246636101213B00484800958A
:101C5000E04600F0E5F929004046794300F010FC29
:101C6000444B05005A68FF2A00D85E608022424B30
:101C700012011A602169002907D0606900F000FC98
:101C8000013043001B18033BFDD2E023394A3B4897
:101C900011680B40036002231168594001330B4067
:101CA0000421036093681942FCD08021344B090160
:101CB00019608021334B490051602361264B5A68DB
:101CC000FF2A00D8596003220121244B1A60224ABE
:101CD00093681942FCD0E023106803402048036059
:101CE000126803234A40022113401B4A0360936891
:101CF0001942FCD080211B4B090119608021224B25
:101D00004900516065615A68FF2A00D859608022F5
:101D10001E4B12011A60A169002907D0606900F00A
:101D2000AFFB013043001B18033BFDD24023164993
:101D30000A685A40A0331340154A13608022154B9D
:101D400012011A6080235B004B60084BA36102B054
:101D500080BCB846F0BDC0463C8000403CB000406E
:101D60003C9000403CA0004030250020006CDC028C
:101D7000008002403080004030B000403090004091
:101D800030A00040001BB7004880004048B0004031
:101D90004890004048A00040F0B545468046A0204D
:101DA00057464E46DE461C00984B400081469A46F8
:101DB000E0B585B0019102920394954B9A4509D9FB
:101DC00001235B429944934B9A444B460F2BF4D129
:101DD00000208EE00725904C54442F006F432000D4
:101DE000390000F04DFBAB466E1E404553D07543A5
:101DF000200029002F0000F043FB80455CD04346C3
:101E0000751EA8461D005B46FF1A3900200000F031
:101E100037FB85425DD0B31E9846022E00D1BAE052
:101E20005B46FF1A3900200000F02AFB854267D08C
:101E3000F31E9846032E69D05B46FF1A3900200036
:101E400000F01EFB854200D176E0331F9846042E39
:101E500000D178E05B46FF1A3900200000F010FB4B
:101E6000854200D17EE0052E00D180E05B46200057
:101E7000F91AA84600F004FB06258045ADD10029DB
:101E8000ABD1CA460199D946029A039C053D28E088
:101E90002B00454698463900200000F0F1FA002951
:101EA00000D1A4E06E1EAB467543200029002F0030
:101EB00000F0E6FA8045A2D13900200000F0E0FAF7
:101EC00000299CD1CA463500D9460199029A039C43
:101ED00007E000299FD1CA464546D9460199029A92
:101EE000039C50464D4B43430B604B46012013600F
:101EF000256005B0F0BCBB46B246A946A046F0BD81
:101F00000029E8D0F31E9846032E95D1032309211A
:101F100020000927984600F0B3FAA842B8D003235E
:101F2000062120009B460226033F00F0A9FA8542C5
:101F300048D00123984666E70029CCD0331F984645
:101F4000042E00D086E723099D4256D00C2720009E
:101F50003900B346013E00F093FA854232D00223A5
:101F6000984650E70029B6D0052E00D07EE719210B
:101F70002000192700F084FA85422DD0142120007A
:101F8000053F00F07DFA854217D005239B46023BB2
:101F90000426984637E7A846A1088D4214D0610868
:101FA0008D421CD0444500D00AE70123CA460125D2
:101FB00099460199029A039C93E70523A8469B46FC
:101FC000042679E7A84677E70223CA460225994600
:101FD0000199029A039C84E7A84605255BE7022342
:101FE000CA46012599460199029A039C79E7CA4697
:101FF0000199A946029A039C73E70423CA461D006F
:1020000099460199029A039C6BE7C04650262F001F
:1020100050F80C0020D1FFFFB0710B00001BB7007F
:10202000F0B5C646040000B52348160098460D00DA
:1020300000F026FA0100300000F022FA4346069A2A
:102040001B04120313439C4623680600002B22DB6B
:102050001A4B1B48E218531E9A4180235242120B1E
:102060009B011203D218174B1A60174B1A6013000A
:1020700001688B43FBD12122144B2560E318A66035
:102080001A602268002AFCDA6246E26008221A60BE
:1020900080BCB846F0BD3F2322681340AB42D7D185
:1020A000A3681B051B0D8342D2D1EE22E368D20246
:1020B00013406345CCD1EBE7001BB7000040FDBFE8
:1020C00008C0004000E0004000F000400430000084
:1020D00010B580241C4BE4051C6000281AD0012395
:1020E0001A4C18431A4BDC611A4C44401C6259626A
:1020F00098628021144BC905196017481749086078
:10210000E021C9041960002A07D18022144B12066D
:102110001A6010BD0E4BD861EBE753019B1A9B0070
:102120009A18802312015B049A4209D213000D49C8
:102130000B60074B5A608022094BD2051A60E8E712
:10214000094B1A00F3E7C04600B00540D3C007B002
:10215000008005402D3FF84FFCFF010008200140A2
:1021600000A0054094290020FFFFFF008023024AC1
:102170009B000B43D362704700800540002310B5DD
:102180000100988A1B8B984710BDC046162310B5D6
:10219000010018885B88984710BDC046F8B54746CF
:1021A000CE4680B50F1E18D0142399460433040080
:1021B0000025012698464B461888434621681B880F
:1021C000984701C4431E984101350640AF42F2D101
:1021D0003000C0BCB946B046F8BD0126F8E7C0469D
:1021E000002370B504000D00988A03491B8B9847A3
:1021F000290003002000984755420000002370B5D5
:1022000004000D00988A05491B8B984703000020A5
:10221000002C01DB0130A040290098475542000006
:10222000AA23064A1B0113608D235B00D360044977
:10223000044B19605368002BFCDA704700400240E1
:1022400000B0FA00006002407047C04610B5014877
:10225000FEF7ACFB147E001070B5074D074EB5427B
:1022600009D20024013E761BB608013608CD0134A0
:102270009847B442FAD170BDE87A0010247B001070
:1022800070B5074D074EB54209D20024013E761BBA
:10229000B608013608CD01349847B442FAD170BD72
:1022A0001C7B0010247B0010054B064A06491A606F
:1022B000064A074B1A6010000B689843FBD1704721
:1022C00000E00040BFCDFBFE08C00040FE7F3C00A8
:1022D00000F00040044BDB6C002B03D18022034B49
:1022E000D2021A607047C046000011504C201150B5
:1022F000044A054B1A60054A1368DB018033FBD1A1
:102300007047C046FFFFFF0100F0004008C00040DA
:102310004022034B9A675A671A67DA667047C046CD
:1023200000F0014010B5FEF7E1FB10BD70B5044DA3
:10233000044CA968C022200000F038FFAC6070BDDA
:1023400000ED00E000000020002310B5294C82B011
:10235000A367FFF765FF0122274B1A60636C012B0F
:10236000FCD10322254B1A60224A936B012BFCD12E
:10237000013300930121224A22480433FFF750FE23
:10238000052301210093204A2048FFF749FE00223F
:10239000022104201E4BFFF7AFFB00220121052084
:1023A0001C4BFFF7A9FB0022002107201A4BFFF767
:1023B000A3FB002200210820174BFFF79DFB802381
:1023C000DB000093002200210920134BFFF71EFBC6
:1023D0000022104B00210620FFF78EFB0420FFF7A0
:1023E000FBFB0E4900F04CF801000020FFF7BEFE99
:1023F00002B010BD008000403CB0004030B0004052
:10240000002F685900800240008C864700C00240BF
:10241000001BB70040597307006CDC0240420F00FC
:1024200001480421014B1847C01800209D210010CD
:10243000124A936F9B0815D29066D166002905D089
:10244000FFE7FFE7FFE7516F106F704704B580218A
:102450000906C2175140002800D0C84305F00CFB04
:10246000002104BDF0B5146E556E576F166FFFF75F
:10247000E3FF1466556657671667F0BD000000D08D
:10248000114A936F9B0813D210665166002905D03C
:10249000FFE7FFE7FFE7516F106F704704B50028B3
:1024A00001D00020C04305F0E7FA002104BDC0467A
:1024B000F0B5146E556E576F166FFFF7E5FF146693
:1024C000556657671667F0BD000000D094464A4A2B
:1024D000926F9208624601D228E0C046F0B5464E9F
:1024E000346E756E776F366F00F020F89446424A6E
:1024F00014665566576716676246F0BD94463E4AB5
:10250000926F9208624601D254E0C046F0B53A4E4E
:10251000346E756E776F366F00F04CF89446364A1D
:1025200014665566576716676246F0BD002B24DBBC
:1025300011D000293EDA00B5C943404200D1013133
:1025400000F038F8C943404200D10131DB43524228
:1025500000D1013300BD002AEBD1002801D10029B0
:1025600005D00020C90FC90701D1C043410800B5FB
:1025700005F06AFA0022002300BD00B500290ADB3D
:10258000DB43524200D1013300F014F8C94340420A
:1025900000D1013100BDC943404200D10131DB43CC
:1025A000524200D1013300F005F8DB43524200D122
:1025B000013300BD002923D1002B18D1002A0CD0F3
:1025C000BC460D4F38667A6600210023FFE7FFE71F
:1025D000FFE77A6F386F67467047002801D00748D9
:1025E000010000B505F030FA0022002300BD020012
:1025F0000B00002000217047000000D0FFFFFFFF0C
:10260000002B00D0BFE0130C28D1002AE7D080B403
:10261000114F39667A66FFE7FFE730B4040C7B6F31
:10262000396F1B0423433B667A66FFE7FFE7FFE74A
:10263000C04684B27B6F3D6F1B0423433B667A66C2
:10264000FFE7FFE7C04600232C042D0C7A6F386F9C
:1026500000196941B0BC7047000000D0F0B5944645
:102660000025140E01D112020835140F01D11201F8
:102670000435940F01D192000235D40F01D15200DC
:102680000135D40B0134254F7C66254C3C660E0C7D
:1026900093B2FFE7FFE7FFE73C6F6643360C770333
:1026A000BE467343DF0B5B04C01AB941130C73437E
:1026B000DB18C91ACE086643360CB64493B273438E
:1026C0001F0F1B01C01AB941130C73431F0B1B05CD
:1026D000C01AB941860D8F023E436643360C092D60
:1026E00024DB520A7243801A7703460A6643360C8B
:1026F00016235B1BDE40DF40BF1964466643821B26
:102700007046043506330100D940A840C01900D3F3
:102710000131A24206D20023F0BD0000000000D02B
:10272000FFFFFFFF121B0130F3D3F1E709277F1BE7
:10273000FE406446A2B27243801A00D20139220CD4
:102740007243130C1204821A99410B00704604352F
:1027500013370100F940A840801900D30131002B44
:1027600002D1A2420AD2F0BD013000D30131121BC6
:10277000FAD2013BF8D1A24200D2F0BD013000D321
:102780000131121BF7E7F0B51C0C00D080E00CB44F
:1027900000251C0A04D11B02160E33431202083511
:1027A0001C0B04D11B01160F3343120104359C0B83
:1027B00004D19B00960F334392000235DC0B02D10B
:1027C00092185B4101351C00971864410134464F53
:1027D0007C66464C3C660E0CFFE7FFE7FFE7C04611
:1027E0003C6F6643360C7703BE4697B27743C01BF7
:1027F00000D20139C01B00D201399FB27743C91BF7
:10280000C91B170C77437E04FF0B801BB941CE0810
:102810006643360C0C2D33DBB644120B1F053A43CE
:102820001B0B97B27743C01B00D201399FB277438D
:10283000C91B170C77433E043F0C801BB941860D22
:102840008F023E43664329277F1BFE400C3D77469F
:10285000AF40BF1930BCA2B2ABB272437343801A0F
:102860009941220C7243130C1204801A9941020000
:102870000B000137001BA941F9D2781E0021F0BDE1
:102880000C277F1BFE4077467F0BAF40FF19E0E728
:1028900000245D1C07D0144F7D663966FFE7FFE713
:1028A000FFE7FFE73C6F95B29EB265436643401B6E
:1028B000B141150C1E0C6543664336042F0C3E4394
:1028C0002D04401BB141994204D202000B002000AC
:1028D0000021F0BD01D19042F7D3801A9941013413
:1028E0009942F2D3F6E70000000000D0FFFFFFFF9F
:1028F00048404140484018B41B4B5B68FC4601937C
:1029000008BD04DF9B2B001018B4174B1B68FC4656
:10291000019308BD00DFA52B00109446134A926F67
:10292000920809D2624618B40F4BDB68FC4601934B
:1029300008BD0CDF5D2E00100C4AF0B5146E556E0C
:10294000576F166F6246FFF7EEFF084A146655662A
:1029500057671667F0BD18B4034B9B68FC4601939C
:1029600008BD08DF012D0010181C0020000000D059
:10297000FFB550404240504059404B40594000E064
:10298000FFB5154F4C00640D03D0BC4204D10C03BD
:1029900014D80020090D09055C00640D03D0BC4269
:1029A00004D11C030AD800221B0D1B0501264B4035
:1029B00009D44B4003D58B4200D18242FFBD9942DE
:1029C000FCD19042FFBD0B43DB1803431343F5D00A
:1029D000C9434918FFBD0000FF07000000B5FFF71D
:1029E000CFFF804100BDC04600B5FFF7C9FF01D948
:1029F000002000BD012000BD00B5FFF7B9FF01D9DF
:102A0000002000BD012000BD00B5FFF7B1FF8041EF
:102A100000BD012040054A00121804D85A001218BF
:102A200001D80020704701207047000000210028D5
:102A300005D17047C1174840401AFAD0C90713B5ED
:102A4000064B1B6898470CBC441CA2401005120B97
:102A50000349091B09051943114310BDC42900206E
:102A60001F04000010B54C00620D8023D218DB005B
:102A7000D21A5B057E2A10DD9E3A13DACC170903C1
:102A8000490819435242D140640001341532202ACA
:102A900005DAD0400843604310BD002010BD084651
:102AA000604310BDC80FC018013810BD18B4044BE6
:102AB0005B6AFC46019308BD24DF0D300010000066
:102AC000181C0020132370B51D78012D19D014DDBA
:102AD0001F48FFF75BFB06001E48FFF757FB1E4C25
:102AE00080223100200000F061FB022D2DD01B4818
:102AF000FFF744FB1A4B186070BD1A4B164CA364C9
:102B0000F5E7184B144C23606360A360E360236116
:102B10006361A361E36123626362A362E36223638F
:102B20006363A363E36323646364A364E36423656F
:102B30006365A365E36523666366A366E36623674F
:102B40006367A367E367A364D1E7064BA364CEE79B
:102B50005344000053460000181C00204C33000072
:102B6000C4290020692B001007B5604601880A0AB5
:102B70000230DF2AFAD1C9B2820804D30288408821
:102B80000004104300E00068014A5050039007BD64
:102B9000181C00200FB403BC0CBCF0B50124E407E2
:102BA000634000E0F0B50C0DCF0F661E3605891BA3
:102BB000640503D3C943404200D30131640D03D0FF
:102BC000661CF60A07D0E41B00207F00791C8907E9
:102BD0008912803C24031D0DDF0F6E1E36059B1BE2
:102BE0006D0503D3DB43524200D301336D0D03D097
:102BF0006E1CF60A07D0ED1B00227F007B1C9B0792
:102C00009B12803D2D032F1B661B58D4A446202EFB
:102C100046DA20371400BC401D00BD40F24033416D
:102C20002A4380185941CB0F05D0C943C043002225
:102C300064425041514162464D0D28D10D0D07D1DE
:102C400000281FD0241940414941013A0D0DF9D007
:102C5000640006D3013000D30131002C01D14008BB
:102C60004000013A0BD4941CE40A04D1120511442B
:102C7000DB071944F0BDD907204B194300E0D90701
:102C80000020F0BD0029DDD1002CDBD1F0BD0132E8
:102C9000C6074008CD0728434908002EE1D0D9E7F0
:102CA0003C2E29DA203E40371400BC4000D00124DD
:102CB000F24014431A00BB401C43D317ACE7AC46A8
:102CC000202F08DA20360400B4400D00B540F8404B
:102CD00039412843A5E73C2F0CDA203F4036040059
:102CE000B44000D00124F84004430800B1400C4334
:102CF000C117EAE710001900002494E70000F07FF4
:102D0000F0B50C0D661E3605891BE60A6405640DD8
:102D100002D0651CED0A04D0002001210905803C89
:102D20002403A4461C0D671E3F05DB1BE70A640550
:102D3000640D02D0651CED0A04D0002201231B059E
:102D4000803C24037740644497B484B296B27443C1
:102D5000070C7E43150C6F4380B26843361802D3CC
:102D6000012000043F183004350C00197D418446D1
:102D700088B29AB250430C0C62431F0C7C438EB253
:102D80007E43921902D301263604A4191604170CA7
:102D90003618674101BC81B29AB25143040C6243B8
:102DA0001B0C5C4380B25843121802D3012000046C
:102DB00024181004130C401863412D185E410020A4
:102DC000474106BC88B293B258430C0C6343120CC3
:102DD000544389B251435B1802D30121090464189A
:102DE00019041A0C091862416D1856410020474118
:102DF00018BCF902720D1143F0026A0D1043ED0286
:102E00000A0D03D16D1940414941013B124E9B1BF4
:102E10007600B3420ED26D0007D301300026714117
:102E20006646354301D1400840001B05C918E40738
:102E30002144F0BD0BDA013306D1013004D1013158
:102E40004F0D01D04908F2E7E1070020F0BD01363F
:102E500031050020EBE70000FF030000F0B51C0D7A
:102E6000671E3F05DB1BE70A6405640D02D0661C84
:102E7000F60A04D0002201231B05803C2403D02540
:102E80002D060026F6432E661E096E66CE0FF61935
:102E9000B44649004F0D02D07E1CF60A03D0002034
:102EA0000021403F3F033E1BB600B444013F7F0575
:102EB000C91B49082E6F013676089C02950D2543E3
:102EC0007543ED137543AD1301356D10F603761B95
:102ED0000CB4CC02450D2C43A2B2B3B25A43270C1A
:102EE0007B43350C6F43A4B26C431B1902D30124FE
:102EF00024043F191C041D0CA4187D4124196D41A4
:102F0000009A91B2ACB26143170C7C432B0C5F4327
:102F100092B25A43A41802D301221204BF18220409
:102F2000230C52187B41019C6C431B19520ED90192
:102F30000A434401A01A81B2B2B2514303145A4366
:102F4000360C734387B27743D617D21900277E41D8
:102F500036049B191704160C7F185E417316ED1882
:102F6000F301002680337541A90F06D16400690A78
:102F7000E8055B0A184309D22FE004229444803309
:102F80007541A90AA8059B0A184326D34041494127
:102F90002404009A019B0D005543641B4343E41A2B
:102FA00095B286B27543170C7E43030C5F4392B211
:102FB0005A43B61802D301221204BF183204330C4C
:102FC00052197B4152429C41002C02D40022013014
:102FD00051414008CA071043490802B06246D7076A
:102FE0009210084BD218084B9A4203D21205891846
:102FF000C919F0BD0020002A01DC3900F0BD013301
:103000001905F5E7FD030000FE070000002200B5EA
:10301000203200F004F8080000BD000000220B156B
:103020000AD410B5944600F031F81414013400DAD3
:103030000021CB17144C2047002000217047624428
:10304000343A0CD40C2A07DA0400914090405242E2
:103050002032D440214310BDD843D94310BD203283
:1030600007D40C469440524220321141D0402043B4
:1030700010BD0800C917203203D45242203210413B
:1030800010BD1800190010BD3F3000100A0DCC0F04
:10309000531E1B05C91A520503D3C943404200D32E
:1030A0000131520D03D0531CDB0A07D0121B002044
:1030B0006400611C89078912803A1203014BD21AFD
:1030C00070470000FF03000051434343C9188C467A
:1030D000110C83B24B4310B4040C614392B280B222
:1030E000504362431C041B0C001910BC59411304CB
:1030F000120CC0185141614470470000132310B5F1
:103100001C781348FFF742F8012C0BD004DD0100B6
:103110008022104800F04AF80F48FFF72FF80F4BB5
:10312000186010BD0B4C01005422200000F03EF846
:103130000B4B6365A365E36523666366A366E3667D
:1031400023676367A367E3672362E361E4E7C0463D
:1031500053460000181D00204C330000C4290020F5
:103160006531001007B5604601880A0A0230DF2A7F
:10317000FAD1C9B2820804D30288408800041043FF
:1031800000E00068014A5050039007BD181D002060
:1031900001480421014B1847D01800209D21001040
:1031A000014B1B6818470000D0180020014B5B68DA
:1031B00018470000D01800209A4200D28854704767
:1031C0007047C046F8B5DE4657464E464546E0B520
:1031D00099460D9B0700884693469B0728D00B9B7A
:1031E000002B3CD016000B9C0A9D3619321B013C6B
:1031F0004B464146285DB847002CF7D135000D9B62
:103200009B070ED55B46EC1A0C9BA34209D91E0006
:103210002A004B46414620200134B8470135B442CC
:10322000F6D32800F0BCBB46B246A946A046F8BD7E
:103230000B9B0C9A934214D213005D460C000B9A20
:103240009E1A76192A004B46013521002020B847E6
:10325000B542F7D10B9BA046002BC4D1E1E7150086
:10326000CDE75E46002BBED15D46DAE7F0B54F46AE
:10327000D6464646C0B584B09C460EAB1F78129B1E
:103280009146BA460D9C109E119D9B074CD4002D73
:1032900041D1B44248D20123129F1F40B8460C9B33
:1032A0005F1E302303E001343B55A64201D9202C98
:1032B000F9D14346002B00D187E00C9B5F1E3023E1
:1032C000A54204D830E001343B55AC422CD0202C30
:1032D000F9D1129BDB060DD5129B5B0557D4A64294
:1032E00067D0A54265D00F9B102B53D0022B5BD02B
:1032F000202C36D12023129C01930C9B4A4600932C
:10330000039463460295FFF75DFF04B0E0BCBA4644
:10331000B146A846F0BD0123129A134098460123F6
:1033200013422DD1B442BAD3129BDB061ED5129B99
:103330005B05D8D4002CD2D10F9B102B60D00F9BF3
:10334000022B71D0302301240C9A13705346002BAA
:1033500011D1129B5B0740D52B260C9A631C165586
:10336000C9E72300013430260C9AD654202CC1D052
:103370005346002BEDD02D260C9A631C1655BAE748
:10338000002F34D0013DB44200D288E795E70F9B6F
:10339000102BAFD1129B9B063CD5202CAAD05823D2
:1033A0000C9A13550134A3E7202CA3D02300013439
:1033B00007E0631E012CBFD00F9A102A36D0022AD4
:1033C000D1D162260C9AD65492E7129BDB06CDD55A
:1033D000129B5B0500D482E785E7129A230016074B
:1033E00000D488E720260C9A0133165583E70C2376
:1033F00013405F1EBB41ED1AB44200D24FE75CE7B9
:10340000129B9B060ED478230C9A0224137030234F
:1034100053709BE7202C00D16CE778230C9A13554E
:10342000013465E75823EFE76033EDE70C9AA61EF9
:10343000B618129A920602D55822327093E7782273
:10344000327090E710B5002800D110BD01F024FCC7
:10345000FBE7C04610B5002803D04A680B6811008E
:10346000984710BDF0B54E46DE4657464546E0B596
:1034700095B083468946924698461E9A1F9B100037
:103480001900209EFFF7C5FA002800D0D2E11E984F
:103490001F990122C44B5242FFF7A0FA002800D026
:1034A00001E11E981F990122C04B5242FFF7ACFA6E
:1034B000002800D0D6E01E981F990022BC4BFFF7D1
:1034C000A3FA002800D0B5E01E981F990022B94B3E
:1034D000FFF784FA002800D0ACE01E981F99002264
:1034E0000023FFF77BFA002800D0D1E000230B93E4
:1034F000229B5B0500D406260024302306E006AAA2
:10350000013417321355013E202C01D0092EF6D874
:103510001E981F99FFF7A6FAA74BF2009B180CCB39
:10352000050008920993FFF785FA02000B001E9828
:103530001F99FFF7E0F9089A099BFFF70CFA06902C
:103540000791FFF7B3FA0700FFF770FA02000B00CC
:1035500006980799FFF7CFF90022984B069007913C
:10356000FFF752FA002800D1E9E001373800FFF7F1
:103570005DFA02000B0008980999FFF735FA002858
:1035800001D000270135002E00D1B7E0069513E0E9
:10359000172306AA9B180A21380001341D19FEF7CB
:1035A0006FFF3031297038000A21013EFEF768FFB5
:1035B000092F00D8E1E00700202CE9D1069D202446
:1035C0000CAB0693172706ABFF180DE028000A2165
:1035D000FEF72EFF01343031280039550A21FEF75D
:1035E00027FF051E00D1B7E0202CEFD10323229A3C
:1035F0001340012B17D1219B002B14D00B9B002BC8
:1036000000D1E3E0219B013B2193202B0BD93023F8
:10361000219A06E006A9013417310B55944200D3D4
:10362000A0E0202CF6D1229B01940393219B0293CE
:10363000069B21E0229B52460493219B494603931B
:1036400058461E9B1F9C029600930194434600F02F
:1036500043F90400200015B0F0BCBB46B246A946B1
:10366000A046F0BD229B5B070FD40322544B229946
:103670000192039121990291009352464346494693
:103680005846FFF79FFD0400E4E704224D4BEEE7A8
:103690001E9A1F9B00200021FFF72DF901231E9089
:1036A0001F910B9324E70223229A54461A40229B2F
:1036B00006929B0700D1ACE02600434D08942F1FD3
:1036C0003200E87843464946013DD8470136BD42BD
:1036D000F6D1089C069B0434002BBBD05746219A98
:1036E000E31B9A42B6D915002200434649462020E2
:1036F0000134D847E31BAB42F6D3ABE72800FFF712
:1037000099F902000B001E981F99FFF7F4F82B4B54
:10371000002206000F00FFF761F90CAB06930028AA
:1037200000D04FE7002230003900244BFFF76CF93E
:10373000002800D046E7012301359D4342E70022DF
:10374000069807991D4BFFF749F9002800D01AE7A2
:10375000002F59D1013716E70323229A1340012B7A
:1037600000D1A6E0202C00D15DE70B9B002B3AD0C6
:103770002D23069A1355013455E7069D202C00D1C0
:103780001DE73023361906E006AA01341732135517
:10379000202C00D113E7A642F6D12E230CAA013427
:1037A000069293550EE7C046FFFFEFFFFFFFEF7F46
:1037B00065CDCD4165CDCDC1A08100100000E03FB9
:1037C0006C7E0010647E0010747E00100C23229A20
:1037D000134257D0219B013B2193A34200D916E706
:1037E000202C00D11FE7229B5B0704D52B23069AD0
:1037F0001355013417E7229B1B0700D413E720233E
:10380000069A135501340EE7FB0700D4BBE60137D7
:10381000B9E6219B042B00D84EE755464F46043CA1
:10382000E4182A004346013539002020D847AC422D
:10383000F7D141E70227229B55461F409B0726D020
:1038400006975F46234EEC1C2A00B0784346494653
:103850000135B847013EAC42F6D1069F002F00D19A
:10386000F8E65746219AE31B9A4200D8F2E6150083
:1038700022004346494620200134D847E31BAB428F
:10388000F6D3E7E6219BA34200D9C0E6CBE6219B15
:10389000032BD5D9069754464F46033DED18220019
:1038A0004346013439002020D847A542F7D1069F6E
:1038B000C6E7219B002B00D154E70B9B002B85D042
:1038C000219B013B21939C4200D2A0E6202C00D0FA
:1038D0004EE7A8E6707E0010F0B54546DE46574636
:1038E0004E46E0B59BB0249C259D82468846934673
:1038F000994622002B0020002900FFF78AF80028B3
:1039000000D0C1E00122200029007C4B5242FFF789
:103910007BF8002800D0B7E0012220002900784B76
:103920005242FFF75BF8002800D0ADE000220023F0
:1039300020002900FFF752F8002800D0BBE10894CE
:103940000995089809998023289ADB001A400F925C
:103950008022289E1201164032000E96289E0F00EB
:103960000A901E4200D0A4E00B00034300D0CBE03D
:10397000002A00D012E232000633269302231340BD
:103980000C930223134200D00AE2279B042B00D29F
:1039900015E200270426043B0E930022002320009A
:1039A0002900FFF71BF8002800D0C8E1554B289AE2
:1039B000134004930E9B0393269B0293089B099C40
:1039C0000093019441464B465A465046FFF74AFD44
:1039D00002002020289B0025034059424B415B42B6
:1039E0001840531C089341464B464530D047FB17BF
:1039F000FC185C40FB0F1F270A93731E0E930AAB43
:103A0000FF1806E020000A21FEF73AFD0400202DF1
:103A100008D00A212000FEF733FD013530317955F9
:103A2000092CEFD8052306930E9B564605930023D9
:103A300004930A3303930A9B4146029312AB00930B
:103A400030004B46089A0195FFF710FC0C9B002BA9
:103A500028D05F46279BC41BA34223D982461D0062
:103A60003A194B46414620200134B047A542F7D8C9
:103A700050465946279C421A01320023944200D3F3
:103A800095E1013018180DE0289B009401950493EE
:103A9000279B0393269B02934B465A46414650462A
:103AA000FFF7E0FC1BB0F0BCBB46B246A946A046FF
:103AB000F0BD01432AD10E9B3200002B00D15DE7FF
:103AC0000027269B0026BB4200DD82E10022002366
:103AD00020002900FEF782FF002800D04BE1289B40
:103AE000084A02961A408023DB0013430493279B65
:103AF0000393089B099C00930194CDE7FFFFEF7FA0
:103B0000FFFFEFFFFFF7FFFF06232693B24B78007E
:103B1000400DC018FEF78EFFB04AB14BFEF71BFFF9
:103B2000B04AB14BFEF7F0FE3F03B04B3F0B3B43B7
:103B30000C900D9100220A981900AD4BFEF7DBFEA8
:103B4000AC4AAD4BFEF707FF02000B000C980D9935
:103B5000FEF7DAFEFEF786FF0700FEF76BFFA74AC7
:103B6000A74B0A900B91FEF7F6FE0022A54BFEF73D
:103B7000CBFEFEF777FFA44A06000A980B99A34BE9
:103B8000FEF7E9FE0A900B913000FEF753FFA04AC2
:103B9000A04BFEF7E0FE02000B000A980B99FEF71F
:103BA000AAFE02000B000A900B91FEF7D4FE0C90C7
:103BB0000D910A980B9902000B00FEF7A5FE00225A
:103BC000109011910C980D99934BFEF7A6FE0022D0
:103BD000924BFEF799FE02000B000C980D99FEF730
:103BE0009CFE00228E4BFEF78FFE02000B000C980D
:103BF0000D99FEF792FE0A9A0B9B0C900D91802175
:103C00000020C905FEF777FE02000B000C980D9905
:103C1000FEF77AFE02000B0010981199FEF77DFE68
:103C20000022724BFEF770FE7E4B0022F618330521
:103C3000FEF791FE02000B000A900B91089809997B
:103C4000FEF7CCFE002808D00A980B990022734B8F
:103C5000FEF763FE0A900B91013F0A990B9A0B0045
:103C600011003A006332C62A12D80222289804268C
:103C700010400E9A0C90002A26D1279B042B05D9C0
:103C8000002800D0A1E0279B043B0E93042642E0CD
:103C90000222289810400E9A0C90002A13D1279BDC
:103CA000052B00D889E0002800D084E0279B05265A
:103CB000053B0E9332E080231B069C46AC446346D2
:103CC000089409933DE605260B4300D1F9E60898D0
:103CD0000999554A554BFEF78FFE002808D00898E1
:103CE00009990022524BFEF779FE002800D0E8E641
:103CF000269B002B34D00F9B002B31D0269B013B01
:103D00002693279BB34204D90C9B002B59D0022346
:103D10000C9300230E93002F00D13EE60A9A0B9BD2
:103D200008980999FEF7F9FD0022089009910023EF
:103D300020002900FEF752FE002800D136E6089C3C
:103D4000099D289A80203B4B0006134022000493D3
:103D50000E9B0393269B02932B180092019331E64E
:103D6000279BB342D5D90C9B002B2AD000230E935E
:103D700002330C93CFE7289B2E4A8020089C099D94
:103D80001A408023DB00134322000493279B000684
:103D900003932B180092019302967DE6052695E683
:103DA00000230E930233002704260C93F5E54B1EE7
:103DB0001B191B1A65E602230C930526AEE70423A4
:103DC000E7E5279B9B1B0E93A5E7022304260C9394
:103DD000A1E7DB1B5E1E79E601FCFFFFFB799F502C
:103DE0001344D33FB3C8608B288AC63F0000F03F1E
:103DF0000000F83F61436F63A787D23F71A3790941
:103E00004F930A400000E03F1655B5BBB16B02402E
:103E1000EF39FAFE422EE63F00002C40000024401D
:103E200000001840FF0300002D431CEBE2361A3F50
:103E300080842E41FFF7FFFFF0B55746DE464E4621
:103E40004546E0B5A3B01F002C9B92460C93C94A8F
:103E5000C94B8B460B901A60002900D1BFE10023AB
:103E600038789946002800D1C1E1C44B4C460993EB
:103E7000C34B0E935B460A9308E0220053460A990F
:103E80000B9DA84701343878002876D001372528C3
:103E9000F3D110239B46083B9946043B9846033BCD
:103EA000002602259C463878791C0300203BDBB2B3
:103EB000102B03D8099A9B00D3589F460300303B30
:103EC000092B36D900252A2800D1A7E000230D931D
:103ED0002E283FD00300683BDBB2122B1BD80E9A72
:103EE0009B00D3589F4663460F001E43DBE70F003D
:103EF0002E43D8E743460F001E43D4E75B460F002E
:103F00001E43D0E74B460F001E43CCE78023787852
:103F10005B001E4301310F00672845D82428ACD927
:103F20000300253BDBB2422BA7D896499B00CB5818
:103F30009F460025AB005D196D002D1808780F0015
:103F40000300303B303D0131092BF3D900230D93A1
:103F50002E28BFD13022802052429046C000064316
:103F600078780B0080444246092A00D851E12A287B
:103F700000D15EE10F000131ACE70A9BA1469B46F0
:103F8000CA4503D801235B425344994653464A46E7
:103F9000594600200B9DA847200023B0F0BCBB462B
:103FA000B246A946A046F0BD0300693BDBB20F2B29
:103FB00000D962E7012199408846734A11408B4637
:103FC000110042460A4200D013E10A2B2FD0072BE2
:103FD00000D052E70C9D01CD002800D134E121230F
:103FE0001E43B0461F260D9A12ABF618A146944602
:103FF0005946340002E0000920290AD00F26064065
:1040000032003732092E00D8073A013162540F28A6
:10401000F1D863464C468B460D9322E10C9B20CB96
:10402000002D52DB78780C930F0001314EE70C9B8A
:104030000D9904CB90469B46002900D128E14346C8
:1040400018784144002801D100F029FC0D9A9446CB
:104050000A0004E059780133002900D195E19A4221
:10406000F8D163460D934346D31A0F93730500D4DA
:104070006CE10F9B0D9A934200D90F9202231A0014
:1040800032400C92334200D191E20C930D9BB94621
:104090001E1943461B1BA84622001F000B9D08E06B
:1040A000541C53460A99A847385D002800D163E1A3
:1040B00022009642F4D145464F4634000C9B002B1B
:1040C00000D097E15B460C93DDE602227878164338
:1040D0000F006D420C930131F8E678786C2800D11E
:1040E00059E180235B001E43013114E780239B00CC
:1040F00078781E4301310EE77878682800D150E1C6
:10410000802301311E4306E7672800D1C2E047281B
:1041100000D134E1452800D134E107210C9B0D9AF0
:1041200007338B4319000496039502920CC90B9830
:10413000009201930C91220053460A99FFF7CCFBA1
:104140000400A0E6462800D1A8E007210C9B0D9AA8
:1041500007338B4319000496039502920CC90B9800
:10416000009201930C91220053460A99FFF77AF9C5
:10417000040088E6393E00109029002004800010D9
:1041800048800010948000104190000022005346A7
:1041900025200A990B9DA847013474E60C9B043333
:1041A0009B46631C9846B60700D4FFE00C9B220098
:1041B00018780A9953460B9EB0476419012D00D810
:1041C00049E245460B9EB8460A9F2A0053460135F0
:1041D00039002020B047A542F7D1474672E7DB4BB4
:1041E00038780B9300239946002800D03DE6002440
:1041F000C6E66F2855D000D8BCE21023782800D13D
:104200009EE09E430A239C4600230F930A339B465D
:104210004DE000218A00521852000133111818781D
:1042200030390200303A092AF4D90D911F00591C87
:1042300050E60C9BB87804CB0237D143C9170A402B
:104240000D920C93791C45E61023300098431133EE
:104250001843802380463000DB0018401E4200D106
:10426000C0E643460693082305930D9B2200049362
:1042700010230393002302935B4601931AAB009330
:104280000A9953460B98FEF7F1FF0C950400FAE5E6
:104290000139D4E680231B011E433EE720231E4341
:1042A00053E708239C4600230F9308339B46802343
:1042B0003000DB0018401E4200D11AE10D2331000E
:1042C000994380230A009B001A409146194200D06E
:1042D000C3E180230A005B001A4090460C9A043226
:1042E0000F92194200D08FE24B0600D597E10B06E2
:1042F00000D4E5E20C9B1B8899464B46002B00D06E
:1043000005E210339943002800D100E200239846CB
:104310000D9B069104935B4603930023059502933E
:104320004346D9E0582808D0622878D102239C4619
:1043300000230F9302339B46B9E720231E43103B13
:104340009C4600230F9310339B46B0E702231A00CC
:1043500032400C92334200D105E20C934346B946F9
:104360000B9E0A9FA8461D1B2200534639000134AC
:10437000B047285D0028F7D145464F469EE680238A
:104380001B011E4320231E43C7E662460D92424690
:104390009B1A0F936AE6C0239B00B8781E43F91C52
:1043A000B9E5C023B8781E43F91CB4E5012D00D847
:1043B0004AE1631E9946A9444B4652462600A1464F
:1043C000BA461C001700A8460B9D32003B00013680
:1043D00020200A99A847A642F7D13B0057469A46A3
:1043E0004C460C9B320018780A9953460B9D444466
:1043F000A84767E6A0460F9B9D4200D862E62C19AD
:104400000B9E4546B8460A9FE41A2A0053460135DA
:1044100039002020B047A542F7D1474652E6802315
:104420003200DB001A4090461E4200D1F3E0112119
:104430008E43B4469846802362469B001A409346BA
:1044400062461A4259D180235B001A4091460C9A69
:1044500004320F9262461A4200D0A0E163465B0626
:1044600000D5D4E063461B0600D412E20C9B002268
:104470009B5ED8171918414089B2DA0F0C92002BB5
:1044800000D187E188461F2612ABBB461495F7186A
:1044900045464E46E046A14606E028000A21FDF7C3
:1044A000EFFF0500202E08D00A212800FDF7E8FFC5
:1044B00001363031B955092DEFD84C46C446B146C6
:1044C0005F46149D634606930D9B059504930A234E
:1044D00003930C9B02934B4601931AAB220000936B
:1044E0000A9953460B98FEF7C1FE0F9B04000C93EC
:1044F000C9E40C2331009943E3E6082207219146E1
:104500000C9B07338B4399444A460ACB08000C9214
:10451000DA0F9346184300D085E0002399464346BE
:10452000002B2FD1002200231092119300231F266D
:10453000994612ABF6185B461495BB46E046370029
:104540000F934E46A146109C119D05E0C13100100D
:1045500004000D00202E0CD00A2200232000290088
:10456000FDF7CCFF01363032BA55002DF0D1092CC1
:10457000EED80F9B109411955F464C46C446B14649
:104580009B46149D634606930D9B059504930A2351
:1045900003935B4602934B4601931AAB22000093B0
:1045A0000A9953460B98FEF761FE04006BE40F9BDB
:1045B0009D4200D896E18023DB000C930F9B2E19BF
:1045C000F61A43460F930D9BA84699465346BA46A2
:1045D0001F000B9D22003B00013420200A99A847B0
:1045E000B442F7D10F9B454698464B460D933B008E
:1045F00057469A4643461878002800D162E56B1C5E
:104600000F930C9B002B00D1A8E600233DE50C9BEB
:104610001B78190031E710239E43B4460BE70C9B2F
:104620001B78994669E6DA17129213924A40109263
:10463000129813990A005A401192109A119B121A5B
:104640008B411092119371E70C9B220018780A9904
:1046500053460B9CA047444634E508220726904663
:104660000C9B0733B343984442460C921A685B682C
:10467000149208931300089A134305D110339943F9
:1046800000239846002838D161208B0600D54120B0
:1046900000231F2698465A4612ABF61803001892BC
:1046A0000F9A0A3BB14616951794199744466646E9
:1046B00090469B46149F089D159103E007000D004E
:1046C000202C13D03200002338002900FDF716FFFC
:1046D0005B46D2B2D318092A01D8130030334A46B8
:1046E00001341355A845E9D1BE42E7D9189BA0462D
:1046F0009B461599169D179C199F0D9B0691049337
:104700005B460393002305950293434644E76120EB
:104710008B0600D541201F2612ABF21803000A3B7E
:104720000C934B464646A146A8461C005D46149194
:10473000BB46170002E00400202E0DD02900200007
:10474000FDF79EFE0C9BCB18092901D80B003033D6
:104750000136BB55AC42EED25F464C46AB4614998F
:104760004546B046D4E50F9B9D4200D926E701336C
:104770000F93F3E5102332009A439446692800D042
:10478000A2E080233200DB001A4090461E4200D196
:1047900051E64CE64346002B00D093E673E60C9BB3
:1047A0001B68DA0F002B70D0D9175B184B40984666
:1047B0001F2612ABF618A14614955C464546BB462B
:1047C000E04637000C9206E028000A21FDF758FE6B
:1047D0000500202C08D00A212800FDF751FE0134E5
:1047E00030313955092DEFD85F46C446A3464C46B3
:1047F000149D0C9A634606930D9B059504930A231A
:10480000029203935B4667E60C9B1B689846002B5D
:1048100003D11033994300282DD161208B0600D598
:1048200041201F2612ABF61803000A3B4A460C93A0
:10483000149143463100A846A1465E461400BB468B
:104840001D000F0002E00500202C0DD031002800D3
:10485000FDF716FE0C9BCB18092901D80B0030334D
:1048600001343B55B542EED223005F464C464546E7
:10487000B346994614990D9B069104935B460393A6
:104880000023059502934B4626E64346002BB1D103
:104890008EE70C9B1B68D81719184140EDE5802363
:1048A0003200DB001A400F921E420FD0023002008D
:1048B00032400F92304219D00023A0460F939AE560
:1048C0000C9B1B68994618E516009BE402231A000E
:1048D00032400C92334200D08CE5002D00D06DE6C2
:1048E000FFF7F0FB01330F93FFF7D0FB0C93F4E7D6
:1048F0000EB410B5012485B007AA08CA01000392BE
:10490000009204486242FFF797FA05B010BC08BC59
:1049100003B01847B931001000B585B003910121EB
:1049200002900093034813004A4202A9FFF784FA59
:1049300005B000BD5534001010B5094A03001468D5
:1049400084B0002C08D0012200910648524203A9ED
:10495000A047012004B010BD00F0E8F90020F9E7FD
:10496000902900204534001000BEFDE710B5FFF788
:10497000FBFFC04670B5FDF76FFC074D074EB54213
:1049800009D20024013E761BB608013608CD013459
:104990009847B442FAD170BD247B0010307B0010E0
:1049A000030010B5080011001B68984710BDC046F1
:1049B000F8B5437D07000D001600002B38D0002A03
:1049C0001ADD0B780A2B18D00020012E09D0012403
:1049D00021006B5C01340A2B1AD0B442F8D1864214
:1049E00003DD311A3B6828189847AD19013D2B7833
:1049F0000D3B5A4253413B75F8BD037D002BE3D17B
:104A000002210E483B689847012EEED00120DEE7D8
:104A10006B1E5B5C0D2BE0D0884203DA091A3B6801
:104A200028189847054802213B6898472000D4E79A
:104A30000368110028009847DEE7C046F0810010A7
:104A4000F0B5C6460B6807000D0000B5802B06D0F8
:104A50005A1C2A60ED182F7180BCB846F0BD0F4B70
:104A60001C68002C16D00B1D98460D4E02E02469E0
:104A7000002C0FD02368002BF9D03368002B01D015
:104A8000A342F4D1200041462A68FFF791FF246930
:104A9000002CEFD101220023DBE7C0468025002057
:104AA00088250020F0B54646D6464F46C0B582B0B0
:104AB00090461C0006000D00FCF7DAFE00232F4A8A
:104AC00012184B41002B02DA01222D4B52422D4984
:104AD00008008A4602F0E8FF81466B1C03D13000D3
:104AE00002F01AFF0500002C27D0274F274B1C6827
:104AF000002C18D04346002B21D1254B984602E0CC
:104B00002469002C0FD02368002BF9D043461B6882
:104B1000002B01D09C42F3D120002A003100B8477D
:104B20002469002CEFD14B46002B23D1280002B082
:104B3000E0BCBA46B146A846F0BD164FD6E7144BC6
:104B4000984602E02469002CEDD02368002BF9D0B0
:104B500043461B68002B01D0A342F3D12A00310049
:104B60002000B8476B460A222000DA71D91D093AA5
:104B7000B847E7E7504602F05FFFD7E740420F0033
:104B8000FFFFFF7F3C190020B14900108025002065
:104B900088250020A14900100A4A1368002B05D17E
:104BA0000CE01A001B691032002B07D08342F8D1A9
:104BB000002902D118691060196170470029FCD0E2
:104BC0001060FAE780250020084B10B51C68002C07
:104BD00006D06368002B04D098472469002CF8D1D4
:104BE00010BD2469002CF4D1FAE7C04680250020CE
:104BF00010B500F0F5F900F02DFC012010BDC04605
:104C0000F0B5CE464746040080B583B0FCF730FED1
:104C10002600002736184F41002F02DA01261A4FCE
:104C200076421A4B1A4D994601AB98464B461C6882
:104C3000002C03D116E02469002C13D02B68002B24
:104C400001D09C42F7D1A368002BF4D0012140464B
:104C500098470028EFDD4346187803B0C0BCB9463A
:104C6000B046F0BD0B4B5A6A974207D89B6AB342D5
:104C700002D302204042F0E79742FAD101200021FE
:104C8000FCF700FED2E7C046FFFFFF7F8025002033
:104C90008825002000400540F0B5CE46474680B547
:104CA00083B06B460600DD1D2870FCF7E1FD002394
:104CB000194A12184B41002B02DA0122174B5242BB
:104CC00017490800894602F0EFFE164B80461C6823
:104CD000002C14D0144F02E02469002C0FD023685C
:104CE000002BF9D03B68002B01D09C42F4D120006E
:104CF00001222900FFF75CFE2469002CEFD1434616
:104D0000002B05D1300003B0C0BCB946B046F0BDA1
:104D1000484602F091FEF5E740420F00FFFFFF7F9B
:104D20003C190020802500208825002070B5040053
:104D300002F0F2FD01230100050001222000FFF72F
:104D4000B1FE084B1C68002C06D06368002B05D010
:104D500098472469002CF8D1280070BD2469002CE4
:104D6000F3D1F9E780250020F0B5CE46474680B55F
:104D7000A3B004000E00FCF77BFD0023264A1218A6
:104D80004B41002B02DA0122244B5242244802F00C
:104D90008BFE00232200019380463300214801A9A5
:104DA000FFF7BAFD204F019B81463C68002B19D0CC
:104DB000002C2FD01D4E02E02469002C0FD0236858
:104DC000002BF9D03368002B01D0A342F4D120008E
:104DD000019A02A9FFF7ECFD2469002CEFD1002312
:104DE0003C680193002C06D06368002B0CD09847D8
:104DF0002469002CF8D14346002B07D1484623B044
:104E0000C0BCB946B046F0BD2469EBE7044802F0E7
:104E100013FEF3E70194EEE740420F00FFFFFF7F30
:104E20003C190020414A00108025002088250020E0
:104E30000FB400B583B004A901C90191FFF794FF35
:104E400003B008BC04B01847F0B5002915DD0E4BBF
:104E50000D271A680D4B0E4CD3185D426B41451857
:104E600020215B001E5F0478A64207D09369194297
:104E7000FCD101301460A842F5D1F0BD936919420C
:104E8000FCD11760F2E7C0460C2C00200080FCBF6C
:104E9000082C00201F4B30B51B680D1E9C462ADDD8
:104EA000441E102100201C4B1A689369194214D12A
:104EB000013093691942FCD1136823548542F4D11F
:104EC0006346002B07D050239363516B183B0B4074
:104ED000124952181360280030BD6346002B07D0DA
:104EE00050239363516B183B0B400C4952181360CD
:104EF0000028F1D10BE0002B09D05022064B1B6893
:104F00009A63596B183A0A4004495B181A600320E7
:104F10004042E1E7182500200C2C0020341000004E
:104F2000064B10B51B68002B06D00021044A1268FE
:104F30009163044A1068984710BDC04618250020A8
:104F40000C2C0020202500200822034B19688B69B7
:104F50001A42FCD17047C0460C2C002070B51A4E86
:104F60001A4B32680400D31858424341184D143389
:104F700018002B68002C02D0002B0FD070BD002B26
:104F8000FCD0060000219463FBF7E2FD30001149DC
:104F9000FBF732FF104B2C601C60EFE72C60040025
:104FA0000D4B19600B49FBF717FE01212000FBF7A1
:104FB000CFFD502233689A63596B183A0A4007496B
:104FC0005B181A60DAE7C0460C2C00200080FCBF9A
:104FD00018250020214F001020250020341000004B
:104FE0000D4B10B51B780D4B0D4C1B780D4B022152
:104FF0001B780D4B00202360FBF79CFC0221012055
:10500000FBF798FCE12120684902FCF771FC0121C3
:105010000648FFF7C1FD10BD9C8500109885001063
:105020000C2C00209485001000400340E018002064
:105030007047C0460022014B1A707047262C002092
:105040004B790020FF2B0BD18B79002B08D1CB792A
:10505000012B05D1082A03D9024B8A7809301A702E
:105060007047C046262C00200120704710B501294A
:1050700013D112495379107909781B020343002098
:10508000994200D010BD5378012B08D0022BF9D1E2
:10509000642200210020FDF71BF80120F2E7D378FD
:1050A00091781B021943480ADB0501D401204042D4
:1050B0007F238A05D20F1940FDF7A0F8262C002087
:1050C00000487047D88200109446012310B501298A
:1050D0000AD152780023012A06D162461179527909
:1050E00012020A43072A01D0180010BDA6336146F8
:1050F000024A01F051FA0300F6E7C0463082001080
:105100000123037000487047108200104B780A7822
:105110001B0213438A7810B512041A43CB781B067E
:1051200013439622D200934200D010BD00220120EA
:1051300011004042FDF762F8024B1860024B196003
:105140007047C0461C2500202425002010B5024BC6
:105150001878FBF729FD10BD272C0020154B70B5E2
:105160001A68002A22D0EFF3108172B61068002866
:10517000FCD0BFF35F8F00200F4A596010701B688E
:10518000BFF35F8F186081F31088002400250B4E59
:105190003078FBF7EFFC002804D10024002529001B
:1051A000200070BD3078FBF7FFFCF8E7FA240025FB
:1051B000A400ECE7A0290020282C0020272C0020A8
:1051C00070B5050000200E0001F0F6FA002834D07A
:1051D000002001F00BFB00282FD0FCF749FB002337
:1051E000174A12184B41002B16DB164C200002F018
:1051F0005BFC002821D0002001F0DEFA00280FD14E
:1052000001200021404200F0FDFC03256D422000FA
:1052100002F012FC280070BD01220B4B5242E4E761
:10522000002001F0E3FA0028EAD029003200002033
:1052300001F0EAFA051EEAD1E7E703256D42E9E746
:1052400040420F00CC290020FFFFFF7F10B5FCF784
:105250000FFB00230D4A12184B41002B02DA0122EA
:105260000B4B52420B4802F01FFC00280CD00120CF
:105270000021404200F0C6FC002001F013FB002892
:10528000F5D1044802F0D8FB10BDC04640420F00E3
:10529000FFFFFF7FCC290020F8B5CE46474680B5FA
:1052A00005000C00FCF7E4FA0023344A12184B41C5
:1052B000002B02DA0122324B524232490800884662
:1052C00002F0F2FB002803D1C0BCB946B046F8BDDD
:1052D000002001F071FA002848D00026002C41DDA2
:1052E000294B994613E0A919002001F019FB07008A
:1052F00001200021404200F085FC002001F0D2FA9C
:10530000FCF7B6FA204BF61903C3B4422ADD00209D
:1053100001F028FBA71B0200B84200DD3A00002A7A
:10532000E1D101200021404200F06CFC002001F09E
:10533000B9FA002001F040FA002813D0002001F053
:1053400011FB0028E1D1FCF793FA4B460F000CCB80
:10535000002184460D4812184B419F4202D8D4D1F7
:105360009445D2D9404602F067FBADE7002000210A
:10537000054B03C3404602F05FFBA5E740420F0028
:10538000FFFFFF7FCC290020101C002020A1070078
:1053900030B5002185B0284802F076FB00281CD1EA
:1053A000264B1A68002A16D0EFF3108172B61068E7
:1053B0000028FCD0BFF35F8F012421485960027898
:1053C0001B68D2B20470BFF35F8F0020186081F3B6
:1053D0001088002A17D005B030BD012000214042BE
:1053E00000F010FC002001F001FA0500124802F064
:1053F00023FB002DEFD0134B1B68002BEBD0124A80
:1054000010689847E7E7FCF79DF80400FCF730FACE
:10541000FA220023920012184B41002B02DA0122DB
:105420000A4B5242012102910021019108492000BA
:105430000091FCF78BF8CEE7CC290020A0290020B2
:10544000282C00201C25002024250020FFFFFF7FA2
:105450005D510010D02310B51B0684B01C68FCF70A
:1054600071F8FCF771F9A04202D0002004B010BD21
:10547000274B1B7801F068FD26480368002B44D0B9
:105480000120FBF7F7FDFF23234C2449207018402F
:10549000FBF7A2FB20780121FBF75AFB0520FBF765
:1054A0008BFB002824D1082200211D48FDF778FE3F
:1054B000FCF748F80400FCF7DBF9FA22002392001D
:1054C00012184B41002B02DA0122164B52420121E5
:1054D000029100210191144920000091FCF736F857
:1054E0000028C2DB11480121FFF756FB0120BDE770
:1054F0000120FBF7EBFA01000948FBF71BFE002235
:1055000005200B49FBF792FBECE7FBF7F7FDB7E74C
:10551000A0850010CC290020272C002091530010DA
:10552000A0290020FFFFFF7F5D510010F818002028
:105530004D510010004870477483001000487047B8
:105540002083001010B5040016480378002B20D0EB
:10555000002C06D1144B15484380063BFF3B0380CB
:1055600010BD052C1CD8124BA400E4580F48012391
:10557000811C013C04E001330A800231142B0CD061
:10558000E25C002AF7D1C022DBB25B009200134339
:10559000E5E7112100F016F8DAE7CA239B00DEE701
:1055A0000020DDE7102C0020090400005825002011
:1055B0000883001010B5024800F0F4F810BDC04692
:1055C000BC29002030B5012900D1BBE0744B013962
:1055D0001A78121114003034092A00DDB5E0047085
:1055E000012900D1DAE00F221C7822401400303467
:1055F000092A00D9ACE04470022900D1CEE05A78E3
:105600009446121114003034092A00DDA3E084709E
:10561000032900D1C2E064460F2222401400303436
:10562000092A00D99AE0C470042900D1B6E09A781A
:105630009446121114003034092A00DD91E00471FF
:10564000052900D1AAE064460F222240140030341C
:10565000092A00D988E04471062900D19EE030254E
:10566000AC46DC7822119444092A00DD7FE06246D2
:105670008271072900D191E00F22224014003034BA
:10568000092A00D977E0C471082900D186E03025C5
:10569000AC461C7922119444092A00DD6EE0624672
:1056A0000272092900D179E00F222240140030341F
:1056B000092A67D844720A2900D16FE03025AC4628
:1056C0005C7922119444092A5FDC624682720B29BC
:1056D00064D00F22224014003034092A59D8C472F1
:1056E0000C295BD03025AC469C7922119444092AC0
:1056F00002DD0735AC469444624602730D294DD055
:105700000F22224014003034092A01D93732140004
:1057100044730E2942D0DA7913111C003034092B5E
:1057200001DD37331C0084730F2937D00F2313405A
:105730001A003732092B01D830331A00C2731029EE
:105740002CD010300023037030BD3732140046E7F0
:10575000373214004FE73732140058E7373214005D
:1057600061E7373214006AE73732140073E7073510
:10577000AC4694447BE73732140084E70735AC46E7
:1057800094448CE73732140094E70735AC469444D0
:105790009BE737321400C4720C29A3D14018D1E71B
:1057A000BC29002010B588B004000D2200216846F5
:1057B000FDF7F6FC0D22002104A8FDF7F1FC4B23B8
:1057C0006A466846137004A90D2202F02DF91521CE
:1057D000082220006944FDF7E9FC08B010BDC0466E
:1057E000F8B500F03FF90C23184DFF22AB670520F8
:1057F0001749FBF71BFA174C402200212000FDF748
:10580000CFFC4027002301262121134A66702783FD
:10581000A260136063545F316184453963540F4A59
:105820000F496360E2602787A1620B606362E262F6
:1058300002F052F980239B052E64EB649023094A01
:10584000EA508022084B5202DA64F8BD0000115081
:10585000DD0400208C250020840010500001105031
:105860008000105010D001000020115010B501210F
:105870000520FBF76DF910BD10B50022002102488C
:1058800000F010F910BDC046AC250020044B197083
:10589000002904D080219023024A8902D150704708
:1058A000222C0020002011500B785B0600D070479E
:1058B0004B78052BFBD18A78014B1A60F7E7C0467D
:1058C00000001150F0B5C64600B5CC7888780A794A
:1058D0004B797F21A40701401B02C50913434F00E8
:1058E000A20F1400324E7A195201B21890700120A2
:1058F0006840507000205B055B0DD0701383D47638
:105900008046CA00012D30D02A48121888018446EA
:10591000B4446046826040461060002930D0264A78
:10592000C900891862463F3351609B09022C3AD066
:105930009B0122487A1901685201B218D160204AAD
:10594000CB18036051405A40802388465B019A423D
:105950002BD84346A4061C4380237F197F01F619E8
:1059600072681B062343136010E016481218880162
:105970008446B4446046826240461060002909D1E2
:1059800000236D0175196B600F4BEB60012080BC2B
:10599000B846F0BD0A4AC900891862463F335162D1
:1059A0009B09022CC4D1DB01C3E7FCF74FFCD0E715
:1059B0008C250020840010500400105098290020ED
:1059C00000001050800010500001105010B502F07F
:1059D00083F810BD7F2010B508404000C909401869
:1059E0001100044A400180181A0000F05BF8012001
:1059F00010BDC0468C2500207F23180000B508404C
:105A000083B00B4204D14B424B41084A01339366A9
:105A10008022C9094000064B401840010021C018EF
:105A2000120102F051F803B000BDC0460020115031
:105A30008C2500207F22130010B50B400A4200D1B4
:105A400010BDC9095B005B1804485B01C018002346
:105A500000220349C37002F037F8F1E78C250020DB
:105A6000FFF7FFFF80220A4B520410B51A60094B62
:105A700009491A6010000B689843FBD1802200216D
:105A800052010648FDF78CFB0922054B5A6710BDF1
:105A900000E0004000F0004008C00040000010504E
:105AA00000001150002310B5C38201338282837637
:105AB0000161040001F0D8FF002804D08021902368
:105AC000074A8902D150200001F0C6FF002802D009
:105AD0000123237710BD200001F0EEFFFAE7C04656
:105AE000002011507047C0467047C04600207047E4
:105AF000002070477047C0467047C0467047C04698
:105B00007047C046024B5878431E9841C0B2704758
:105B100030200020024B18784007C00F7047C04665
:105B200030200020F8B5CE46474680B52A4E814643
:105B30003378FF2B04D00120C0BCB946B046F8BD75
:105B4000002154222548FDF72BFB0022244C254B35
:105B500020001A70FBF7D2FA234B1C60234C200064
:105B6000143CFBF7D9FA200001F0CAFD204B214D6F
:105B70001C60214B002B04D02800FFF7C1FA1F4BFB
:105B800018601F490024002388462A781B4F0FE025
:105B90003B6862019B18002B12D05B68002B0FD072
:105BA00098472A780134E4B2511C2300A14209DB52
:105BB000A242EDD89B1A5B0143445B68002BEFD1F6
:105BC0000020B9E74B4648463370FFF709FE4846C8
:105BD000FFF74CFEAFE7C0462C1900203020002014
:105BE000E81F0020232C00208420002024190020FE
:105BF00088200020212C002001510010CC1F002003
:105C000030840010F0B5DE4657464E464546E0B5B6
:105C1000C64B91B002931B78FF2B00D13BE1C44BE4
:105C2000C44E1F00C44B0DAC0193C44B00933568A8
:105C30006A69EFF3108172B61368002BFCD0BFF3D2
:105C40005F8FA9612800210001F090FB6A69AB69B0
:105C5000BFF35F8F0021116083F31088002800D10B
:105C600019E16378082BE2D89B00FB589F466368D4
:105C7000002BDCD0A0689847D9E77F222179AE4D70
:105C80000A405300EB189846C80980444046012357
:105C9000303005799D430571057903339D430571C6
:105CA000002A00D1FEE04346A54A1B7D12789342AC
:105CB00000D3EDE0A34A5B011568ED18002D00D17B
:105CC000E9E0A36862792078AD69A847AFE79E4B09
:105CD0001A78002A00D1DEE01A78013A1A701B788F
:105CE000002BA4D10122944D01212B7804201343D1
:105CF0002B703423EA5C8A43EA54EA5C8243EA5418
:105D00000133EA5C8A43EA54EA5C8243EA5423782A
:105D100000209B4600F09AFC602223791A40602AFA
:105D200000D1EEE0402A00D1F4E0DB06DB0E012BCF
:105D300000D111E1022B00D1C6E0002B00D0E0E041
:105D4000202A00D11CE2002A00D0DAE06379092B76
:105D500000D9D6E07D4A9B00D3589F46764D2B78DC
:105D6000DB0700D463E7FFF7CBFE60E7019BDB783E
:105D7000DB0700D45BE76068FFF7B6FE57E76E4DC0
:105D80002B78DB0700D452E728780007C00FFFF715
:105D9000B5FE4CE72378694999468B46684B6949BB
:105DA00098468A4639001A7847460023B0460025AF
:105DB0004E46894610E053461B686A019B18002B2B
:105DC00000D175E0DB68300098473A780135EDB2D4
:105DD000511C2B008D4243DC9542ECD39B1A5B0196
:105DE0005B44EFE7237857499946554B8A469846D6
:105DF0003100BB464E461A780025002347468946A7
:105E00000FE053461B686A019B18002B54D0DB68D7
:105E1000300098473A780135EDB2511C2B008D4285
:105E200006DC9542EDD39B1A009A5B01D318EEE78E
:105E3000019D542200212800FDF7B2F91022FF2114
:105E40004348FDF7ADF928002022FF2114304E46CB
:105E50005F46FDF7A5F900F0EFFBFFF74DFEE6E624
:105E6000354D542200212800FDF79AF91022FF2118
:105E7000281DFDF795F928002022FF211430464601
:105E80004F46FDF78DF900F0D7FB2379AB70CEE6D6
:105E9000501C984213DA11B0F0BCBB46B246A9467A
:105EA000A046F0BDA3686279207800F0E3FBBEE66F
:105EB00046464F46204DE6E74E465F46CBE71F4D30
:105EC0009B1A5B015D19FCE67023217A0B4218D105
:105ED000C80982460F330B405B0098461848EB1800
:105EE00053441B7D00789946834268D215485B0174
:105EF000006881469944002A00D163E14B46002B9B
:105F00006AD120780021FFF777FD80212078FFF704
:105F100073FD8CE60F4800F099FB012158460EAA4C
:105F2000FFF7D2F8002800D081E6EAE72C1900201C
:105F3000888300108820002030200020308400104A
:105F4000212C0020CC1F0020232C0020AC8300102B
:105F500034200020C9500010237A22890F2BD0D87A
:105F6000FF231340CF4AEB181B791578AB423ED381
:105F7000691C9942C5DB5D1BCB4B6D01ED1868694F
:105F800000F064FB012158466B690EAA984700286F
:105F900000D04CE66022150023791D401A42B0D192
:105FA00063790A3B012BACD800F050FB63790A2BD4
:105FB00000D199E158460EA900F0D8FA37E6431C03
:105FC0004B4500DAF9E04B461B1A5B019946B6488F
:105FD0008144002A00D1F5E04B46586900F036FBB9
:105FE0004B46012158465B690EAA98479AE7AF4A8B
:105FF0005B011568ED18002DC1D182E7A3799946A0
:106000006B789945D6D06B78002B00D035E14B46A4
:106010006B70002B00D12DE148460138C0B2FFF76C
:106020008DFA002800D17EE143780793022B00D03F
:1060300079E10122C179B1468B11491113400A401F
:10604000302112015B0113432A78A8468A43134387
:106050002B7009239A4682445646BA46C378827802
:106060001B021343C31805938E4B04938E4B089366
:106070008E4B09938E4B0A93059BB34200D855E192
:10608000737801220B2B03D13378F278F6187378EA
:10609000042B00D044E1059B00279B1B9BB2069379
:1060A000049B0B921D78002303931BE0099A7B014C
:1060B0001568ED18002D00D132E1310058462B69EA
:1060C000069A98478446082803D9069A824200D344
:1060D00013E1049B01371D78FFB26B1C03979F42AD
:1060E00000DD1DE1BD42E1D8039B5D1B089B6D01F6
:1060F0005D19E2E76B780CAA02321370584601234F
:106100000EA900F049FA92E5E088030AC0B20F2B0D
:1061100000D9F6E667499A008A5897460EA800F01B
:106120009BFA5846A179FFF7A7FB02222B7813436D
:106130002B707CE5E388012B00D0E2E608222B7867
:10614000584693430EA92B7000F010FA6FE5022019
:1061500029780CAB9A1C8B068908DB0F01400B4396
:106160001380584602230EA900F016FA5FE5E38873
:10617000012B00D0C5E608222B7813432B7019E7BA
:10618000237A22890F2B00D9BBE6FF231340EB189B
:106190001D79444B1B789D4228D2444B6D011B68EE
:1061A0005D19002D00D1ACE6686900F04FFA0121BD
:1061B00058466B690EAA9847B4E6002A00D0A0E6BC
:1061C0000023994662790220130003928343012B36
:1061D00015D0002A00D094E62B00434453443033BA
:1061E0001B790CAA9B07DB0F0232B9E75A1CAA42A3
:1061F00000DA86E6ED1A2C4B6D01ED18D4E7E38842
:10620000002B12D1029B1878039B012B23D0FFF7A0
:10621000F3FB43460221EB18534430331A790A4307
:1062200001211A711A790A431A714B46002B00D1C9
:10623000FDE4586900F00AFA4B4601215B690EAA99
:1062400058469847002000F001FA3523EB5CDB0745
:1062500000D5ECE4AEE6FFF7EDFB43460221EB1878
:10626000534430331A798A431A711A7903998A434D
:106270001A71DAE7FFF740FC9CE600215846FFF769
:1062800005FB5846FFF7A2FBAB7807490393054B84
:10629000049198461A7800230449AA4605911D00E6
:1062A0001BE0C046212C002030840010CC1F0020B1
:1062B00044200020D4830010059B6A011B689B18B2
:1062C000002B4CD0DB685846984743461A78013576
:1062D000EDB2511C2B008D422DDC9542ECD39B1A64
:1062E000049A5B01D318EDE70CAB9A1C58460123C6
:1062F0000EA9157000F050F999E40B9A012A4ED0BE
:10630000002A3CD00023B07804E00133DBB20F71E7
:10631000934234D2C118C9B241440D79FF2DF4D053
:106320004E464546574600236B70EAE54E465746B3
:10633000FFF7E0FB3EE65546542200212800FCF71B
:106340002FFF1022FF21281DFCF72AFF2800202202
:10635000FF211430FCF724FF039BAB7057E6554632
:10636000FAE7FEF7ADFE021E00D1CAE5D3789178B8
:106370001B020B4358460EA900F00EF9D2E5654604
:106380003B002A0031000A9800F062FE049B039A49
:106390001B7876190133934200DB6DE6C0E7174B9B
:1063A00029699942AED1079AACE7FFF79FFB021E1D
:1063B00000D1A6E5584613780EA900F0EDF8B1E536
:1063C0002189FFF7BFF8021EF4D19AE5022B0FD006
:1063D000FFF78EFB021EC9D193E5FFF7ABF8021E53
:1063E00000D18EE5122358460EA900F0D5F899E5A4
:1063F000FFF7A4F8021EB9D183E5C0466D6A00100C
:10640000F0B54F464646D646C0B50C0016001F00F4
:1064100082B0002A3AD0702398461D4B0025994639
:106420001C4B9A461AE04B461B78200001935346BA
:10643000997800F0D3FD00281CD021000198FFF7C7
:1064400041FA002816D0A378DA09012A19D00A9A4D
:1064500001351370B54219DA2378E4186378052BF7
:1064600008D1E3789B079B0FBB4203D14246A37838
:106470001A42D8D0002002B0E0BCBA46B146A846C5
:10648000F0BD0B9A01351370B542E5DB0120F2E750
:106490002C19002030200020702270B58B780C0061
:1064A0001A4201D0002070BD064B20001D78064B1B
:1064B000997800F093FD0028F4D021002800FFF720
:1064C00001FAF0E72C190020302000207F20074B34
:1064D00010B51A680840CB0934334000C018044B8B
:1064E0001100C01800F036FD10BDC0468420002009
:1064F000302000207F20074B10B51A680840CB09D8
:1065000034334000C018044B1100C01800F04AFD9D
:1065100010BDC046842000203020002070B57F24AC
:10652000C80984460C400F486400041964443034A0
:106530002079C00701D5002070BD0B4801250078E7
:1065400084462079284320716046FFF743FA0028EB
:10655000F2D10122237993432371237903329343A8
:106560002371E8E7302000202C19002070B5094C79
:106570000600082220000D00FCF718FE00238021F1
:10658000E360A3602B783000994300220023FFF7DB
:10659000C5FF70BDD41F0020F0B5C646244C1700BF
:1065A00080460822200000B50D001E00FCF7FEFD0D
:1065B0000023A760E381EB79AA791B0213431A1C1D
:1065C000B34200D9321C96B2A281002B0CD0002E0F
:1065D00015D0002F2AD0402E1AD8237896B27F2BC0
:1065E0001BD80021134A0EE080212B78002299430A
:1065F00040460023FFF792FF80BCB846F0BD7F23E2
:1066000000222178994333004046FFF787FFF3E7E4
:106610004022237896B27F2BE3D9064C3200390012
:106620002000FCF7C3FD80212200ECE70020E3E717
:10663000D41F0020F01F002010B5142200210248B2
:10664000FCF7AEFD10BDC046D41F0020014B186101
:106650007047C046D41F002010B5054C0100082229
:106660002000FCF7A3FD0023A360E36010BDC0463B
:10667000D41F002070B5374C1D0023780600DA09BE
:10668000C9098A4210D00020002D00D070BD210021
:106690003000FFF709F92369002B03D02200032102
:1066A000300098470120F1E77F2B06D8A06800282A
:1066B000ECD02A002849FCF779FDE289A16852193B
:1066C000E38892B24919E281A160934214D03F2D30
:1066D00012D9A389981A051C80B2402828D820789E
:1066E000ADB27F2826D800219A4230D01A4A2B001A
:1066F0003000FFF713FFC9E72369002B05D0220004
:10670000022130009847002808D0802123780022F9
:10671000994330000023FFF701FFB7E70021300065
:10672000FFF76AF930008021FFF766F90120ADE735
:106730004025D4E79A4207D0074C2A002000FCF7F6
:1067400035FD80212200D2E780210022CFE7002200
:10675000CDE7C046D41F0020F01F002070B5040014
:10676000FFF7D0F9002800D170BDFFF7D3F900285A
:10677000FAD1E378002BF7D02300103318001D0066
:1067800000F0DEFD3F28EFD90020E178FFF79EFE04
:106790000028E9D0280000F0D3FDE1783F2806D991
:1067A000C834220040230020FFF7B8FEDCE70020B9
:1067B000FFF7A0FED8E7C04610B50400FFF7A2F926
:1067C000002801D1002010BDFFF7A4F90028F9D15D
:1067D000A0000019C000044B0019C0001B180120C4
:1067E0001B791840EFE7C04648190020830010B518
:1067F0001B18DB001818034BC000C01800F082FD06
:1068000010BDC04658190020F8B586003418E400C1
:1068100024184746CE46E400230080B51F4F1033AE
:10682000FB189846802305005B029A4200D31C4A5D
:10683000404692B200F0E8FD8146FFF763F9002878
:1068400004D14846C0BCB946B046F8BDFFF762F96E
:106850000028F6D17619F6007519ED007D19EB7850
:10686000002BEED0404600F06BFD3F28E9D9002018
:10687000E978FFF72BFE0028E3D0404600F060FDEA
:10688000E9783F2806D9C83440233A190020FFF799
:1068900045FED6E70020FFF72DFED2E7481900207D
:1068A000FFFF0000F8B50400FFF72CF9002801D124
:1068B0000020F8BDFFF72EF90028F9D1A00000193B
:1068C000C0000019C4002300144E2433F718380008
:1068D00000F018FD0028EBD035190020A978FFF74B
:1068E000F5FD0028E4D0B4460934FF34A4446446DE
:1068F00040222100380000F087FDA9780300051E22
:1069000007D022000020FFF709FE0028D0D0280081
:10691000CFE70020FFF7EEFDCAE7C0464819002088
:1069200070B584002418E4000C4B2418E400E4182B
:10693000802305005B029A4200D3094A200092B2EC
:1069400000F02AFE0600200000F0DCFC3F2801D801
:10695000300070BD2800FFF7A5FFF9E76C19002093
:10696000FFFF0000830010B51B18DB001818034B55
:10697000C000C01800F0E4FC10BDC0466C19002037
:10698000A422F0B50025194C83B00021200052004C
:10699000FCF706FC164B21001D70FF236371E123F9
:1069A0005B02A360200008234022A37338310095C6
:1069B000073B103000F070FC27000123210020006D
:1069C0002600402278310093B837243000F064FC70
:1069D000C0363800FAF792FB3000FAF78FFBE5611A
:1069E00027622663656303B0F0BDC04648190020E6
:1069F000D01F00200A4B196B1A6A00290CD0002AFC
:106A000007D00022DA615A631A6300221A62012059
:106A100070475A631A63FAE7002AF8D0D961F4E79D
:106A20004819002070B5052200210D48FCF7B8FB7D
:106A30000C4D2B78DA0707D50B4C9B070CD50121A1
:106A4000200000F07DFE70BD0548103000F058FEBB
:106A50002B78054C9B07F2D4200000F051FEEEE7A6
:106A600048190020D01F00206C190020F0B5C64640
:106A700000B54B79070082B0022B02D18B79022B33
:106A800005D00025280002B080BCB846F0BD224BDE
:106A900098469B78002BF4D140468B7809250370EB
:106AA0000C780C196378242B07D00CE02378E418B9
:106AB0005D196378ADB2242B05D19542F6D94046D5
:106AC000FFF74CFEDEE71A00052B15D0042AF6D19D
:106AD00063790A2BF3D1114B26780193013300938C
:106AE00038000223A119023AFFF78AFC0028C8D017
:106AF0000E35AD19ADB2E2E721003800FFF7CCFC4E
:106B00000028BED04246A378537023785D19E4185C
:106B10006278ADB2DAE7C046481900204A19002071
:106B200060238C461100127870B513400022202B90
:106B300014D1314C4B7926000D7924781B022B435C
:106B40009C420BD14B78222B1DD009D8202B40D052
:106B5000212B03D16346012B35D00122100070BDDB
:106B6000232BFBD16346012B42D0032BF5D1234BC2
:106B7000002BF2D08B78C97800200902194300E07D
:106B800000BF0122EAE76346012B31D0032BE4D199
:106B90000125CB788A781B0213431C001D4033006B
:106BA0000121243318006940347100F0C9FD144BF1
:106BB000002BD2D0012362081A402900002000E0F7
:106BC00000BF0122CAE70F4A0723FFF7E5FC0122B5
:106BD000C4E76346012BF6D0032BBED10A4B002B32
:106BE000BBD0310000200831FEF790FA0122B5E752
:106BF000FFF7BCFC0122B1E74819002000000000AB
:106C000000000000501900200D510010F8B5474653
:106C1000CE4680B5354C1F00E37880460D008B4290
:106C20003BD0A37800208B4211D0C0BCB946B046FF
:106C3000F8BD2F4B002B04D02E4800F079FB002824
:106C400050D02000FFF78AFDA378AB420AD12A4B2F
:106C5000002B02D0002000E000BF0020FFF722FE42
:106C6000002801D00120E0E7244C200000F04AFB7E
:106C70000028F7D1002FF5D0BB06F3D1243C4046C5
:106C8000A178FFF723FC0028ECD000230022404627
:106C9000A178FFF743FC0120C7E72600C836310082
:106CA0001448BAB200F078FC154B002BC1D06379C0
:106CB000FF2BBED0002FBCD0BC46B444E14603E05D
:106CC00001364E45B5D0637932789A42F8D10948F9
:106CD00000F02EFB0028F3D1064B103B597900E061
:106CE00000BFEDE700E000BFABE7C0464819002059
:106CF0000000000058190020000000006C1900205E
:106D000000000000B32270B5144C84B000212000B4
:106D10009200FCF745FA231D0293230020008025F2
:106D20004026CD336D00FF33A930009300220023AD
:106D3000002103960195FF3000F0A4F92300200004
:106D40004433A834029301220023002103960195C5
:106D50000094843000F096F904B070BD4C210020FE
:106D600010B5054C200000F0C1F920002538FF388F
:106D700000F0BCF9012010BDF422002010B5064C33
:106D800000232000B130FF30237000F0B9FC200058
:106D90008C3000F0B5FC10BD4C210020F8B5CE467B
:106DA000474680B54B7980468946FF2B07D185231E
:106DB000394FFE5CAA23FF33FB5C1E4304D0002046
:106DC000C0BCB946B046F8BD8B780C783B700B79E7
:106DD0000C19002B3CD0A51803E0AC4238D2237824
:106DE000E4186378052BF8D1AC4231D2210040463B
:106DF000FFF752FB0028E2D0A378DB09012B2BD050
:106E0000264800F07DFCAA23A278FF33FA54637968
:106E100022791B021343D421214A5B055B0D9B1889
:106E20005A425341022049007A5C5B00824313437B
:106E30007B541A494046083900F0C2F90028BED0F8
:106E400023780136E4184B461B79F6B2B342C8D812
:106E50004B46E01A80B2B3E7124800F051FC85239C
:106E6000A2780D490220CA54637922791B02134388
:106E70005B050B4A84215B0D9B185A425341064A1D
:106E80005B00525C82431343034A0020535405497C
:106E9000083900F05FF9D3E74C210020FC220020E4
:106EA00000FEFFFFD821002070B51D00AA230400BA
:106EB0001F48FF33C35C8B4217D08523C05C8842D8
:106EC00011D11C4B002B04D029040020090C00E038
:106ED00000BF194B200019001E0000F03BF90028EC
:106EE00016D0012000E0002070BDDA235B00C35AF9
:106EF000002B14D1114B002B04D000201049AAB252
:106F000000E000BF20000F4900F05AF90120EBE734
:106F10002A003100200000F0EBF80120E4E7D6233E
:106F20005B00C158B130AAB2FF3000F035FBE1E799
:106F30004C21002000000000D021002000000000B3
:106F400050210020F422002010B50020FEF7EAFDB9
:106F500010BDC04670B5040023780800DB070E00A2
:106F6000DD0F002B16D123785B0701D5280070BDFB
:106F70000121494200F090FD2378DB07DD0F002B53
:106F80000AD123785B0708D4042223780125134310
:106F9000237002E00025E9E70025300000F04CFDF9
:106FA000E4E7C04670B50D00012104004942280005
:106FB00000F072FD23785B07DE0F002B04DB280056
:106FC00000F03AFD300070BD2378DB0704D40422C2
:106FD000237893432370F2E70026F0E743790279A0
:106FE0001B021343C2785B0592075B0D920F022AC6
:106FF0001AD0032A0BD00020012A07D102394A42B5
:107000005141104A891899424041C0B27047023933
:107010004A1E91410C4A4942114080220020D20070
:10702000891899424041F1E7022904D0002040220A
:107030009A424041EAE7054A981843425841C0B293
:10704000E4E7C046FF03000040FCFFFF00FEFFFF37
:107050008446881830B51C00814206D24A78052A39
:1070600004D00A7889188842F8D830BD7F228B78FE
:107070001A4052006244DB09D4540A7889188842C5
:10708000ECD8F2E7F0B5C64600B582B0904608AA43
:1070900020CA040016886A460120978D0A002178CC
:1070A00002408143200011432170320000932900E7
:1070B0000123083000F0F0F8002D01D0002E07D198
:1070C00001200A9B6780636002B080BCB846F0BDB7
:1070D00025001C352800FAF711F842460023002A43
:1070E00001D02B0000256361A561E9E7012070470D
:1070F000F8B502240B7807001C4063425C4108008D
:10710000124B64421C40124B08300D001600E4186C
:1071100000F0F8F8002807D1002E05D0344203D142
:1071200001242B781C4201D00020F8BD380069787A
:10713000FFF7CCF90028F7D02B781C42F4D10023BC
:10714000002238006978FFF7E9F9EEE740FEFFFF1B
:10715000FF01000008239C468C4470B50500604682
:107160000C00664600F0CEF8002803D001222378F8
:107170001A4201D0002070BD28006178FFF7A6F9FF
:107180000028F7D062883000616800F03DF90122E4
:107190002378134000280CD0002BEBD10300626849
:1071A000617804002800FFF7B9F90028E2D0200038
:1071B000E1E7002BDED128006178FFF79BF9D9E7E2
:1071C000F0B5C64600B58A8906000C000B78002A87
:1071D00006D101321A4240D0002080BCB846F0BD32
:1071E0009B0734D42B4B4025984608239C46A44447
:1071F0006046674600F0A4F88542EDD80122237866
:107200001A42E9D130006178FFF760F90028E3D035
:10721000380000F095F8012223781340854232D8D7
:10722000002BD9D1414662880140131C8A4200D903
:107230000B1C9BB200226178002B00D062683000EA
:107240001C00FFF76BF90028C6D02000C5E7FE231D
:1072500080251B029846AD00C7E74978FFF736F94D
:107260000028B9D0012223781A42B5D163880022C0
:107270006178002B00D062683000FFF74FF90028DA
:10728000AAD06088A9E7002BA6D130006178FFF76B
:1072900031F9A1E7C0FF0000F0B5C64600B5984639
:1072A0006B461E7E802304000F0015001B029A42CD
:1072B00026D8C068002803D00121494200F0ECFB29
:1072C0002069002803D00121494200F0E5FB424635
:1072D0005204F303520C1343E3800023E0686381FC
:1072E0002760A5802381002801D000F0A5FB20693C
:1072F000002801D000F0A0FB012080BCB846F0BD02
:107300000020FAE7038941899C4682889BB288B2B3
:107310008C4507D31B1A9BB2101C9A4200D9181C2B
:1073200080B270475100091A5B189BB2F4E7C0465F
:1073300003894089181A43425841C0B27047C04679
:10734000038941899C4682889BB288B28C4507D3C9
:107350001B1A9BB200209A4201D9D21A90B27047F0
:107360005100091A5B189BB2F4E7C04670B50400DF
:1073700000690D00002803D00121494200F08CFB78
:10738000238962899C4698B291B2A388944532D3EE
:10739000421A92B2002A27D0934208D298422FD3A1
:1073A000C01A81B261818B4203D8C91A89B28B425B
:1073B000FBD9E28823685204520C51432800591823
:1073C000FBF7F4FE618901254A1C92B2A388914221
:1073D0000DD900225B00D21A20696281002801D0F9
:1073E00000F02AFB280070BD0025628992B25B0084
:1073F0009A42F1DBEFE75A00521A821892B2C9E7BB
:10740000C01881B26181CEE7F0B54646D6464F46F8
:10741000C0B5060000698A46904682B0002803D0B5
:107420000121494200F038FB31897289B5888BB25D
:1074300094B2914255D31F1BBFB2002F4BD0BD4217
:1074400005D2AB4252D25B199CB22F0074814346E5
:10745000B8453ED89FB2A54203D8641BA4B2A5424A
:10746000FBD9F28831685204500C020062432B1B96
:107470009BB28918019002009F4225D943439BB2D9
:107480001A0050469946FBF791FE5046019A7D1B23
:107490006419544331684844A2B2FBF787FE7189EE
:1074A000B588CB199BB26A00994216D99B1A3069EC
:1074B0007381002801D000F0BFFA380002B0E0BCB0
:1074C000BA46B146A846F0BD50467A43FBF76EFE79
:1074D000E5E73B1CBEE773899BB26A009342E6DB9B
:1074E000E4E76F003F1BDF19BFB2A6E75B1B9CB24E
:1074F000ABE7C046F8B50400C0680F00002803D011
:107500000121494200F0C8FA258920896189A288B1
:10751000ADB283B28EB2884228D39B1B9BB29A42F3
:1075200009D8E679F60906D1E068002801D000F014
:1075300083FA3000F8BD2B0095421CD39B1A9BB2F6
:107540009342FBD2E28820685204520C5343390024
:10755000C018FBF72BFE6B1C9BB2A2889D4216D96C
:10756000002352009B1A01262381DDE75100891B6D
:107570005B189BB2D3E7E28820685204520C534355
:107580003900C018FBF712FE0135A288ABB25200D9
:107590009342E8DBE6E7C046F0B54E464546DE4698
:1075A0005746E0B589460500160083B0002A6BD027
:1075B000C068002803D00121494200F06DFA2F89EC
:1075C000EA79BBB298466B89AF889BB2D2093DD1AC
:1075D000984562D27A00D31A43449BB2BB4261D22F
:1075E000FB1A1A1C9BB2B34200D9321C96B2F31B91
:1075F00001934346F3189BB29B46EA884446B8453C
:1076000003D3E41BA4B2BC42FBD252043B1B570C75
:107610003A00624328689BB28018B34256D33A00BE
:1076200049467243FBF7C2FDAB885B00D84501D8E1
:107630009B4502DB5A46D31A9B465B4637002B819B
:10764000E868002821D000F0F7F91EE0BE422BD2F6
:1076500098454CD34246D21A92B27900F01B921947
:1076600001908A42C5DBDA1992B29346921B92B21C
:107670009046934240D94346591A8BB29846F31824
:107680009BB29B46EA88B9E70027380003B0F0BCFC
:10769000BB46B246A946A046F0BD4246D31A9BB2AD
:1076A000BB429DD30027CBE7002FC9D0CC46EA8848
:1076B000F61B5104490C714398468C44D919002398
:1076C00089B2E1468B463E00019397E77B439BB22C
:1076D0001A0049469A46FBF769FD4946019B28680E
:1076E000E2187A43514492B2FBF760FD9CE77900BF
:1076F000CA1A424492B2B1E79142BCDDC2E7C04629
:1077000010B50400C068002803D00121494200F0F0
:10771000C3F92069002803D00121494200F0BCF9D7
:107720000023E06863812381002801D000F084F900
:107730002069002801D000F07FF9012010BDC0466B
:1077400070B50400C0680D00002803D00121494233
:1077500000F0A2F92069002803D00121494200F07D
:107760009BF97F21E279EB011140E0681943E17157
:10777000002801D000F060F92069002801D000F055
:107780005BF9012070BDC04603BDC04610B50400C2
:10779000FAF776FDA04710BDF0B5C64600B5040067
:1077A00086B00F200D001700F9F7E4F9002180469C
:1077B0000F20F9F7CDF900230093019301330293D1
:1077C000D023049505946E46002400250121022053
:1077D00003971B06002C13D01A6D1042FCD05C6579
:1077E00040BF1A6D114203D120BF1A6D1142FBD068
:1077F0009A6DA24209D00025AA00B458EAE79A6D12
:107800001A6D1142FBD140BFE6E70135062DF3D1D9
:1078100041460F20F9F79CF906B080BCB846F0BD90
:107820000E4B0F4A10B50400934211D30D4A99181C
:107830001A000D48806884460A48145004301350DA
:107840000A4B0B48135062460A48FFF7A5FF10BDCC
:1078500001235B421A000849EBE7C04600080420F8
:1078600000000420F407000000ED00E08D77001018
:10787000FC07000089770010F307000010B5010035
:1078800000230022002000F077F810BD70B505003D
:10789000830716D102680E4B0E4CD3189343234234
:1078A0000FD142680A4B0430D3189343234208D1C6
:1078B0004268074B0430D31893432342F1D000E0D1
:1078C00001300378002BFBD100F01EF8280070BDBA
:1078D000FFFEFEFE8080808070B5074C074D641B64
:1078E000A41005D0013CA300EB589847002CF9D117
:1078F00000F098F870BDC046307B0010307B00105F
:107900007047C0467047C04603000A7801311A70BC
:107910000133002AF9D17047030084469B070BD03E
:107920000300032102E001330B4206D01A78002A3B
:10793000F9D16246981A7047030019680C4A0D483D
:107940008A188A4302420FD15968094A04338A18B7
:107950008A43024208D15968054A04338A188A4387
:107960000242F1D000E001331A78002AFBD1E0E7AF
:10797000FFFEFEFE80808080F8B5CE464746204C54
:10798000050080B52068160099468846FFF7B8FFC5
:107990001C4B1A68002A2BD0536820681F2B2ADC46
:1079A000002D0CD1591C5160414602339B00995067
:1079B000FFF7A8FF0020C0BCB946B046F8BD882438
:1079C000990051180E511600873C9C408936FF36AD
:1079D00037682743376084264F4676008F51022D43
:1079E000E0D115008D35FF35296821432960D9E79D
:1079F000054A1A60D0E7FFF785FF01204042DAE729
:107A000030190020341E0020381E0020034B10B512
:107A1000002B02D00248FFF731FF10BD000000002C
:107A2000D9780010F8B5C04601B40248844601BCBC
:107A3000604700BFC102002001B40248844601BC77
:107A4000604700BF2502002001B40248844601BC03
:107A5000604700BF050F002001B40248844601BC06
:107A6000604700BFF90B002001B40248844601BC06
:107A7000604700BFD10B002001B40248844601BC1E
:107A8000604700BF050F002001B40248844601BCD6
:107A9000604700BFC100002001B40248844601BC19
:107AA000604700BF9901002001B40248844601BC30
:107AB000604700BF0101002001B40248844601BCB8
:107AC000604700BF850C002001B40248844601BC19
:107AD000604700BF350C002001B40248844601BC59
:107AE000604700BFD5030020A9220010D522001056
:107AF0002124001091310010C52A0010FD30001023
:107B000049230010F122001011230010252300103A
:107B1000AD1000102D2300106D140010492200102C
:107B2000090B00100D7A0010FD020010B555001071
:107B30000A496E666F726D6174696F6E00000000B5
:107B40000A2564000A5472616365000000000000A9
:107B50000A547261636520696E6465783B25642010
:107B600054726163652072756E6E696E673A256442
:107B70000A000000253032583A202530345820259C
:107B80006320253032582020200000000A25633A67
:107B900020202025730000000A302D393A20456E40
:107BA00074657220706172616D65746572206469BC
:107BB0006769740020202573000000000A25303812
:107BC000583A20002025303258000000256300007C
:107BD0000A456E74657220706172616D65746572BC
:107BE0003A2028455343206F72203C524554555249
:107BF0004E3E20746F206578697429000A0A285463
:107C000065787420506172616D657465723A2725DC
:107C1000732700000A28506172616D6574657220D7
:107C2000307825303458203E000000000A50696347
:107C30006F20524F4D20456D756C61746F7200005E
:107C40000A53657474696E67204750494F732E2E2E
:107C50002E00000053797374656D20636C6F636B45
:107C6000206F66202575206B487A2063616E6E6FE9
:107C7000742062652065786163746C792061636843
:107C800069657665640000000A20202020202020FD
:107C900020202020202020202020202020202020E4
:107CA00020202020202020202020202A2A2A2A2AA2
:107CB0002A2A2A2A2A2A2A2A2A2A2A2A2A2A2A2A24
:107CC0002A2A2A2A2A2A2A2A2A2A2A2A2A2A2A2A14
:107CD0002A2A2A2A2A2A2A000A2020202020202094
:107CE0002020202020202020202020202020202094
:107CF00020202020202020202020202A202020207A
:107D00002020202020202020205069636F20525006
:107D10004D20456D756C61746F72202020202020ED
:107D2000202020202020202A0000000053657269B6
:107D3000616C20636F6D6D616E642068656C7000AE
:107D4000426F6F7420746F206D6173732073746F52
:107D50007261676500000000496E666F726D617444
:107D6000696F6E00547261636500000044756D7048
:107D7000207472616365000044756D702052414D3E
:107D800000000000456E74657220706172616D655F
:107D90007465722076616C75650000002A4469671D
:107DA000697400000A2A2A2A2050414E4943202A99
:107DB0002A2A0A000A0000004E6F207370696E6C58
:107DC0006F636B732061726520617661696C6162BB
:107DD0006C6500004E6F20757365722049525173B7
:107DE0002061726520617661696C61626C6500007A
:107DF000486172647761726520616C61726D2025E3
:107E00006420616C726561647920636C61696D6581
:107E100064000000486172642061737365727400CD
:107E200052656C6561736500626F6F74325F7732A3
:107E30003571303830000000302E3100322E312EB6
:107E4000310000007069636F000000007069636FAB
:107E50002D726F6D2D656D004175672031382032B0
:107E600030323600666E692B00000000666E6900D5
:107E70006E616E00666E692D00000000554152541F
:107E800020737464696E0000554152542073746409
:107E90006F7574005541525420737464696E202FBD
:107EA000207374646F757400555342207374646951
:107EB0006E202F207374646F7574000052617370AC
:107EC0006265727279205069000000005069636F2A
:107ED00000000000426F61726420434443000000D0
:107EE0005265736574000000556E68616E646C6560
:107EF000642049525120307825780A006570202589
:107F00003032582077617320616C7265616479202A
:107F1000617661696C61626C6500000043616E2787
:107F20007420636F6E74696E756520786665722063
:107F30006F6E20696E6163746976652065702025B7
:107F40003032580000000000010000000200000074
:107F5000030000000400000005000000060000000F
:107F60000700000008000000090000000A000000EF
:107F70000B0000000C0000000D0000000E000000CF
:107F80000F000000100000001100000012000000AF
:107F9000130000001400000015000000160000008F
:107FA0001A00000006005250D3F07542207E0010E7
:107FB00006005250E182887F287E00100600525051
:107FC0003ABCA911387E001006005250ABB3605382
:107FD0003C7E001006005250BBFF3CB6447E0010B1
:107FE00006005250861C03024C7E001006005250C0
:107FF0005422A29D587E001005005250DE65F468A0
:10800000289E0010043F0010BC3E0010BC3E001033
:10801000FC3E0010BC3E0010BC3E0010BC3E0010F8
:10802000BC3E0010BC3E0010BC3E0010BC3E001028
:10803000F43E0010BC3E0010EE3E0010BC3E0010AE
:10804000BC3E0010E63E0010F8400010163F001045
:10805000EC400010163F0010DA400010163F0010F0
:10806000163F0010163F0010163F0010163F00107C
:10807000163F0010163F00100C3F0010163F001076
:10808000163F0010163F0010163F0010163F00105C
:108090000C3F00108C4100107A3E00107A3E001018
:1080A0007A3E00107A3E00107A3E00107A3E0010B0
:1080B0007A3E00107A3E00107A3E00107A3E0010A0
:1080C0007A3E00107A3E00107A3E00107A3E001090
:1080D0007A3E00107A3E00107A3E00107A3E001080
:1080E0007A3E00107A3E00107A3E00107A3E001070
:1080F0007A3E00107A3E00107A3E00107A3E001060
:108100007A3E00107A3E00107A3E00107A3E00104F
:108110007A3E001008410010444100100841001050
:108120007A3E00107A3E00107A3E00107A3E00102F
:108130007A3E00107A3E00107A3E00107A3E00101F
:108140007A3E00107A3E00107A3E00107A3E00100F
:108150007A3E00107A3E00107A3E00107A3E0010FF
:10816000244300107A3E00107A3E00107A3E001040
:108170007A3E00107A3E00107A3E00107A3E0010DF
:108180007A3E00107A3E0010244300109C410010FB
:108190002443001008410010444100100841001021
:1081A000000000000000F03F00000000000024403C
:1081B00000000000000059400000000000408F4017
:1081C000000000000088C34000000000006AF84082
:1081D0000000000080842E4100000000D0126341A6
:1081E0000000000084D797410000000065CDCD411C
:1081F0000D0A00000600525053B4F4A1947E001002
:108200000800525012000000080052509210000066
:108210000000000031500010000000003550001038
:10822000415000106D500010695000100000000017
:108230000A00000000000306A60008000200020079
:108240009C001400030057494E55534200000000A3
:10825000000000000000800004000100280044002D
:108260006500760069006300650049006E007400D7
:1082700065007200660061006300650047005500FC
:108280004900440000004E007B006200630037009C
:10829000330039003800630031002D00370033000F
:1082A000630064002D0034006300620037002D007D
:1082B00039003800620038002D00390031003300E9
:1082C00061003800660063006100370062006600EC
:1082D00036007D0000000000050F2100011C100584
:1082E00000DF60DDD88945C74C9CD2659D9E648ABD
:1082F0009F00000306A60001000000000600525087
:1083000053B4F4A1A87E001000000000BC7E001051
:10831000CC7E0010102C0020D47E0010E07E0010D7
:1083200009025400030100807D080B0002020200D4
:1083300000090400000102020004052400200105D8
:10834000240100010424020605240600010705811A
:108350000308001009040100020A000000070502DA
:1083600002400000070582024000000904020000EC
:10837000FF00010512011002EF0201408A2E0A00DF
:1083800000010102030100002E5C0010945D00104A
:10839000E45D00106C5D00107E5D00105C5D0010FF
:1083A000CE5C00107A5C00106E5C00104E61001014
:1083B00034610010025F00106E610010025F001057
:1083C0001C61001008610010025F0010F4600010D2
:1083D000FC5F0010025F0010DA630010CC63001035
:1083E000C0630010025F0010025F0010AA6300105B
:1083F000CC630010025F0010025F0010025F0010EB
:10840000025F0010025F0010025F0010025F0010A8
:1084100062630010500D0020500D00209A0D0020C6
:10842000BA0D0020000E0020120E0020480D002082
:108430000000000081690010F5690010256A001035
:108440006D6A0010216B00100D6C00100000000020
:1084500000000000056D0010616D00107D6D0010C2
:108460009D6D0010C9500010A96E001000000000A2
:1084700000202020202020202020282828282820F4
:1084800020202020202020202020202020202020EC
:108490002088101010101010101010101010101054
:1084A0001004040404040404040404101010101044
:1084B000101041414141414101010101010101010E
:1084C0000101010101010101010101011010101060
:1084D00010104242424242420202020202020202E0
:1084E0000202020202020202020202021010101034
:1084F000200000000000000000000000000000005C
:10850000000000000000000000000000000000006B
:10851000000000000000000000000000000000005B
:10852000000000000000000000000000000000004B
:10853000000000000000000000000000000000003B
:10854000000000000000000000000000000000002B
:10855000000000000000000000000000000000001B
:10856000000000000000000000000000000000000B
:048570000000000007
:10857400A47F0010B07F0010BC7F0010C87F0010E3
:10858400D47F0010E07F0010EC7F0010F87F001013
:108594000882001000820010F4810010FC82001098
:1085A40003000068EFF3108C72B60268002AFCD056
:1085B400BFF35F8F04229A56002A0BDB002900D0F8
:1085C4000A6000201B68BFF35F8F00221A608CF3DF
:1085D40010887047D0221206126801201A71F1E740
:1085E400F0B5C646160000B504001F000268EFF39C
:1085F400108172B61368002BFCD0BFF35F8F042385
:10860400E3562268002B2BDBBFF35F8F0020106042
:1086140081F31088D02212061278002552B29046B7
:108624009A420ED1002080BCB846F0BDBFF35F8FE4
:10863400156081F310883000390000F0FDFE002839
:10864400F0D12268EFF3108172B61368002BFCD0CE
:10865400BFF35F8F237922687F2BE7D9434602E07B
:10866400D0231B061B682371BFF35F8F00231360A5
:1086740081F310880120D6E7F0B5C64600B50F0097
:10868400040000F0E9FEFA220E0005000023380081
:108694000021920000F0C8FE4019714106000F1E2F
:1086A40002DA0126164F7642D0231B061B680025EA
:1086B40098460AE0BFF35F8F156081F3108830009D
:1086C400390000F0B9FE002818D12268EFF31081B8
:1086D40072B61368002BFCD0BFF35F8F2379226836
:1086E4007F2BE7D943462371BFF35F8F00231360C9
:1086F40081F31088012080BCB846F0BD0020FAE761
:10870400FFFFFF7F0268EFF3108172B61368002B3E
:10871400FCD0BFF35F8FFF2303710368BFF35F8F48
:1087240000221A6081F3108840BF7047084B9C46B2
:108734001B78002B0BD18023064807495B051A6878
:10874400C25004338B42FAD101236246137070473E
:10875400242C0020182400100001001010B5014B37
:10876400984710BD19240020034B1A68C0239B00AE
:108774009343024A136070470C8001400C900140FF
:10878400054B1A6880239B005340C022920013407B
:10879400024A13607047C0460C8001400C900140AF
:1087A400F0B5D6464F4646460023C0B518271E00EE
:1087B40081460D00988A3C493B88140098473B88C1
:1087C40080463A49B08A9847002339490600988A76
:1087D4003B8898478246FFF7A9FFC047B047FFF799
:1087E400CFFF211E1CD00823C0209C464005163F05
:1087F4006246836A1A401F4230D0631A002922D18C
:10880400002A0BD1002C0BD0C023082202265B05C2
:108814009B6A1A401E4239D0002AF5D0002C27D179
:10882400FFF7A2FFD047FFF799FFE0BCBA46B14675
:10883400A846F0BD002C2BD1C0225205966A08220E
:108844003240B6072BD50D2B19D9002AF2D1C022FC
:108854005205966A08223240B607F4D4002A04D19D
:108864000B002343002BC3D1DAE70B00002CF9D013
:10887400036E013C2B70230001350B43F2E74B469A
:108884001B780139036601239944E7E70021E5E7F2
:10889400C0235B051B6E013C2B700135A8E70B0060
:1088A400A242DFD1DCE7C04649460000455800003B
:1088B400464300000022154B10B59A60DA601A6135
:1088C4005A619A61DA611A625A629A62DA621A63C6
:1088D4005A639A63DA631A645A649A64DA641A65A6
:1088E4005A659A65DA651A665A669A66DA661A6786
:1088F4005A679A67DA67F03292000021044800F060
:108904008BFD044B044A1A6010BDC0460000105091
:10891400CC2500209829002080011050F0B54F4646
:108924004646D646C0B5224B00249F6D012686B02C
:10893400002F1BD01F4B99461F4B9A4604E001346D
:10894400E4B27600202C11D03E42F8D04B469E650E
:10895400012365086D00A343ED186D0155442800FB
:1089640000F034FC002807D1B743E8D106B0E0BCDE
:10897400BA46B146A846F0BD03A98846EA8AAB7850
:1089840002A80192002106220630009300F044FD63
:10899400E0234146DB00019A0B80009B40460B71AB
:1089A4008A60012100F032FC280000F0ADFBDBE717
:1089B40000001150003011508C2500209823CB4A20
:1089C400F0B5D55880232E009B02102485B01E409C
:1089D4001D427AD0C64BC74C9A6AC74B00261A6010
:1089E4003B23E35C022B00D161E17B23E35C022B9C
:1089F40000D105E1BB23E35C022B00D10CE1FB2396
:108A0400E35C022B00D113E13C23FF33E35C022B34
:108A140000D13FE17C23FF33E35C022B00D120E152
:108A2400BC23FF33E35C022B00D151E1FC23FF3371
:108A3400E35C022B00D107E1B04BE35C022B00D1D5
:108A440084E1AF4BE35C022B00D117E1AD4BE35C57
:108A5400022B00D185E1AC4BE35C022B00D169E130
:108A6400AA4BE35C022B00D1B0E1A94BE35C022BDF
:108A740000D181E1A74BE35C022B00D1B1E1A64B0D
:108A8400E35C022B00D18FE1002E08D1A34B1B78AD
:108A9400002B04D18021A24A90338902D150934BF8
:108AA4000A229C6C6B460021981D00F0B5FCC02383
:108AB4006A469B0064059380640D0121802601A809
:108AC400029400F0A3FB974CB602EB0600D58BE0B2
:108AD40080235B021D422ED00224864F1E43BB7EA0
:108AE400002B14D000F088FC012800D980E0C022BB
:108AF40000213800920100F00DFB380000F004FB67
:108B040000F07AFC012802D9854B5C661C660123BF
:108B1400FB702037012C1FD1C023834ADB00019353
:108B240002AB03CA03C3012101A800F06FFB80223A
:108B34007B4B92021A6580235B011D420ED1802378
:108B4400DB011D4226D180231B021D4238D1AE42D7
:108B540000D0CDE105B0F0BD0124C0E700221E43E2
:108B6400624B1A60FFF7A6FE6B460A220021981D8D
:108B740000F052FC80236A465B009380012101A827
:108B840000F044FB8022664B12031A658023DB014C
:108B94001D42D8D01E436B460A220021981D00F0C6
:108BA4003BFC80236A46DB009380012101A800F08E
:108BB4002DFB10225A4B1A6580231B021D42C6D07E
:108BC4001E436B460A220021981D00F025FCA023B9
:108BD4006A46DB009380012101A800F017FB802284
:108BE4004F4B12011A65B2E7FFF798FE26006FE7B4
:108BF4004E4B3E4A1C66536E2340A342FBD176E79C
:108C04007833E75C002F00D1F4E60233E25C002AFB
:108C140000D00BE13E00EDE6B833E75C002F00D155
:108C2400EDE60233E25C002A00D0F7E03E00E6E61F
:108C3400F833E75C002F00D1E6E60233E25C002A59
:108C440000D03FE13E00DFE6F933FF33E75C002F5D
:108C540000D1F1E60233E25C002A00D029E13E00B3
:108C6400EAE67933FF33E75C002F00D1D8E602331C
:108C7400E25C002A00D013E13E00D1E62C4BE75C15
:108C8400002F00D1E2E60233E25C002A00D0FFE0CC
:108C94003E00DBE63933FF33E75C002F00D1B9E651
:108CA4000233E25C002A00D0E9E03E00B2E6383349
:108CB400E65C002E00D198E60233E25C002A00D183
:108CC40093E6200000222030E25400F04BFA8CE6B8
:108CD400B933FF33E75C002F00D1A7E60233E25C2F
:108CE400002A00D0C2E03E00A0E6C04600001150B9
:108CF400004005408C250020842500203B02000014
:108D04007B020000BB020000FB0200003B030000EA
:108D14007B030000BB030000FB030000222C0020A7
:108D240000301150100002000000105000201150BB
:108D34007A020000714BE75C002F00D190E6023309
:108D4400E25C002A00D089E03E0089E66C4BE75CD7
:108D5400002F00D175E60233E25C002A76D13E0092
:108D64006FE6684BE75C002F00D174E60233E25CE7
:108D7400002A63D13E006EE6634BE75C002F00D10E
:108D840078E60233E25C002A00D0A3E05F4BE35CA8
:108D9400022B30D15E4BE35C002B27D15D4BE35CAF
:108DA400022B00D07BE63E005B4BE35C002B00D142
:108DB4006AE6FF239B00E25C002A00D16FE60022F2
:108DC400E2541C3BE01800F0CDF968E6534BE75C35
:108DD400002F00D149E60233E25C002A16D13E009E
:108DE40043E64B4BE35C002B00D148E6EF239B00AA
:108DF400E25C002A75D1474BE35C022B00D04EE6BF
:108E0400454BE35C002B00D149E6D2E70022E25453
:108E14001C3BE01800F0A6F93E0026E620000022E4
:108E2400A030E2543E0000F09DF9E8E52000002265
:108E34006030E2543E0000F095F9DBE50022E25494
:108E44001C3BE01800F08EF93E0004E60022E254D8
:108E54001C3BE01800F086F93E00F2E50022E254E3
:108E64001C3BE01800F07EF93E00F9E520000022EA
:108E7400A130FF30E2543E0000F074F9D6E5200042
:108E840000222130FF30E2543E0000F06BF9C1E5CE
:108E94000022E2541C3BE01800F064F93E00D5E5E2
:108EA400200000226130FF30E2543E0000F05AF905
:108EB400B6E520000022E130FF30E2543E0000F02D
:108EC40051F9B9E520000022E030E2543E0000F000
:108ED40049F999E50022E2541C3BE01800F042F9FC
:108EE40054E70022E2541C3BE01800F03BF982E70F
:108EF40031000B48694000F0A7FAC046FA020000AE
:108F04003A020000BA0200007A030000BB0300002A
:108F1400BA030000FB030000FA0300003A03000058
:108F2400E87E0010F0B58C46838A018B020083B082
:108F34000E1C994200D91E1CB6B29B1B9CB2D3785E
:108F440080211800451EA841C9003143400308434D
:108F540001214B40D37053789482002B32D1116994
:108F6400002E2AD06346D4689B01E418731E019333
:108F7400062B32D923000B439B072ED1631A013BE6
:108F8400022B2AD90023B708BF00CD58E55004337B
:108F9400BB42FAD19E420ED0019DE418EF1ACD18BF
:108FA400C95C21700199994205D06B786370012FD7
:108FB40001D0AB78A3701169948A802389191B02AC
:108FC40011611843002C02D18023DB01184363464E
:108FD400002B00D0000403B0F0BD0023CD5CE554A9
:108FE40001339E42FAD1E6E78368F0B51A68002996
:108FF40000D0120C43789205950D002B09D1C38A39
:10900400EB18C382038BAB4201D90023838228006F
:10901400F0BD0469002D28D0C36889016F1EBC46C9
:109024005E18062F27D901315B18E31A022B22D9C7
:10903400230033439B071ED10023120E9200F158E4
:10904400E15004339A42FAD195420DD063469F1AF7
:10905400A318B45CB1181C70944505D04A785A70B2
:10906400012F01D08A789A700469C38A6419EB18B5
:10907400C3820461C6E70022B35CA3540132954263
:10908400FAD10469F1E7C04610B5040083680021F1
:109094001B68FFF7A9FF63681B685B0002D5238B7D
:1090A400834200D010BD01212000FFF79DFFF9E7A6
:1090B400084B1A6C0023920703D48278D209012A40
:1090C40001D018007047C37E023B5A425341DBB2C1
:1090D400F7E7C0460000115010B5FFF7E9FF00287C
:1090E4000AD0064B064A9B6A064912685B189B1A0B
:1090F4000020C6229A42404110BDC04600400540AF
:1091040084250020E0FCFFFF002383764361036194
:109114007047C04610B58368002901D01C682140FF
:10912400002A12D08024E400114322420DD01A6890
:1091340022420CD1084A0A401A60084A126C92076B
:1091440003D40C23033BFDD28368196010BD8178DE
:10915400034800F079F9C046FFFBFFFF00001150FF
:10916400FC7E0010436870B50021802504001E6851
:10917400FFF7D8FE124B6D011A6C0543A3789207D2
:109184000ED55B060ED00F4B1E4080239B05334348
:1091940062680021136020002A00FFF7BBFF70BD46
:1091A400DB09F0D0A38A002BEDD001212000FFF7CA
:1091B400B9FEA023044ADB05324005431343E7E725
:1091C40000001150FFFFFFAFFFFFFFDF70B5857E8A
:1091D4000400002D14D0FFF757FFA38A002B01D100
:1091E400280070BD2000FFF777FF002803D001237B
:1091F40000252377F4E72000FFF7B4FF0025EFE70D
:109204008178014800F020F91C7F0010F0B5474632
:10921400CE4680B5437805000F0085B0062B07D8ED
:10922400694A9B00D3589F46684A137801331370E8
:10923400674B1C686269EFF3108172B61368002BE8
:10924400FCD0BFF35F8FA1612000290000F0DCF89F
:109254006269A369BFF35F8F0021116083F31088F3
:10926400002804D105B0C0BCB946B046F0BD3A00F0
:109274006978287800F0B8F8F4E70121554B1A789A
:109284008A431A701A7801318A431A7000225A707C
:109294001A7802318A431A70CAE74F494F4B8846FD
:1092A4004F491E001A7800240023894612E04B46D9
:1092B4001B6861015B18002B06D0DB69002B03D00F
:1092C40069682878984732780134E4B2511C230045
:1092D400A14217DBA242EAD89B1A5B014344ECE7A4
:1092E4003C4B1A78D207BDD504211A780A431A7068
:1092F4009EE7384B1A78D207B4D504211A788A43EA
:109304001A7095E7334A1378904611005B0728D505
:109314001378042201AC93430B702000002108321F
:1093240000F07AF82B78237005236370284B1B68B0
:1093340018005A69EFF3108172B61368002BFCD041
:10934400BFF35F8F06008161210000F05DF8726950
:10935400B369BFF35F8F0021116083F31088002885
:109364002CD14346DB78DB0700D47BE72B7801ACB8
:109374002370032363706B686360154B1D686A690F
:10938400EFF3108172B61368002BFCD0BFF35F8F2C
:10939400A9612800210000F037F86A69AB69BFF3BE
:1093A4005F8F0021116083F31088002800D159E7F2
:1093B4003A006178207800F017F853E73A006178B2
:1093C400207800F011F8CCE714840010232C00203E
:1093D400882000203020002030840010212C002020
:1093E400CC1F00207047C04601B40248844601BC2B
:1093F400604700BFE55A001001B40248844601BC2E
:10940400604700BFA109001001B40248844601BCB2
:10941400604700BFF574001001B40248844601BCE3
:10942400604700BFA131001001B40248844601BC6A
:10943400604700BFC930001001B40248844601BC33
:10944400604700BF4D17001001B40248844601BCB8
:10945400604700BFAD09001001B40248844601BC56
:10946400604700BF711800103F0000002C7D001001
:109474005504001021000000407D0010AD050010CF
:1094840069000000587D0010A10300107400000062
:10949400647D001021030010750000006C7D001035
:1094A400C903001061000000787D0010B9050010A8
:1094B4007A000000847D0010A50600103000000032
:1094C4009C7D0010B1030010310000009C7D001051
:1094D400B1030010320000009C7D0010B1030010A5
:1094E400330000009C7D0010B10300103400000024
:1094F4009C7D0010B1030010350000009C7D00101D
:10950400B1030010360000009C7D0010B103001070
:10951400370000009C7D0010B103001038000000EB
:109524009C7D0010B1030010390000009C7D0010E8
:10953400B1030010A920A2FF9D00029D00039D001D
:1095440004CAE000D0F2A200A94D9D0002E8A94996
:109554009D0002E8A9439D0002E8A9529D0002E88B
:10956400A94F9D0002E8A9549D0002E8A9559D0059
:1095740002E8A9549D0002E8A94F9D0002E8A952FF
:109584009D0002E84C50F84C53F84C56F8FFFFFF8E
:10959400FFFFFFFFFFFFFFFFFFFFFFFFFFFFFFFFD7
:1095A400FFFFFFFFFFFFFFFFFFFFFFFFFFFFFFFFC7
:1095B400FFFFFFFFFFFFFFFFFFFFFFFFFFFFFFFFB7
:1095C400FFFFFFFFFFFFFFFFFFFFFFFFFFFFFFFFA7
:1095D400FFFFFFFFFFFFFFFFFFFFFFFFFFFFFFFF97
:1095E400FFFFFFFFFFFFFFFFFFFFFFFFFFFFFFFF87
:1095F400FFFFFFFFFFFFFFFFFFFFFFFFFFFFFFFF77
:10960400FFFFFFFFFFFFFFFFFFFFFFFFFFFFFFFF66
:10961400FFFFFFFFFFFFFFFFFFFFFFFFFFFFFFFF56
:10962400FFFFFFFFFFFFFFFFFFFFFFFFFFFFFFFF46
:10963400FFFFFFFFFFFFFFFFFFFFFFFFFFFFFFFF36
:10964400FFFFFFFFFFFFFFFFFFFFFFFFFFFFFFFF26
:10965400FFFFFFFFFFFFFFFFFFFFFFFFFFFFFFFF16
:10966400FFFFFFFFFFFFFFFFFFFFFFFFFFFFFFFF06
:10967400FFFFFFFFFFFFFFFFFFFFFFFFFFFFFFFFF6
:10968400FFFFFFFFFFFFFFFFFFFFFFFFFFFFFFFFE6
:10969400FFFFFFFFFFFFFFFFFFFFFFFFFFFFFFFFD6
:1096A400FFFFFFFFFFFFFFFFFFFFFFFFFFFFFFFFC6
:1096B400FFFFFFFFFFFFFFFFFFFFFFFFFFFFFFFFB6
:1096C400FFFFFFFFFFFFFFFFFFFFFFFFFFFFFFFFA6
:1096D400FFFFFFFFFFFFFFFFFFFFFFFFFFFFFFFF96
:1096E400FFFFFFFFFFFFFFFFFFFFFFFFFFFFFFFF86
:1096F400FFFFFFFFFFFFFFFFFFFFFFFFFFFFFFFF76
:10970400FFFFFFFFFFFFFFFFFFFFFFFFFFFFFFFF65
:10971400FFFFFFFFFFFFFFFFFFFFFFFFFFFFFFFF55
:10972400FFFFFFFFFFFFFFFFFFFFFFFFFFFFFFFF45
:10973400FFFFFFFFFFFFFFFFFFFFFFFFFFFFFFFF35
:10974400FFFFFFFFFFFFFFFFFFFFFFFFFFFFFFFF25
:10975400FFFFFFFFFFFFFFFFFFFFFFFFFFFFFFFF15
:10976400FFFFFFFFFFFFFFFFFFFFFFFFFFFFFFFF05
:10977400FFFFFFFFFFFFFFFFFFFFFFFFFFFFFFFFF5
:10978400FFFFFFFFFFFFFFFFFFFFFFFFFFFFFFFFE5
:10979400FFFFFFFFFFFFFFFFFFFFFFFFFFFFFFFFD5
:1097A400FFFFFFFFFFFFFFFFFFFFFFFFFFFFFFFFC5
:1097B400FFFFFFFFFFFFFFFFFFFFFFFFFFFFFFFFB5
:1097C400FFFFFFFFFFFFFFFFFFFFFFFFFFFFFFFFA5
:1097D400FFFFFFFFFFFFFFFFFFFFFFFFFFFFFFFF95
:1097E400FFFFFFFFFFFFFFFFFFFFFFFFFFFFFFFF85
:1097F400FFFFFFFFFFFFFFFFFFFFFFFFFFFFFFFF75
:10980400FFFFFFFFFFFFFFFFFFFFFFFFFFFFFFFF64
:10981400FFFFFFFFFFFFFFFFFFFFFFFFFFFFFFFF54
:10982400FFFFFFFFFFFFFFFFFFFFFFFFFFFFFFFF44
:10983400FFFFFFFFFFFFFFFFFFFFFFFFFFFFFFFF34
:10984400FFFFFFFFFFFFFFFFFFFFFFFFFFFFFFFF24
:10985400FFFFFFFFFFFFFFFFFFFFFFFFFFFFFFFF14
:10986400FFFFFFFFFFFFFFFFFFFFFFFFFFFFFFFF04
:10987400FFFFFFFFFFFFFFFFFFFFFFFFFFFFFFFFF4
:10988400FFFFFFFFFFFFFFFFFFFFFFFFFFFFFFFFE4
:10989400FFFFFFFFFFFFFFFFFFFFFFFFFFFFFFFFD4
:1098A400FFFFFFFFFFFFFFFFFFFFFFFFFFFFFFFFC4
:1098B400FFFFFFFFFFFFFFFFFFFFFFFFFFFFFFFFB4
:1098C400FFFFFFFFFFFFFFFFFFFFFFFFFFFFFFFFA4
:1098D400FFFFFFFFFFFFFFFFFFFFFFFFFFFFFFFF94
:1098E400FFFFFFFFFFFFFFFFFFFFFFFFFFFFFFFF84
:1098F400FFFFFFFFFFFFFFFFFFFFFFFFFFFFFFFF74
:10990400FFFFFFFFFFFFFFFFFFFFFFFFFFFFFFFF63
:10991400FFFFFFFFFFFFFFFFFFFFFFFFFFFFFFFF53
:10992400FFFFFFFFFFFFFFFFFFFFFFFFFFFFFFFF43
:10993400FFFFFFFFFFFFFFFFFFFFFFFFFFFFFFFF33
:10994400FFFFFFFFFFFFFFFFFFFFFFFFFFFFFFFF23
:10995400FFFFFFFFFFFFFFFFFFFFFFFFFFFFFFFF13
:10996400FFFFFFFFFFFFFFFFFFFFFFFFFFFFFFFF03
:10997400FFFFFFFFFFFFFFFFFFFFFFFFFFFFFFFFF3
:10998400FFFFFFFFFFFFFFFFFFFFFFFFFFFFFFFFE3
:10999400FFFFFFFFFFFFFFFFFFFFFFFFFFFFFFFFD3
:1099A400FFFFFFFFFFFFFFFFFFFFFFFFFFFFFFFFC3
:1099B400FFFFFFFFFFFFFFFFFFFFFFFFFFFFFFFFB3
:1099C400FFFFFFFFFFFFFFFFFFFFFFFFFFFFFFFFA3
:1099D400FFFFFFFFFFFFFFFFFFFFFFFFFFFFFFFF93
:1099E400FFFFFFFFFFFFFFFFFFFFFFFFFFFFFFFF83
:1099F400FFFFFFFFFFFFFFFFFFFFFFFFFFFFFFFF73
:109A0400FFFFFFFFFFFFFFFFFFFFFFFFFFFFFFFF62
:109A1400FFFFFFFFFFFFFFFFFFFFFFFFFFFFFFFF52
:109A2400FFFFFFFFFFFFFFFFFFFFFFFFFFFFFFFF42
:109A3400FFFFFFFFFFFFFFFFFFFFFFFFFFFFFFFF32
:109A4400FFFFFFFFFFFFFFFFFFFFFFFFFFFFFFFF22
:109A5400FFFFFFFFFFFFFFFFFFFFFFFFFFFFFFFF12
:109A6400FFFFFFFFFFFFFFFFFFFFFFFFFFFFFFFF02
:109A7400FFFFFFFFFFFFFFFFFFFFFFFFFFFFFFFFF2
:109A8400FFFFFFFFFFFFFFFFFFFFFFFFFFFFFFFFE2
:109A9400FFFFFFFFFFFFFFFFFFFFFFFFFFFFFFFFD2
:109AA400FFFFFFFFFFFFFFFFFFFFFFFFFFFFFFFFC2
:109AB400FFFFFFFFFFFFFFFFFFFFFFFFFFFFFFFFB2
:109AC400FFFFFFFFFFFFFFFFFFFFFFFFFFFFFFFFA2
:109AD400FFFFFFFFFFFFFFFFFFFFFFFFFFFFFFFF92
:109AE400FFFFFFFFFFFFFFFFFFFFFFFFFFFFFFFF82
:109AF400FFFFFFFFFFFFFFFFFFFFFFFFFFFFFFFF72
:109B0400FFFFFFFFFFFFFFFFFFFFFFFFFFFFFFFF61
:109B1400FFFFFFFFFFFFFFFFFFFFFFFFFFFFFFFF51
:109B2400FFFFFFFFFFFFFFFFFFFFFFFFFFFFFFFF41
:109B3400FFFFFFFFFFFFFFFFFFFFFFFFFFFFFFFF31
:109B4400FFFFFFFFFFFFFFFFFFFFFFFFFFFFFFFF21
:109B5400FFFFFFFFFFFFFFFFFFFFFFFFFFFFFFFF11
:109B6400FFFFFFFFFFFFFFFFFFFFFFFFFFFFFFFF01
:109B7400FFFFFFFFFFFFFFFFFFFFFFFFFFFFFFFFF1
:109B8400FFFFFFFFFFFFFFFFFFFFFFFFFFFFFFFFE1
:109B9400FFFFFFFFFFFFFFFFFFFFFFFFFFFFFFFFD1
:109BA400FFFFFFFFFFFFFFFFFFFFFFFFFFFFFFFFC1
:109BB400FFFFFFFFFFFFFFFFFFFFFFFFFFFFFFFFB1
:109BC400FFFFFFFFFFFFFFFFFFFFFFFFFFFFFFFFA1
:109BD400FFFFFFFFFFFFFFFFFFFFFFFFFFFFFFFF91
:109BE400FFFFFFFFFFFFFFFFFFFFFFFFFFFFFFFF81
:109BF400FFFFFFFFFFFFFFFFFFFFFFFFFFFFFFFF71
:109C0400FFFFFFFFFFFFFFFFFFFFFFFFFFFFFFFF60
:109C1400FFFFFFFFFFFFFFFFFFFFFFFFFFFFFFFF50
:109C2400FFFFFFFFFFFFFFFFFFFFFFFFFFFFFFFF40
:109C3400FFFFFFFFFFFFFFFFFFFFFFFFFFFFFFFF30
:109C4400FFFFFFFFFFFFFFFFFFFFFFFFFFFFFFFF20
:109C5400FFFFFFFFFFFFFFFFFFFFFFFFFFFFFFFF10
:109C6400FFFFFFFFFFFFFFFFFFFFFFFFFFFFFFFF00
:109C7400FFFFFFFFFFFFFFFFFFFFFFFFFFFFFFFFF0
:109C8400FFFFFFFFFFFFFFFFFFFFFFFFFFFFFFFFE0
:109C9400FFFFFFFFFFFFFFFFFFFFFFFFFFFFFFFFD0
:109CA400FFFFFFFFFFFFFFFFFFFFFFFFFFFFFFFFC0
:109CB400FFFFFFFFFFFFFFFFFFFFFFFFFFFFFFFFB0
:109CC400FFFFFFFFFFFFFFFFFFFFFFFFFFFFFFFFA0
:109CD400FFFFFFFFFFFFFFFFFFFFFFFFFFFFFFFF90
:109CE400FFFFFFFFFFFFFFFFFFFFFFFFFFFFFFFF80
:109CF400FFFFFFFFFFFFFFFFFFFFFFFFFFFFFFFF70
:109D0400FFFFFFFFFFFFFFFFFFFFFFFFFFFFFFFF5F
:109D1400FFFFFFFFFFFFFFFFFFFFFFFFFFFFFFFF4F
:109D2400FFFFFFFFFFFFFFFFFFFFFFFFFFFF53F8F2
:109D340000F856F8100000000000000000000100C8
:109D4400000000000000000000000200000000000D
:109D540000000000000003000000000000000000FC
:109D64000000FF000000000001B5486801318E4684
:109D74000047704609380149884701BDC10F0010EA
:109D840000000000000000000000000000000000CF
:109D940000000000901A00200000000000000000F5
:109DA400503300004C3300005433000052330000A1
:109DB4004D5300004D430000533400004334000071
:109DC400494E0010494F0010954E00105D4F001091
:109DD4000000000000010000995200104D520010D4
:109DE400C1510010395100100000000000010000B2
:109DF4008C20002010000C00000000000000000077
:109E0400000000000000000000000000FF0000004F
:109E1400C81F002000000000000000000000000037
:049E2400000000003A
:04000005100001E9FD
:00000001FF
